                                       1                                        2                                        3                                        4                                        5                                        6                                        7                                        8                                        9                                       10                                       11                                       12                                       13                                       14                                       15                                       16                                       17                                       18                                       19                                       20                                       21                                       22                                       23                                       24                                       25                                       26                                       27                                       28                                       29                                       30                                       31                                       32                                       33                                       34                                       35                                       36                                       37                                       38                                       39                                       40                                       41                                       42                                       43                                       44                                       45                                       46                                       47                                       48                                       49 
                            model_number                                num_zones                             initial_mass                                initial_z                                 star_age                                time_step                                     Teff                            photosphere_L                            photosphere_r                               center_eta                                center_h1                               center_he3                               center_he4                               center_c12                               center_n14                               center_o16                              center_ne20                                star_mass                                star_mdot                             star_mass_h1                            star_mass_he3                            star_mass_he4                            star_mass_c12                            star_mass_n14                            star_mass_o16                           star_mass_ne20                             he_core_mass                             co_core_mass                             fe_core_mass                   neutron_rich_core_mass                             dynamic_time                             kh_timescale                            nuc_timescale                           power_nuc_burn                             power_h_burn                            power_he_burn                                power_neu                                burn_min1                                burn_min2                             time_seconds                           version_number                                 compiler                                    build                         MESA_SDK_version                             math_backend                                     date                                     msun                                     rsun                                     lsun 
                                     179                                      856                  2.0000000000000000E+000                  2.0000000000000000E-002                  9.4094494615505133E+006                  5.1241789863845048E+005                  9.0719178160748252E+003                  1.7047409921464553E+001                  1.6714144349327820E+000                 -2.6219645733257959E+000                  6.9852532545463386E-001                  5.0808712328172451E-006                  2.8090414968962624E-001                  2.9104509994299678E-005                  5.0270521678972445E-003                  9.3470410534849217E-003                  2.0850244238750349E-003                  2.0000000000000000E+000                  0.0000000000000000E+000                  1.3994940113193950E+000                  6.8590973499912293E-005                  5.6019815298829578E-001                  5.4534830311108277E-003                  3.7066343946202036E-003                  1.8754634786815622E-002                  4.1700488477500715E-003                  0.0000000000000000E+000                  0.0000000000000000E+000                  0.0000000000000000E+000                  0.0000000000000000E+000                  1.5292140565633457E+004                  3.3059657250989322E+006                  1.1731987493782158E+009                  1.6131988202025887E+001                  1.6131988202025894E+001                  9.2290403555730158E-039                  8.1888739366368346E-001                  5.0000000000000000E+001                  1.0000000000000000E+003                  2.9693964232782650E+014                                "r26.4.1"                               "gfortran"                                 "15.2.0"                    "x86_64-linux-26.3.2"                                 "CRMATH"                               "20260506"                  1.9884098706980504E+033                  6.9570000000000000E+010                  3.8280000000000003E+033 

                                       1                                        2                                        3                                        4                                        5                                        6                                        7                                        8                                        9                                       10                                       11                                       12 
                                    zone                                     mass                                     logR                                     logT                                   logRho                                     logP                        x_mass_fraction_H                       y_mass_fraction_He                   z_mass_fraction_metals                                       pp                                      cno                                tri_alpha 
                                       1                  2.0000000000000000E+000                  2.2308414856980704E-001                  3.9625037463817225E+000                 -8.7268657798437914E+000                  3.1373326457180895E+000                  6.9999999994395967E-001                  2.8000000005604048E-001                  1.9999999999999796E-002                  2.7504143789398596E-028                  0.0000000000000000E+000                  0.0000000000000000E+000 
                                       2                  1.9999999999989999E+000                  2.2306084284361416E-001                  3.9704545584089797E+000                 -8.6926809652417276E+000                  3.1887217817717528E+000                  6.9999999994395967E-001                  2.8000000005604048E-001                  1.9999999999999796E-002                  2.9756675135453374E-028                  0.0000000000000000E+000                  0.0000000000000000E+000 
                                       3                  1.9999999999985001E+000                  2.2305007077907857E-001                  3.9762528119211717E+000                 -8.6750281372574882E+000                  3.2198894895818202E+000                  6.9999999994395967E-001                  2.8000000005604048E-001                  1.9999999999999796E-002                  3.0991172541094434E-028                  0.0000000000000000E+000                  0.0000000000000000E+000 
                                       4                  1.9999999999979998E+000                  2.2303972703439334E-001                  3.9811852554964409E+000                 -8.6644979419846262E+000                  3.2425516064848829E+000                  6.9999999994395967E-001                  2.8000000005604048E-001                  1.9999999999999796E-002                  3.1751823651641130E-028                  0.0000000000000000E+000                  0.0000000000000000E+000 
                                       5                  1.9999999999977265E+000                  2.2303420550402039E-001                  3.9848467889639765E+000                 -8.6584538096946577E+000                  3.2578911096643202E+000                  6.9999999994395967E-001                  2.8000000005604048E-001                  1.9999999999999796E-002                  3.2196827357007952E-028                  0.0000000000000000E+000                  0.0000000000000000E+000 
                                       6                  1.9999999999974531E+000                  2.2302876007898675E-001                  3.9886939447877370E+000                 -8.6536538749163050E+000                  3.2727079773319954E+000                  6.9999999994395967E-001                  2.8000000005604048E-001                  1.9999999999999796E-002                  3.2554665069488165E-028                  0.0000000000000000E+000                  0.0000000000000000E+000 
                                       7                  1.9999999999971798E+000                  2.2302337430535696E-001                  3.9927280690633622E+000                 -8.6500644143353220E+000                  3.2870366687788395E+000                  6.9999999994395967E-001                  2.8000000005604048E-001                  1.9999999999999796E-002                  3.2824857993013677E-028                  0.0000000000000000E+000                  0.0000000000000000E+000 
                                       8                  1.9999999999969065E+000                  2.2301803266399467E-001                  3.9990402596889236E+000                 -8.6465719363083018E+000                  3.3076814937661392E+000                  6.9999999994395967E-001                  2.8000000005604048E-001                  1.9999999999999796E-002                  3.3089902989883021E-028                  0.0000000000000000E+000                  0.0000000000000000E+000 
                                       9                  1.9999999999963596E+000                  2.2300743436533765E-001                  4.0081416279354229E+000                 -8.6457621082827085E+000                  3.3337672045653153E+000                  6.9999999994395967E-001                  2.8000000005604048E-001                  1.9999999999999796E-002                  3.3151666066852582E-028                  0.0000000000000000E+000                  0.0000000000000000E+000 
                                      10                  1.9999999999958129E+000                  2.2299685503709857E-001                  4.0153663242787401E+000                 -8.6473342486113900E+000                  3.3523539003715084E+000                  6.9999999994395967E-001                  2.8000000005604048E-001                  1.9999999999999796E-002                  3.3031868934581077E-028                  0.0000000000000000E+000                  0.0000000000000000E+000 
                                      11                  1.9999999999955393E+000                  2.2299154589841988E-001                  4.0202547966921296E+000                 -8.6488714397759043E+000                  3.3643178956874520E+000                  6.9999999994395967E-001                  2.8000000005604048E-001                  1.9999999999999796E-002                  3.2915153521878066E-028                  0.0000000000000000E+000                  0.0000000000000000E+000 
                                      12                  1.9999999999952660E+000                  2.2298621773892802E-001                  4.0276406016447517E+000                 -8.6514988083820263E+000                  3.3816685685823891E+000                  6.9999999994395967E-001                  2.8000000005604048E-001                  1.9999999999999796E-002                  3.2716617484397864E-028                  0.0000000000000000E+000                  0.0000000000000000E+000 
                                      13                  1.9999999999947189E+000                  2.2297549616226300E-001                  4.0375172587547237E+000                 -8.6549568351815918E+000                  3.4037766253427768E+000                  6.9999999994395967E-001                  2.8000000005604048E-001                  1.9999999999999796E-002                  3.2457137252570679E-028                  0.0000000000000000E+000                  0.0000000000000000E+000 
                                      14                  1.9999999999941722E+000                  2.2296468807165987E-001                  4.0471585466737308E+000                 -8.6571680717090977E+000                  3.4248156067364350E+000                  6.9999999994395967E-001                  2.8000000005604048E-001                  1.9999999999999796E-002                  3.2292292313161838E-028                  0.0000000000000000E+000                  0.0000000000000000E+000 
                                      15                  1.9999999999936255E+000                  2.2295382399750241E-001                  4.0563612038141521E+000                 -8.6575064652093161E+000                  3.4448842575503451E+000                  6.9999999994395967E-001                  2.8000000005604048E-001                  1.9999999999999796E-002                  3.2267139470624071E-028                  0.0000000000000000E+000                  0.0000000000000000E+000 
                                      16                  1.9999999999930784E+000                  2.2294295063865507E-001                  4.0649966900418351E+000                 -8.6558455309020239E+000                  3.4640682363848794E+000                  6.9999999994395967E-001                  2.8000000005604048E-001                  1.9999999999999796E-002                  3.2390785189599596E-028                  0.0000000000000000E+000                  0.0000000000000000E+000 
                                      17                  1.9999999999925315E+000                  2.2293211797282989E-001                  4.0730160702922573E+000                 -8.6524034449135243E+000                  3.4824423289438342E+000                  6.9999999994395967E-001                  2.8000000005604048E-001                  1.9999999999999796E-002                  3.2648536510815836E-028                  0.0000000000000000E+000                  0.0000000000000000E+000 
                                      18                  1.9999999999919846E+000                  2.2292137002299361E-001                  4.0804272864811262E+000                 -8.6475363689829905E+000                  3.5000722137060736E+000                  6.9999999994395967E-001                  2.8000000005604048E-001                  1.9999999999999796E-002                  3.3016498796222360E-028                  0.0000000000000000E+000                  0.0000000000000000E+000 
                                      19                  1.9999999999914377E+000                  2.2291074106672623E-001                  4.0872683642645677E+000                 -8.6415877277361357E+000                  3.5170158838484045E+000                  6.9999999994395967E-001                  2.8000000005604048E-001                  1.9999999999999796E-002                  3.3471866595680793E-028                  0.0000000000000000E+000                  0.0000000000000000E+000 
                                      20                  1.9999999999908906E+000                  2.2290025594081542E-001                  4.0935895215726452E+000                 -8.6348525644352829E+000                  3.5333248022293882E+000                  6.9999999994395967E-001                  2.8000000005604048E-001                  1.9999999999999796E-002                  3.3995028326100211E-028                  0.0000000000000000E+000                  0.0000000000000000E+000 
                                      21                  1.9999999999903439E+000                  2.2288993142482608E-001                  4.0994438093366883E+000                 -8.6275635782296298E+000                  3.5490448472380485E+000                  6.9999999994395967E-001                  2.8000000005604048E-001                  1.9999999999999796E-002                  3.4570426229442906E-028                  0.0000000000000000E+000                  0.0000000000000000E+000 
                                      22                  1.9999999999897973E+000                  2.2287977802632017E-001                  4.1048823609640648E+000                 -8.6198981820023288E+000                  3.5642170932770125E+000                  6.9999999994395967E-001                  2.8000000005604048E-001                  1.9999999999999796E-002                  3.5186048061086589E-028                  0.0000000000000000E+000                  0.0000000000000000E+000 
                                      23                  1.9999999999892502E+000                  2.2286980157172417E-001                  4.1106709308578973E+000                 -8.6108753817845685E+000                  3.5809331129582516E+000                  6.9999999994395967E-001                  2.8000000005604048E-001                  1.9999999999999796E-002                  3.5924747228801502E-028                  0.0000000000000000E+000                  0.0000000000000000E+000 
                                      24                  1.9999999999885467E+000                  2.2285723746228966E-001                  4.1166554533898019E+000                 -8.6004763048160360E+000                  3.5990022967400761E+000                  6.9999999994395967E-001                  2.8000000005604048E-001                  1.9999999999999796E-002                  3.6795380502840505E-028                  0.0000000000000000E+000                  0.0000000000000000E+000 
                                      25                  1.9999999999878437E+000                  2.2284496957205630E-001                  4.1221815291494872E+000                 -8.5899948926904575E+000                  3.6163515518676670E+000                  6.9999999994395967E-001                  2.8000000005604048E-001                  1.9999999999999796E-002                  3.7694259914412348E-028                  0.0000000000000000E+000                  0.0000000000000000E+000 
                                      26                  1.9999999999871405E+000                  2.2283299321223105E-001                  4.1273107101496613E+000                 -8.5795279951808361E+000                  3.6330360833629509E+000                  6.9999999994395967E-001                  2.8000000005604048E-001                  1.9999999999999796E-002                  3.8613808121896493E-028                  0.0000000000000000E+000                  0.0000000000000000E+000 
                                      27                  1.9999999999864375E+000                  2.2282130108746684E-001                  4.1320943971862238E+000                 -8.5691400041264654E+000                  3.6491049781068492E+000                  6.9999999994395967E-001                  2.8000000005604048E-001                  1.9999999999999796E-002                  3.9548602644366256E-028                  0.0000000000000000E+000                  0.0000000000000000E+000 
                                      28                  1.9999999999857341E+000                  2.2280988439997884E-001                  4.1387988055027796E+000                 -8.5539073860184001E+000                  3.6721480708971632E+000                  6.9999999994395967E-001                  2.8000000005604048E-001                  1.9999999999999796E-002                  4.0960432385100966E-028                  0.0000000000000000E+000                  0.0000000000000000E+000 
                                      29                  1.9999999999843276E+000                  2.2278783546134170E-001                  4.1457723055143196E+000                 -8.5364255725765990E+000                  3.6975770328417497E+000                  6.9999999994395967E-001                  2.8000000005604048E-001                  1.9999999999999796E-002                  4.2642950632234082E-028                  0.0000000000000000E+000                  0.0000000000000000E+000 
                                      30                  1.9999999999832729E+000                  2.2277194911443385E-001                  4.1512884318053223E+000                 -8.5219510504994300E+000                  3.7182505877530256E+000                  6.9999999994395967E-001                  2.8000000005604048E-001                  1.9999999999999796E-002                  4.4088216438066375E-028                  0.0000000000000000E+000                  0.0000000000000000E+000 
                                      31                  1.9999999999822184E+000                  2.2275658185581315E-001                  4.1555693957124547E+000                 -8.5102070489016182E+000                  3.7347595204582857E+000                  6.9999999994395967E-001                  2.8000000005604048E-001                  1.9999999999999796E-002                  4.5296762002450959E-028                  0.0000000000000000E+000                  0.0000000000000000E+000 
                                      32                  1.9999999999815152E+000                  2.2274660946823199E-001                  4.1588412242620763E+000                 -8.5010593819184770E+000                  3.7475303611585433E+000                  6.9999999994395967E-001                  2.8000000005604048E-001                  1.9999999999999796E-002                  4.6261032195979697E-028                  0.0000000000000000E+000                  0.0000000000000000E+000 
                                      33                  1.9999999999808120E+000                  2.2273684426944348E-001                  4.1619773003068126E+000                 -8.4921118900820698E+000                  3.7599374660630200E+000                  6.9999999994395967E-001                  2.8000000005604048E-001                  1.9999999999999796E-002                  4.7224057448117883E-028                  0.0000000000000000E+000                  0.0000000000000000E+000 
                                      34                  1.9999999999801086E+000                  2.2272727755976351E-001                  4.1664876617538811E+000                 -8.4791025280661199E+000                  3.7779093768276124E+000                  6.9999999994395967E-001                  2.8000000005604048E-001                  1.9999999999999796E-002                  4.8660142798799804E-028                  0.0000000000000000E+000                  0.0000000000000000E+000 
                                      35                  1.9999999999787026E+000                  2.2270870698121542E-001                  4.1722290175430619E+000                 -8.4619119375468479E+000                  3.8013925633831986E+000                  6.9999999994395967E-001                  2.8000000005604048E-001                  1.9999999999999796E-002                  5.0624988282990211E-028                  0.0000000000000000E+000                  0.0000000000000000E+000 
                                      36                  1.9999999999772182E+000                  2.2268986302610175E-001                  4.1778560828183382E+000                 -8.4446167498155500E+000                  3.8248470840855671E+000                  6.9999999994395967E-001                  2.8000000005604048E-001                  1.9999999999999796E-002                  5.2681861819236270E-028                  0.0000000000000000E+000                  0.0000000000000000E+000 
                                      37                  1.9999999999756557E+000                  2.2267079919727767E-001                  4.1818974701455849E+000                 -8.4318187872332384E+000                  3.8420676044870659E+000                  6.9999999994395967E-001                  2.8000000005604048E-001                  1.9999999999999796E-002                  5.4257505597725206E-028                  0.0000000000000000E+000                  0.0000000000000000E+000 
                                      38                  1.9999999999748745E+000                  2.2266154316945211E-001                  4.1857953668956718E+000                 -8.4195323911326057E+000                  3.8586326501476100E+000                  6.9999999994395967E-001                  2.8000000005604048E-001                  1.9999999999999796E-002                  5.5814488228949189E-028                  0.0000000000000000E+000                  0.0000000000000000E+000 
                                      39                  1.9999999999733120E+000                  2.2264354579589848E-001                  4.1906845933149501E+000                 -8.4037583207301960E+000                  3.8797835475448816E+000                  6.9999999994395967E-001                  2.8000000005604048E-001                  1.9999999999999796E-002                  5.7879126196493562E-028                  0.0000000000000000E+000                  0.0000000000000000E+000 
                                      40                  1.9999999999717495E+000                  2.2262618825916569E-001                  4.1952984285335067E+000                 -8.3886804611117718E+000                  3.8999551709028948E+000                  6.9999999994395967E-001                  2.8000000005604048E-001                  1.9999999999999796E-002                  5.9923993529670342E-028                  0.0000000000000000E+000                  0.0000000000000000E+000 
                                      41                  1.9999999999701870E+000                  2.2260942102535153E-001                  4.1996699189313480E+000                 -8.3742504835579457E+000                  3.9192342352869907E+000                  6.9999999994395967E-001                  2.8000000005604048E-001                  1.9999999999999796E-002                  6.1948618303051436E-028                  0.0000000000000000E+000                  0.0000000000000000E+000 
                                      42                  1.9999999999686244E+000                  2.2259319990204976E-001                  4.2058897224617207E+000                 -8.3537965358767963E+000                  3.9466413062996124E+000                  6.9999999994395967E-001                  2.8000000005604048E-001                  1.9999999999999796E-002                  6.4936200095391214E-028                  0.0000000000000000E+000                  0.0000000000000000E+000 
                                      43                  1.9999999999654996E+000                  2.2256224512098197E-001                  4.2125319429402079E+000                 -8.3313310436718968E+000                  3.9765809044236380E+000                  6.9999999994395967E-001                  2.8000000005604048E-001                  1.9999999999999796E-002                  6.8383893793070597E-028                  0.0000000000000000E+000                  0.0000000000000000E+000 
                                      44                  1.9999999999631555E+000                  2.2254019540422051E-001                  4.2169898526482932E+000                 -8.3161915583104733E+000                  3.9967732621036727E+000                  6.9999999994395967E-001                  2.8000000005604048E-001                  1.9999999999999796E-002                  7.0809955015663822E-028                  0.0000000000000000E+000                  0.0000000000000000E+000 
                                      45                  1.9999999999615932E+000                  2.2252599742152726E-001                  4.2204162673022614E+000                 -8.3045917209614473E+000                  4.0122792937067349E+000                  6.9999999994395967E-001                  2.8000000005604048E-001                  1.9999999999999796E-002                  7.2726877121979511E-028                  0.0000000000000000E+000                  0.0000000000000000E+000 
                                      46                  1.9999999999600306E+000                  2.2251217230374817E-001                  4.2253580050657709E+000                 -8.2879902065259365E+000                  4.0345500174058531E+000                  6.9999999994395967E-001                  2.8000000005604048E-001                  1.9999999999999796E-002                  7.5560982049139782E-028                  0.0000000000000000E+000                  0.0000000000000000E+000 
                                      47                  1.9999999999569056E+000                  2.2248555537244960E-001                  4.2315121320474418E+000                 -8.2670553220405658E+000                  4.0625786600326821E+000                  6.9999999994395967E-001                  2.8000000005604048E-001                  1.9999999999999796E-002                  7.9292835219630896E-028                  0.0000000000000000E+000                  0.0000000000000000E+000 
                                      48                  1.9999999999537805E+000                  2.2246018650508265E-001                  4.2365647929121000E+000                 -8.2497723409946673E+000                  4.0857076581603868E+000                  6.9999999994395967E-001                  2.8000000005604048E-001                  1.9999999999999796E-002                  8.2512200115985950E-028                  0.0000000000000000E+000                  0.0000000000000000E+000 
                                      49                  1.9999999999514368E+000                  2.2244189940488229E-001                  4.2400145141714818E+000                 -8.2379722617154432E+000                  4.1015079339650917E+000                  6.9999999994395967E-001                  2.8000000005604048E-001                  1.9999999999999796E-002                  8.4785016124752582E-028                  0.0000000000000000E+000                  0.0000000000000000E+000 
                                      50                  1.9999999999498741E+000                  2.2243003355811417E-001                  4.2440276833271851E+000                 -8.2244028484078573E+000                  4.1197413724255894E+000                  6.9999999994395967E-001                  2.8000000005604048E-001                  1.9999999999999796E-002                  8.7476122567665451E-028                  0.0000000000000000E+000                  0.0000000000000000E+000 
                                      51                  1.9999999999467493E+000                  2.2240702912036370E-001                  4.2491038110677115E+000                 -8.2071166395417148E+000                  4.1429244664599363E+000                  6.9999999994395967E-001                  2.8000000005604048E-001                  1.9999999999999796E-002                  9.1028426403553970E-028                  0.0000000000000000E+000                  0.0000000000000000E+000 
                                      52                  1.9999999999436242E+000                  2.2238491889922060E-001                  4.2539311246901654E+000                 -8.1907056529270381E+000                  4.1649368551247870E+000                  6.9999999994395967E-001                  2.8000000005604048E-001                  1.9999999999999796E-002                  9.4534271540076251E-028                  0.0000000000000000E+000                  0.0000000000000000E+000 
                                      53                  1.9999999999404992E+000                  2.2236362539170348E-001                  4.2585376995716526E+000                 -8.1750828408581508E+000                  4.1858911648411627E+000                  6.9999999994395967E-001                  2.8000000005604048E-001                  1.9999999999999796E-002                  9.7997120765543041E-028                  0.0000000000000000E+000                  0.0000000000000000E+000 
                                      54                  1.9999999999373741E+000                  2.2234308129031483E-001                  4.2629465144721896E+000                 -8.1601727031385742E+000                  4.2058845108636191E+000                  6.9999999994395967E-001                  2.8000000005604048E-001                  1.9999999999999796E-002                  1.0142024153242300E-027                  0.0000000000000000E+000                  0.0000000000000000E+000 
                                      55                  1.9999999999342488E+000                  2.2232322776616498E-001                  4.2671764760409463E+000                 -8.1459112902154640E+000                  4.2250012211094328E+000                  6.9999999994395967E-001                  2.8000000005604048E-001                  1.9999999999999796E-002                  1.0480625620029059E-027                  0.0000000000000000E+000                  0.0000000000000000E+000 
                                      56                  1.9999999999311240E+000                  2.2230401301352568E-001                  4.2712433480933987E+000                 -8.1322431878465995E+000                  4.2433149871520266E+000                  6.9999999994395967E-001                  2.8000000005604048E-001                  1.9999999999999796E-002                  1.0815744872638016E-027                  0.0000000000000000E+000                  0.0000000000000000E+000 
                                      57                  1.9999999999279989E+000                  2.2228539113666293E-001                  4.2751604390214784E+000                 -8.1191188891422890E+000                  4.2608905811202087E+000                  6.9999999994395967E-001                  2.8000000005604048E-001                  1.9999999999999796E-002                  1.1147611612411101E-027                  0.0000000000000000E+000                  0.0000000000000000E+000 
                                      58                  1.9999999999248739E+000                  2.2226732130155777E-001                  4.2789391471781570E+000                 -8.1064941242327446E+000                  4.2777852395564855E+000                  6.9999999994395967E-001                  2.8000000005604048E-001                  1.9999999999999796E-002                  1.1476452524194944E-027                  0.0000000000000000E+000                  0.0000000000000000E+000 
                                      59                  1.9999999999217488E+000                  2.2224976702804752E-001                  4.2825894670693154E+000                 -8.0943295871816172E+000                  4.2940497888741538E+000                  6.9999999994395967E-001                  2.8000000005604048E-001                  1.9999999999999796E-002                  1.1802479302068286E-027                  0.0000000000000000E+000                  0.0000000000000000E+000 
                                      60                  1.9999999999186240E+000                  2.2223269558387262E-001                  4.2878746203954599E+000                 -8.0769134184227749E+000                  4.3173621552970962E+000                  6.9999999994395967E-001                  2.8000000005604048E-001                  1.9999999999999796E-002                  1.2285446343698430E-027                  0.0000000000000000E+000                  0.0000000000000000E+000 
                                      61                  1.9999999999123741E+000                  2.2219988915898448E-001                  4.2945036552829716E+000                 -8.0549674768257908E+000                  4.3466264441067919E+000                  6.9999999994395967E-001                  2.8000000005604048E-001                  1.9999999999999796E-002                  1.2922270994479417E-027                  0.0000000000000000E+000                  0.0000000000000000E+000 
                                      62                  1.9999999999061242E+000                  2.2216869243657958E-001                  4.2992008515760416E+000                 -8.0393742733884501E+000                  4.3673549763872819E+000                  6.9999999994395967E-001                  2.8000000005604048E-001                  1.9999999999999796E-002                  1.3394714868647338E-027                  0.0000000000000000E+000                  0.0000000000000000E+000 
                                      63                  1.9999999999029989E+000                  2.2215364179057684E-001                  4.3022407442331421E+000                 -8.0293879551770679E+000                  4.3806458059786006E+000                  6.9999999994395967E-001                  2.8000000005604048E-001                  1.9999999999999796E-002                  1.3706315292304321E-027                  0.0000000000000000E+000                  0.0000000000000000E+000 
                                      64                  1.9999999998998739E+000                  2.2213893176377875E-001                  4.3063036183994194E+000                 -8.0161438539653815E+000                  4.3982832876259161E+000                  6.9999999994395967E-001                  2.8000000005604048E-001                  1.9999999999999796E-002                  1.4130777695518417E-027                  0.0000000000000000E+000                  0.0000000000000000E+000 
                                      65                  1.9999999998944051E+000                  2.2211395898124814E-001                  4.3112507546454646E+000                 -7.9999914963877279E+000                  4.4197470977104754E+000                  6.9999999994395967E-001                  2.8000000005604048E-001                  1.9999999999999796E-002                  1.4666279799043832E-027                  0.0000000000000000E+000                  0.0000000000000000E+000 
                                      66                  1.9999999998889364E+000                  2.2208989385554270E-001                  4.3169967657572021E+000                 -7.9813983830982016E+000                  4.4444653916294286E+000                  6.9999999994395967E-001                  2.8000000005604048E-001                  1.9999999999999796E-002                  1.5307874495741758E-027                  0.0000000000000000E+000                  0.0000000000000000E+000 
                                      67                  1.9999999998811240E+000                  2.2205694938781340E-001                  4.3233801900390487E+000                 -7.9607535862538903E+000                  4.4718597809521086E+000                  6.9999999994395967E-001                  2.8000000005604048E-001                  1.9999999999999796E-002                  1.6053204913710807E-027                  0.0000000000000000E+000                  0.0000000000000000E+000 
                                      68                  1.9999999998733116E+000                  2.2202552735714345E-001                  4.3282211770020043E+000                 -7.9450955043385090E+000                  4.4926012770345025E+000                  6.9999999994395967E-001                  2.8000000005604048E-001                  1.9999999999999796E-002                  1.6642609621790599E-027                  0.0000000000000000E+000                  0.0000000000000000E+000 
                                      69                  1.9999999998686240E+000                  2.2200733864987748E-001                  4.3334805257983193E+000                 -7.9283819035199894E+000                  4.5148130219335547E+000                  6.9999999994395967E-001                  2.8000000005604048E-001                  1.9999999999999796E-002                  1.7295644955719588E-027                  0.0000000000000000E+000                  0.0000000000000000E+000 
                                      70                  1.9999999998592490E+000                  2.2197232817301171E-001                  4.3390029346973584E+000                 -7.9106971634125518E+000                  4.5382368103412585E+000                  6.9999999994395967E-001                  2.8000000005604048E-001                  1.9999999999999796E-002                  1.8014548153186745E-027                  0.0000000000000000E+000                  0.0000000000000000E+000 
                                      71                  1.9999999998529991E+000                  2.2194991475124826E-001                  4.3453613778388087E+000                 -7.8907370428197536E+000                  4.5647786057992352E+000                  6.9999999994395967E-001                  2.8000000005604048E-001                  1.9999999999999796E-002                  1.8861909333775554E-027                  0.0000000000000000E+000                  0.0000000000000000E+000 
                                      72                  1.9999999998404991E+000                  2.2190709186927596E-001                  4.3513162011968971E+000                 -7.8718449404551727E+000                  4.5898008963816661E+000                  6.9999999994395967E-001                  2.8000000005604048E-001                  1.9999999999999796E-002                  1.9700617761353056E-027                  0.0000000000000000E+000                  0.0000000000000000E+000 
                                      73                  1.9999999998342493E+000                  2.2188658738804043E-001                  4.3556260690507225E+000                 -7.8584034786590680E+000                  4.6076680375929806E+000                  6.9999999994395967E-001                  2.8000000005604048E-001                  1.9999999999999796E-002                  2.0319958703837707E-027                  0.0000000000000000E+000                  0.0000000000000000E+000 
                                      74                  1.9999999998264366E+000                  2.2186173401296955E-001                  4.3602333083682261E+000                 -7.8440918736632970E+000                  4.6266989164321384E+000                  6.9999999994395967E-001                  2.8000000005604048E-001                  1.9999999999999796E-002                  2.1000810900503021E-027                  0.0000000000000000E+000                  0.0000000000000000E+000 
                                      75                  1.9999999998186244E+000                  2.2183768223828679E-001                  4.3659938335588242E+000                 -7.8264199088546409E+000                  4.6502594007511551E+000                  6.9999999994395967E-001                  2.8000000005604048E-001                  1.9999999999999796E-002                  2.1873087475484992E-027                  0.0000000000000000E+000                  0.0000000000000000E+000 
                                      76                  1.9999999998061244E+000                  2.2180072609385523E-001                  4.3727025309159568E+000                 -7.8059038468336412E+000                  4.6776141365937827E+000                  6.9999999994395967E-001                  2.8000000005604048E-001                  1.9999999999999796E-002                  2.2931295831403539E-027                  0.0000000000000000E+000                  0.0000000000000000E+000 
                                      77                  1.9999999997936244E+000                  2.2176546636911140E-001                  4.3782722388807800E+000                 -7.7889628646182754E+000                  4.7002201511394519E+000                  6.9999999994395967E-001                  2.8000000005604048E-001                  1.9999999999999796E-002                  2.3843589835614312E-027                  0.0000000000000000E+000                  0.0000000000000000E+000 
                                      78                  1.9999999997842495E+000                  2.2174002794248679E-001                  4.3830526861400365E+000                 -7.7745796034090286E+000                  4.7194598552498590E+000                  6.9999999994395967E-001                  2.8000000005604048E-001                  1.9999999999999796E-002                  2.4646581279281469E-027                  0.0000000000000000E+000                  0.0000000000000000E+000 
                                      79                  1.9999999997740932E+000                  2.2171336259501859E-001                  4.3872817214548752E+000                 -7.7618884786636855E+000                  4.7364418949188636E+000                  6.9999999994395967E-001                  2.8000000005604048E-001                  1.9999999999999796E-002                  2.5377533506377530E-027                  0.0000000000000000E+000                  0.0000000000000000E+000 
                                      80                  1.9999999997662805E+000                  2.2169343831416780E-001                  4.3917360923125415E+000                 -7.7486666108981783E+000                  4.7541804765174600E+000                  6.9999999994395967E-001                  2.8000000005604048E-001                  1.9999999999999796E-002                  2.6162122063610966E-027                  0.0000000000000000E+000                  0.0000000000000000E+000 
                                      81                  1.9999999997545619E+000                  2.2166444315981970E-001                  4.3977084796962327E+000                 -7.7310338525890794E+000                  4.7778630401762792E+000                  6.9999999994395967E-001                  2.8000000005604048E-001                  1.9999999999999796E-002                  2.7246330476875817E-027                  0.0000000000000000E+000                  0.0000000000000000E+000 
                                      82                  1.9999999997389368E+000                  2.2162731267745364E-001                  4.4041758963886100E+000                 -7.7119958008168084E+000                  4.8034446642751041E+000                  6.9999999994395967E-001                  2.8000000005604048E-001                  1.9999999999999796E-002                  2.8467452281578754E-027                  0.0000000000000000E+000                  0.0000000000000000E+000 
                                      83                  1.9999999997233118E+000                  2.2159176579193021E-001                  4.4087895441416007E+000                 -7.6984095290715677E+000                  4.8216939940574974E+000                  6.9999999994395967E-001                  2.8000000005604048E-001                  1.9999999999999796E-002                  2.9372215939426830E-027                  0.0000000000000000E+000                  0.0000000000000000E+000 
                                      84                  1.9999999997154994E+000                  2.2157453661808246E-001                  4.4132737245328464E+000                 -7.6854262130197384E+000                  4.8392100237399394E+000                  6.9999999994395967E-001                  2.8000000005604048E-001                  1.9999999999999796E-002                  3.0263685363218476E-027                  0.0000000000000000E+000                  0.0000000000000000E+000 
                                      85                  1.9999999996998743E+000                  2.2154108730914029E-001                  4.4189814374955070E+000                 -7.6688769197865918E+000                  4.8615238949652380E+000                  6.9999999994395967E-001                  2.8000000005604048E-001                  1.9999999999999796E-002                  3.1439339984243285E-027                  0.0000000000000000E+000                  0.0000000000000000E+000 
                                      86                  1.9999999996842492E+000                  2.2150888134244615E-001                  4.4244347024762769E+000                 -7.6531526105178731E+000                  4.8827532434864009E+000                  6.9999999994395967E-001                  2.8000000005604048E-001                  1.9999999999999796E-002                  3.2598676563815888E-027                  0.0000000000000000E+000                  0.0000000000000000E+000 
                                      87                  1.9999999996686242E+000                  2.2147781379712422E-001                  4.4296566760923790E+000                 -7.6381767774422258E+000                  4.9029986943225445E+000                  6.9999999994395967E-001                  2.8000000005604048E-001                  1.9999999999999796E-002                  3.3742555659406455E-027                  0.0000000000000000E+000                  0.0000000000000000E+000 
                                      88                  1.9999999996529993E+000                  2.2144779296402156E-001                  4.4346677870137610E+000                 -7.6238833563856927E+000                  4.9223474847662461E+000                  6.9999999994395967E-001                  2.8000000005604048E-001                  1.9999999999999796E-002                  3.4871730610798023E-027                  0.0000000000000000E+000                  0.0000000000000000E+000 
                                      89                  1.9999999996373738E+000                  2.2141873816119340E-001                  4.4394861363727482E+000                 -7.6102149696511363E+000                  4.9408757389325402E+000                  6.9999999994395967E-001                  2.8000000005604048E-001                  1.9999999999999796E-002                  3.5986858418712602E-027                  0.0000000000000000E+000                  0.0000000000000000E+000 
                                      90                  1.9999999996217490E+000                  2.2139057798496614E-001                  4.4441278161263540E+000                 -7.5971214407961574E+000                  4.9586502788596674E+000                  6.9999999994395967E-001                  2.8000000005604048E-001                  1.9999999999999796E-002                  3.7088515943116063E-027                  0.0000000000000000E+000                  0.0000000000000000E+000 
                                      91                  1.9999999996061240E+000                  2.2136324890109829E-001                  4.4486071761203458E+000                 -7.5845585889234313E+000                  4.9757300810552270E+000                  6.9999999994395967E-001                  2.8000000005604048E-001                  1.9999999999999796E-002                  3.8177215292896458E-027                  0.0000000000000000E+000                  0.0000000000000000E+000 
                                      92                  1.9999999995904989E+000                  2.2133669410032905E-001                  4.4529370420657850E+000                 -7.5724873012826031E+000                  4.9921674586521227E+000                  6.9999999994395967E-001                  2.8000000005604048E-001                  1.9999999999999796E-002                  3.9253413092548357E-027                  0.0000000000000000E+000                  0.0000000000000000E+000 
                                      93                  1.9999999995748738E+000                  2.2131086255789037E-001                  4.4581702704017676E+000                 -7.5580521507797460E+000                  5.0118807515256174E+000                  6.9999999994310647E-001                  2.8000000005689363E-001                  1.9999999999999907E-002                  4.0580264179001869E-027                  0.0000000000000000E+000                  0.0000000000000000E+000 
                                      94                  1.9999999995514364E+000                  2.2127337376750353E-001                  4.4631793355102705E+000                 -7.5442392762401083E+000                  5.0307443195976163E+000                  6.9999999994310647E-001                  2.8000000005689363E-001                  1.9999999999999907E-002                  4.1891892097502030E-027                  0.0000000000000000E+000                  0.0000000000000000E+000 
                                      95                  1.9999999995358113E+000                  2.2124915846766341E-001                  4.4680327543224427E+000                 -7.5310532811231683E+000                  5.0488264919421937E+000                  6.9999999994310647E-001                  2.8000000005689363E-001                  1.9999999999999907E-002                  4.3183529460183374E-027                  0.0000000000000000E+000                  0.0000000000000000E+000 
                                      96                  1.9999999995123738E+000                  2.2121391453983938E-001                  4.4745472694573687E+000                 -7.5135056831606848E+000                  5.0729473985025670E+000                  6.9999999994310647E-001                  2.8000000005689363E-001                  1.9999999999999907E-002                  4.4964385612171146E-027                  0.0000000000000000E+000                  0.0000000000000000E+000 
                                      97                  1.9999999994811237E+000                  2.2116877095717472E-001                  4.4798589498514811E+000                 -7.4991968970156035E+000                  5.0926150205853125E+000                  6.9999999994310647E-001                  2.8000000005689363E-001                  1.9999999999999907E-002                  4.6470771602062304E-027                  0.0000000000000000E+000                  0.0000000000000000E+000 
                                      98                  1.9999999994654989E+000                  2.2114692567165836E-001                  4.4833042992605030E+000                 -7.4900385910144225E+000                  5.1052512597657858E+000                  6.9999999994200834E-001                  2.8000000005799169E-001                  2.0000000000000018E-002                  4.7461315161192378E-027                  0.0000000000000000E+000                  0.0000000000000000E+000 
                                      99                  1.9999999994498738E+000                  2.2112553303691548E-001                  4.4883361051432553E+000                 -7.4768267094386029E+000                  5.1235454282270068E+000                  6.9999999994200834E-001                  2.8000000005799169E-001                  2.0000000000000018E-002                  4.8927604940493958E-027                  0.0000000000000000E+000                  0.0000000000000000E+000 
                                     100                  1.9999999994186242E+000                  2.2108402074166639E-001                  4.4947460200340625E+000                 -7.4600415678419001E+000                  5.1468059950089193E+000                  6.9999999994200834E-001                  2.8000000005799169E-001                  2.0000000000000018E-002                  5.0855986209127457E-027                  0.0000000000000000E+000                  0.0000000000000000E+000 
                                     101                  1.9999999993873741E+000                  2.2104407101630333E-001                  4.5008743067615917E+000                 -7.4441505608940979E+000                  5.1688917396719489E+000                  6.9999999994200834E-001                  2.8000000005799169E-001                  2.0000000000000018E-002                  5.2751639773688913E-027                  0.0000000000000000E+000                  0.0000000000000000E+000 
                                     102                  1.9999999993561239E+000                  2.2100554620652424E-001                  4.5067470522831652E+000                 -7.4290671455891895E+000                  5.1899157546578731E+000                  6.9999999994200834E-001                  2.8000000005799169E-001                  2.0000000000000018E-002                  5.4616285331051681E-027                  0.0000000000000000E+000                  0.0000000000000000E+000 
                                     103                  1.9999999993248743E+000                  2.2096832669198138E-001                  4.5123870038225347E+000                 -7.4147171103848031E+000                  5.2099755469719380E+000                  6.9999999994200834E-001                  2.8000000005799169E-001                  2.0000000000000018E-002                  5.6451421599606611E-027                  0.0000000000000000E+000                  0.0000000000000000E+000 
                                     104                  1.9999999992936242E+000                  2.2093230778524331E-001                  4.5191598267563142E+000                 -7.3977364515564998E+000                  5.2338213405804446E+000                  6.9999999994153173E-001                  2.8000000005846837E-001                  1.9999999999999907E-002                  5.8702795287531635E-027                  0.0000000000000000E+000                  0.0000000000000000E+000 
                                     105                  1.9999999992467494E+000                  2.2088033534448803E-001                  4.5268676504364089E+000                 -7.3785588992966264E+000                  5.2608212724424446E+000                  6.9999999994153173E-001                  2.8000000005846837E-001                  1.9999999999999907E-002                  6.1353602714694756E-027                  0.0000000000000000E+000                  0.0000000000000000E+000 
                                     106                  1.9999999991998745E+000                  2.2083059049322204E-001                  4.5341925020408338E+000                 -7.3605758934395995E+000                  5.2862517398327382E+000                  6.9999999994153173E-001                  2.8000000005846837E-001                  1.9999999999999907E-002                  6.3947954040035618E-027                  0.0000000000000000E+000                  0.0000000000000000E+000 
                                     107                  1.9999999991529995E+000                  2.2078284731095096E-001                  4.5400209150467905E+000                 -7.3463932337628588E+000                  5.3063710184622268E+000                  6.9999999994153173E-001                  2.8000000005846837E-001                  1.9999999999999907E-002                  6.6071199084563799E-027                  0.0000000000000000E+000                  0.0000000000000000E+000 
                                     108                  1.9999999991217496E+000                  2.2075203279982386E-001                  4.5445407435089518E+000                 -7.3355515479419307E+000                  5.3218255087564383E+000                  6.9999999994153173E-001                  2.8000000005846837E-001                  1.9999999999999907E-002                  6.7741701959880990E-027                  0.0000000000000000E+000                  0.0000000000000000E+000 
                                     109                  1.9999999990904997E+000                  2.2072197169696325E-001                  4.5511153170124992E+000                 -7.3200757588024414E+000                  5.3440285787621642E+000                  6.9999999994153173E-001                  2.8000000005846837E-001                  1.9999999999999907E-002                  7.0199678564198252E-027                  0.0000000000000000E+000                  0.0000000000000000E+000 
                                     110                  1.9999999990279995E+000                  2.2066393652729352E-001                  4.5573869858784990E+000                 -7.3053760942512111E+000                  5.3651625491057420E+000                  6.9999999993995154E-001                  2.8000000006004860E-001                  1.9999999999999796E-002                  7.2616934319236272E-027                  0.0000000000000000E+000                  0.0000000000000000E+000 
                                     111                  1.9999999989967499E+000                  2.2063587632849546E-001                  4.5624702757380406E+000                 -7.2937474687464654E+000                  5.3820253332605112E+000                  6.9999999993995154E-001                  2.8000000006004860E-001                  1.9999999999999796E-002                  7.4588013928360305E-027                  0.0000000000000000E+000                  0.0000000000000000E+000 
                                     112                  1.9999999989498749E+000                  2.2059488830762800E-001                  4.5673919434856103E+000                 -7.2825922771993117E+000                  5.3982637842264074E+000                  6.9999999993995154E-001                  2.8000000006004860E-001                  1.9999999999999796E-002                  7.6529111603405491E-027                  0.0000000000000000E+000                  0.0000000000000000E+000 
                                     113                  1.9999999989186252E+000                  2.2056824967436811E-001                  4.5721943831843319E+000                 -7.2719146967751254E+000                  5.4139206657806529E+000                  6.9999999993995154E-001                  2.8000000006004860E-001                  1.9999999999999796E-002                  7.8434406430322694E-027                  0.0000000000000000E+000                  0.0000000000000000E+000 
                                     114                  1.9999999988717501E+000                  2.2052925331452003E-001                  4.5796228315824603E+000                 -7.2557159721020907E+000                  5.4378621236086051E+000                  6.9999999993995154E-001                  2.8000000006004860E-001                  1.9999999999999796E-002                  8.1415853126601456E-027                  0.0000000000000000E+000                  0.0000000000000000E+000 
                                     115                  1.9999999987936250E+000                  2.2046661695023673E-001                  4.5866966756627248E+000                 -7.2404340908145546E+000                  5.4605651847796404E+000                  6.9999999993995154E-001                  2.8000000006004860E-001                  1.9999999999999796E-002                  8.4332379605915700E-027                  0.0000000000000000E+000                  0.0000000000000000E+000 
                                     116                  1.9999999987467501E+000                  2.2043032215845051E-001                  4.5943719626055302E+000                 -7.2243510221930167E+000                  5.4847710653910600E+000                  6.9999999993793904E-001                  2.8000000006206105E-001                  1.9999999999999907E-002                  8.7514732425239808E-027                  0.0000000000000000E+000                  0.0000000000000000E+000 
                                     117                  1.9999999986530002E+000                  2.2036034591252335E-001                  4.6024344218826272E+000                 -7.2075463796292913E+000                  5.5101890196991032E+000                  6.9999999993793904E-001                  2.8000000006206105E-001                  1.9999999999999907E-002                  9.0968241623370960E-027                  0.0000000000000000E+000                  0.0000000000000000E+000 
                                     118                  1.9999999985905001E+000                  2.2031544790668550E-001                  4.6070841772201758E+000                 -7.1979862561375434E+000                  5.5247609836731666E+000                  6.9999999993793904E-001                  2.8000000006206105E-001                  1.9999999999999907E-002                  9.2993421502611289E-027                  0.0000000000000000E+000                  0.0000000000000000E+000 
                                     119                  1.9999999985592500E+000                  2.2029348260213141E-001                  4.6101181997418132E+000                 -7.1918241052500731E+000                  5.5342127855414551E+000                  6.9999999993793904E-001                  2.8000000006206105E-001                  1.9999999999999907E-002                  9.4322624423036366E-027                  0.0000000000000000E+000                  0.0000000000000000E+000 
                                     120                  1.9999999985280004E+000                  2.2027182349672070E-001                  4.6145724081114849E+000                 -7.1828769034745727E+000                  5.5480183480888812E+000                  6.9999999993793904E-001                  2.8000000006206105E-001                  1.9999999999999907E-002                  9.6286471516512565E-027                  0.0000000000000000E+000                  0.0000000000000000E+000 
                                     121                  1.9999999984655004E+000                  2.2022937918818958E-001                  4.6202894381775446E+000                 -7.1714042954234083E+000                  5.5657753392959979E+000                  6.9999999993793904E-001                  2.8000000006206105E-001                  1.9999999999999907E-002                  9.8864580217934438E-027                  0.0000000000000000E+000                  0.0000000000000000E+000 
                                     122                  1.9999999984030004E+000                  2.2018802947077964E-001                  4.6284990069312020E+000                 -7.1551806418333737E+000                  5.5911289216534490E+000                  6.9999999993793904E-001                  2.8000000006206105E-001                  1.9999999999999907E-002                  1.0262861551459511E-026                  0.0000000000000000E+000                  0.0000000000000000E+000 
                                     123                  1.9999999982780006E+000                  2.2010832907847483E-001                  4.6361061358941225E+000                 -7.1397584400420824E+000                  5.6151007933683728E+000                  6.9999999993793904E-001                  2.8000000006206105E-001                  1.9999999999999907E-002                  1.0633950418462403E-026                  0.0000000000000000E+000                  0.0000000000000000E+000 
                                     124                  1.9999999982155003E+000                  2.2006985346706612E-001                  4.6409568355451611E+000                 -7.1299784973748226E+000                  5.6303824539192036E+000                  6.9999999993793904E-001                  2.8000000006206105E-001                  1.9999999999999907E-002                  1.0876198390299657E-026                  0.0000000000000000E+000                  0.0000000000000000E+000 
                                     125                  1.9999999981530003E+000                  2.2003222472121101E-001                  4.6479156393705106E+000                 -7.1159654633020795E+000                  5.6523491260116918E+000                  6.9999999993793904E-001                  2.8000000006206105E-001                  1.9999999999999907E-002                  1.1232950747977454E-026                  0.0000000000000000E+000                  0.0000000000000000E+000 
                                     126                  1.9999999980280003E+000                  2.1995932892418132E-001                  4.6564859616797314E+000                 -7.0981413502378619E+000                  5.6800277647176882E+000                  6.9999999993793904E-001                  2.8000000006206105E-001                  1.9999999999999907E-002                  1.1703688664406397E-026                  0.0000000000000000E+000                  0.0000000000000000E+000 
                                     127                  1.9999999979030001E+000                  2.1988932978189854E-001                  4.6624475922288822E+000                 -7.0853465041495767E+000                  5.6996996993032285E+000                  6.9999999993793904E-001                  2.8000000006206105E-001                  1.9999999999999907E-002                  1.2053720244920176E-026                  0.0000000000000000E+000                  0.0000000000000000E+000 
                                     128                  1.9999999978405005E+000                  2.1985533409096641E-001                  4.6665072405054886E+000                 -7.0766209785642546E+000                  5.7131179376119832E+000                  6.9999999993793904E-001                  2.8000000006206105E-001                  1.9999999999999907E-002                  1.2298412358185030E-026                  0.0000000000000000E+000                  0.0000000000000000E+000 
                                     129                  1.9999999977701879E+000                  2.1981784040798777E-001                  4.6717794104066588E+000                 -7.0651927229941327E+000                  5.7306422475929359E+000                  6.9999999993793904E-001                  2.8000000006206105E-001                  1.9999999999999907E-002                  1.2626428069746275E-026                  0.0000000000000000E+000                  0.0000000000000000E+000 
                                     130                  1.9999999976608127E+000                  2.1976101313006000E-001                  4.6769792984144143E+000                 -7.0536215491124059E+000                  5.7482135390508455E+000                  6.9999999993793904E-001                  2.8000000006206105E-001                  1.9999999999999907E-002                  1.2967461545469730E-026                  0.0000000000000000E+000                  0.0000000000000000E+000 
                                     131                  1.9999999975826876E+000                  2.1972147626853814E-001                  4.6821738136723576E+000                 -7.0420200118131691E+000                  5.7657973499070865E+000                  6.9999999993793904E-001                  2.8000000006206105E-001                  1.9999999999999907E-002                  1.3318638910203185E-026                  0.0000000000000000E+000                  0.0000000000000000E+000 
                                     132                  1.9999999974655001E+000                  2.1966371484881689E-001                  4.6890447808656912E+000                 -7.0264055913200627E+000                  5.7892888710020172E+000                  6.9999999993793904E-001                  2.8000000006206105E-001                  1.9999999999999907E-002                  1.3806348420374553E-026                  0.0000000000000000E+000                  0.0000000000000000E+000 
                                     133                  1.9999999973092504E+000                  2.1958938550315948E-001                  4.6954514589870193E+000                 -7.0113978268933614E+000                  5.8115895250265508E+000                  6.9999999993793904E-001                  2.8000000006206105E-001                  1.9999999999999907E-002                  1.4291935840579226E-026                  0.0000000000000000E+000                  0.0000000000000000E+000 
                                     134                  1.9999999971920628E+000                  2.1953550816626122E-001                  4.7006558788171615E+000                 -6.9990311394496532E+000                  5.8298421540639689E+000                  6.9999999993793904E-001                  2.8000000006206105E-001                  1.9999999999999907E-002                  1.4704879911532716E-026                  0.0000000000000000E+000                  0.0000000000000000E+000 
                                     135                  1.9999999970748752E+000                  2.1948312414601637E-001                  4.7047760150360398E+000                 -6.9890068269648715E+000                  5.8444946802057531E+000                  6.9999999993793904E-001                  2.8000000006206105E-001                  1.9999999999999907E-002                  1.5048349276841063E-026                  0.0000000000000000E+000                  0.0000000000000000E+000 
                                     136                  1.9999999969967501E+000                  2.1944898811413036E-001                  4.7095373630386783E+000                 -6.9773671402548825E+000                  5.8614543426319310E+000                  6.9999999993793904E-001                  2.8000000006206105E-001                  1.9999999999999907E-002                  1.5457247345108516E-026                  0.0000000000000000E+000                  0.0000000000000000E+000 
                                     137                  1.9999999968405002E+000                  2.1938249842840377E-001                  4.7139951247367318E+000                 -6.9659731861115555E+000                  5.8777863413239055E+000                  6.9999999993793904E-001                  2.8000000006206105E-001                  1.9999999999999907E-002                  1.5868273909959875E-026                  0.0000000000000000E+000                  0.0000000000000000E+000 
                                     138                  1.9999999967623752E+000                  2.1935010337796920E-001                  4.7182879597033258E+000                 -6.9549582660395375E+000                  5.8935309695698228E+000                  6.9999999993793904E-001                  2.8000000006206105E-001                  1.9999999999999907E-002                  1.6276016143776012E-026                  0.0000000000000000E+000                  0.0000000000000000E+000 
                                     139                  1.9999999966061253E+000                  2.1928691501435879E-001                  4.7249766469234178E+000                 -6.9372110846281947E+000                  5.9185805464556545E+000                  6.9999999993793904E-001                  2.8000000006206105E-001                  1.9999999999999907E-002                  1.6955126405080004E-026                  0.0000000000000000E+000                  0.0000000000000000E+000 
                                     140                  1.9999999963717505E+000                  2.1919587915025299E-001                  4.7322918226107067E+000                 -6.9168103357650423E+000                  5.9468722155791127E+000                  6.9999999993785633E-001                  2.8000000006214376E-001                  1.9999999999999907E-002                  1.7770863176140873E-026                  0.0000000000000000E+000                  0.0000000000000000E+000 
                                     141                  1.9999999961373753E+000                  2.1910896736074242E-001                  4.7390042756168880E+000                 -6.8973936866810588E+000                  5.9734536651694459E+000                  6.9999999993785633E-001                  2.8000000006214376E-001                  1.9999999999999907E-002                  1.8583680801321077E-026                  0.0000000000000000E+000                  0.0000000000000000E+000 
                                     142                  1.9999999959030004E+000                  2.1902580684921832E-001                  4.7441796128701856E+000                 -6.8818802278140536E+000                  5.9944416558800322E+000                  6.9999999993774265E-001                  2.8000000006225745E-001                  1.9999999999999907E-002                  1.9259745652475823E-026                  0.0000000000000000E+000                  0.0000000000000000E+000 
                                     143                  1.9999999957467505E+000                  2.1897228668237412E-001                  4.7481162219232864E+000                 -6.8699247833944597E+000                  6.0105388339186243E+000                  6.9999999993774265E-001                  2.8000000006225745E-001                  1.9999999999999907E-002                  1.9797492231342279E-026                  0.0000000000000000E+000                  0.0000000000000000E+000 
                                     144                  1.9999999955905008E+000                  2.1892020075231089E-001                  4.7518722902526971E+000                 -6.8583284483524025E+000                  6.0260679475890910E+000                  6.9999999993774265E-001                  2.8000000006225745E-001                  1.9999999999999907E-002                  2.0333429530256355E-026                  0.0000000000000000E+000                  0.0000000000000000E+000 
                                     145                  1.9999999954342507E+000                  2.1886946918089775E-001                  4.7554638862560612E+000                 -6.8470728170028456E+000                  6.0410677890145354E+000                  6.9999999993769002E-001                  2.8000000006231013E-001                  1.9999999999999796E-002                  2.0867494927036603E-026                  0.0000000000000000E+000                  0.0000000000000000E+000 
                                     146                  1.9999999952780008E+000                  2.1882001842243690E-001                  4.7589050141910318E+000                 -6.8361405028331870E+000                  6.0555733053095944E+000                  6.9999999993769002E-001                  2.8000000006231013E-001                  1.9999999999999796E-002                  2.1399647274234086E-026                  0.0000000000000000E+000                  0.0000000000000000E+000 
                                     147                  1.9999999951217509E+000                  2.1877178065761968E-001                  4.7638495389128455E+000                 -6.8203595827071375E+000                  6.0764707982104964E+000                  6.9999999993769002E-001                  2.8000000006231013E-001                  1.9999999999999796E-002                  2.2191843199648112E-026                  0.0000000000000000E+000                  0.0000000000000000E+000 
                                     148                  1.9999999948092508E+000                  2.1867870240536577E-001                  4.7692040833863265E+000                 -6.8026711081718707E+000                  6.0996638712601987E+000                  6.9999999993769002E-001                  2.8000000006231013E-001                  1.9999999999999796E-002                  2.3114713894940728E-026                  0.0000000000000000E+000                  0.0000000000000000E+000 
                                     149                  1.9999999945748757E+000                  2.1861164276513026E-001                  4.7728277808715349E+000                 -6.7905322590849835E+000                  6.1155129825225449E+000                  6.9999999993765527E-001                  2.8000000006234477E-001                  2.0000000000000018E-002                  2.3770155854617712E-026                  0.0000000000000000E+000                  0.0000000000000000E+000 
                                     150                  1.9999999944186260E+000                  2.1856815201095231E-001                  4.7763230793466489E+000                 -6.7788063373294101E+000                  6.1308100242150152E+000                  6.9999999993765527E-001                  2.8000000006234477E-001                  2.0000000000000018E-002                  2.4420947636729915E-026                  0.0000000000000000E+000                  0.0000000000000000E+000 
                                     151                  1.9999999941842510E+000                  2.1850463021138178E-001                  4.7809800030556504E+000                 -6.7629878559390706E+000                  6.1513709414644637E+000                  6.9999999993765527E-001                  2.8000000006234477E-001                  2.0000000000000018E-002                  2.5327203798417595E-026                  0.0000000000000000E+000                  0.0000000000000000E+000 
                                     152                  1.9999999938717510E+000                  2.1842292290570359E-001                  4.7859849405542292E+000                 -6.7456835888145248E+000                  6.1737521080859290E+000                  6.9999999993761075E-001                  2.8000000006238929E-001                  2.0000000000000018E-002                  2.6357152012844268E-026                  0.0000000000000000E+000                  0.0000000000000000E+000 
                                     153                  1.9999999935592507E+000                  2.1834436371102189E-001                  4.7907070018947362E+000                 -6.7291590715240241E+000                  6.1950512131457645E+000                  6.9999999993761075E-001                  2.8000000006238929E-001                  2.0000000000000018E-002                  2.7379769264587663E-026                  0.0000000000000000E+000                  0.0000000000000000E+000 
                                     154                  1.9999999932467509E+000                  2.1826869717641692E-001                  4.7951783279875047E+000                 -6.7133507268328803E+000                  6.2153682273043449E+000                  6.9999999993757978E-001                  2.8000000006242037E-001                  1.9999999999999796E-002                  2.8395187516896728E-026                  0.0000000000000000E+000                  0.0000000000000000E+000 
                                     155                  1.9999999929342509E+000                  2.1819569790949245E-001                  4.7994262297174828E+000                 -6.6982024960787072E+000                  6.2347898702328113E+000                  6.9999999993757978E-001                  2.8000000006242037E-001                  1.9999999999999796E-002                  2.9403526558508215E-026                  0.0000000000000000E+000                  0.0000000000000000E+000 
                                     156                  1.9999999926217509E+000                  2.1812516601241042E-001                  4.8034740285349216E+000                 -6.6836646180047037E+000                  6.2533918543526488E+000                  6.9999999993756157E-001                  2.8000000006243841E-001                  2.0000000000000018E-002                  3.0404901101457020E-026                  0.0000000000000000E+000                  0.0000000000000000E+000 
                                     157                  1.9999999923092506E+000                  2.1805692336772978E-001                  4.8078224880705394E+000                 -6.6679947580715089E+000                  6.2734210668583641E+000                  6.9999999993756157E-001                  2.8000000006243841E-001                  2.0000000000000018E-002                  3.1522478652042924E-026                  0.0000000000000000E+000                  0.0000000000000000E+000 
                                     158                  1.9999999919186258E+000                  2.1797460024252066E-001                  4.8114919318503828E+000                 -6.6545922804743292E+000                  6.2904936898661514E+000                  6.9999999993750350E-001                  2.8000000006249653E-001                  2.0000000000000018E-002                  3.2510888685746498E-026                  0.0000000000000000E+000                  0.0000000000000000E+000 
                                     159                  1.9999999916842508E+000                  2.1792668585048222E-001                  4.8154851689887321E+000                 -6.6401408685454983E+000                  6.3089387847979497E+000                  6.9999999993750350E-001                  2.8000000006249653E-001                  2.0000000000000018E-002                  3.3611417712624719E-026                  0.0000000000000000E+000                  0.0000000000000000E+000 
                                     160                  1.9999999912155011E+000                  2.1783394831757952E-001                  4.8196815023378692E+000                 -6.6246953197820915E+000                  6.3285708690698703E+000                  6.9999999993750350E-001                  2.8000000006249653E-001                  2.0000000000000018E-002                  3.4828881837277612E-026                  0.0000000000000000E+000                  0.0000000000000000E+000 
                                     161                  1.9999999909030008E+000                  2.1777425202153489E-001                  4.8229143854128482E+000                 -6.6128200363411311E+000                  6.3436697514911318E+000                  6.9999999993750350E-001                  2.8000000006249653E-001                  2.0000000000000018E-002                  3.5794837953539457E-026                  0.0000000000000000E+000                  0.0000000000000000E+000 
                                     162                  1.9999999905905008E+000                  2.1771614229773684E-001                  4.8275864574664018E+000                 -6.5957590190146629E+000                  6.3653885734794571E+000                  6.9999999993750350E-001                  2.8000000006249653E-001                  2.0000000000000018E-002                  3.7229703401457204E-026                  0.0000000000000000E+000                  0.0000000000000000E+000 
                                     163                  1.9999999899655010E+000                  2.1760433435458459E-001                  4.8334223290659093E+000                 -6.5741723248764812E+000                  6.3927815729381887E+000                  6.9999999993750350E-001                  2.8000000006249653E-001                  2.0000000000000018E-002                  3.9127925572219400E-026                  0.0000000000000000E+000                  0.0000000000000000E+000 
                                     164                  1.9999999893405007E+000                  2.1749786775662264E-001                  4.8389064082726518E+000                 -6.5538311188232514E+000                  6.4185733483052161E+000                  6.9999999993750350E-001                  2.8000000006249653E-001                  2.0000000000000018E-002                  4.1005132106453315E-026                  0.0000000000000000E+000                  0.0000000000000000E+000 
                                     165                  1.9999999887155009E+000                  2.1739619973477783E-001                  4.8427941681738087E+000                 -6.5392872205910848E+000                  6.4369761195726243E+000                  6.9999999993750350E-001                  2.8000000006249653E-001                  2.0000000000000018E-002                  4.2402312555588822E-026                  0.0000000000000000E+000                  0.0000000000000000E+000 
                                     166                  1.9999999884030006E+000                  2.1734701427145722E-001                  4.8453121215716042E+000                 -6.5299327451032010E+000                  6.4488305076375090E+000                  6.9999999993750350E-001                  2.8000000006249653E-001                  2.0000000000000018E-002                  4.3326026663067445E-026                  0.0000000000000000E+000                  0.0000000000000000E+000 
                                     167                  1.9999999880905006E+000                  2.1729886072257049E-001                  4.8489847779621345E+000                 -6.5163763846621539E+000                  6.4660340987265377E+000                  6.9999999993750350E-001                  2.8000000006249653E-001                  2.0000000000000018E-002                  4.4700495348322305E-026                  0.0000000000000000E+000                  0.0000000000000000E+000 
                                     168                  1.9999999874655006E+000                  2.1720546773909377E-001                  4.8536467504089567E+000                 -6.4990564450513020E+000                  6.4879792825743285E+000                  6.9999999993750350E-001                  2.8000000006249653E-001                  2.0000000000000018E-002                  4.6520194801640869E-026                  0.0000000000000000E+000                  0.0000000000000000E+000 
                                     169                  1.9999999868405005E+000                  2.1711566923593084E-001                  4.8580931698684813E+000                 -6.4825603771747833E+000                  6.5088855716836953E+000                  6.9999999993750350E-001                  2.8000000006249653E-001                  2.0000000000000018E-002                  4.8322186118083017E-026                  0.0000000000000000E+000                  0.0000000000000000E+000 
                                     170                  1.9999999862155005E+000                  2.1702916497812455E-001                  4.8623455656720935E+000                 -6.4668160491847262E+000                  6.5288470539582253E+000                  6.9999999993750350E-001                  2.8000000006249653E-001                  2.0000000000000018E-002                  5.0107142094561220E-026                  0.0000000000000000E+000                  0.0000000000000000E+000 
                                     171                  1.9999999855905004E+000                  2.1694569157429763E-001                  4.8664219748863893E+000                 -6.4517598623643222E+000                  6.5479455825534263E+000                  6.9999999993750350E-001                  2.8000000006249653E-001                  2.0000000000000018E-002                  5.1875741550588316E-026                  0.0000000000000000E+000                  0.0000000000000000E+000 
                                     172                  1.9999999849655004E+000                  2.1686501672566871E-001                  4.8708245642607384E+000                 -6.4355841281233355E+000                  6.5684878898787620E+000                  6.9999999993750350E-001                  2.8000000006249653E-001                  2.0000000000000018E-002                  5.3845491613872354E-026                  0.0000000000000000E+000                  0.0000000000000000E+000 
                                     173                  1.9999999841842504E+000                  2.1676780038444129E-001                  4.8745616961182385E+000                 -6.4217949599113711E+000                  6.5859814718910465E+000                  6.9999999993750350E-001                  2.8000000006249653E-001                  2.0000000000000018E-002                  5.5583587595746245E-026                  0.0000000000000000E+000                  0.0000000000000000E+000 
                                     174                  1.9999999837155007E+000                  2.1671126348472317E-001                  4.8772858094460512E+000                 -6.4118171635095340E+000                  6.5986607251005065E+000                  6.9999999993750350E-001                  2.8000000006249653E-001                  2.0000000000000018E-002                  5.6876162021239740E-026                  0.0000000000000000E+000                  0.0000000000000000E+000 
                                     175                  1.9999999832467505E+000                  2.1665598935544886E-001                  4.8799382854056530E+000                 -6.4021219516637267E+000                  6.6109864684689263E+000                  6.9999999993750350E-001                  2.8000000006249653E-001                  2.0000000000000018E-002                  5.8160924846283705E-026                  0.0000000000000000E+000                  0.0000000000000000E+000 
                                     176                  1.9999999827780008E+000                  2.1660191507852838E-001                  4.8829522259038880E+000                 -6.3911534231736828E+000                  6.6249446906962826E+000                  6.9999999993750350E-001                  2.8000000006249653E-001                  2.0000000000000018E-002                  5.9649455362718688E-026                  0.0000000000000000E+000                  0.0000000000000000E+000 
                                     177                  1.9999999821530006E+000                  2.1653158395823746E-001                  4.8862851987617786E+000                 -6.3790278767766511E+000                  6.6403760587895686E+000                  6.9999999993750350E-001                  2.8000000006249653E-001                  2.0000000000000018E-002                  6.1339393637203851E-026                  0.0000000000000000E+000                  0.0000000000000000E+000 
                                     178                  1.9999999815280007E+000                  2.1646315654433479E-001                  4.8895126190025655E+000                 -6.3673182410981575E+000                  6.6552871161978979E+000                  6.9999999993750350E-001                  2.8000000006249653E-001                  2.0000000000000018E-002                  6.3016808832488961E-026                  0.0000000000000000E+000                  0.0000000000000000E+000 
                                     179                  1.9999999809030005E+000                  2.1639651837008084E-001                  4.8926413477047372E+000                 -6.3559973207070266E+000                  6.6697118715823249E+000                  6.9999999993750350E-001                  2.8000000006249653E-001                  2.0000000000000018E-002                  6.4682153542903882E-026                  0.0000000000000000E+000                  0.0000000000000000E+000 
                                     180                  1.9999999802780004E+000                  2.1633156531897549E-001                  4.8971874886504230E+000                 -6.3397215583278408E+000                  6.6905007570983415E+000                  6.9999999993750350E-001                  2.8000000006249653E-001                  2.0000000000000018E-002                  6.7153811470603452E-026                  0.0000000000000000E+000                  0.0000000000000000E+000 
                                     181                  1.9999999790280003E+000                  2.1620635531642049E-001                  4.9029218423341190E+000                 -6.3191269545370474E+000                  6.7167858181092166E+000                  6.9999999993750350E-001                  2.8000000006249653E-001                  2.0000000000000018E-002                  7.0417200342158285E-026                  0.0000000000000000E+000                  0.0000000000000000E+000 
                                     182                  1.9999999777780002E+000                  2.1608684331901459E-001                  4.9069515149241418E+000                 -6.3046266624992668E+000                  6.7352838623016744E+000                  6.9999999993750350E-001                  2.8000000006249653E-001                  2.0000000000000018E-002                  7.2809614542953679E-026                  0.0000000000000000E+000                  0.0000000000000000E+000 
                                     183                  1.9999999771777224E+000                  2.1603130203752441E-001                  4.9107664516493239E+000                 -6.2911298101180018E+000                  6.7525699437792648E+000                  6.9999999993750350E-001                  2.8000000006249653E-001                  2.0000000000000018E-002                  7.5109478188498190E-026                  0.0000000000000000E+000                  0.0000000000000000E+000 
                                     184                  1.9999999759771674E+000                  2.1592355782283584E-001                  4.9144160066564204E+000                 -6.2781117569278626E+000                  6.7692104427032724E+000                  6.9999999993750350E-001                  2.8000000006249653E-001                  2.0000000000000018E-002                  7.7396579610769169E-026                  0.0000000000000000E+000                  0.0000000000000000E+000 
                                     185                  1.9999999753768896E+000                  2.1587124766861374E-001                  4.9167913486075800E+000                 -6.2697161346174619E+000                  6.7799652379621058E+000                  6.9999999993750350E-001                  2.8000000006249653E-001                  2.0000000000000018E-002                  7.8908401724830064E-026                  0.0000000000000000E+000                  0.0000000000000000E+000 
                                     186                  1.9999999747766122E+000                  2.1581992067418002E-001                  4.9202718666565932E+000                 -6.2575189436191598E+000                  6.7956212409650760E+000                  6.9999999993750350E-001                  2.8000000006249653E-001                  2.0000000000000018E-002                  8.1157572163644675E-026                  0.0000000000000000E+000                  0.0000000000000000E+000 
                                     187                  1.9999999735760567E+000                  2.1572005748817710E-001                  4.9236164133535425E+000                 -6.2457158816416039E+000                  6.8107461051426261E+000                  6.9999999993750350E-001                  2.8000000006249653E-001                  2.0000000000000018E-002                  8.3395103879835013E-026                  0.0000000000000000E+000                  0.0000000000000000E+000 
                                     188                  1.9999999729757794E+000                  2.1567143971222691E-001                  4.9268849518045048E+000                 -6.2343431276277661E+000                  6.8253683427859011E+000                  6.9999999993750350E-001                  2.8000000006249653E-001                  2.0000000000000018E-002                  8.5609419831817738E-026                  0.0000000000000000E+000                  0.0000000000000000E+000 
                                     189                  1.9999999717752239E+000                  2.1557667047079734E-001                  4.9310793185769155E+000                 -6.2197358623414010E+000                  6.8441450259840924E+000                  6.9999999993750350E-001                  2.8000000006249653E-001                  2.0000000000000018E-002                  8.8540010369793561E-026                  0.0000000000000000E+000                  0.0000000000000000E+000 
                                     190                  1.9999999705746689E+000                  2.1548497669975630E-001                  4.9351185642921251E+000                 -6.2057389953784297E+000                  6.8621583290125292E+000                  6.9999999993750350E-001                  2.8000000006249653E-001                  2.0000000000000018E-002                  9.1442250315609059E-026                  0.0000000000000000E+000                  0.0000000000000000E+000 
                                     191                  1.9999999693741137E+000                  2.1539613563194826E-001                  4.9390148604620121E+000                 -6.1923047752202809E+000                  6.8794680313896173E+000                  6.9999999993750350E-001                  2.8000000006249653E-001                  2.0000000000000018E-002                  9.4317294094466318E-026                  0.0000000000000000E+000                  0.0000000000000000E+000 
                                     192                  1.9999999681735587E+000                  2.1530994856680677E-001                  4.9427790390972843E+000                 -6.1793908901146102E+000                  6.8961271514329301E+000                  6.9999999993750350E-001                  2.8000000006249653E-001                  2.0000000000000018E-002                  9.7166190997279453E-026                  0.0000000000000000E+000                  0.0000000000000000E+000 
                                     193                  1.9999999669730033E+000                  2.1522623746565112E-001                  4.9464207823960864E+000                 -6.1669596575610806E+000                  6.9121829291367058E+000                  6.9999999993750350E-001                  2.8000000006249653E-001                  2.0000000000000018E-002                  9.9989901108214715E-026                  0.0000000000000000E+000                  0.0000000000000000E+000 
                                     194                  1.9999999657724481E+000                  2.1514484213678639E-001                  4.9499487797472081E+000                 -6.1549773790755120E+000                  6.9276776366744812E+000                  6.9999999993750350E-001                  2.8000000006249653E-001                  2.0000000000000018E-002                  1.0278930402130008E-025                  0.0000000000000000E+000                  0.0000000000000000E+000 
                                     195                  1.9999999645718931E+000                  2.1506561788735529E-001                  4.9542220347845403E+000                 -6.1405990688823273E+000                  6.9463128785944761E+000                  6.9999999993750350E-001                  2.8000000006249653E-001                  2.0000000000000018E-002                  1.0625217234328967E-025                  0.0000000000000000E+000                  0.0000000000000000E+000 
                                     196                  1.9999999627710603E+000                  2.1495057428348496E-001                  4.9583207857169880E+000                 -6.1267947693610694E+000                  6.9641998464316544E+000                  6.9999999993750350E-001                  2.8000000006249653E-001                  2.0000000000000018E-002                  1.0968656035133896E-025                  0.0000000000000000E+000                  0.0000000000000000E+000 
                                     197                  1.9999999615705051E+000                  2.1487622941306730E-001                  4.9622997114216547E+000                 -6.1135705826558615E+000                  6.9813907037344194E+000                  6.9999999993750350E-001                  2.8000000006249653E-001                  2.0000000000000018E-002                  1.1308072854008436E-025                  0.0000000000000000E+000                  0.0000000000000000E+000 
                                     198                  1.9999999597696723E+000                  2.1476798837349204E-001                  4.9661292628611600E+000                 -6.1008356540395443E+000                  6.9979431024081835E+000                  6.9999999993750350E-001                  2.8000000006249653E-001                  2.0000000000000018E-002                  1.1644859984654394E-025                  0.0000000000000000E+000                  0.0000000000000000E+000 
                                     199                  1.9999999585691173E+000                  2.1469786976121635E-001                  4.9691126145611575E+000                 -6.0910008481850628E+000                  7.0107534399328477E+000                  6.9999999993750350E-001                  2.8000000006249653E-001                  2.0000000000000018E-002                  1.1911802443738235E-025                  0.0000000000000000E+000                  0.0000000000000000E+000 
                                     200                  1.9999999573685621E+000                  2.1462928832799957E-001                  4.9734697071664327E+000                 -6.0768044284833262E+000                  7.0292986238535740E+000                  6.9999999993750350E-001                  2.8000000006249653E-001                  2.0000000000000018E-002                  1.2307963566334597E-025                  0.0000000000000000E+000                  0.0000000000000000E+000 
                                     201                  1.9999999549674519E+000                  2.1449644423137576E-001                  4.9776360624580072E+000                 -6.0631541885521676E+000                  7.0471055533278903E+000                  6.9999999993750350E-001                  2.8000000006249653E-001                  2.0000000000000018E-002                  1.2701308310368833E-025                  0.0000000000000000E+000                  0.0000000000000000E+000 
                                     202                  1.9999999537668967E+000                  2.1443203354634410E-001                  4.9816943363013291E+000                 -6.0500919697590625E+000                  7.0642209834657317E+000                  6.9999999993750350E-001                  2.8000000006249653E-001                  2.0000000000000018E-002                  1.3089478738838200E-025                  0.0000000000000000E+000                  0.0000000000000000E+000 
                                     203                  1.9999999513657862E+000                  2.1430694719331458E-001                  4.9855870079691256E+000                 -6.0374931671873613E+000                  7.0807060217816078E+000                  6.9999999993740669E-001                  2.8000000006259329E-001                  2.0000000000000018E-002                  1.3475118137309676E-025                  0.0000000000000000E+000                  0.0000000000000000E+000 
                                     204                  1.9999999501652312E+000                  2.1424615329916111E-001                  4.9887545092882615E+000                 -6.0273754484066719E+000                  7.0939884447462029E+000                  6.9999999993740669E-001                  2.8000000006259329E-001                  2.0000000000000018E-002                  1.3793027312994270E-025                  0.0000000000000000E+000                  0.0000000000000000E+000 
                                     205                  1.9999999483643989E+000                  2.1415701622060551E-001                  4.9924396884108262E+000                 -6.0156245229753376E+000                  7.1094214834063694E+000                  6.9999999993740669E-001                  2.8000000006259329E-001                  2.0000000000000018E-002                  1.4171683797921878E-025                  0.0000000000000000E+000                  0.0000000000000000E+000 
                                     206                  1.9999999465635658E+000                  2.1407020589361009E-001                  4.9960133330858678E+000                 -6.0042808733779056E+000                  7.1243365818609909E+000                  6.9999999993740669E-001                  2.8000000006259329E-001                  2.0000000000000018E-002                  1.4547078963244060E-025                  0.0000000000000000E+000                  0.0000000000000000E+000 
                                     207                  1.9999999447627335E+000                  2.1398558358061229E-001                  4.9994816979278713E+000                 -5.9933168794413820E+000                  7.1387674674848638E+000                  6.9999999993740669E-001                  2.8000000006259329E-001                  2.0000000000000018E-002                  1.4919362198133857E-025                  0.0000000000000000E+000                  0.0000000000000000E+000 
                                     208                  1.9999999429619009E+000                  2.1390302320270496E-001                  5.0034092827381693E+000                 -5.9809804245101539E+000                  7.1550310928891783E+000                  6.9999999993740669E-001                  2.8000000006259329E-001                  2.0000000000000018E-002                  1.5349656014724804E-025                  0.0000000000000000E+000                  0.0000000000000000E+000 
                                     209                  1.9999999405607904E+000                  2.1379595552277722E-001                  5.0077345094304251E+000                 -5.9674175020822684E+000                  7.1729188773640065E+000                  6.9999999993740669E-001                  2.8000000006259329E-001                  2.0000000000000018E-002                  1.5837071828365313E-025                  0.0000000000000000E+000                  0.0000000000000000E+000 
                                     210                  1.9999999381596805E+000                  2.1369210424401480E-001                  5.0119051000147463E+000                 -5.9543922263319908E+000                  7.1901150698393170E+000                  6.9999999993740669E-001                  2.8000000006259329E-001                  2.0000000000000018E-002                  1.6319736642475056E-025                  0.0000000000000000E+000                  0.0000000000000000E+000 
                                     211                  1.9999999357585703E+000                  2.1359125012700780E-001                  5.0159316927827939E+000                 -5.9418634841624653E+000                  7.2066713044582986E+000                  6.9999999993740669E-001                  2.8000000006259329E-001                  2.0000000000000018E-002                  1.6797883322163790E-025                  0.0000000000000000E+000                  0.0000000000000000E+000 
                                     212                  1.9999999333574601E+000                  2.1349319659294191E-001                  5.0207915422051057E+000                 -5.9268634326792080E+000                  7.2265342054372494E+000                  6.9999999993740669E-001                  2.8000000006259329E-001                  2.0000000000000018E-002                  1.7388816450179507E-025                  0.0000000000000000E+000                  0.0000000000000000E+000 
                                     213                  1.9999999297557947E+000                  2.1335099160252474E-001                  5.0254310303905694E+000                 -5.9124858591643488E+000                  7.2455526062527644E+000                  6.9999999993740669E-001                  2.8000000006259329E-001                  2.0000000000000018E-002                  1.7974740029432076E-025                  0.0000000000000000E+000                  0.0000000000000000E+000 
                                     214                  1.9999999273546845E+000                  2.1325920125628969E-001                  5.0308116979233732E+000                 -5.8960802955320819E+000                  7.2673450590935440E+000                  6.9999999993740669E-001                  2.8000000006259329E-001                  2.0000000000000018E-002                  1.8667476980881037E-025                  0.0000000000000000E+000                  0.0000000000000000E+000 
                                     215                  1.9999999225524641E+000                  2.1308226187068835E-001                  5.0359052458096505E+000                 -5.8803922442060985E+000                  7.2881290885511882E+000                  6.9999999993740669E-001                  2.8000000006259329E-001                  2.0000000000000018E-002                  1.9354888039936185E-025                  0.0000000000000000E+000                  0.0000000000000000E+000 
                                     216                  1.9999999201513541E+000                  2.1299685358394974E-001                  5.0408387916161796E+000                 -5.8654833515415126E+000                  7.3079789767333185E+000                  6.9999999993740669E-001                  2.8000000006259329E-001                  2.0000000000000018E-002                  2.0031615879025220E-025                  0.0000000000000000E+000                  0.0000000000000000E+000 
                                     217                  1.9999999153491332E+000                  2.1283165854492417E-001                  5.0470826930418511E+000                 -5.8465686205459750E+000                  7.3331456796725663E+000                  6.9999999993740669E-001                  2.8000000006259329E-001                  2.0000000000000018E-002                  2.0924349306892427E-025                  0.0000000000000000E+000                  0.0000000000000000E+000 
                                     218                  1.9999999105469131E+000                  2.1267332695905342E-001                  5.0515397941652136E+000                 -5.8330431402667839E+000                  7.3511332902568496E+000                  6.9999999993740669E-001                  2.8000000006259329E-001                  2.0000000000000018E-002                  2.1587031125859235E-025                  0.0000000000000000E+000                  0.0000000000000000E+000 
                                     219                  1.9999999081458029E+000                  2.1259652632585377E-001                  5.0558732309058181E+000                 -5.8201011241382989E+000                  7.3684174071868611E+000                  6.9999999993740669E-001                  2.8000000006259329E-001                  2.0000000000000018E-002                  2.2240777580767209E-025                  0.0000000000000000E+000                  0.0000000000000000E+000 
                                     220                  1.9999999033435825E+000                  2.1244731843930512E-001                  5.0607040803179100E+000                 -5.8055816043354618E+000                  7.3877754935649707E+000                  6.9999999993740669E-001                  2.8000000006259329E-001                  2.0000000000000018E-002                  2.2997817212801980E-025                  0.0000000000000000E+000                  0.0000000000000000E+000 
                                     221                  1.9999998997419173E+000                  2.1233899565174177E-001                  5.0647015257779202E+000                 -5.7936386327319118E+000                  7.4037235369987675E+000                  6.9999999993740669E-001                  2.8000000006259329E-001                  2.0000000000000018E-002                  2.3639805243233962E-025                  0.0000000000000000E+000                  0.0000000000000000E+000 
                                     222                  1.9999998961402514E+000                  2.1223353327993577E-001                  5.0679263026680070E+000                 -5.7840003260245272E+000                  7.4165926305010741E+000                  6.9999999993740669E-001                  2.8000000006259329E-001                  2.0000000000000018E-002                  2.4170959347303418E-025                  0.0000000000000000E+000                  0.0000000000000000E+000 
                                     223                  1.9999998937391414E+000                  2.1216472679415818E-001                  5.0704494387214281E+000                 -5.7764949521854518E+000                  7.4266264878685124E+000                  6.9999999993740669E-001                  2.8000000006259329E-001                  2.0000000000000018E-002                  2.4592826821996622E-025                  0.0000000000000000E+000                  0.0000000000000000E+000 
                                     224                  1.9999998913380312E+000                  2.1209706730686070E-001                  5.0741502409783550E+000                 -5.7655670412923818E+000                  7.4412645293015229E+000                  6.9999999993740669E-001                  2.8000000006259329E-001                  2.0000000000000018E-002                  2.5220278845539914E-025                  0.0000000000000000E+000                  0.0000000000000000E+000 
                                     225                  1.9999998865358108E+000                  2.1196501976021215E-001                  5.0788957044252676E+000                 -5.7515212408717771E+000                  7.4600670576558477E+000                  6.9999999993740669E-001                  2.8000000006259329E-001                  2.0000000000000018E-002                  2.6050334994752511E-025                  0.0000000000000000E+000                  0.0000000000000000E+000 
                                     226                  1.9999998817335904E+000                  2.1183705966672944E-001                  5.0845957382335092E+000                 -5.7347986035180973E+000                  7.4825060301506543E+000                  6.9999999993740669E-001                  2.8000000006259329E-001                  2.0000000000000018E-002                  2.7074304433045362E-025                  0.0000000000000000E+000                  0.0000000000000000E+000 
                                     227                  1.9999998745302601E+000                  2.1165217008944456E-001                  5.0910800247217569E+000                 -5.7157786298118820E+000                  7.5080288516077998E+000                  6.9999999993740669E-001                  2.8000000006259329E-001                  2.0000000000000018E-002                  2.8287988888125441E-025                  0.0000000000000000E+000                  0.0000000000000000E+000 
                                     228                  1.9999998673269292E+000                  2.1147498157159497E-001                  5.0962190132670520E+000                 -5.7007204798239570E+000                  7.5282409785045212E+000                  6.9999999993740669E-001                  2.8000000006259329E-001                  2.0000000000000018E-002                  2.9287360541611192E-025                  0.0000000000000000E+000                  0.0000000000000000E+000 
                                     229                  1.9999998625247088E+000                  2.1136076653388247E-001                  5.1001931257779001E+000                 -5.6891733960801414E+000                  7.5437756299888887E+000                  6.9999999993740669E-001                  2.8000000006259329E-001                  2.0000000000000018E-002                  3.0077580380321038E-025                  0.0000000000000000E+000                  0.0000000000000000E+000 
                                     230                  1.9999998577224884E+000                  2.1124946158249566E-001                  5.1040432626254404E+000                 -5.6780240542118801E+000                  7.5587888661943206E+000                  6.9999999993740669E-001                  2.8000000006259329E-001                  2.0000000000000018E-002                  3.0860820984625994E-025                  0.0000000000000000E+000                  0.0000000000000000E+000 
                                     231                  1.9999998529202681E+000                  2.1114089530431310E-001                  5.1096315817992757E+000                 -5.6620253682348931E+000                  7.5803993650798258E+000                  6.9999999993740669E-001                  2.8000000006259329E-001                  2.0000000000000018E-002                  3.2020518949411300E-025                  0.0000000000000000E+000                  0.0000000000000000E+000 
                                     232                  1.9999998433158270E+000                  2.1093138598533548E-001                  5.1158000093854836E+000                 -5.6442484871061520E+000                  7.6043683457325404E+000                  6.9999999993740669E-001                  2.8000000006259329E-001                  2.0000000000000018E-002                  3.3360334622898100E-025                  0.0000000000000000E+000                  0.0000000000000000E+000 
                                     233                  1.9999998361124964E+000                  2.1078036804719547E-001                  5.1200272810178422E+000                 -5.6321254421455809E+000                  7.6207360094158405E+000                  6.9999999993740669E-001                  2.8000000006259329E-001                  2.0000000000000018E-002                  3.4306063616047983E-025                  0.0000000000000000E+000                  0.0000000000000000E+000 
                                     234                  1.9999998313102760E+000                  2.1068237669336420E-001                  5.1241357924609350E+000                 -5.6204660331159380E+000                  7.6365231346304165E+000                  6.9999999993740669E-001                  2.8000000006259329E-001                  2.0000000000000018E-002                  3.5240925395594308E-025                  0.0000000000000000E+000                  0.0000000000000000E+000 
                                     235                  1.9999998241069457E+000                  2.1053916403562015E-001                  5.1292498529269972E+000                 -5.6059847041197637E+000                  7.6561430006963791E+000                  6.9999999993740669E-001                  2.8000000006259329E-001                  2.0000000000000018E-002                  3.6437625804231534E-025                  0.0000000000000000E+000                  0.0000000000000000E+000 
                                     236                  1.9999998157893100E+000                  2.1037905288110628E-001                  5.1353763629235551E+000                 -5.5887610473862450E+000                  7.6795248061641894E+000                  6.9999999993740669E-001                  2.8000000006259329E-001                  2.0000000000000018E-002                  3.7914007342648477E-025                  0.0000000000000000E+000                  0.0000000000000000E+000 
                                     237                  1.9999998046991292E+000                  2.1017361289293535E-001                  5.1411968344830665E+000                 -5.5723832010272192E+000                  7.7017527841255147E+000                  6.9999999993740669E-001                  2.8000000006259329E-001                  2.0000000000000018E-002                  3.9373379997243954E-025                  0.0000000000000000E+000                  0.0000000000000000E+000 
                                     238                  1.9999997963814935E+000                  2.1002505373997857E-001                  5.1475836765982645E+000                 -5.5546918243866896E+000                  7.7258688100979924E+000                  6.9999999993740669E-001                  2.8000000006259329E-001                  2.0000000000000018E-002                  4.1013023401228917E-025                  0.0000000000000000E+000                  0.0000000000000000E+000 
                                     239                  1.9999997825187679E+000                  2.0978702102759644E-001                  5.1536219584538356E+000                 -5.5378678886691919E+000                  7.7487646942362378E+000                  6.9999999993740669E-001                  2.8000000006259329E-001                  2.0000000000000018E-002                  4.2635621191747739E-025                  0.0000000000000000E+000                  0.0000000000000000E+000 
                                     240                  1.9999997742011322E+000                  2.0964944986784667E-001                  5.1572668433285065E+000                 -5.5277972897563741E+000                  7.7625020543976504E+000                  6.9999999993740669E-001                  2.8000000006259329E-001                  2.0000000000000018E-002                  4.3637466371677156E-025                  0.0000000000000000E+000                  0.0000000000000000E+000 
                                     241                  1.9999997686560420E+000                  2.0955976763138445E-001                  5.1615349563014732E+000                 -5.5161497883773318E+000                  7.7784460186739244E+000                  6.9999999993740669E-001                  2.8000000006259329E-001                  2.0000000000000018E-002                  4.4825604355166078E-025                  0.0000000000000000E+000                  0.0000000000000000E+000 
                                     242                  1.9999997575658612E+000                  2.0938499010259090E-001                  5.1683520904543707E+000                 -5.4976364245621605E+000                  7.8038233599924620E+000                  6.9999999993740669E-001                  2.8000000006259329E-001                  2.0000000000000018E-002                  4.6781101244825305E-025                  0.0000000000000000E+000                  0.0000000000000000E+000 
                                     243                  1.9999997409305903E+000                  2.0913339451452306E-001                  5.1747890532653038E+000                 -5.4800859508112048E+000                  7.8278534377449098E+000                  6.9999999993740669E-001                  2.8000000006259329E-001                  2.0000000000000018E-002                  4.8713668434894007E-025                  0.0000000000000000E+000                  0.0000000000000000E+000 
                                     244                  1.9999997298404095E+000                  2.0897207730917303E-001                  5.1797378476520644E+000                 -5.4667330638105662E+000                  7.8461905099111124E+000                  6.9999999993740669E-001                  2.8000000006259329E-001                  2.0000000000000018E-002                  5.0237369358662764E-025                  0.0000000000000000E+000                  0.0000000000000000E+000 
                                     245                  1.9999997187502287E+000                  2.0881547264707481E-001                  5.1845067785732439E+000                 -5.4539180425751468E+000                  7.8638094938412815E+000                  6.9999999993739426E-001                  2.8000000006260589E-001                  1.9999999999999796E-002                  5.1744533648804907E-025                  0.0000000000000000E+000                  0.0000000000000000E+000 
                                     246                  1.9999997076600480E+000                  2.0866325924465523E-001                  5.1891078442094267E+000                 -5.4415984233055621E+000                  7.8807647667223808E+000                  6.9999999993739426E-001                  2.8000000006260589E-001                  1.9999999999999796E-002                  5.3236083983874271E-025                  0.0000000000000000E+000                  0.0000000000000000E+000 
                                     247                  1.9999996965698674E+000                  2.0851514945661789E-001                  5.1929987830081608E+000                 -5.4311879186895444E+000                  7.8950955563207854E+000                  6.9999999993739426E-001                  2.8000000006260589E-001                  1.9999999999999796E-002                  5.4529993039052825E-025                  0.0000000000000000E+000                  0.0000000000000000E+000 
                                     248                  1.9999996882522317E+000                  2.0840660203453037E-001                  5.1962480433065235E+000                 -5.4225326121111506E+000                  7.9070253592880384E+000                  6.9999999993739426E-001                  2.8000000006260589E-001                  1.9999999999999796E-002                  5.5629682247541237E-025                  0.0000000000000000E+000                  0.0000000000000000E+000 
                                     249                  1.9999996799345963E+000                  2.0830011744636220E-001                  5.1999430473878236E+000                 -5.4127278272098822E+000                  7.9205545737684133E+000                  6.9999999993739426E-001                  2.8000000006260589E-001                  1.9999999999999796E-002                  5.6902256059477653E-025                  0.0000000000000000E+000                  0.0000000000000000E+000 
                                     250                  1.9999996688444153E+000                  2.0816118975500697E-001                  5.2040329209613470E+000                 -5.4018684180139154E+000                  7.9355362639527245E+000                  6.9999999993739426E-001                  2.8000000006260589E-001                  1.9999999999999796E-002                  5.8345746646702259E-025                  0.0000000000000000E+000                  0.0000000000000000E+000 
                                     251                  1.9999996577542347E+000                  2.0802556429001715E-001                  5.2099789722087868E+000                 -5.3862305683221363E+000                  7.9571702706916749E+000                  6.9999999993739426E-001                  2.8000000006260589E-001                  1.9999999999999796E-002                  6.0489046220480431E-025                  0.0000000000000000E+000                  0.0000000000000000E+000 
                                     252                  1.9999996354761613E+000                  2.0776239176196287E-001                  5.2156118361229966E+000                 -5.3711911874079536E+000                  7.9778854487155773E+000                  6.9999999993739426E-001                  2.8000000006260589E-001                  1.9999999999999796E-002                  6.2624629147509563E-025                  0.0000000000000000E+000                  0.0000000000000000E+000 
                                     253                  1.9999996242882687E+000                  2.0763455422484703E-001                  5.2192604375448166E+000                 -5.3615349038335358E+000                  7.9912198723700101E+000                  6.9999999993739426E-001                  2.8000000006260589E-001                  1.9999999999999796E-002                  6.4035435118047775E-025                  0.0000000000000000E+000                  0.0000000000000000E+000 
                                     254                  1.9999996131003761E+000                  2.0750941842552706E-001                  5.2245664225338544E+000                 -5.3476002943208396E+000                  8.0105056573163935E+000                  6.9999999993739426E-001                  2.8000000006260589E-001                  1.9999999999999796E-002                  6.6127580976999963E-025                  0.0000000000000000E+000                  0.0000000000000000E+000 
                                     255                  1.9999995907245907E+000                  2.0726674141289919E-001                  5.2312723448493710E+000                 -5.3298571311729175E+000                  8.0350092711681160E+000                  6.9999999993739426E-001                  2.8000000006260589E-001                  1.9999999999999796E-002                  6.8890868314652175E-025                  0.0000000000000000E+000                  0.0000000000000000E+000 
                                     256                  1.9999995683488052E+000                  2.0703339586745770E-001                  5.2364486849626726E+000                 -5.3160955090829534E+000                  8.0539880702225908E+000                  6.9999999993739426E-001                  2.8000000006260589E-001                  1.9999999999999796E-002                  7.1113424661650819E-025                  0.0000000000000000E+000                  0.0000000000000000E+000 
                                     257                  1.9999995543639393E+000                  2.0689192071498363E-001                  5.2403006465935960E+000                 -5.3059061560482208E+000                  8.0680608866195591E+000                  6.9999999993739426E-001                  2.8000000006260589E-001                  1.9999999999999796E-002                  7.2805165969249217E-025                  0.0000000000000000E+000                  0.0000000000000000E+000 
                                     258                  1.9999995403790733E+000                  2.0675359257944492E-001                  5.2458887559756979E+000                 -5.2912274701408801E+000                  8.0883756243792497E+000                  6.9999999993739426E-001                  2.8000000006260589E-001                  1.9999999999999796E-002                  7.5313343416135437E-025                  0.0000000000000000E+000                  0.0000000000000000E+000 
                                     259                  1.9999995124093417E+000                  2.0648575529334040E-001                  5.2536106959456532E+000                 -5.2707701007440164E+000                  8.1166178283631467E+000                  6.9999999993739426E-001                  2.8000000006260589E-001                  1.9999999999999796E-002                  7.8953872156704463E-025                  0.0000000000000000E+000                  0.0000000000000000E+000 
                                     260                  1.9999994788456634E+000                  2.0617852963232650E-001                  5.2601889418441186E+000                 -5.2530955065253551E+000                  8.1409192959943226E+000                  6.9999999993739426E-001                  2.8000000006260589E-001                  1.9999999999999796E-002                  8.2240736783859099E-025                  0.0000000000000000E+000                  0.0000000000000000E+000 
                                     261                  1.9999994563215970E+000                  2.0598023156722220E-001                  5.2652479924316395E+000                 -5.2395201116364722E+000                  8.1595916042672876E+000                  6.9999999993739426E-001                  2.8000000006260589E-001                  1.9999999999999796E-002                  8.4858010993834052E-025                  0.0000000000000000E+000                  0.0000000000000000E+000 
                                     262                  1.9999994336492499E+000                  2.0578650873856200E-001                  5.2688960565753487E+000                 -5.2296304488790790E+000                  8.1731545750606127E+000                  6.9999999993739426E-001                  2.8000000006260589E-001                  1.9999999999999796E-002                  8.6817044594284312E-025                  0.0000000000000000E+000                  0.0000000000000000E+000 
                                     263                  1.9999994223130761E+000                  2.0569173371199920E-001                  5.2724568755224839E+000                 -5.2200540375013373E+000                  8.1863180850713508E+000                  6.9999999993739426E-001                  2.8000000006260589E-001                  1.9999999999999796E-002                  8.8757165513694735E-025                  0.0000000000000000E+000                  0.0000000000000000E+000 
                                     264                  1.9999993996407290E+000                  2.0550613795930756E-001                  5.2775832425261910E+000                 -5.2061580224422253E+000                  8.2053760441119721E+000                  6.9999999993739426E-001                  2.8000000006260589E-001                  1.9999999999999796E-002                  9.1649861344743467E-025                  0.0000000000000000E+000                  0.0000000000000000E+000 
                                     265                  1.9999993713002946E+000                  2.0528112997824888E-001                  5.2830053411266986E+000                 -5.1913354894575816E+000                  8.2256556957108398E+000                  6.9999999993739426E-001                  2.8000000006260589E-001                  1.9999999999999796E-002                  9.4839540570809253E-025                  0.0000000000000000E+000                  0.0000000000000000E+000 
                                     266                  1.9999993429598604E+000                  2.0506333914782046E-001                  5.2886879608078843E+000                 -5.1757464416551686E+000                  8.2469629160156099E+000                  6.9999999993739426E-001                  2.8000000006260589E-001                  1.9999999999999796E-002                  9.8314152576168123E-025                  0.0000000000000000E+000                  0.0000000000000000E+000 
                                     267                  1.9999993089513395E+000                  2.0481079501842084E-001                  5.2945590618240370E+000                 -5.1594901281747694E+000                  8.2691238414914032E+000                  6.9999999993739426E-001                  2.8000000006260589E-001                  1.9999999999999796E-002                  1.0207331574575428E-024                  0.0000000000000000E+000                  0.0000000000000000E+000 
                                     268                  1.9999992749428186E+000                  2.0456711197586636E-001                  5.2992056783873531E+000                 -5.1464803211342920E+000                  8.2868036729789392E+000                  6.9999999993739426E-001                  2.8000000006260589E-001                  1.9999999999999796E-002                  1.0518515906907737E-024                  0.0000000000000000E+000                  0.0000000000000000E+000 
                                     269                  1.9999992522704713E+000                  2.0440923215809631E-001                  5.3027947020109734E+000                 -5.1364244072484171E+000                  8.3004664938824497E+000                  6.9999999993739426E-001                  2.8000000006260589E-001                  1.9999999999999796E-002                  1.1610011380187328E-024                  0.0000000000000000E+000                  0.0000000000000000E+000 
                                     270                  1.9999992295981239E+000                  2.0425479949088865E-001                  5.3071294020910171E+000                 -5.1242618350396043E+000                  8.3169849407865879E+000                  6.9999999993739426E-001                  2.8000000006260589E-001                  1.9999999999999796E-002                  1.4367817673230440E-024                  0.0000000000000000E+000                  0.0000000000000000E+000 
                                     271                  1.9999991955896030E+000                  2.0402925210091968E-001                  5.3120894547820914E+000                 -5.1101767883805378E+000                  8.3360506027908503E+000                  6.9999999993739426E-001                  2.8000000006260589E-001                  1.9999999999999796E-002                  1.8328672051259320E-024                  0.0000000000000000E+000                  0.0000000000000000E+000 
                                     272                  1.9999991615810824E+000                  2.0381056704278561E-001                  5.3183892386538929E+000                 -5.0922698712392753E+000                  8.3602829179570985E+000                  6.9999999993739426E-001                  2.8000000006260589E-001                  1.9999999999999796E-002                  2.4941904850097398E-024                  0.0000000000000000E+000                  0.0000000000000000E+000 
                                     273                  1.9999991049002139E+000                  2.0346012632043381E-001                  5.3235577647853534E+000                 -5.0771384491854068E+000                  8.3805943159331466E+000                  6.9999999993739426E-001                  2.8000000006260589E-001                  1.9999999999999796E-002                  3.2115185279241521E-024                  0.0000000000000000E+000                  0.0000000000000000E+000 
                                     274                  1.9999990818266671E+000                  2.0332212165557390E-001                  5.3278988976225881E+000                 -5.0645812083589874E+000                  8.3975054825533437E+000                  6.9999999993739426E-001                  2.8000000006260589E-001                  1.9999999999999796E-002                  3.9670238896084946E-024                  0.0000000000000000E+000                  0.0000000000000000E+000 
                                     275                  1.9999990356795734E+000                  2.0305360188809918E-001                  5.3333852438136686E+000                 -5.0484558118258054E+000                  8.4191277988706137E+000                  6.9999999993739426E-001                  2.8000000006260589E-001                  1.9999999999999796E-002                  5.1795277785669046E-024                  0.0000000000000000E+000                  0.0000000000000000E+000 
                                     276                  1.9999989895324795E+000                  2.0279439743614186E-001                  5.3385911730288562E+000                 -5.0330241255616874E+000                  8.4397725408385131E+000                  6.9999999993739426E-001                  2.8000000006260589E-001                  1.9999999999999796E-002                  6.6669123466875183E-024                  0.0000000000000000E+000                  0.0000000000000000E+000 
                                     277                  1.9999989433853860E+000                  2.0254380066218058E-001                  5.3435422590902339E+000                 -5.0182270473169108E+000                  8.4595248008616153E+000                  6.9999999993739426E-001                  2.8000000006260589E-001                  1.9999999999999796E-002                  8.4713423156363516E-024                  0.0000000000000000E+000                  0.0000000000000000E+000 
                                     278                  1.9999988972382923E+000                  2.0230118534323560E-001                  5.3482603210257551E+000                 -5.0040122862264216E+000                  8.4784590047594097E+000                  6.9999999993739426E-001                  2.8000000006260589E-001                  1.9999999999999796E-002                  1.0638282089385084E-023                  0.0000000000000000E+000                  0.0000000000000000E+000 
                                     279                  1.9999988510911986E+000                  2.0206599462945746E-001                  5.3527642143398371E+000                 -4.9903334742712202E+000                  8.4966406244990704E+000                  6.9999999993739426E-001                  2.8000000006260589E-001                  1.9999999999999796E-002                  1.3216420869125377E-023                  0.0000000000000000E+000                  0.0000000000000000E+000 
                                     280                  1.9999988049441049E+000                  2.0183773109252967E-001                  5.3570705742535907E+000                 -4.9771495628486617E+000                  8.5141275602356643E+000                  6.9999999993739426E-001                  2.8000000006260589E-001                  1.9999999999999796E-002                  1.6257679219838080E-023                  0.0000000000000000E+000                  0.0000000000000000E+000 
                                     281                  1.9999987587970114E+000                  2.0161594837387839E-001                  5.3617410823252865E+000                 -4.9627740525069957E+000                  8.5331682779955820E+000                  6.9999999993739426E-001                  2.8000000006260589E-001                  1.9999999999999796E-002                  2.0341782869115700E-023                  0.0000000000000000E+000                  0.0000000000000000E+000 
                                     282                  1.9999987003454491E+000                  2.0134371274383259E-001                  5.3657227952871729E+000                 -4.9503084786748817E+000                  8.5496065166537019E+000                  6.9999999993739426E-001                  2.8000000006260589E-001                  1.9999999999999796E-002                  2.4622541779410127E-023                  0.0000000000000000E+000                  0.0000000000000000E+000 
                                     283                  1.9999986649674344E+000                  2.0118336396695910E-001                  5.3686312661814455E+000                 -4.9411956689488052E+000                  8.5616210268430706E+000                  6.9999999993739426E-001                  2.8000000006260589E-001                  1.9999999999999796E-002                  2.8299974331225671E-023                  0.0000000000000000E+000                  0.0000000000000000E+000 
                                     284                  1.9999986295894194E+000                  2.0102617243260751E-001                  5.3735585268490054E+000                 -4.9258269091524101E+000                  8.5819070527967583E+000                  6.9999999993739426E-001                  2.8000000006260589E-001                  1.9999999999999796E-002                  3.5798081067669149E-023                  0.0000000000000000E+000                  0.0000000000000000E+000 
                                     285                  1.9999985411443815E+000                  2.0064615272847264E-001                  5.3794748823670080E+000                 -4.9068735134862482E+000                  8.6067541242085106E+000                  6.9999999993739426E-001                  2.8000000006260589E-001                  1.9999999999999796E-002                  4.7476188206485340E-023                  0.0000000000000000E+000                  0.0000000000000000E+000 
                                     286                  1.9999984703883515E+000                  2.0035444337707353E-001                  5.3850730478776017E+000                 -4.8888854522836853E+000                  8.6303177777352182E+000                  6.9999999993739426E-001                  2.8000000006260589E-001                  1.9999999999999796E-002                  6.1958768397882948E-023                  0.0000000000000000E+000                  0.0000000000000000E+000 
                                     287                  1.9999983819433138E+000                  2.0000382412121900E-001                  5.3903335445590992E+000                 -4.8716975899510269E+000                  8.6527389197123163E+000                  6.9999999993739426E-001                  2.8000000006260589E-001                  1.9999999999999796E-002                  7.9550852381466245E-023                  0.0000000000000000E+000                  0.0000000000000000E+000 
                                     288                  1.9999983111872837E+000                  1.9973363419967349E-001                  5.3947866448327462E+000                 -4.8570775612422823E+000                  8.6717875812976999E+000                  6.9999999993739426E-001                  2.8000000006260589E-001                  1.9999999999999796E-002                  9.8242455817420994E-023                  0.0000000000000000E+000                  0.0000000000000000E+000 
                                     289                  1.9999982404312535E+000                  1.9947190812340043E-001                  5.4004781918015770E+000                 -4.8383863212291809E+000                  8.6961390776658636E+000                  6.9999999993739426E-001                  2.8000000006260589E-001                  1.9999999999999796E-002                  1.2854392861159697E-022                  0.0000000000000000E+000                  0.0000000000000000E+000 
                                     290                  1.9999981214599469E+000                  1.9904937494081826E-001                  5.4058288302032276E+000                 -4.8203662893390957E+000                  8.7194710069466250E+000                  6.9999999993739426E-001                  2.8000000006260589E-001                  1.9999999999999796E-002                  1.6552189488375322E-022                  0.0000000000000000E+000                  0.0000000000000000E+000 
                                     291                  1.9999980491370324E+000                  1.9880238522904575E-001                  5.4090594973603103E+000                 -4.8094583822406474E+000                  8.7335856928811246E+000                  6.9999999993739426E-001                  2.8000000006260589E-001                  1.9999999999999796E-002                  1.9274913282239268E-022                  0.0000000000000000E+000                  0.0000000000000000E+000 
                                     292                  1.9999980009217559E+000                  1.9864158324051820E-001                  5.4128243046112692E+000                 -4.7968196218129151E+000                  8.7499630204953611E+000                  6.9999999993739426E-001                  2.8000000006260589E-001                  1.9999999999999796E-002                  2.3004464356877880E-022                  0.0000000000000000E+000                  0.0000000000000000E+000 
                                     293                  1.9999979044912035E+000                  1.9832869219990634E-001                  5.4181879057864704E+000                 -4.7786127013492905E+000                  8.7734921167519673E+000                  6.9999999993739426E-001                  2.8000000006260589E-001                  1.9999999999999796E-002                  2.9588569354029818E-022                  0.0000000000000000E+000                  0.0000000000000000E+000 
                                     294                  1.9999977839530123E+000                  1.9795274275891148E-001                  5.4232770166259252E+000                 -4.7610909885195740E+000                  8.7960587136928297E+000                  6.9999999993739426E-001                  2.8000000006260589E-001                  1.9999999999999796E-002                  3.7560318704098979E-022                  0.0000000000000000E+000                  0.0000000000000000E+000 
                                     295                  1.9999976858168662E+000                  1.9765808490712952E-001                  5.4276302493386632E+000                 -4.7460520562713517E+000                  8.8154121794795763E+000                  6.9999999993739426E-001                  2.8000000006260589E-001                  1.9999999999999796E-002                  4.6039181382767035E-022                  0.0000000000000000E+000                  0.0000000000000000E+000 
                                     296                  1.9999975876807201E+000                  1.9737288533022107E-001                  5.4312726493416230E+000                 -4.7333635987117431E+000                  8.8317086319941183E+000                  6.9999999993739426E-001                  2.8000000006260589E-001                  1.9999999999999796E-002                  5.4575979040858457E-022                  0.0000000000000000E+000                  0.0000000000000000E+000 
                                     297                  1.9999975140786106E+000                  1.9716479032440964E-001                  5.4342925473831158E+000                 -4.7228317167996634E+000                  8.8452317488038066E+000                  6.9999999993739426E-001                  2.8000000006260589E-001                  1.9999999999999796E-002                  6.2824267739122228E-022                  0.0000000000000000E+000                  0.0000000000000000E+000 
                                     298                  1.9999974404765009E+000                  1.9696139216576347E-001                  5.4372356729710019E+000                 -4.7125310298144125E+000                  8.8584469756413124E+000                  6.9999999993739426E-001                  2.8000000006260589E-001                  1.9999999999999796E-002                  7.2047493052752552E-022                  0.0000000000000000E+000                  0.0000000000000000E+000 
                                     299                  1.9999973660066301E+000                  1.9676013856992014E-001                  5.4401059418662028E+000                 -4.7024502229399250E+000                  8.8713695536955584E+000                  6.9999999993739426E-001                  2.8000000006260589E-001                  1.9999999999999796E-002                  8.2330676046591641E-022                  0.0000000000000000E+000                  0.0000000000000000E+000 
                                     300                  1.9999972915367588E+000                  1.9656323205594081E-001                  5.4433648595615889E+000                 -4.6909969155134474E+000                  8.8860493893800374E+000                  6.9999999993739426E-001                  2.8000000006260589E-001                  1.9999999999999796E-002                  9.5769019332578853E-022                  0.0000000000000000E+000                  0.0000000000000000E+000 
                                     301                  1.9999971916650896E+000                  1.9630562946765731E-001                  5.4469589782941945E+000                 -4.6782854703314785E+000                  8.9023177648202410E+000                  6.9999999993739426E-001                  2.8000000006260589E-001                  1.9999999999999796E-002                  1.1312519713314072E-021                  0.0000000000000000E+000                  0.0000000000000000E+000 
                                     302                  1.9999970917934198E+000                  1.9605501790676949E-001                  5.4504224352871162E+000                 -4.6659959432975757E+000                  8.9180342658830654E+000                  6.9999999993739426E-001                  2.8000000006260589E-001                  1.9999999999999796E-002                  1.3278307087961147E-021                  0.0000000000000000E+000                  0.0000000000000000E+000 
                                     303                  1.9999969919217506E+000                  1.9581098210321268E-001                  5.4544375261070419E+000                 -4.6517583133462725E+000                  8.9362450871062240E+000                  6.9999999993739426E-001                  2.8000000006260589E-001                  1.9999999999999796E-002                  1.5980911627085902E-021                  0.0000000000000000E+000                  0.0000000000000000E+000 
                                     304                  1.9999968516660702E+000                  1.9547866051009946E-001                  5.4577986121867106E+000                 -4.6396844721834238E+000                  8.9516420150030758E+000                  6.9999999993739426E-001                  2.8000000006260589E-001                  1.9999999999999796E-002                  1.8661540183151643E-021                  0.0000000000000000E+000                  0.0000000000000000E+000 
                                     305                  1.9999967815382298E+000                  1.9531677942714673E-001                  5.4599857998086812E+000                 -4.6318635530140853E+000                  8.9616262075105730E+000                  6.9999999993739426E-001                  2.8000000006260589E-001                  1.9999999999999796E-002                  2.0637467616618418E-021                  0.0000000000000000E+000                  0.0000000000000000E+000 
                                     306                  1.9999967114103898E+000                  1.9515761106153687E-001                  5.4631899005565812E+000                 -4.6204540136730037E+000                  8.9762058909832607E+000                  6.9999999993739426E-001                  2.8000000006260589E-001                  1.9999999999999796E-002                  2.3907083602615416E-021                  0.0000000000000000E+000                  0.0000000000000000E+000 
                                     307                  1.9999965711547094E+000                  1.9484702512758445E-001                  5.4682263950068206E+000                 -4.6024535524167591E+000                  8.9991884801525792E+000                  6.9999999993739426E-001                  2.8000000006260589E-001                  1.9999999999999796E-002                  3.0110557544129659E-021                  0.0000000000000000E+000                  0.0000000000000000E+000 
                                     308                  1.9999963660824791E+000                  1.9441021899854671E-001                  5.4737195597676660E+000                 -4.5826303696270418E+000                  9.0244422563824429E+000                  6.9999999993739426E-001                  2.8000000006260589E-001                  1.9999999999999796E-002                  3.8708881323339752E-021                  0.0000000000000000E+000                  0.0000000000000000E+000 
                                     309                  1.9999961716328298E+000                  1.9401337816831163E-001                  5.4781481972666528E+000                 -4.5665557966283643E+000                  9.0448935977887110E+000                  6.9999999993739426E-001                  2.8000000006260589E-001                  1.9999999999999796E-002                  4.7377263920107486E-021                  0.0000000000000000E+000                  0.0000000000000000E+000 
                                     310                  1.9999960263162433E+000                  1.9372691101811013E-001                  5.4817901660447275E+000                 -4.5533514703151123E+000                  9.0616977986959366E+000                  6.9999999993739426E-001                  2.8000000006260589E-001                  1.9999999999999796E-002                  5.5915960107044695E-021                  0.0000000000000000E+000                  0.0000000000000000E+000 
                                     311                  1.9999958809996567E+000                  1.9344847984784058E-001                  5.4852988572610712E+000                 -4.5406003442089373E+000                  9.0779167157829566E+000                  6.9999999993739426E-001                  2.8000000006260589E-001                  1.9999999999999796E-002                  6.5574748073100627E-021                  0.0000000000000000E+000                  0.0000000000000000E+000 
                                     312                  1.9999957356830702E+000                  1.9317759125957396E-001                  5.4902422796233701E+000                 -4.5227431585927356E+000                  9.1006621577782187E+000                  6.9999999993739426E-001                  2.8000000006260589E-001                  1.9999999999999796E-002                  8.2008316981247307E-021                  0.0000000000000000E+000                  0.0000000000000000E+000 
                                     313                  1.9999954557531403E+000                  1.9267544866325761E-001                  5.4955077829606944E+000                 -4.5034001412296796E+000                  9.1252062729558627E+000                  6.9999999993739426E-001                  2.8000000006260589E-001                  1.9999999999999796E-002                  1.0406064350577781E-020                  0.0000000000000000E+000                  0.0000000000000000E+000 
                                     314                  1.9999952533598244E+000                  1.9232718625591055E-001                  5.5003843725294113E+000                 -4.4855981337826059E+000                  9.1478278574156011E+000                  6.9999999993739426E-001                  2.8000000006260589E-001                  1.9999999999999796E-002                  1.2961288863494549E-020                  0.0000000000000000E+000                  0.0000000000000000E+000 
                                     315                  1.9999949879156962E+000                  1.9188758058383321E-001                  5.5048484183644026E+000                 -4.4691454328904259E+000                  9.1686898888941233E+000                  6.9999999993739426E-001                  2.8000000006260589E-001                  1.9999999999999796E-002                  1.5842916100135604E-020                  0.0000000000000000E+000                  0.0000000000000000E+000 
                                     316                  1.9999948016030675E+000                  1.9158973852969680E-001                  5.5089832863154475E+000                 -4.4540086985316263E+000                  9.1879131039564168E+000                  6.9999999993739426E-001                  2.8000000006260589E-001                  1.9999999999999796E-002                  1.9066240227426036E-020                  0.0000000000000000E+000                  0.0000000000000000E+000 
                                     317                  1.9999945531862293E+000                  1.9120531375374702E-001                  5.5127819383666807E+000                 -4.4399947538677580E+000                  9.2056795436444840E+000                  6.9999999993739426E-001                  2.8000000006260589E-001                  1.9999999999999796E-002                  2.2598176873246089E-020                  0.0000000000000000E+000                  0.0000000000000000E+000 
                                     318                  1.9999943838251582E+000                  1.9095098926334797E-001                  5.5157671503582444E+000                 -4.4290232519196451E+000                  9.2196009638249947E+000                  6.9999999993739426E-001                  2.8000000006260589E-001                  1.9999999999999796E-002                  2.5817107407918039E-020                  0.0000000000000000E+000                  0.0000000000000000E+000 
                                     319                  1.9999942144640868E+000                  1.9070257828413648E-001                  5.5186657284509337E+000                 -4.4183682866417175E+000                  9.2331203754521720E+000                  6.9999999993739426E-001                  2.8000000006260589E-001                  1.9999999999999796E-002                  2.9373675622322962E-020                  0.0000000000000000E+000                  0.0000000000000000E+000 
                                     320                  1.9999940451030158E+000                  1.9045977606951167E-001                  5.5231521802713894E+000                 -4.4020199105514335E+000                  9.2539053277543157E+000                  6.9999999993739426E-001                  2.8000000006260589E-001                  1.9999999999999796E-002                  3.5839598817087570E-020                  0.0000000000000000E+000                  0.0000000000000000E+000 
                                     321                  1.9999936739092596E+000                  1.8994593818495711E-001                  5.5283304017975885E+000                 -4.3829005431573442E+000                  9.2781412681578264E+000                  6.9999999993739426E-001                  2.8000000006260589E-001                  1.9999999999999796E-002                  4.5084762017901140E-020                  0.0000000000000000E+000                  0.0000000000000000E+000 
                                     322                  1.9999933843781150E+000                  1.8956121414724650E-001                  5.5318172337193605E+000                 -4.3700112722627065E+000                  9.2944758968361381E+000                  6.9999999993739426E-001                  2.8000000006260589E-001                  1.9999999999999796E-002                  5.2597983927507684E-020                  0.0000000000000000E+000                  0.0000000000000000E+000 
                                     323                  1.9999932089811949E+000                  1.8933448675826928E-001                  5.5344949276986171E+000                 -4.3601646099604743E+000                  9.3069694981154925E+000                  6.9999999993739426E-001                  2.8000000006260589E-001                  1.9999999999999796E-002                  5.9186248989457058E-020                  0.0000000000000000E+000                  0.0000000000000000E+000 
                                     324                  1.9999930175515677E+000                  1.8909218975324277E-001                  5.5375491121971185E+000                 -4.3489440757877356E+000                  9.3212094943083752E+000                  6.9999999993739426E-001                  2.8000000006260589E-001                  1.9999999999999796E-002                  6.7695508086428120E-020                  0.0000000000000000E+000                  0.0000000000000000E+000 
                                     325                  1.9999927787666185E+000                  1.8879711548455891E-001                  5.5408295993499470E+000                 -4.3368670101685582E+000                  9.3365294983302221E+000                  6.9999999993739426E-001                  2.8000000006260589E-001                  1.9999999999999796E-002                  7.8184138909426779E-020                  0.0000000000000000E+000                  0.0000000000000000E+000 
                                     326                  1.9999925399816691E+000                  1.8850955564756544E-001                  5.5435261081231193E+000                 -4.3269129593423603E+000                  9.3491488684479336E+000                  6.9999999993739426E-001                  2.8000000006260589E-001                  1.9999999999999796E-002                  8.7997197495151885E-020                  0.0000000000000000E+000                  0.0000000000000000E+000 
                                     327                  1.9999923736052734E+000                  1.8831340735072521E-001                  5.5456918111246791E+000                 -4.3189393540992702E+000                  9.3592635997717206E+000                  6.9999999993739426E-001                  2.8000000006260589E-001                  1.9999999999999796E-002                  9.6744233000263606E-020                  0.0000000000000000E+000                  0.0000000000000000E+000 
                                     328                  1.9999922072288774E+000                  1.8812056855173920E-001                  5.5484575308411950E+000                 -4.3087917480610152E+000                  9.3721462856088120E+000                  6.9999999993739426E-001                  2.8000000006260589E-001                  1.9999999999999796E-002                  1.0916038554792229E-019                  0.0000000000000000E+000                  0.0000000000000000E+000 
                                     329                  1.9999919391878158E+000                  1.8781654889178090E-001                  5.5517611357885341E+000                 -4.2966275747507749E+000                  9.3875768896071996E+000                  6.9999999993739392E-001                  2.8000000006260606E-001                  2.0000000000000018E-002                  1.2607363925544968E-019                  0.0000000000000000E+000                  0.0000000000000000E+000 
                                     330                  1.9999916711467542E+000                  1.8752031285885482E-001                  5.5567149343134226E+000                 -4.2785596676050375E+000                  9.4105462311335000E+000                  6.9999999993739392E-001                  2.8000000006260606E-001                  2.0000000000000018E-002                  1.5631850240263842E-019                  0.0000000000000000E+000                  0.0000000000000000E+000 
                                     331                  1.9999911073478087E+000                  1.8692074772005909E-001                  5.5616666086427813E+000                 -4.2601969354486275E+000                  9.4338034631687382E+000                  6.9999999993739392E-001                  2.8000000006260606E-001                  2.0000000000000018E-002                  1.9380361086081434E-019                  0.0000000000000000E+000                  0.0000000000000000E+000 
                                     332                  1.9999907877298408E+000                  1.8659388120456891E-001                  5.5651228030750390E+000                 -4.2474830931310681E+000                  9.4499356451447163E+000                  6.9999999993739392E-001                  2.8000000006260606E-001                  2.0000000000000018E-002                  2.2503003605919858E-019                  0.0000000000000000E+000                  0.0000000000000000E+000 
                                     333                  1.9999904681118730E+000                  1.8627573692991209E-001                  5.5691945606392386E+000                 -4.2325671881536335E+000                  9.4688800448432868E+000                  6.9999999993739392E-001                  2.8000000006260606E-001                  2.0000000000000018E-002                  2.6818023967353058E-019                  0.0000000000000000E+000                  0.0000000000000000E+000 
                                     334                  1.9999900083948710E+000                  1.8583242472355807E-001                  5.5747826287742752E+000                 -4.2121257200528328E+000                  9.4948511462874787E+000                  6.9999999993739392E-001                  2.8000000006260606E-001                  2.0000000000000018E-002                  3.4090294061925912E-019                  0.0000000000000000E+000                  0.0000000000000000E+000 
                                     335                  1.9999893475171715E+000                  1.8522221533794436E-001                  5.5807411970591696E+000                 -4.1901803301546536E+000                  9.5226908422424348E+000                  6.9999999993739392E-001                  2.8000000006260606E-001                  2.0000000000000018E-002                  4.4002817421688407E-019                  0.0000000000000000E+000                  0.0000000000000000E+000 
                                     336                  1.9999887375368481E+000                  1.8468462681185413E-001                  5.5851405524685713E+000                 -4.1739113969277746E+000                  9.5433109629157631E+000                  6.9999999993739392E-001                  2.8000000006260606E-001                  2.0000000000000018E-002                  5.3102864423118202E-019                  0.0000000000000000E+000                  0.0000000000000000E+000 
                                     337                  1.9999883572101187E+000                  1.8436079883666576E-001                  5.5888675263396106E+000                 -4.1602386598762573E+000                  9.5606719567081857E+000                  6.9999999993739392E-001                  2.8000000006260606E-001                  2.0000000000000018E-002                  6.2228330334609245E-019                  0.0000000000000000E+000                  0.0000000000000000E+000 
                                     338                  1.9999878691030772E+000                  1.8395706872846759E-001                  5.5934300358148636E+000                 -4.1434987432584665E+000                  9.5819272499102848E+000                  6.9999999993739392E-001                  2.8000000006260606E-001                  2.0000000000000018E-002                  7.5522422080071866E-019                  0.0000000000000000E+000                  0.0000000000000000E+000 
                                     339                  1.9999872497273485E+000                  1.8346260144987067E-001                  5.5992084786367640E+000                 -4.1223231075763120E+000                  9.6088225142754826E+000                  6.9999999993739392E-001                  2.8000000006260606E-001                  2.0000000000000018E-002                  9.6426198818458928E-019                  0.0000000000000000E+000                  0.0000000000000000E+000 
                                     340                  1.9999863945198382E+000                  1.8280977155527064E-001                  5.6048080815971932E+000                 -4.1016011362722598E+000                  9.6350842846878333E+000                  6.9999999993739392E-001                  2.8000000006260606E-001                  2.0000000000000018E-002                  1.2213987766832701E-018                  0.0000000000000000E+000                  0.0000000000000000E+000 
                                     341                  1.9999857281934628E+000                  1.8232291249363988E-001                  5.6087540312328441E+000                 -4.0869894519417684E+000                  9.6535999333851912E+000                  6.9999999993739392E-001                  2.8000000006260606E-001                  2.0000000000000018E-002                  1.4420844049547179E-018                  0.0000000000000000E+000                  0.0000000000000000E+000 
                                     342                  1.9999852701616090E+000                  1.8199841047242857E-001                  5.6118667494610426E+000                 -4.0755042457638924E+000                  9.6681655778650910E+000                  6.9999999993739392E-001                  2.8000000006260606E-001                  2.0000000000000018E-002                  1.6433220693302103E-018                  0.0000000000000000E+000                  0.0000000000000000E+000 
                                     343                  1.9999848121297550E+000                  1.8168167693028189E-001                  5.6164398848557386E+000                 -4.0587602295178549E+000                  9.6894376533955064E+000                  6.9999999993739392E-001                  2.8000000006260606E-001                  2.0000000000000018E-002                  1.9894695459245398E-018                  0.0000000000000000E+000                  0.0000000000000000E+000 
                                     344                  1.9999838799499638E+000                  1.8105943071329464E-001                  5.6208338406034253E+000                 -4.0423919089449898E+000                  9.7101524306961924E+000                  6.9999999993739392E-001                  2.8000000006260606E-001                  2.0000000000000018E-002                  2.3908473014218862E-018                  0.0000000000000000E+000                  0.0000000000000000E+000 
                                     345                  1.9999833994174645E+000                  1.8074953505630334E-001                  5.6237323396664634E+000                 -4.0316745117217341E+000                  9.7237384382201331E+000                  6.9999999993739392E-001                  2.8000000006260606E-001                  2.0000000000000018E-002                  2.6977356393960244E-018                  0.0000000000000000E+000                  0.0000000000000000E+000 
                                     346                  1.9999829188849656E+000                  1.8044655264793019E-001                  5.6285123033186855E+000                 -4.0141763151073642E+000                  9.7459703596011735E+000                  6.9999999993739392E-001                  2.8000000006260606E-001                  2.0000000000000018E-002                  3.2892983728395096E-018                  0.0000000000000000E+000                  0.0000000000000000E+000 
                                     347                  1.9999817649933664E+000                  1.7974531140068031E-001                  5.6330817997879299E+000                 -3.9970849484869833E+000                  9.7675816223193355E+000                  6.9999999993739392E-001                  2.8000000006260606E-001                  2.0000000000000018E-002                  3.9768112640084099E-018                  0.0000000000000000E+000                  0.0000000000000000E+000 
                                     348                  1.9999812586017827E+000                  1.7944842172223918E-001                  5.6376391728042776E+000                 -3.9803690669885703E+000                  9.7888108906669267E+000                  6.9999999993739392E-001                  2.8000000006260606E-001                  2.0000000000000018E-002                  4.7993073352809201E-018                  0.0000000000000000E+000                  0.0000000000000000E+000 
                                     349                  1.9999800562836081E+000                  1.7876784353027977E-001                  5.6422218503376866E+000                 -3.9632339738191269E+000                  9.8104796796048479E+000                  6.9999999993739392E-001                  2.8000000006260606E-001                  2.0000000000000018E-002                  5.7991415699591618E-018                  0.0000000000000000E+000                  0.0000000000000000E+000 
                                     350                  1.9999794376573297E+000                  1.7843002786863355E-001                  5.6465727096324212E+000                 -3.9472066485565289E+000                  9.8308153820982103E+000                  6.9999999993739392E-001                  2.8000000006260606E-001                  2.0000000000000018E-002                  6.9331185222942992E-018                  0.0000000000000000E+000                  0.0000000000000000E+000 
                                     351                  1.9999782682857938E+000                  1.7781256720894928E-001                  5.6518253732098280E+000                 -3.9276719496153150E+000                  9.8555490008569286E+000                  6.9999999993739392E-001                  2.8000000006260606E-001                  2.0000000000000018E-002                  8.5994452905745789E-018                  0.0000000000000000E+000                  0.0000000000000000E+000 
                                     352                  1.9999771600463174E+000                  1.7725084120624662E-001                  5.6559338674660564E+000                 -3.9123246824524429E+000                  9.8749620104932383E+000                  6.9999999993739392E-001                  2.8000000006260606E-001                  2.0000000000000018E-002                  1.0173890543176565E-017                  0.0000000000000000E+000                  0.0000000000000000E+000 
                                     353                  1.9999763972207796E+000                  1.7687640894765530E-001                  5.6600066034262726E+000                 -3.8972291855611516E+000                  9.8940899217417684E+000                  6.9999999993739392E-001                  2.8000000006260606E-001                  2.0000000000000018E-002                  1.2010526848431327E-017                  0.0000000000000000E+000                  0.0000000000000000E+000 
                                     354                  1.9999752394530634E+000                  1.7632577697186319E-001                  5.6647440279305874E+000                 -3.8795633139798227E+000                  9.9164450484655227E+000                  6.9999999993739392E-001                  2.8000000006260606E-001                  2.0000000000000018E-002                  1.4563738880611600E-017                  0.0000000000000000E+000                  0.0000000000000000E+000 
                                     355                  1.9999740546265283E+000                  1.7578268988246787E-001                  5.6701795712102774E+000                 -3.8593469308052040E+000                  9.9420429527219181E+000                  6.9999999993739392E-001                  2.8000000006260606E-001                  2.0000000000000018E-002                  1.8153379632109436E-017                  0.0000000000000000E+000                  0.0000000000000000E+000 
                                     356                  1.9999724188388499E+000                  1.7506387357772604E-001                  5.6754529124130801E+000                 -3.8395196719235307E+000                  9.9670884628929208E+000                  6.9999999993739392E-001                  2.8000000006260606E-001                  2.0000000000000018E-002                  2.2474349945364511E-017                  0.0000000000000000E+000                  0.0000000000000000E+000 
                                     357                  1.9999711485083189E+000                  1.7452824674251469E-001                  5.6799059705957626E+000                 -3.8228144596673030E+000                  9.9882011656705068E+000                  6.9999999993739392E-001                  2.8000000006260606E-001                  2.0000000000000018E-002                  2.6897642686742558E-017                  0.0000000000000000E+000                  0.0000000000000000E+000 
                                     358                  1.9999698481667361E+000                  1.7399871063369002E-001                  5.6835157714797351E+000                 -3.8091922110419461E+000                  1.0005395374230927E+001                  6.9999999993739392E-001                  2.8000000006260606E-001                  2.0000000000000018E-002                  3.1108955864311228E-017                  0.0000000000000000E+000                  0.0000000000000000E+000 
                                     359                  1.9999689712686639E+000                  1.7365159024884569E-001                  5.6863877190490983E+000                 -3.7983870469818619E+000                  1.0019043030139597E+001                  6.9999999993739392E-001                  2.8000000006260606E-001                  2.0000000000000018E-002                  3.4914747693963762E-017                  0.0000000000000000E+000                  0.0000000000000000E+000 
                                     360                  1.9999680633063253E+000                  1.7330015809012356E-001                  5.6892254406075926E+000                 -3.7876940471837353E+000                  1.0032544559263648E+001                  6.9999999993739392E-001                  2.8000000006260606E-001                  2.0000000000000018E-002                  3.9125743377504333E-017                  0.0000000000000000E+000                  0.0000000000000000E+000 
                                     361                  1.9999671553439864E+000                  1.7295644884247083E-001                  5.6934527170692304E+000                 -3.7718714812607947E+000                  1.0052552719774912E+001                  6.9999999993739392E-001                  2.8000000006260606E-001                  2.0000000000000018E-002                  4.6329943595692456E-017                  0.0000000000000000E+000                  0.0000000000000000E+000 
                                     362                  1.9999652751112313E+000                  1.7226770011420781E-001                  5.6989440963940723E+000                 -3.7511021902350397E+000                  1.0078756671552689E+001                  6.9999999993739392E-001                  2.8000000006260606E-001                  2.0000000000000018E-002                  5.7694440325176892E-017                  0.0000000000000000E+000                  0.0000000000000000E+000 
                                     363                  1.9999633283152300E+000                  1.7158464134964291E-001                  5.7029625793609000E+000                 -3.7357573643983337E+000                  1.0098076791601116E+001                  6.9999999993739392E-001                  2.8000000006260606E-001                  2.0000000000000018E-002                  6.7731517632222447E-017                  0.0000000000000000E+000                  0.0000000000000000E+000 
                                     364                  1.9999623204689141E+000                  1.7124208988680328E-001                  5.7056261317296153E+000                 -3.7256499000759846E+000                  1.0110820259782933E+001                  6.9999999993739392E-001                  2.8000000006260606E-001                  2.0000000000000018E-002                  7.5301008047344670E-017                  0.0000000000000000E+000                  0.0000000000000000E+000 
                                     365                  1.9999613126225984E+000                  1.7090663403111486E-001                  5.7082652665905345E+000                 -3.7156273408668676E+000                  1.0123454688602562E+001                  6.9999999993739392E-001                  2.8000000006260606E-001                  2.0000000000000018E-002                  8.3622075233472826E-017                  0.0000000000000000E+000                  0.0000000000000000E+000 
                                     366                  1.9999602691208265E+000                  1.7056644119300149E-001                  5.7108791263298446E+000                 -3.7056879374332961E+000                  1.0135980905335222E+001                  6.9999999993739392E-001                  2.8000000006260606E-001                  2.0000000000000018E-002                  9.2756376018714797E-017                  0.0000000000000000E+000                  0.0000000000000000E+000 
                                     367                  1.9999592256190548E+000                  1.7023317139292046E-001                  5.7147821336798410E+000                 -3.6909407715351463E+000                  1.0154592248650738E+001                  6.9999999993739392E-001                  2.8000000006260606E-001                  2.0000000000000018E-002                  1.0822806519599599E-016                  0.0000000000000000E+000                  0.0000000000000000E+000 
                                     368                  1.9999570648066538E+000                  1.6956378580131107E-001                  5.7198729668361938E+000                 -3.6715210231983564E+000                  1.0179050081541863E+001                  6.9999999993739392E-001                  2.8000000006260606E-001                  2.0000000000000018E-002                  1.3233178591375141E-016                  0.0000000000000000E+000                  0.0000000000000000E+000 
                                     369                  1.9999548276009198E+000                  1.6889797894266209E-001                  5.7248788753901705E+000                 -3.6523818495424849E+000                  1.0203143211973009E+001                  6.9999999993739392E-001                  2.8000000006260606E-001                  2.0000000000000018E-002                  1.6117748605829893E-016                  0.0000000000000000E+000                  0.0000000000000000E+000 
                                     370                  1.9999525113278891E+000                  1.6823532679503345E-001                  5.7298042387892396E+000                 -3.6335037723755037E+000                  1.0226895393530073E+001                  6.9999999993739392E-001                  2.8000000006260606E-001                  2.0000000000000018E-002                  1.9559263757703536E-016                  0.0000000000000000E+000                  0.0000000000000000E+000 
                                     371                  1.9999501132210522E+000                  1.6757543895951499E-001                  5.7346531989216558E+000                 -3.6148690949021818E+000                  1.0250328377552146E+001                  6.9999999993739392E-001                  2.8000000006260606E-001                  2.0000000000000018E-002                  2.3653444848803754E-016                  0.0000000000000000E+000                  0.0000000000000000E+000 
                                     372                  1.9999476304181909E+000                  1.6691795491868064E-001                  5.7394300541086345E+000                 -3.5964620987643978E+000                  1.0273462130105921E+001                  6.9999999993739392E-001                  2.8000000006260606E-001                  2.0000000000000018E-002                  2.8511156769090806E-016                  0.0000000000000000E+000                  0.0000000000000000E+000 
                                     373                  1.9999450599581112E+000                  1.6626254019085202E-001                  5.7441392558268713E+000                 -3.5782688482914966E+000                  1.0296315020458742E+001                  6.9999999993739392E-001                  2.8000000006260606E-001                  2.0000000000000018E-002                  3.4260813525180677E-016                  0.0000000000000000E+000                  0.0000000000000000E+000 
                                     374                  1.9999423987772651E+000                  1.6560888294286946E-001                  5.7487853237140936E+000                 -3.5602769327213859E+000                  1.0318903985441745E+001                  6.9999999993739392E-001                  2.8000000006260606E-001                  2.0000000000000018E-002                  4.1051118282505889E-016                  0.0000000000000000E+000                  0.0000000000000000E+000 
                                     375                  1.9999396437062571E+000                  1.6495669112118419E-001                  5.7533727543976223E+000                 -3.5424752220888553E+000                  1.0341244673301585E+001                  6.9999999993739392E-001                  2.8000000006260606E-001                  2.0000000000000018E-002                  4.9054203290674596E-016                  0.0000000000000000E+000                  0.0000000000000000E+000 
                                     376                  1.9999367914662354E+000                  1.6430569005262996E-001                  5.7579057347555676E+000                 -3.5248534365474788E+000                  1.0363351570023280E+001                  6.9999999993739392E-001                  2.8000000006260606E-001                  2.0000000000000018E-002                  5.8468897966540714E-016                  0.0000000000000000E+000                  0.0000000000000000E+000 
                                     377                  1.9999338386651622E+000                  1.6365562077298587E-001                  5.7623878298227265E+000                 -3.5074017056027427E+000                  1.0385238110546807E+001                  6.9999999993739392E-001                  2.8000000006260606E-001                  2.0000000000000018E-002                  6.9524075399679513E-016                  0.0000000000000000E+000                  0.0000000000000000E+000 
                                     378                  1.9999307817939571E+000                  1.6300623908124862E-001                  5.7668219650088348E+000                 -3.4901104536532377E+000                  1.0406916776893066E+001                  6.9999999993739392E-001                  2.8000000006260606E-001                  2.0000000000000018E-002                  8.2482547096042539E-016                  0.0000000000000000E+000                  0.0000000000000000E+000 
                                     379                  1.9999276172225158E+000                  1.6235731482022017E-001                  5.7712105346599873E+000                 -3.4729704263298147E+000                  1.0428399184978426E+001                  6.9999999993739392E-001                  2.8000000006260611E-001                  2.0000000000000018E-002                  9.7645575798353078E-016                  0.0000000000000000E+000                  0.0000000000000000E+000 
                                     380                  1.9999243411955900E+000                  1.6170863116656145E-001                  5.7755554952778025E+000                 -3.4559727082590790E+000                  1.0449696161655053E+001                  6.9999999993739392E-001                  2.8000000006260611E-001                  2.0000000000000018E-002                  1.1535792280211352E-015                  0.0000000000000000E+000                  0.0000000000000000E+000 
                                     381                  1.9999209498285337E+000                  1.6105998393783150E-001                  5.7798585149408614E+000                 -3.4391088110634924E+000                  1.0470817813275499E+001                  6.9999999993739392E-001                  2.8000000006260611E-001                  2.0000000000000018E-002                  1.3601373986692350E-015                  0.0000000000000000E+000                  0.0000000000000000E+000 
                                     382                  1.9999174391029078E+000                  1.6041118080631861E-001                  5.7841212836417393E+000                 -3.4223709384480534E+000                  1.0491773586904163E+001                  6.9999999993739392E-001                  2.8000000006260611E-001                  2.0000000000000018E-002                  1.6006411479328899E-015                  0.0000000000000000E+000                  0.0000000000000000E+000 
                                     383                  1.9999138048619349E+000                  1.5976204014878564E-001                  5.7883457263100366E+000                 -3.4057521567921545E+000                  1.0512572325183404E+001                  6.9999999993739392E-001                  2.8000000006260611E-001                  2.0000000000000018E-002                  1.8802606672281773E-015                  0.0000000000000000E+000                  0.0000000000000000E+000 
                                     384                  1.9999100428058070E+000                  1.5911238966534930E-001                  5.7925339798604618E+000                 -3.3892463177207657E+000                  1.0533222315696431E+001                  6.9999999993739392E-001                  2.8000000006260611E-001                  2.0000000000000018E-002                  2.2049235772448635E-015                  0.0000000000000000E+000                  0.0000000000000000E+000 
                                     385                  1.9999061484868321E+000                  1.5846206513104680E-001                  5.7966883400220626E+000                 -3.3728479555801250E+000                  1.0553731335484953E+001                  6.9999999993739392E-001                  2.8000000006260611E-001                  2.0000000000000018E-002                  2.5814266346356410E-015                  0.0000000000000000E+000                  0.0000000000000000E+000 
                                     386                  1.9999021173044245E+000                  1.5781090931286007E-001                  5.8008112156764424E+000                 -3.3565521983118942E+000                  1.0574106691277033E+001                  6.9999999993739392E-001                  2.8000000006260611E-001                  2.0000000000000018E-002                  3.0175642608496025E-015                  0.0000000000000000E+000                  0.0000000000000000E+000 
                                     387                  1.9998979444999239E+000                  1.5715877102900033E-001                  5.8049050265015660E+000                 -3.3403546238515749E+000                  1.0594355255908942E+001                  6.9999999993739392E-001                  2.8000000006260611E-001                  2.0000000000000018E-002                  3.5222705863580065E-015                  0.0000000000000000E+000                  0.0000000000000000E+000 
                                     388                  1.9998936251512447E+000                  1.5650550443002506E-001                  5.8089719755213354E+000                 -3.3242509893916141E+000                  1.0614483501347419E+001                  6.9999999993739392E-001                  2.8000000006260611E-001                  2.0000000000000018E-002                  4.1057641037069425E-015                  0.0000000000000000E+000                  0.0000000000000000E+000 
                                     389                  1.9998891541673467E+000                  1.5585096869371479E-001                  5.8130139021868734E+000                 -3.3082370455413366E+000                  1.0634497528626842E+001                  6.9999999993739392E-001                  2.8000000006260611E-001                  2.0000000000000018E-002                  4.7797052610365370E-015                  0.0000000000000000E+000                  0.0000000000000000E+000 
                                     390                  1.9998845262825236E+000                  1.5519502800964949E-001                  5.8170323064601099E+000                 -3.2923085343394756E+000                  1.0654403094993832E+001                  6.9999999993739392E-001                  2.8000000006260611E-001                  2.0000000000000018E-002                  5.5573831561471180E-015                  0.0000000000000000E+000                  0.0000000000000000E+000 
                                     391                  1.9998797360504992E+000                  1.5453755157848056E-001                  5.8210283918226047E+000                 -3.2764612098359529E+000                  1.0674205638560998E+001                  6.9999999993739392E-001                  2.8000000006260611E-001                  2.0000000000000018E-002                  6.4539262153425157E-015                  0.0000000000000000E+000                  0.0000000000000000E+000 
                                     392                  1.9998747778383306E+000                  1.5387841359141144E-001                  5.8250031052044182E+000                 -3.2606908582410097E+000                  1.0693910300739708E+001                  6.9999999993739392E-001                  2.8000000006260611E-001                  2.0000000000000018E-002                  7.4865378470602940E-015                  0.0000000000000000E+000                  0.0000000000000000E+000 
                                     393                  1.9998696458201075E+000                  1.5321749318951669E-001                  5.8289572040463300E+000                 -3.2449933483506528E+000                  1.0713521946689392E+001                  6.9999999993739392E-001                  2.8000000006260611E-001                  2.0000000000000018E-002                  8.6747665510613171E-015                  0.0000000000000000E+000                  0.0000000000000000E+000 
                                     394                  1.9998643339704441E+000                  1.5255467435562817E-001                  5.8328914341714633E+000                 -3.2293647978383535E+000                  1.0733045184000099E+001                  6.9999999993739392E-001                  2.8000000006260611E-001                  2.0000000000000018E-002                  1.0040842239746225E-014                  0.0000000000000000E+000                  0.0000000000000000E+000 
                                     395                  1.9998588360577549E+000                  1.5188984555875398E-001                  5.8368066829752276E+000                 -3.2138017158991832E+000                  1.0752484379831868E+001                  6.9999999993739392E-001                  2.8000000006260611E-001                  2.0000000000000018E-002                  1.1610076347026844E-014                  0.0000000000000000E+000                  0.0000000000000000E+000 
                                     396                  1.9998531456373094E+000                  1.5122289918075105E-001                  5.8407039865311239E+000                 -3.1983009943742440E+000                  1.0771843676705080E+001                  6.9999999993739392E-001                  2.8000000006260611E-001                  2.0000000000000018E-002                  1.3411299109069197E-014                  0.0000000000000000E+000                  0.0000000000000000E+000 
                                     397                  1.9998472560440568E+000                  1.5055373095260283E-001                  5.8445845036179334E+000                 -3.1828598657531848E+000                  1.0791127007076216E+001                  6.9999999993739392E-001                  2.8000000006260611E-001                  2.0000000000000018E-002                  1.5477352365809302E-014                  0.0000000000000000E+000                  0.0000000000000000E+000 
                                     398                  1.9998411603852146E+000                  1.4988223945025603E-001                  5.8484494919058978E+000                 -3.1674758647669798E+000                  1.0810338106804872E+001                  6.9999999993739392E-001                  2.8000000006260611E-001                  2.0000000000000018E-002                  1.7845652523263345E-014                  0.0000000000000000E+000                  0.0000000000000000E+000 
                                     399                  1.9998348515326150E+000                  1.4920832564486655E-001                  5.8523002823215515E+000                 -3.1521467884371956E+000                  1.0829480527609446E+001                  6.9999999993739392E-001                  2.8000000006260611E-001                  2.0000000000000018E-002                  2.0558831709679710E-014                  0.0000000000000000E+000                  0.0000000000000000E+000 
                                     400                  1.9998283221148043E+000                  1.4853189250994422E-001                  5.8561381974575255E+000                 -3.1368705989708836E+000                  1.0848557648604164E+001                  6.9999999993739392E-001                  2.8000000006260611E-001                  2.0000000000000018E-002                  2.3665434451809292E-014                  0.0000000000000000E+000                  0.0000000000000000E+000 
                                     401                  1.9998215645088750E+000                  1.4785284477535116E-001                  5.8599644397079587E+000                 -3.1216452961481651E+000                  1.0867572686982244E+001                  6.9999999993739392E-001                  2.8000000006260611E-001                  2.0000000000000018E-002                  2.7220664380344855E-014                  0.0000000000000000E+000                  0.0000000000000000E+000 
                                     402                  1.9998145708320394E+000                  1.4717108887950758E-001                  5.8637800557619517E+000                 -3.1064688702836651E+000                  1.0886528707890449E+001                  6.9999999993739392E-001                  2.8000000006260611E-001                  2.0000000000000018E-002                  3.1287240651787232E-014                  0.0000000000000000E+000                  0.0000000000000000E+000 
                                     403                  1.9998073329329169E+000                  1.4648653299780365E-001                  5.8675859543231210E+000                 -3.0913393113213092E+000                  1.0905428633554619E+001                  6.9999999993739392E-001                  2.8000000006260611E-001                  2.0000000000000018E-002                  3.5936388291182068E-014                  0.0000000000000000E+000                  0.0000000000000000E+000 
                                     404                  1.9997998423825409E+000                  1.4579908706025804E-001                  5.8713829237670705E+000                 -3.0762546195057436E+000                  1.0924275251723948E+001                  6.9999999993739392E-001                  2.8000000006260611E-001                  2.0000000000000018E-002                  4.1248956402994572E-014                  0.0000000000000000E+000                  0.0000000000000000E+000 
                                     405                  1.9997920904650681E+000                  1.4510866275548476E-001                  5.8751716484951233E+000                 -3.0612128148052373E+000                  1.0943071223495576E+001                  6.9999999993739392E-001                  2.8000000006260611E-001                  2.0000000000000018E-002                  4.7316680100623839E-014                  0.0000000000000000E+000                  0.0000000000000000E+000 
                                     406                  1.9997840681681838E+000                  1.4441517352239550E-001                  5.8789527466538214E+000                 -3.0462119689750580E+000                  1.0961819090574448E+001                  6.9999999993739392E-001                  2.8000000006260611E-001                  2.0000000000000018E-002                  5.4243634532342827E-014                  0.0000000000000000E+000                  0.0000000000000000E+000 
                                     407                  1.9997757661731939E+000                  1.4371853449274247E-001                  5.8827268828841826E+000                 -3.0312503160705004E+000                  1.0980521282024519E+001                  6.9999999993739392E-001                  2.8000000006260611E-001                  2.0000000000000018E-002                  6.2148013163609212E-014                  0.0000000000000000E+000                  0.0000000000000000E+000 
                                     408                  1.9997671748447907E+000                  1.4301866225598761E-001                  5.8864948645179620E+000                 -3.0163263445794208E+000                  1.0999180120583741E+001                  6.9999999993739392E-001                  2.8000000006260611E-001                  2.0000000000000018E-002                  7.1164222017587818E-014                  0.0000000000000000E+000                  0.0000000000000000E+000 
                                     409                  1.9997582842204857E+000                  1.4231547447018511E-001                  5.8902576458218228E+000                 -3.0014387967594951E+000                  1.1017797828604886E+001                  6.9999999993739392E-001                  2.8000000006260611E-001                  2.0000000000000018E-002                  8.1445203903862722E-014                  0.0000000000000000E+000                  0.0000000000000000E+000 
                                     410                  1.9997490839996994E+000                  1.4160888946470912E-001                  5.8940163141142934E+000                 -2.9865866494079851E+000                  1.1036376533648811E+001                  6.9999999993739392E-001                  2.8000000006260611E-001                  2.0000000000000018E-002                  9.3165088301676588E-014                  0.0000000000000000E+000                  0.0000000000000000E+000 
                                     411                  1.9997395635324968E+000                  1.4089882586487118E-001                  5.8977720776121316E+000                 -2.9717690956649414E+000                  1.1054918273751259E+001                  6.9999999993739392E-001                  2.8000000006260611E-001                  2.0000000000000018E-002                  1.0652224269303885E-013                  0.0000000000000000E+000                  0.0000000000000000E+000 
                                     412                  1.9997297118079704E+000                  1.4018520223702313E-001                  5.9015262528238104E+000                 -2.9569855266020131E+000                  1.1073425002394362E+001                  6.9999999993739392E-001                  2.8000000006260611E-001                  2.0000000000000018E-002                  1.2174278455822948E-013                  0.0000000000000000E+000                  0.0000000000000000E+000 
                                     413                  1.9997195174422395E+000                  1.3946793675422872E-001                  5.9052801728914899E+000                 -2.9422354289656067E+000                  1.1091898593210560E+001                  6.9999999993739392E-001                  2.8000000006260611E-001                  2.0000000000000018E-002                  1.3908436337176008E-013                  0.0000000000000000E+000                  0.0000000000000000E+000 
                                     414                  1.9997089686660630E+000                  1.3874694702247131E-001                  5.9090350001665337E+000                 -2.9275181852778389E+000                  1.1110340844414880E+001                  6.9999999993739392E-001                  2.8000000006260611E-001                  2.0000000000000018E-002                  1.5883997721929720E-013                  0.0000000000000000E+000                  0.0000000000000000E+000 
                                     415                  1.9996980533120488E+000                  1.3802215023630307E-001                  5.9127916275660084E+000                 -2.9128329697530981E+000                  1.1128753482932176E+001                  6.9999999993739392E-001                  2.8000000006260611E-001                  2.0000000000000018E-002                  1.8134226091040994E-013                  0.0000000000000000E+000                  0.0000000000000000E+000 
                                     416                  1.9996867588014480E+000                  1.3729346351495963E-001                  5.9165506943491772E+000                 -2.8981787613090861E+000                  1.1147138168211539E+001                  6.9999999993739392E-001                  2.8000000006260611E-001                  2.0000000000000018E-002                  2.0696857036612430E-013                  0.0000000000000000E+000                  0.0000000000000000E+000 
                                     417                  1.9996750721305230E+000                  1.3656080422783889E-001                  5.9203126067799454E+000                 -2.8835543617395691E+000                  1.1165496495751585E+001                  6.9999999993739392E-001                  2.8000000006260611E-001                  2.0000000000000018E-002                  2.3614668596705657E-013                  0.0000000000000000E+000                  0.0000000000000000E+000 
                                     418                  1.9996629798564687E+000                  1.3582409030047302E-001                  5.9240775566553543E+000                 -2.8689584110082329E+000                  1.1183830000359379E+001                  6.9999999993739392E-001                  2.8000000006260611E-001                  2.0000000000000018E-002                  2.6936117606103907E-013                  0.0000000000000000E+000                  0.0000000000000000E+000 
                                     419                  1.9996504680828859E+000                  1.3508324050538870E-001                  5.9278455521361915E+000                 -2.8543894144360786E+000                  1.1202140159163648E+001                  6.9999999993739392E-001                  2.8000000006260611E-001                  2.0000000000000018E-002                  3.0716058498042852E-013                  0.0000000000000000E+000                  0.0000000000000000E+000 
                                     420                  1.9996375224447767E+000                  1.3433817471693607E-001                  5.9316165653359381E+000                 -2.8398458956075689E+000                  1.1220428394404427E+001                  6.9999999993739392E-001                  2.8000000006260611E-001                  2.0000000000000018E-002                  3.5016645946641763E-013                  0.0000000000000000E+000                  0.0000000000000000E+000 
                                     421                  1.9996241280930598E+000                  1.3358881391140318E-001                  5.9353907166635542E+000                 -2.8253265858251302E+000                  1.1238696076053179E+001                  6.9999999993739392E-001                  2.8000000006260611E-001                  2.0000000000000018E-002                  3.9908449849712367E-013                  0.0000000000000000E+000                  0.0000000000000000E+000 
                                     422                  1.9996102696785893E+000                  1.3283507983871687E-001                  5.9391683211052895E+000                 -2.8108304695157718E+000                  1.1256944524318071E+001                  6.9999999993739392E-001                  2.8000000006260611E-001                  2.0000000000000018E-002                  4.5471680667664579E-013                  0.0000000000000000E+000                  0.0000000000000000E+000 
                                     423                  1.9995959313356735E+000                  1.3207689460521044E-001                  5.9429498677214561E+000                 -2.7963567601990156E+000                  1.1275175012054145E+001                  6.9999999993739392E-001                  2.8000000006260611E-001                  2.0000000000000018E-002                  5.1797550830273614E-013                  0.0000000000000000E+000                  0.0000000000000000E+000 
                                     424                  1.9995810966650804E+000                  1.3131418028535882E-001                  5.9467360008899952E+000                 -2.7819048775875586E+000                  1.1293388767092736E+001                  6.9999999993739392E-001                  2.8000000006260611E-001                  2.0000000000000018E-002                  5.8989837400786008E-013                  0.0000000000000000E+000                  0.0000000000000000E+000 
                                     425                  1.9995657487164948E+000                  1.3054685856085305E-001                  5.9505275037775940E+000                 -2.7674744280980521E+000                  1.1311586974499731E+001                  6.9999999993739392E-001                  2.8000000006260611E-001                  2.0000000000000018E-002                  6.7166677795818362E-013                  0.0000000000000000E+000                  0.0000000000000000E+000 
                                     426                  1.9995498699704162E+000                  1.2977485038185785E-001                  5.9543252450482127E+000                 -2.7530651475543948E+000                  1.1329770778765502E+001                  6.9999999993739392E-001                  2.8000000006260611E-001                  2.0000000000000018E-002                  7.6462567261814521E-013                  0.0000000000000000E+000                  0.0000000000000000E+000 
                                     427                  1.9995334423194788E+000                  1.2899807571898647E-001                  5.9581300290579184E+000                 -2.7386767435585218E+000                  1.1347941285917322E+001                  6.9999999993739392E-001                  2.8000000006260611E-001                  2.0000000000000018E-002                  8.7030418831703052E-013                  0.0000000000000000E+000                  0.0000000000000000E+000 
                                     428                  1.9995164470491720E+000                  1.2821645359085115E-001                  5.9619424855046175E+000                 -2.7243087791238931E+000                  1.1366099565515087E+001                  6.9999999993739392E-001                  2.8000000006260611E-001                  2.0000000000000018E-002                  9.9043833471442185E-013                  0.0000000000000000E+000                  0.0000000000000000E+000 
                                     429                  1.9994988648179455E+000                  1.2742990230408943E-001                  5.9657630791955683E+000                 -2.7099606819204651E+000                  1.1384246652503064E+001                  6.9999999993739392E-001                  2.8000000006260617E-001                  1.9999999999999907E-002                  1.1269981781488921E-012                  0.0000000000000000E+000                  0.0000000000000000E+000 
                                     430                  1.9994806756366796E+000                  1.2663833968565313E-001                  5.9695921361633015E+000                 -2.6956317695018006E+000                  1.1402383548927325E+001                  6.9999999993739392E-001                  2.8000000006260617E-001                  1.9999999999999907E-002                  1.2822188855893678E-012                  0.0000000000000000E+000                  0.0000000000000000E+000 
                                     431                  1.9994618588475006E+000                  1.2584168327768894E-001                  5.9734298668595258E+000                 -2.6813212709507175E+000                  1.1420511225532676E+001                  6.9999999993739392E-001                  2.8000000006260617E-001                  1.9999999999999907E-002                  1.4586358381432890E-012                  0.0000000000000000E+000                  0.0000000000000000E+000 
                                     432                  1.9994423931019187E+000                  1.2503985050008043E-001                  5.9772763865744745E+000                 -2.6670283466312354E+000                  1.1438630623249841E+001                  6.9999999993739392E-001                  2.8000000006260617E-001                  1.9999999999999907E-002                  1.6591243377139334E-012                  0.0000000000000000E+000                  0.0000000000000000E+000 
                                     433                  1.9994222563382746E+000                  1.2423275878290407E-001                  5.9811317283335796E+000                 -2.6527521002802863E+000                  1.1456742654572166E+001                  6.9999999993739392E-001                  2.8000000006260617E-001                  1.9999999999999907E-002                  1.8869442915461751E-012                  0.0000000000000000E+000                  0.0000000000000000E+000 
                                     434                  1.9994014257584940E+000                  1.2342032568275584E-001                  5.9849958415630322E+000                 -2.6384915775637623E+000                  1.1474848204819954E+001                  6.9999999993739392E-001                  2.8000000006260617E-001                  1.9999999999999907E-002                  2.1457900130303584E-012                  0.0000000000000000E+000                  0.0000000000000000E+000 
                                     435                  1.9993798778041361E+000                  1.2260246900786886E-001                  5.9888685824237147E+000                 -2.6242457557281229E+000                  1.1492948133306943E+001                  6.9999999993739392E-001                  2.8000000006260617E-001                  1.9999999999999907E-002                  2.4398455998300082E-012                  0.0000000000000000E+000                  0.0000000000000000E+000 
                                     436                  1.9993575881316941E+000                  1.2177910696833841E-001                  5.9927497046911302E+000                 -2.6100135312692840E+000                  1.1511043274422775E+001                  6.9999999993739392E-001                  2.8000000006260617E-001                  1.9999999999999907E-002                  2.7738466617589338E-012                  0.0000000000000000E+000                  0.0000000000000000E+000 
                                     437                  1.9993345315871196E+000                  1.2095015835625078E-001                  5.9966388519527811E+000                 -2.5957937107048341E+000                  1.1529134438633363E+001                  6.9999999993739392E-001                  2.8000000006260617E-001                  1.9999999999999907E-002                  3.1531489780330148E-012                  0.0000000000000000E+000                  0.0000000000000000E+000 
                                     438                  1.9993106821795446E+000                  1.2011554275104941E-001                  6.0005355511341483E+000                 -2.5815850030115821E+000                  1.1547222413399647E+001                  6.9999999993739392E-001                  2.8000000006260622E-001                  1.9999999999999796E-002                  3.5838046858302350E-012                  4.4081694387000612E-038                  0.0000000000000000E+000 
                                     439                  1.9992860130541810E+000                  1.1927518074807429E-001                  6.0044392317370621E+000                 -2.5673860395521042E+000                  1.1565307964015307E+001                  6.9999999993739392E-001                  2.8000000006260622E-001                  1.9999999999999796E-002                  4.0726487810602331E-012                  6.8203287246093622E-038                  0.0000000000000000E+000 
                                     440                  1.9992604964643668E+000                  1.1842899415762703E-001                  6.0083493139105890E+000                 -2.5531954658982055E+000                  1.1583391834372605E+001                  6.9999999993739392E-001                  2.8000000006260622E-001                  1.9999999999999796E-002                  4.6274029174152396E-012                  1.0546090878449087E-037                  0.0000000000000000E+000 
                                     441                  1.9992341037427375E+000                  1.1757690603152916E-001                  6.0122652863690362E+000                 -2.5390120200785846E+000                  1.1601474747688297E+001                  6.9999999993739392E-001                  2.8000000006260622E-001                  1.9999999999999796E-002                  5.2567952148549913E-012                  1.6296735274299272E-037                  0.0000000000000000E+000 
                                     442                  1.9992068052714913E+000                  1.1671884053571990E-001                  6.0161867162282201E+000                 -2.5248345416197386E+000                  1.1619557407217100E+001                  6.9999999993739392E-001                  2.8000000006260628E-001                  1.9999999999999796E-002                  5.9706914633183138E-012                  2.5165978511362947E-037                  0.0000000000000000E+000 
                                     443                  1.9991785704517238E+000                  1.1585472279941654E-001                  6.0201132471343488E+000                 -2.5106619688085705E+000                  1.1637640496953185E+001                  6.9999999993739392E-001                  2.8000000006260628E-001                  1.9999999999999796E-002                  6.7802425200075805E-012                  3.8834334768917439E-037                  0.0000000000000000E+000 
                                     444                  1.9991493676718142E+000                  1.1498447876378651E-001                  6.0240445972907919E+000                 -2.4964933362331774E+000                  1.1655724682303765E+001                  6.9999999993739381E-001                  2.8000000006260628E-001                  1.9999999999999907E-002                  7.6980509695149929E-012                  5.9881803090058724E-037                  0.0000000000000000E+000 
                                     445                  1.9991191642748827E+000                  1.1410803503072008E-001                  6.0279805574236516E+000                 -2.4823277729528925E+000                  1.1673810610730163E+001                  6.9999999993739381E-001                  2.8000000006260634E-001                  1.9999999999999796E-002                  8.7383596181377203E-012                  9.2266102303064835E-037                  0.0000000000000000E+000 
                                     446                  1.9990879265252768E+000                  1.1322531870985802E-001                  6.0319209887335399E+000                 -2.4681644988146210E+000                  1.1691898912374041E+001                  6.9999999993739381E-001                  2.8000000006260634E-001                  1.9999999999999796E-002                  9.9172648116206477E-012                  1.4205360413352617E-036                  0.0000000000000000E+000 
                                     447                  1.9990556195740301E+000                  1.1233625726659582E-001                  6.0358658208731546E+000                 -2.4540028213797771E+000                  1.1709990200680265E+001                  6.9999999993739370E-001                  2.8000000006260639E-001                  1.9999999999999907E-002                  1.1252957905669140E-011                  2.1853578503515141E-036                  0.0000000000000000E+000 
                                     448                  1.9990222074232589E+000                  1.1144077836977127E-001                  6.0398150499727894E+000                 -2.4398421331766444E+000                  1.1728085073018173E+001                  6.9999999993739370E-001                  2.8000000006260639E-001                  1.9999999999999907E-002                  1.2765998723819392E-011                  3.3593355303885367E-036                  0.0000000000000000E+000 
                                     449                  1.9989876528894679E+000                  1.1053880973833348E-001                  6.0437687367325763E+000                 -2.4256819090914399E+000                  1.1746184111302190E+001                  6.9999999993739370E-001                  2.8000000006260645E-001                  1.9999999999999796E-002                  1.4479625383299427E-011                  5.1599766097312924E-036                  0.0000000000000000E+000 
                                     450                  1.9989519175657282E+000                  1.0963027898672889E-001                  6.0477270045957150E+000                 -2.4115217040743366E+000                  1.1764287882612843E+001                  6.9999999993739359E-001                  2.8000000006260650E-001                  1.9999999999999907E-002                  1.6420105485897652E-011                  7.9197455069452408E-036                  0.0000000000000000E+000 
                                     451                  1.9989149617826951E+000                  1.0871511346817500E-001                  6.0516900375834224E+000                 -2.3973611501730070E+000                  1.1782396939819368E+001                  6.9999999993739359E-001                  2.8000000006260656E-001                  1.9999999999999796E-002                  1.8617134246477061E-011                  1.2146522177659813E-035                  0.0000000000000000E+000 
                                     452                  1.9988767445684312E+000                  1.0779324011733081E-001                  6.0556580635886208E+000                 -2.3831999385170759E+000                  1.1800511822204442E+001                  6.9999999993739348E-001                  2.8000000006260661E-001                  1.9999999999999907E-002                  2.1104279682246192E-011                  1.8615714571623756E-035                  0.0000000000000000E+000 
                                     453                  1.9988372236069969E+000                  1.0686458532452262E-001                  6.0596313198858001E+000                 -2.3690377829876015E+000                  1.1818633056082090E+001                  6.9999999993739337E-001                  2.8000000006260667E-001                  2.0000000000000018E-002                  2.3919474841880627E-011                  2.8510484282742224E-035                  0.0000000000000000E+000 
                                     454                  1.9987963551957917E+000                  1.0592907488330308E-001                  6.0636100326857392E+000                 -2.3548743983703049E+000                  1.1836761155377845E+001                  6.9999999993739337E-001                  2.8000000006260672E-001                  1.9999999999999907E-002                  2.7105573229426418E-011                  4.3635110258332010E-035                  0.0000000000000000E+000 
                                     455                  1.9987540942016855E+000                  1.0498663398521439E-001                  6.0675944157409143E+000                 -2.3407094979629153E+000                  1.1854896622157982E+001                  6.9999999993739337E-001                  2.8000000006260684E-001                  1.9999999999999796E-002                  3.0710981404934767E-011                  6.6739507764052477E-035                  0.0000000000000000E+000 
                                     456                  1.9987103940158788E+000                  1.0403718722066363E-001                  6.0715846701158771E+000                 -2.3265427933427314E+000                  1.1873039947126738E+001                  6.9999999993739326E-001                  2.8000000006260695E-001                  1.9999999999999796E-002                  3.4790372539162248E-011                  1.0201253787470362E-034                  0.0000000000000000E+000 
                                     457                  1.9986652065074184E+000                  1.0308065858045232E-001                  6.0755809839615074E+000                 -2.3123739938568955E+000                  1.1891191610103684E+001                  6.9999999993739304E-001                  2.8000000006260706E-001                  1.9999999999999907E-002                  3.9405490691135242E-011                  1.5583151212526380E-034                  0.0000000000000000E+000 
                                     458                  1.9986184819753254E+000                  1.0211697145842835E-001                  6.0795835322983098E+000                 -2.2982028059227826E+000                  1.1909352080483002E+001                  6.9999999993739304E-001                  2.8000000006260717E-001                  1.9999999999999796E-002                  4.4626057177467979E-011                  2.3790036144250857E-034                  0.0000000000000000E+000 
                                     459                  1.9985701690992936E+000                  1.0114604865580824E-001                  6.0835924768127425E+000                 -2.2840289321909153E+000                  1.1927521817675746E+001                  6.9999999993739292E-001                  2.8000000006260728E-001                  1.9999999999999796E-002                  5.0530791800840788E-011                  3.6297713161866770E-034                  0.0000000000000000E+000 
                                     460                  1.9985202148889212E+000                  1.0016781238746536E-001                  6.0876079656717419E+000                 -2.2698520701383957E+000                  1.1945701271536279E+001                  6.9999999993739259E-001                  2.8000000006260745E-001                  2.0000000000000018E-002                  5.7208563335625735E-011                  5.5349460707773246E-034                  0.0000000000000000E+000 
                                     461                  1.9984685646314297E+000                  9.9182184291588191E-002                  6.0916301333536342E+000                 -2.2556719121777538E+000                  1.1963890882773423E+001                  6.9999999993739248E-001                  2.8000000006260767E-001                  1.9999999999999796E-002                  6.4759685102332837E-011                  8.4353376902291760E-034                  0.0000000000000000E+000 
                                     462                  1.9984151618378276E+000                  9.8189085439371493E-002                  6.0956591004921830E+000                 -2.2414881454416955E+000                  1.1982091083346351E+001                  6.9999999993739226E-001                  2.8000000006260783E-001                  1.9999999999999907E-002                  7.3297373787140919E-011                  1.2848453334085295E-033                  0.0000000000000000E+000 
                                     463                  1.9983599481874805E+000                  9.7188436345597568E-002                  6.0996949737341328E+000                 -2.2273004512690218E+000                  1.2000302296828023E+001                  6.9999999993739204E-001                  2.8000000006260806E-001                  1.9999999999999907E-002                  8.2949391722617008E-011                  1.9559702537710731E-033                  0.0000000000000000E+000 
                                     464                  1.9983028634711490E+000                  9.6180156982706530E-002                  6.1037378458831046E+000                 -2.2131085048661294E+000                  1.2018524938721002E+001                  6.9999999993739181E-001                  2.8000000006260833E-001                  1.9999999999999796E-002                  9.3859895770051898E-011                  2.9760468139956992E-033                  0.0000000000000000E+000 
                                     465                  1.9982438455324683E+000                  9.5164166798104563E-002                  6.1077877975872328E+000                 -2.1989119760317459E+000                  1.2036759416744534E+001                  6.9999999993739148E-001                  2.8000000006260861E-001                  1.9999999999999907E-002                  1.0619152139754067E-010                  4.5257020088125813E-033                  0.0000000000000000E+000 
                                     466                  1.9981828302077327E+000                  9.4140384730406299E-002                  6.1118448996115093E+000                 -2.1847105318171236E+000                  1.2055006131110304E+001                  6.9999999993739115E-001                  2.8000000006260894E-001                  1.9999999999999907E-002                  1.2012773071438171E-010                  6.8786460280863277E-033                  0.0000000000000000E+000 
                                     467                  1.9981197512639419E+000                  9.3108729219966796E-002                  6.1159092139533877E+000                 -2.1705038376907608E+000                  1.2073265474788062E+001                  6.9999999993739082E-001                  2.8000000006260933E-001                  1.9999999999999796E-002                  1.3587545430552376E-010                  1.0449427992402852E-032                  0.0000000000000000E+000 
                                     468                  1.9980545403350631E+000                  9.2069118216999049E-002                  6.1199807945252145E+000                 -2.1562915579899893E+000                  1.2091537833761967E+001                  6.9999999993739048E-001                  2.8000000006260978E-001                  1.9999999999999796E-002                  1.5366806403467450E-010                  1.5865581982118533E-032                  0.0000000000000000E+000 
                                     469                  1.9979871268564626E+000                  9.1021469188831708E-002                  6.1240596878265254E+000                 -2.1420733562527516E+000                  1.2109823587278393E+001                  6.9999999993738982E-001                  2.8000000006261022E-001                  2.0000000000000018E-002                  1.7376871864962392E-010                  2.4076563137172297E-032                  0.0000000000000000E+000 
                                     470                  1.9979174379974616E+000                  8.9965699126557760E-002                  6.1281459336090478E+000                 -2.1278488952458661E+000                  1.2128123108086298E+001                  6.9999999993738937E-001                  2.8000000006261072E-001                  1.9999999999999907E-002                  1.9647412861944573E-010                  3.6518148173039419E-032                  0.0000000000000000E+000 
                                     471                  1.9978453985919562E+000                  8.8901724551685463E-002                  6.1322395655323465E+000                 -2.1136178377414505E+000                  1.2146436762666186E+001                  6.9999999993738871E-001                  2.8000000006261139E-001                  1.9999999999999907E-002                  2.2211879179361707E-010                  5.5360408531365524E-032                  0.0000000000000000E+000 
                                     472                  1.9977709310670984E+000                  8.7829461521559682E-002                  6.1363406118019919E+000                 -2.0993798471121976E+000                  1.2164764911418892E+001                  6.9999999993738804E-001                  2.8000000006261211E-001                  1.9999999999999796E-002                  2.5107975848704736E-010                  8.3881540676698626E-032                  0.0000000000000000E+000 
                                     473                  1.9976939553701969E+000                  8.6748825636797769E-002                  6.1404490957929410E+000                 -2.0851345878290983E+000                  1.2183107908816753E+001                  6.9999999993738726E-001                  2.8000000006261289E-001                  1.9999999999999796E-002                  2.8378199156264499E-010                  1.2703113109666597E-031                  0.0000000000000000E+000 
                                     474                  1.9976143888936182E+000                  8.5659732048122258E-002                  6.1445650366674389E+000                 -2.0708817259252155E+000                  1.2201466103553784E+001                  6.9999999993738637E-001                  2.8000000006261377E-001                  1.9999999999999796E-002                  3.2070439517914636E-010                  1.9227839487346206E-031                  0.0000000000000000E+000 
                                     475                  1.9975321463975477E+000                  8.4562095461316322E-002                  6.1486884499892991E+000                 -2.0566209293720257E+000                  1.2219839838699384E+001                  6.9999999993738538E-001                  2.8000000006261472E-001                  1.9999999999999907E-002                  3.6238659501424576E-010                  2.9088888379823663E-031                  0.0000000000000000E+000 
                                     476                  1.9974471399306115E+000                  8.3455830141191234E-002                  6.1528193500314714E+000                 -2.0423518703465149E+000                  1.2238229451849158E+001                  6.9999999993738415E-001                  2.8000000006261588E-001                  2.0000000000000018E-002                  4.0943657601299493E-010                  4.3984512923668866E-031                  0.0000000000000000E+000 
                                     477                  1.9973592787483030E+000                  8.2340849909659952E-002                  6.1569577706592957E+000                 -2.0280742466271633E+000                  1.2256635275273736E+001                  6.9999999993738293E-001                  2.8000000006261716E-001                  1.9999999999999907E-002                  4.6253944258343976E-010                  6.6473558802265668E-031                  0.0000000000000000E+000 
                                     478                  1.9972684692291676E+000                  8.1217068087889074E-002                  6.1611037951103400E+000                 -2.0137878121304902E+000                  1.2275057636075324E+001                  6.9999999993738149E-001                  2.8000000006261860E-001                  1.9999999999999907E-002                  5.2246747043121448E-010                  1.0040998176195949E-030                  0.0000000000000000E+000 
                                     479                  1.9971746147886842E+000                  8.0084397355467837E-002                  6.1652575646839241E+000                 -1.9994923857770708E+000                  1.2293496856360226E+001                  6.9999999993738005E-001                  2.8000000006262021E-001                  1.9999999999999796E-002                  5.9009138333044734E-010                  1.5159615688376664E-030                  0.0000000000000000E+000 
                                     480                  1.9970776157908510E+000                  7.8942749579876972E-002                  6.1694192747218581E+000                 -1.9851878472143909E+000                  1.2311953253395476E+001                  6.9999999993737794E-001                  2.8000000006262216E-001                  1.9999999999999907E-002                  6.6639300923436894E-010                  2.2876489232156570E-030                  0.0000000000000000E+000 
                                     481                  1.9969773694577624E+000                  7.7792035653573982E-002                  6.1735891706939059E+000                 -1.9708741324114412E+000                  1.2330427139757031E+001                  6.9999999993737594E-001                  2.8000000006262415E-001                  1.9999999999999907E-002                  7.5247958847763974E-010                  3.4505535636208411E-030                  0.0000000000000000E+000 
                                     482                  1.9968737697767787E+000                  7.6632165334728275E-002                  6.1777675446046976E+000                 -1.9565512297173395E+000                  1.2348918823521723E+001                  6.9999999993737350E-001                  2.8000000006262654E-001                  2.0000000000000018E-002                  8.4959995653390868E-010                  5.2023116906005252E-030                  0.0000000000000000E+000 
                                     483                  1.9967667074050426E+000                  7.5463047088731694E-002                  6.1819547317147903E+000                 -1.9422191762376555E+000                  1.2367428608502239E+001                  6.9999999993737094E-001                  2.8000000006262921E-001                  1.9999999999999796E-002                  9.5916285289110905E-010                  7.8401370205268209E-030                  0.0000000000000000E+000 
                                     484                  1.9966560695714284E+000                  7.4284587931521109E-002                  6.1861511075641964E+000                 -1.9278780547585173E+000                  1.2385956794509237E+001                  6.9999999993736794E-001                  2.8000000006263220E-001                  1.9999999999999796E-002                  1.0827576414565930E-009                  1.1810912326993814E-029                  0.0000000000000000E+000 
                                     485                  1.9965417399758607E+000                  7.3096693273543539E-002                  6.1903570852912342E+000                 -1.9135279906789404E+000                  1.2404503677638829E+001                  6.9999999993736461E-001                  2.8000000006263559E-001                  1.9999999999999796E-002                  1.2221777702559564E-009                  1.7786472036575712E-029                  0.0000000000000000E+000 
                                     486                  1.9964235986859422E+000                  7.1899266764480343E-002                  6.1945731132424093E+000                 -1.8991691489180742E+000                  1.2423069550583993E+001                  6.9999999993736073E-001                  2.8000000006263936E-001                  1.9999999999999907E-002                  1.3794473422434081E-009                  2.6776754400757520E-029                  0.0000000000000000E+000 
                                     487                  1.9963015220308291E+000                  7.0692210138978293E-002                  6.1987996728624637E+000                 -1.8848017313976495E+000                  1.2441654702946495E+001                  6.9999999993735640E-001                  2.8000000006264364E-001                  2.0000000000000018E-002                  1.5568512201372641E-009                  4.0299902006032701E-029                  0.0000000000000000E+000 
                                     488                  1.9961753824925881E+000                  6.9475423064875919E-002                  6.2030372732255135E+000                 -1.8704259711511315E+000                  1.2460259421529363E+001                  6.9999999993735162E-001                  2.8000000006264858E-001                  1.9999999999999796E-002                  1.7569690333563428E-009                  6.0638014595906793E-029                  0.0000000000000000E+000 
                                     489                  1.9960450485950028E+000                  6.8248803003479547E-002                  6.2072864104461143E+000                 -1.8560420906128896E+000                  1.2478883990655707E+001                  6.9999999993734585E-001                  2.8000000006265408E-001                  2.0000000000000018E-002                  1.9827123902804140E-009                  9.1221480856104642E-029                  0.0000000000000000E+000 
                                     490                  1.9959103847891613E+000                  6.7012245179009805E-002                  6.2115475121163080E+000                 -1.8416502438448770E+000                  1.2497528692523201E+001                  6.9999999993733986E-001                  2.8000000006266024E-001                  1.9999999999999907E-002                  2.2373656050203650E-009                  1.3720625565616055E-028                  0.0000000000000000E+000 
                                     491                  1.9957712513359203E+000                  6.5765642711994088E-002                  6.2158209210866193E+000                 -1.8272504992668197E+000                  1.2516193807547685E+001                  6.9999999993733275E-001                  2.8000000006266734E-001                  1.9999999999999907E-002                  2.5246321376113032E-009                  2.0634097752094866E-028                  0.0000000000000000E+000 
                                     492                  1.9956275041851905E+000                  6.4508886808740326E-002                  6.2201069009480383E+000                 -1.8128428450151932E+000                  1.2534879614684264E+001                  6.9999999993732498E-001                  2.8000000006267523E-001                  1.9999999999999796E-002                  2.8486874075371353E-009                  3.1026937593659438E-028                  0.0000000000000000E+000 
                                     493                  1.9954789948519509E+000                  6.3241866943721387E-002                  6.2244056412252693E+000                 -1.7984271941837977E+000                  1.2553586391729384E+001                  6.9999999993731588E-001                  2.8000000006268416E-001                  2.0000000000000018E-002                  3.2142381162166258E-009                  4.6648579518594739E-028                  0.0000000000000000E+000 
                                     494                  1.9953255702888646E+000                  6.1964471034499737E-002                  6.2287172620963913E+000                 -1.7840033898560019E+000                  1.2572314415613409E+001                  6.9999999993730588E-001                  2.8000000006269432E-001                  1.9999999999999796E-002                  3.6265888443374136E-009                  7.0127061385231050E-028                  0.0000000000000000E+000 
                                     495                  1.9951670727552855E+000                  6.0676585608347683E-002                  6.2330418186980978E+000                 -1.7695712088143156E+000                  1.2591063962678483E+001                  6.9999999993729434E-001                  2.8000000006270576E-001                  1.9999999999999907E-002                  4.0917167903593458E-009                  1.0540950537823322E-027                  0.0000000000000000E+000 
                                     496                  1.9950033396827487E+000                  5.9378095965809605E-002                  6.2373793050650006E+000                 -1.7551303652372361E+000                  1.2609835308922895E+001                  6.9999999993728157E-001                  2.8000000006271847E-001                  2.0000000000000018E-002                  4.6163555987683204E-009                  1.5842284071894371E-027                  0.0000000000000000E+000 
                                     497                  1.9948342035369753E+000                  5.8068886341894319E-002                  6.2417296577467578E+000                 -1.7406805142392467E+000                  1.2628628730218630E+001                  6.9999999993726703E-001                  2.8000000006273307E-001                  1.9999999999999907E-002                  5.2080893407840836E-009                  2.3806449541343801E-027                  0.0000000000000000E+000 
                                     498                  1.9946594916760947E+000                  5.6748840063446951E-002                  6.2460927591438473E+000                 -1.7262212555379877E+000                  1.2647444502518576E+001                  6.9999999993725059E-001                  2.8000000006274950E-001                  1.9999999999999907E-002                  5.8754578186151033E-009                  3.5768711499508612E-027                  0.0000000000000000E+000 
                                     499                  1.9944790262048948E+000                  5.5417839701506932E-002                  6.2504684406031759E+000                 -1.7117521365786512E+000                  1.2666282902059852E+001                  6.9999999993723205E-001                  2.8000000006276798E-001                  2.0000000000000018E-002                  6.6280745080101784E-009                  5.3732252494237330E-027                  0.0000000000000000E+000 
                                     500                  1.9942926238249252E+000                  5.4075767219584181E-002                  6.2548564907076472E+000                 -1.6972726602980344E+000                  1.2685144205606473E+001                  6.9999999993721118E-001                  2.8000000006278897E-001                  1.9999999999999796E-002                  7.4767593004748322E-009                  8.0701148284969544E-027                  0.0000000000000000E+000 
                                     501                  1.9941000956794628E+000                  5.2722504097156654E-002                  6.2592566788177297E+000                 -1.6827823089586580E+000                  1.2704028690806799E+001                  6.9999999993718753E-001                  2.8000000006281256E-001                  1.9999999999999907E-002                  8.4336897111033032E-009                  1.2117877832254094E-026                  0.0000000000000000E+000 
                                     502                  1.9939012471923061E+000                  5.1357931371126563E-002                  6.2636687744895614E+000                 -1.6682805638794400E+000                  1.2722936636547256E+001                  6.9999999993716089E-001                  2.8000000006283920E-001                  1.9999999999999907E-002                  9.5125713138888798E-009                  1.8191353726368379E-026                  0.0000000000000000E+000 
                                     503                  1.9936958779034151E+000                  4.9981929626939779E-002                  6.2680925491005066E+000                 -1.6537669074701988E+000                  1.2741868323193264E+001                  6.9999999993713091E-001                  2.8000000006286924E-001                  1.9999999999999796E-002                  1.0728827280443185E-008                  2.7301383704248379E-026                  0.0000000000000000E+000 
                                     504                  1.9934837813006880E+000                  4.8594378987485989E-002                  6.2725277744052503E+000                 -1.6392408211253240E+000                  1.2760824032785795E+001                  6.9999999993709694E-001                  2.8000000006290315E-001                  1.9999999999999907E-002                  1.2099810591796153E-008                  4.0961441367709110E-026                  0.0000000000000000E+000 
                                     505                  1.9932647446472507E+000                  4.7195159108935923E-002                  6.2769742212252551E+000                 -1.6247017833949566E+000                  1.2779804049223520E+001                  6.9999999993705864E-001                  2.8000000006294140E-001                  2.0000000000000018E-002                  1.3645041961028357E-008                  6.1436514875389984E-026                  0.0000000000000000E+000 
                                     506                  1.9930385488040783E+000                  4.5784149182621768E-002                  6.2814316582691507E+000                 -1.6101492685516046E+000                  1.2798808658480450E+001                  6.9999999993701545E-001                  2.8000000006298470E-001                  1.9999999999999796E-002                  1.5386476496957277E-008                  9.2114622575903531E-026                  0.0000000000000000E+000 
                                     507                  1.9928049680466575E+000                  4.4361227934786022E-002                  6.2858998511007380E+000                 -1.5955827454944898E+000                  1.2817838148990289E+001                  6.9999999993696671E-001                  2.8000000006303333E-001                  2.0000000000000018E-002                  1.7348802494421683E-008                  1.3806104721173895E-025                  0.0000000000000000E+000 
                                     508                  1.9925637698731342E+000                  4.2926273609834927E-002                  6.2903785612099181E+000                 -1.5810016766074559E+000                  1.2836892812062118E+001                  6.9999999993691187E-001                  2.8000000006308834E-001                  1.9999999999999796E-002                  1.9559776119764618E-008                  2.0684462348989554E-025                  0.0000000000000000E+000 
                                     509                  1.9923147148088183E+000                  4.1479163969371832E-002                  6.2948675451320408E+000                 -1.5664055160934229E+000                  1.2855972942121729E+001                  6.9999999993684980E-001                  2.8000000006315034E-001                  1.9999999999999796E-002                  2.2050596189732796E-008                  3.0976879587326364E-025                  0.0000000000000000E+000 
                                     510                  1.9920575562070562E+000                  4.0019776308600569E-002                  6.2993665536180510E+000                 -1.5517937089483165E+000                  1.2875078836827521E+001                  6.9999999993677975E-001                  2.8000000006322034E-001                  1.9999999999999907E-002                  2.4856323652924314E-008                  4.6370444994266702E-025                  0.0000000000000000E+000 
                                     511                  1.9917920400456190E+000                  3.8547987482988454E-002                  6.3038753306679070E+000                 -1.5371656900040731E+000                  1.2894210797103366E+001                  6.9999999993670092E-001                  2.8000000006329917E-001                  1.9999999999999907E-002                  2.8016350857409418E-008                  6.9381668701091113E-025                  0.0000000000000000E+000 
                                     512                  1.9915179047185749E+000                  3.7063673945167019E-002                  6.3083936117247781E+000                 -1.5225208824868857E+000                  1.2913369127124543E+001                  6.9999999993661199E-001                  2.8000000006338815E-001                  1.9999999999999796E-002                  3.1574925878359689E-008                  1.0376184011533349E-024                  0.0000000000000000E+000 
                                     513                  1.9912348808227285E+000                  3.5566711789198520E-002                  6.3129211225289090E+000                 -1.5078586965402343E+000                  1.2932554134359091E+001                  6.9999999993651163E-001                  2.8000000006348835E-001                  2.0000000000000018E-002                  3.5581738792486702E-008                  1.5509914985403650E-024                  0.0000000000000000E+000 
                                     514                  1.9909426909363461E+000                  3.4056976791558863E-002                  6.3174575798856063E+000                 -1.4931785297697502E+000                  1.2951766129635608E+001                  6.9999999993639850E-001                  2.8000000006360143E-001                  2.0000000000000018E-002                  4.0092577883923040E-008                  2.3171237422068177E-024                  0.0000000000000000E+000 
                                     515                  1.9906410493926501E+000                  3.2534344456774542E-002                  6.3220026928920339E+000                 -1.4784797685314859E+000                  1.2971005427113427E+001                  6.9999999993627116E-001                  2.8000000006372894E-001                  1.9999999999999907E-002                  4.5170063436299627E-008                  3.4597619484194544E-024                  0.0000000000000000E+000 
                                     516                  1.9903296620490372E+000                  3.0998690070114673E-002                  6.3265561640251029E+000                 -1.4637617892953605E+000                  1.2990272344134786E+001                  6.9999999993612760E-001                  2.8000000006387266E-001                  1.9999999999999796E-002                  5.0884467751811350E-008                  5.1628492849819861E-024                  0.0000000000000000E+000 
                                     517                  1.9900082260520153E+000                  2.9449888756428910E-002                  6.3311176901041337E+000                 -1.4490239599657921E+000                  1.3009567200967259E+001                  6.9999999993596562E-001                  2.8000000006403453E-001                  1.9999999999999796E-002                  5.7314631259599252E-008                  7.6995961023154188E-024                  0.0000000000000000E+000 
                                     518                  1.9896764295980649E+000                  2.7887815545740879E-002                  6.3356869631415460E+000                 -1.4342656410415870E+000                  1.3028890320436727E+001                  6.9999999993578310E-001                  2.8000000006421694E-001                  2.0000000000000018E-002                  6.4548985677036482E-008                  1.1475476792879961E-023                  0.0000000000000000E+000 
                                     519                  1.9893339516907187E+000                  2.6312345446821230E-002                  6.3402636711084135E+000                 -1.4194861868006967E+000                  1.3048242027511646E+001                  6.9999999993557771E-001                  2.8000000006442255E-001                  1.9999999999999796E-002                  7.2686696380204109E-008                  1.7091764181206531E-023                  0.0000000000000000E+000 
                                     520                  1.9889804618919258E+000                  2.4723353519072278E-002                  6.3448474986486723E+000                 -1.4046849462585798E+000                  1.3067622648934050E+001                  6.9999999993534601E-001                  2.8000000006465398E-001                  2.0000000000000018E-002                  8.1838937565310880E-008                  2.5439321094052028E-023                  0.0000000000000000E+000 
                                     521                  1.9886156200662501E+000                  2.3120714937499558E-002                  6.3494381277445182E+000                 -1.3898612639528964E+000                  1.3087032512861512E+001                  6.9999999993508544E-001                  2.8000000006491482E-001                  1.9999999999999796E-002                  9.2130315228234030E-008                  3.7836922366218415E-023                  0.0000000000000000E+000 
                                     522                  1.9882390761202440E+000                  2.1504305062554286E-002                  6.3540352319874147E+000                 -1.3750144749459572E+000                  1.3106471948437010E+001                  6.9999999993479156E-001                  2.8000000006520842E-001                  2.0000000000000018E-002                  1.0370044400028024E-007                  5.6235016933266468E-023                  0.0000000000000000E+000 
                                     523                  1.9878504697377104E+000                  1.9873999539442109E-002                  6.3586384340150284E+000                 -1.3601438617130326E+000                  1.3125941285264579E+001                  6.9999999993446094E-001                  2.8000000006553916E-001                  1.9999999999999907E-002                  1.1670563160560285E-007                  8.3515323582415641E-023                  0.0000000000000000E+000 
                                     524                  1.9874494301113099E+000                  1.8229674574607099E-002                  6.3632472571317722E+000                 -1.3452486050033394E+000                  1.3145440852724155E+001                  6.9999999993408868E-001                  2.8000000006591130E-001                  2.0000000000000018E-002                  1.3132069520783120E-007                  1.2393053807124452E-022                  0.0000000000000000E+000 
                                     525                  1.9870355756723099E+000                  1.6571207429549355E-002                  6.3678611173085073E+000                 -1.3303277754555769E+000                  1.3164970979139937E+001                  6.9999999993366979E-001                  2.8000000006633025E-001                  2.0000000000000018E-002                  1.4774100493147534E-007                  1.8374883313870568E-022                  0.0000000000000000E+000 
                                     526                  1.9866085138155947E+000                  1.4898476973684271E-002                  6.3724793295412407E+000                 -1.3153803416417298E+000                  1.3184531990930601E+001                  6.9999999993319850E-001                  2.8000000006680165E-001                  1.9999999999999796E-002                  1.6618475463772312E-007                  2.7219691429342903E-022                  0.0000000000000000E+000 
                                     527                  1.9861678406174679E+000                  1.3211364225446671E-002                  6.3771011140501566E+000                 -1.3004051780534491E+000                  1.3204124211728214E+001                  6.9999999993266804E-001                  2.8000000006733206E-001                  1.9999999999999907E-002                  1.8689545900967307E-007                  4.0283731247126196E-022                  0.0000000000000000E+000 
                                     528                  1.9857131405491022E+000                  1.1509752892781134E-002                  6.3817256023480544E+000                 -1.2854010723273286E+000                  1.3223747961388423E+001                  6.9999999993207151E-001                  2.8000000006792858E-001                  1.9999999999999907E-002                  2.1014469618198187E-007                  5.9557590590001061E-022                  0.0000000000000000E+000 
                                     529                  1.9852439861863165E+000                  9.7935299172272634E-003                  6.3863518432307513E+000                 -1.2703667314938372E+000                  1.3243403554868390E+001                  6.9999999993140072E-001                  2.8000000006859943E-001                  1.9999999999999796E-002                  2.3623511641854364E-007                  8.7958194017492287E-022                  0.0000000000000000E+000 
                                     530                  1.9847599379167804E+000                  8.0625860279004945E-003                  6.3909788087158379E+000                 -1.2553007890438275E+000                  1.3263091300907483E+001                  6.9999999993064665E-001                  2.8000000006935349E-001                  1.9999999999999796E-002                  2.6550373749446082E-007                  1.2975259421839376E-021                  0.0000000000000000E+000 
                                     531                  1.9842605436477887E+000                  6.3168163113727143E-003                  6.3956053999671809E+000                 -1.2402018139283686E+000                  1.3282811500574079E+001                  6.9999999992979911E-001                  2.8000000007020093E-001                  2.0000000000000018E-002                  2.9832554833750340E-007                  1.9117160569438291E-021                  0.0000000000000000E+000 
                                     532                  1.9837453385098549E+000                  4.5561207698775032E-003                  6.4002304532582084E+000                 -1.2250683183080433E+000                  1.3302564445806228E+001                  6.9999999992884676E-001                  2.8000000007115328E-001                  2.0000000000000018E-002                  3.3511744632460600E-007                  2.8129615934743947E-021                  0.0000000000000000E+000 
                                     533                  1.9832138445554082E+000                  2.7804048688161937E-003                  6.4048527690682233E+000                 -1.2098987886390768E+000                  1.3322350417925687E+001                  6.9999999992777728E-001                  2.8000000007222264E-001                  2.0000000000000018E-002                  3.7634266432487527E-007                  4.1333500033157502E-021                  0.0000000000000000E+000 
                                     534                  1.9826655704545257E+000                  9.8957998187682527E-004                  6.4094712196084425E+000                 -1.1946917967575548E+000                  1.3342169686104022E+001                  6.9999999992657669E-001                  2.8000000007342357E-001                  1.9999999999999796E-002                  4.2251617348353600E-007                  6.0646566167987101E-021                  0.0000000000000000E+000 
                                     535                  1.9821000111882965E+000                 -8.1643660739887255E-004                  6.4140848438386264E+000                 -1.1794460997719380E+000                  1.3362022505798144E+001                  6.9999999992522899E-001                  2.8000000007477105E-001                  2.0000000000000018E-002                  4.7421088849181369E-007                  8.8848342308614803E-021                  0.0000000000000000E+000 
                                     536                  1.9815166477436283E+000                 -2.6377221184910190E-003                  6.4186928526576414E+000                 -1.1641606472165080E+000                  1.3381909117171540E+001                  6.9999999992371675E-001                  2.8000000007628317E-001                  2.0000000000000018E-002                  5.3206420811724644E-007                  1.2996031148269820E-020                  0.0000000000000000E+000 
                                     537                  1.9809149468107026E+000                 -4.4743487325387089E-003                  6.4232946154429564E+000                 -1.1488345687553236E+000                  1.3401829743613508E+001                  6.9999999992202100E-001                  2.8000000007797909E-001                  1.9999999999999907E-002                  5.9678518731319975E-007                  1.8979070942134737E-020                  0.0000000000000000E+000 
                                     538                  1.9802943604776251E+000                 -6.3263840354490040E-003                  6.4278896473071754E+000                 -1.1334671626022539E+000                  1.3421784590432431E+001                  6.9999999992011941E-001                  2.8000000007988063E-001                  2.0000000000000018E-002                  6.6916250945484445E-007                  2.7671404867530220E-020                  0.0000000000000000E+000 
                                     539                  1.9796543259236363E+000                 -8.1938914430132286E-003                  6.4324775971385471E+000                 -1.1180578839808120E+000                  1.3441773843688399E+001                  6.9999999991798822E-001                  2.8000000008201192E-001                  1.9999999999999796E-002                  7.5007335064116595E-007                  4.0278482443313990E-020                  0.0000000000000000E+000 
                                     540                  1.9789942651115704E+000                 -1.0076930605191164E-002                  6.4370582364567319E+000                 -1.1026063345108768E+000                  1.3461797669107879E+001                  6.9999999991560025E-001                  2.8000000008439968E-001                  2.0000000000000018E-002                  8.4049323657296990E-007                  5.8532637044229864E-020                  0.0000000000000000E+000 
                                     541                  1.9783135844828819E+000                 -1.1975557783352804E-002                  6.4416314490798889E+000                 -1.0871122527192767E+000                  1.3481856210987880E+001                  6.9999999991292572E-001                  2.8000000008707432E-001                  2.0000000000000018E-002                  9.4150700444416968E-007                  8.4919446439296484E-020                  0.0000000000000000E+000 
                                     542                  1.9776116746592665E+000                 -1.3889826194586891E-002                  6.4461972216111860E+000                 -1.0715755061220900E+000                  1.3501949591137310E+001                  6.9999999990993100E-001                  2.8000000009006903E-001                  2.0000000000000018E-002                  1.0543209947463613E-006                  1.2299980080542921E-019                  0.0000000000000000E+000 
                                     543                  1.9768879101455659E+000                 -1.5819786345976312E-002                  6.4507556346645378E+000                 -1.0559960833428284E+000                  1.3522077907955447E+001                  6.9999999990657880E-001                  2.8000000009342124E-001                  2.0000000000000018E-002                  1.1802766155189105E-006                  1.7786757531421899E-019                  0.0000000000000000E+000 
                                     544                  1.9761416490336667E+000                 -1.7765486359722159E-002                  6.4553068251399743E+000                 -1.0403740549555622E+000                  1.3542241235649985E+001                  6.9999999990282780E-001                  2.8000000009717224E-001                  2.0000000000000018E-002                  1.3208648764487064E-006                  2.5679870951420618E-019                  0.0000000000000000E+000 
                                     545                  1.9753722327078249E+000                 -1.9726972145467793E-002                  6.4598508779605215E+000                 -1.0247094630008347E+000                  1.3562439623539600E+001                  6.9999999989863171E-001                  2.8000000010136838E-001                  1.9999999999999907E-002                  1.4777407353210542E-006                  3.7016847567437085E-019                  0.0000000000000000E+000 
                                     546                  1.9745789855535065E+000                 -2.1704287078460567E-002                  6.4643877445693976E+000                 -1.0090022385054540E+000                  1.3582673095298384E+001                  6.9999999989393902E-001                  2.8000000010606096E-001                  2.0000000000000018E-002                  1.6527383996633802E-006                  5.3274492166731548E-019                  0.0000000000000000E+000 
                                     547                  1.9737612146728007E+000                 -2.3697471275963541E-002                  6.4689172439447233E+000                 -9.9325220461388719E-001                  1.3602941648082792E+001                  6.9999999988869310E-001                  2.8000000011130705E-001                  1.9999999999999796E-002                  1.8478891622316457E-006                  7.6551066163671920E-019                  0.0000000000000000E+000 
                                     548                  1.9729182096042561E+000                 -2.5706560854248287E-002                  6.4734390751247544E+000                 -9.7745908935013748E-001                  1.3623245251606264E+001                  6.9999999988282990E-001                  2.8000000011717019E-001                  1.9999999999999907E-002                  2.0654410600408245E-006                  1.0982226249477769E-018                  0.0000000000000000E+000 
                                     549                  1.9720492420455862E+000                 -2.7731587216470618E-002                  6.4779528289691530E+000                 -9.6162253824057464E-001                  1.3643583847225743E+001                  6.9999999987627948E-001                  2.8000000012372062E-001                  1.9999999999999907E-002                  2.3078802843352633E-006                  1.5730002085215209E-018                  0.0000000000000000E+000 
                                     550                  1.9711535655766983E+000                 -2.9772576380312027E-002                  6.4824579993068925E+000                 -9.4574212668200353E-001                  1.3663957347092637E+001                  6.9999999986896366E-001                  2.8000000013103649E-001                  1.9999999999999796E-002                  2.5779544758384892E-006                  2.2493430641080590E-018                  0.0000000000000000E+000 
                                     551                  1.9702304153814734E+000                 -3.1829548350722742E-002                  6.4869539935646685E+000                 -9.2981737243445428E-001                  1.3684365633288763E+001                  6.9999999986079597E-001                  2.8000000013920429E-001                  1.9999999999999796E-002                  2.8786980447610504E-006                  3.2111309524580747E-018                  0.0000000000000000E+000 
                                     552                  1.9692790079770970E+000                 -3.3902516521631058E-002                  6.4914401429589983E+000                 -9.1384774706526750E-001                  1.3704808556900849E+001                  6.9999999985167982E-001                  2.8000000014832038E-001                  1.9999999999999796E-002                  3.2134596739990486E-006                  4.5763639984589706E-018                  0.0000000000000000E+000 
                                     553                  1.9682985409477420E+000                 -3.5991487113462971E-002                  6.4959157123545452E+000                 -8.9783268640340197E-001                  1.3725285937150918E+001                  6.9999999984150996E-001                  2.8000000015849030E-001                  1.9999999999999796E-002                  3.5859321734213845E-006                  6.5106811397346996E-018                  0.0000000000000000E+000 
                                     554                  1.9672881926764294E+000                 -3.8096458658434917E-002                  6.5003799098902180E+000                 -8.8177160106585206E-001                  1.3745797560737767E+001                  6.9999999983016803E-001                  2.8000000016983190E-001                  2.0000000000000018E-002                  4.0001848595198839E-006                  9.2460725827556297E-018                  0.0000000000000000E+000 
                                     555                  1.9662471220655706E+000                 -4.0217421555562245E-002                  6.5048319214981793E+000                 -8.6566391245314078E-001                  1.3766343181290157E+001                  6.9999999981752492E-001                  2.8000000018247517E-001                  1.9999999999999907E-002                  4.4607001876019527E-006                  1.3106733786568139E-017                  0.0000000000000000E+000 
                                     556                  1.9651744682633301E+000                 -4.2354357787145365E-002                  6.5092710203401616E+000                 -8.4950916570192969E-001                  1.3786922518789433E+001                  6.9999999980343608E-001                  2.8000000019656396E-001                  2.0000000000000018E-002                  4.9724194120017531E-006                  1.8544796484914954E-017                  0.0000000000000000E+000 
                                     557                  1.9640693503950981E+000                 -4.4507241194351378E-002                  6.5136966554945133E+000                 -8.3330712091925974E-001                  1.3807535259174283E+001                  6.9999999978774263E-001                  2.8000000021225740E-001                  2.0000000000000018E-002                  5.5407945835783794E-006                  2.6189638377208884E-017                  0.0000000000000000E+000 
                                     558                  1.9629308672900478E+000                 -4.6676038256646839E-002                  6.5181084501349975E+000                 -8.1705775114068435E-001                  1.3828181054370416E+001                  6.9999999977026883E-001                  2.8000000022973121E-001                  2.0000000000000018E-002                  6.1718418392533261E-006                  3.6915721684232963E-017                  0.0000000000000000E+000 
                                     559                  1.9617580971940844E+000                 -4.8860708945398824E-002                  6.5225061835339089E+000                 -8.0076122339017608E-001                  1.3848859522621041E+001                  6.9999999975082039E-001                  2.8000000024917976E-001                  1.9999999999999796E-002                  6.8721991868946356E-006                  5.1935798024399765E-017                  0.0000000000000000E+000 
                                     560                  1.9605500974880430E+000                 -5.1061207528164079E-002                  6.5268897742075778E+000                 -7.8441788041394245E-001                  1.3869570248939825E+001                  6.9999999972918203E-001                  2.8000000027081812E-001                  1.9999999999999796E-002                  7.6491901859914629E-006                  7.2928786973789019E-017                  0.0000000000000000E+000 
                                     561                  1.9593059044093135E+000                 -5.3277483327057958E-002                  6.5312592642463434E+000                 -7.6802822417371586E-001                  1.3890312785762486E+001                  6.9999999970511650E-001                  2.8000000029488359E-001                  1.9999999999999907E-002                  8.5108941050320994E-006                  1.0221497706584360E-016                  0.0000000000000000E+000 
                                     562                  1.9580245327686385E+000                 -5.5509481450974812E-002                  6.5356148048370217E+000                 -7.5159290047808069E-001                  1.3911086653850775E+001                  6.9999999967836124E-001                  2.8000000032163891E-001                  1.9999999999999796E-002                  9.4662232167747391E-006                  1.4299573322349509E-016                  0.0000000000000000E+000 
                                     563                  1.9567049756609360E+000                 -5.7757143504381457E-002                  6.5399566429386740E+000                 -7.3511268414720876E-001                  1.3931891343359464E+001                  6.9999999964862580E-001                  2.8000000035137418E-001                  2.0000000000000018E-002                  1.0525007963011808E-005                  1.9968103686158940E-016                  0.0000000000000000E+000 
                                     564                  1.9553462041786696E+000                 -6.0020408256057152E-002                  6.5442851090616223E+000                 -7.1858846491888595E-001                  1.3952726314983886E+001                  6.9999999961559034E-001                  2.8000000038440970E-001                  2.0000000000000018E-002                  1.1698090781556560E-005                  2.7833649586923991E-016                  0.0000000000000000E+000 
                                     565                  1.9539471671274316E+000                 -6.2299212268952346E-002                  6.5486006061070414E+000                 -7.0202123384068715E-001                  1.3973591001191339E+001                  6.9999999957890069E-001                  2.8000000042109940E-001                  1.9999999999999907E-002                  1.2997429480145555E-005                  3.8729268884391373E-016                  0.0000000000000000E+000 
                                     566                  1.9525067907425595E+000                 -6.4593490492401234E-002                  6.5529035973034642E+000                 -6.8541207060920228E-001                  1.3994484807575454E+001                  6.9999999953816550E-001                  2.8000000046183449E-001                  2.0000000000000018E-002                  1.4436210687263695E-005                  5.3797479569484098E-016                  0.0000000000000000E+000 
                                     567                  1.9510239784008654E+000                 -6.6903176827579194E-002                  6.5571945739164423E+000                 -6.6876210929530633E-001                  1.4015407114335821E+001                  6.9999999949295377E-001                  2.8000000050704632E-001                  1.9999999999999907E-002                  1.6028970213462392E-005                  7.4602994705049071E-016                  0.0000000000000000E+000 
                                     568                  1.9494976103303328E+000                 -6.9228204540843621E-002                  6.5614740145488772E+000                 -6.5207249509626686E-001                  1.4036357277777800E+001                  6.9999999944278890E-001                  2.8000000055721125E-001                  1.9999999999999796E-002                  1.7791720878509077E-005                  1.0328562910687094E-015                  0.0000000000000000E+000 
                                     569                  1.9479265433239494E+000                 -7.1568506456612627E-002                  6.5657423708510994E+000                 -6.3534436737154731E-001                  1.4057334631800691E+001                  6.9999999938714508E-001                  2.8000000061285518E-001                  1.9999999999999796E-002                  1.9742095319671754E-005                  1.4276753111869306E-015                  0.0000000000000000E+000 
                                     570                  1.9463096104497286E+000                 -7.3924015073004834E-002                  6.5700000689268672E+000                 -6.1857885913465516E-001                  1.4078338489457300E+001                  6.9999999932543711E-001                  2.8000000067456288E-001                  2.0000000000000018E-002                  2.1899505063852721E-005                  1.9703373451712866E-015                  0.0000000000000000E+000 
                                     571                  1.9446456207488605E+000                 -7.6294662696568219E-002                  6.5742475109323042E+000                 -6.0177709824242109E-001                  1.4099368144566073E+001                  6.9999999925703482E-001                  2.8000000074296533E-001                  1.9999999999999796E-002                  2.4285314709913574E-005                  2.7151142466019356E-015                  0.0000000000000000E+000 
                                     572                  1.9429333589299542E+000                 -7.8680381592075910E-002                  6.5784850766184801E+000                 -5.8494020748242403E-001                  1.4120422873306463E+001                  6.9999999918122802E-001                  2.8000000081877202E-001                  2.0000000000000018E-002                  2.6923032679811229E-005                  3.7358203971469417E-015                  0.0000000000000000E+000 
                                     573                  1.9411715850601838E+000                 -8.1081104139887603E-002                  6.5827131248471655E+000                 -5.6806930438245051E-001                  1.4141501935888567E+001                  6.9999999909723942E-001                  2.8000000090276062E-001                  2.0000000000000018E-002                  2.9838520044432066E-005                  5.1327184061796521E-015                  0.0000000000000000E+000 
                                     574                  1.9393590342357088E+000                 -8.3496763022558790E-002                  6.5869319950993699E+000                 -5.5116550013127452E-001                  1.4162604578359995E+001                  6.9999999900421128E-001                  2.8000000099578870E-001                  2.0000000000000018E-002                  3.3060219164551022E-005                  7.0418207544635544E-015                  0.0000000000000000E+000 
                                     575                  1.9374944162340115E+000                 -8.5927291429097066E-002                  6.5911420089625352E+000                 -5.3422989934540810E-001                  1.4183730034463947E+001                  6.9999999890119924E-001                  2.8000000109880085E-001                  1.9999999999999907E-002                  3.6619403859058957E-005                  9.6474030111167233E-015                  0.0000000000000000E+000 
                                     576                  1.9355764151543888E+000                 -8.8372623270791498E-002                  6.5953434716019874E+000                 -5.1726360018292106E-001                  1.4204877527576073E+001                  6.9999999878716201E-001                  2.8000000121283808E-001                  1.9999999999999907E-002                  4.0550453105313438E-005                  1.3198818388254519E-014                  0.0000000000000000E+000 
                                     577                  1.9336036890307204E+000                 -9.0832693429211228E-002                  6.5995366732372105E+000                 -5.0026769379908498E-001                  1.4226046272814774E+001                  6.9999999866095342E-001                  2.8000000133904684E-001                  1.9999999999999796E-002                  4.4891150534798827E-005                  1.8033065564351120E-014                  0.0000000000000000E+000 
                                     578                  1.9315748694088697E+000                 -9.3307438038514157E-002                  6.6037218913282487E+000                 -4.8324326431777637E-001                  1.4247235479306742E+001                  6.9999999852131034E-001                  2.8000000147868959E-001                  2.0000000000000018E-002                  4.9683012534280246E-005                  2.4605044793387141E-014                  0.0000000000000000E+000 
                                     579                  1.9294885608904628E+000                 -9.5796794798540419E-002                  6.6078993968876203E+000                 -4.6619139266630955E-001                  1.4268444352570295E+001                  6.9999999836684290E-001                  2.8000000163315730E-001                  1.9999999999999796E-002                  5.4971650239078476E-005                  3.3528086326058307E-014                  0.0000000000000000E+000 
                                     580                  1.9273433406393090E+000                 -9.8300703341950693E-002                  6.6120694618403295E+000                 -4.4911316144099889E-001                  1.4289672097041784E+001                  6.9999999819602032E-001                  2.8000000180397977E-001                  1.9999999999999907E-002                  6.0807168043006365E-005                  4.5628185061097235E-014                  0.0000000000000000E+000 
                                     581                  1.9251377578408382E+000                 -1.0081910566986375E-001                  6.6162323623133723E+000                 -4.3200965557736321E-001                  1.4310917918803428E+001                  6.9999999800715818E-001                  2.8000000199284181E-001                  2.0000000000000018E-002                  6.7244598822622574E-005                  6.2016499941176671E-014                  0.0000000000000000E+000 
                                     582                  1.9228703331025316E+000                 -1.0335194664177259E-001                  6.6203883802704375E+000                 -4.1488196110686143E-001                  1.4332181028529156E+001                  6.9999999779840272E-001                  2.8000000220159738E-001                  1.9999999999999907E-002                  7.4344380229322859E-005                  8.4186177239070993E-014                  0.0000000000000000E+000 
                                     583                  1.9205395577907216E+000                 -1.0589917450796647E-001                  6.6245378049002097E+000                 -3.9773116377959777E-001                  1.4353460644498361E+001                  6.9999999756771458E-001                  2.8000000243228540E-001                  2.0000000000000018E-002                  8.2172876752499349E-005                  1.1414154039428809E-013                  0.0000000000000000E+000 
                                     584                  1.9181438933272466E+000                 -1.0846074145231416E-001                  6.6286809337445378E+000                 -3.8055834743453237E-001                  1.4374755995617182E+001                  6.9999999731284990E-001                  2.8000000268715014E-001                  2.0000000000000018E-002                  9.0802951976949638E-005                  1.5457031849280512E-013                  0.0000000000000000E+000 
                                     585                  1.9156817704259037E+000                 -1.1103660416230370E-001                  6.6328180736071820E+000                 -3.6336459106319385E-001                  1.4396066324665531E+001                  6.9999999703131244E-001                  2.8000000296868754E-001                  2.0000000000000018E-002                  1.0031459617169902E-004                  2.0907305904661552E-013                  0.0000000000000000E+000 
                                     586                  1.9131515882285750E+000                 -1.1362672445505585E-001                  6.6369495412017123E+000                 -3.4615096608017010E-001                  1.4417390891584938E+001                  6.9999999672043978E-001                  2.8000000327956037E-001                  1.9999999999999796E-002                  1.1079561426474791E-004                  2.8246845891118667E-013                  0.0000000000000000E+000 
                                     587                  1.9105517134087748E+000                 -1.1623106988269929E-001                  6.6410756634603016E+000                 -3.2891853373610647E-001                  1.4438728976422615E+001                  6.9999999637722299E-001                  2.8000000362277705E-001                  2.0000000000000018E-002                  1.2234237986295761E-004                  3.8119942329904974E-013                  0.0000000000000000E+000 
                                     588                  1.9078804792590165E+000                 -1.1884961430081230E-001                  6.6451967775114511E+000                 -3.1166834268188476E-001                  1.4460079882125694E+001                  6.9999999599838036E-001                  2.8000000400161984E-001                  1.9999999999999796E-002                  1.3506066154521471E-004                  5.1387267892508403E-013                  0.0000000000000000E+000 
                                     589                  1.9051361847005115E+000                 -1.2148233846132742E-001                  6.6493132299005797E+000                 -2.9440142561507515E-001                  1.4481442937395826E+001                  6.9999999558030368E-001                  2.8000000441969641E-001                  1.9999999999999907E-002                  1.4906652764755022E-004                  6.9197532737377619E-013                  0.0000000000000000E+000 
                                     590                  1.9023170932194229E+000                 -1.2412923061478935E-001                  6.6534253748245504E+000                 -2.7711879438939913E-001                  1.4502817499100756E+001                  6.9999999511902633E-001                  2.8000000488097365E-001                  2.0000000000000018E-002                  1.6448733620023199E-004                  9.3082564493198040E-013                  0.0000000000000000E+000 
                                     591                  1.8994214318500529E+000                 -1.2679028699596684E-001                  6.6575335708377530E+000                 -2.5982143483547954E-001                  1.4524202953987931E+001                  6.9999999461018836E-001                  2.8000000538981185E-001                  1.9999999999999796E-002                  1.8146281532455943E-004                  1.2508337314594651E-012                  0.0000000000000000E+000 
                                     592                  1.8964473901645020E+000                 -1.2946551223497416E-001                  6.6616381771474940E+000                 -2.4251030153783304E-001                  1.4545598720125888E+001                  6.9999999404899760E-001                  2.8000000595100266E-001                  1.9999999999999796E-002                  2.0014624337633759E-004                  1.6791717622573297E-012                  0.0000000000000000E+000 
                                     593                  1.8933931192126598E+000                 -1.3215491974601212E-001                  6.6657395515309199E+000                 -2.2518631499786579E-001                  1.4567004248090081E+001                  6.9999999343018704E-001                  2.8000000656981289E-001                  2.0000000000000018E-002                  2.2070574204559746E-004                  2.2519855301441306E-012                  0.0000000000000000E+000 
                                     594                  1.8902567304703148E+000                 -1.3485853205533049E-001                  6.6698380492414930E+000                 -2.0785036015317618E-001                  1.4588419021521537E+001                  6.9999999274797042E-001                  2.8000000725202956E-001                  2.0000000000000018E-002                  2.4332569285695000E-004                  3.0173207682936792E-012                  0.0000000000000000E+000 
                                     595                  1.8870362948552102E+000                 -1.3757638102916292E-001                  6.6739340222359180E+000                 -1.9050328513399695E-001                  1.4609842557045058E+001                  6.9999999199598839E-001                  2.8000000800401148E-001                  2.0000000000000129E-002                  2.6820828789566784E-004                  4.0389927858498614E-012                  0.0000000000000000E+000 
                                     596                  1.8837298417818062E+000                 -1.4030850803628597E-001                  6.6780278187112083E+000                 -1.7314590125392143E-001                  1.4631274403787662E+001                  6.9999999116725520E-001                  2.8000000883274473E-001                  2.0000000000000018E-002                  2.9557522701115132E-004                  5.4017003304724844E-012                  0.0000000000000000E+000 
                                     597                  1.8803353582390270E+000                 -1.4305496407142693E-001                  6.6821197829223653E+000                 -1.5577898362960441E-001                  1.4652714142623212E+001                  6.9999999025409632E-001                  2.8000000974590378E-001                  1.9999999999999907E-002                  3.2566957564591126E-004                  7.2177797174937211E-012                  0.0000000000000000E+000 
                                     598                  1.8768507878864646E+000                 -1.4581580985129530E-001                  6.6862102552262597E+000                 -1.3840327257212837E-001                  1.4674161385124830E+001                  6.9999998924795759E-001                  2.8000001075204228E-001                  2.0000000000000129E-002                  3.5875779828636173E-004                  9.6361202081059334E-012                  0.0000000000000000E+000 
                                     599                  1.8732740301955162E+000                 -1.4859111587113583E-001                  6.6902995722909564E+000                 -1.2101947529567994E-001                  1.4695615772153964E+001                  6.9999998813980668E-001                  2.8000001186019324E-001                  2.0000000000000018E-002                  3.9513198428475180E-004                  1.2853925614369062E-011                  0.0000000000000000E+000 
                                     600                  1.8696029396514138E+000                 -1.5138096241738325E-001                  6.6943880674147662E+000                 -1.0362826787441409E-001                  1.4717076972024273E+001                  6.9999998691936938E-001                  2.8000001308063066E-001                  2.0000000000000018E-002                  4.3511228414952062E-004                  1.7132222496869584E-011                  0.0000000000000000E+000 
                                     601                  1.8658353250465813E+000                 -1.5418543952200914E-001                  6.6984760709764988E+000                 -8.6230297596535291E-002                  1.4738544678565706E+001                  6.9999998557547793E-001                  2.8000001442452221E-001                  1.9999999999999796E-002                  4.7904957628042502E-004                  2.2816297907017122E-011                  0.0000000000000000E+000 
                                     602                  1.8619689487466147E+000                 -1.5700464695723371E-001                  6.7025639106036561E+000                 -6.8826184959137726E-002                  1.4760018609305570E+001                  6.9999998409587016E-001                  2.8000001590412960E-001                  2.0000000000000240E-002                  5.2732838403252711E-004                  3.0362619681795967E-011                  0.0000000000000000E+000 
                                     603                  1.8580015259820284E+000                 -1.5983869422922822E-001                  6.7066519059369458E+000                 -5.1416520559994988E-002                  1.4781498503481460E+001                  6.9999998246708317E-001                  2.8000001753291670E-001                  2.0000000000000129E-002                  5.8037003192423222E-004                  4.0374265990452112E-011                  0.0000000000000000E+000 
                                     604                  1.8539307242195897E+000                 -1.6268770050221651E-001                  6.7107403603910782E+000                 -3.4001858981219261E-002                  1.4802984119791365E+001                  6.9999998067433689E-001                  2.8000001932566299E-001                  2.0000000000000129E-002                  6.3863606039822509E-004                  5.3647518847842653E-011                  0.0000000000000000E+000 
                                     605                  1.8497541626111040E+000                 -1.6555179443958820E-001                  6.7148295593245724E+000                 -1.6582719199738655E-002                  1.4824475234014875E+001                  6.9999997870140795E-001                  2.8000002129859158E-001                  2.0000000000000462E-002                  7.0263197962963533E-004                  7.1233121386680849E-011                  0.0000000000000000E+000 
                                     606                  1.8454694114894570E+000                 -1.6843111402957883E-001                  6.7189197724197482E+000                  8.4041070771073798E-004                  1.4845971636803103E+001                  6.9999997653049262E-001                  2.8000002346950686E-001                  2.0000000000000462E-002                  7.7291139528296569E-004                  9.4516778141662772E-011                  0.0000000000000000E+000 
                                     607                  1.8410739918364551E+000                 -1.7132580647771875E-001                  6.7230112558292685E+000                  1.8267069281216283E-002                  1.4867473131621706E+001                  6.9999997414205217E-001                  2.8000002585794703E-001                  2.0000000000000795E-002                  8.5008051653059848E-004                  1.2532488098392442E-010                  0.0000000000000000E+000 
                                     608                  1.8365653748045985E+000                 -1.7423602810893349E-001                  6.7271042539917714E+000                  3.5696817651966334E-002                  1.4888979532568984E+001                  6.9999997151464843E-001                  2.8000002848535044E-001                  2.0000000000001128E-002                  9.3480307962967015E-004                  1.6606329412362604E-010                  0.0000000000000000E+000 
                                     609                  1.8319409813287950E+000                 -1.7716194425930251E-001                  6.7311990011496716E+000                  5.3129235526477858E-002                  1.4910490661983189E+001                  6.9999996862476155E-001                  2.8000003137523710E-001                  2.0000000000001350E-002                  1.0278057237908258E-003                  2.1989944381035535E-010                  0.0000000000000000E+000 
                                     610                  1.8271981818492429E+000                 -1.8010372915076650E-001                  6.7352957226676828E+000                  7.0563917439033369E-002                  1.4932006348112413E+001                  6.9999996544611176E-001                  2.8000003455388617E-001                  2.0000000000002016E-002                  1.1298838611420610E-003                  2.9100110639732166E-010                  0.0000000000000000E+000 
                                     611                  1.8223342960270514E+000                 -1.8306156582727756E-001                  6.7393946362278729E+000                  8.8000469512051968E-002                  1.4953526423031745E+001                  6.9999996195127290E-001                  2.8000003804872420E-001                  2.0000000000002904E-002                  1.2419080868539554E-003                  3.8484939911061177E-010                  0.0000000000000000E+000 
                                     612                  1.8173465924956231E+000                 -1.8603564612297407E-001                  6.7434959529035732E+000                  1.0543850632347866E-001                  1.4975050720616188E+001                  6.9999995810879634E-001                  2.8000004189119987E-001                  2.0000000000003793E-002                  1.3648311772785514E-003                  5.0864883748008443E-010                  0.0000000000000000E+000 
                                     613                  1.8122322886890756E+000                 -1.8902617063983204E-001                  6.7475998781141229E+000                  1.2287764772432098E-001                  1.4996579074393459E+001                  6.9999995388464009E-001                  2.8000004611535484E-001                  2.0000000000005125E-002                  1.4996957282853933E-003                  6.7186431198267300E-010                  0.0000000000000000E+000 
                                     614                  1.8069885508005976E+000                 -1.9203334870922414E-001                  6.7517066127583201E+000                  1.4031751544037852E-001                  1.5018111315284962E+001                  6.9999994924147713E-001                  2.8000005075851608E-001                  2.0000000000006790E-002                  1.6476424963423712E-003                  8.8692396239455473E-010                  0.0000000000000000E+000 
                                     615                  1.8016124938364189E+000                 -1.9505739836590069E-001                  6.7558163636070709E+000                  1.5775772035585275E-001                  1.5039647269469624E+001                  6.9999994413838107E-001                  2.8000005586161031E-001                  2.0000000000008678E-002                  1.8099196829269052E-003                  1.1701393878790105E-009                  0.0000000000000000E+000 
                                     616                  1.7961011817040611E+000                 -1.9809854643975042E-001                  6.7599293644554779E+000                  1.7519783894501728E-001                  1.5061186756432416E+001                  6.9999993853047704E-001                  2.8000006146951129E-001                  2.0000000000011675E-002                  1.9878933803827081E-003                  1.5429109488457053E-009                  0.0000000000000000E+000 
                                     617                  1.7904516273775184E+000                 -2.0115702882491024E-001                  6.7640458869278985E+000                  1.9263740047878347E-001                  1.5082729587089634E+001                  6.9999993236856284E-001                  2.8000006763142171E-001                  2.0000000000015450E-002                  2.1830589507427288E-003                  2.0333055246574435E-009                  0.0000000000000000E+000 
                                     618                  1.7846607931709846E+000                 -2.0423309084443284E-001                  6.7681662383558159E+000                  2.1007588740797900E-001                  1.5104275561853612E+001                  6.9999992559868851E-001                  2.8000007440129099E-001                  2.0000000000020446E-002                  2.3970532801552893E-003                  2.6781206716553515E-009                  0.0000000000000000E+000 
                                     619                  1.7787255911866224E+000                 -2.0732698759126442E-001                  6.7722907591089250E+000                  2.2751273599427199E-001                  1.5125824468689256E+001                  6.9999991816170271E-001                  2.8000008183827013E-001                  2.0000000000027107E-002                  2.6316681830399562E-003                  3.5255853324904358E-009                  0.0000000000000000E+000 
                                     620                  1.7726428838655159E+000                 -2.1043898428811270E-001                  6.7764198202053718E+000                  2.4494733694387380E-001                  1.5147376081354993E+001                  6.9999990999274997E-001                  2.8000009000721410E-001                  2.0000000000035989E-002                  2.8888650841051079E-003                  4.6388931005993536E-009                  0.0000000000000000E+000 
                                     621                  1.7664094846241738E+000                 -2.1356935667918772E-001                  6.7805538211718641E+000                  2.6237903614010810E-001                  1.5168930157839023E+001                  6.9999990102072229E-001                  2.8000009897923056E-001                  2.0000000000047091E-002                  3.1707911020915176E-003                  6.1008244355162228E-009                  0.0000000000000000E+000 
                                     622                  1.7600221585923657E+000                 -2.1671839144821553E-001                  6.7846931880983830E+000                  2.7980713512779770E-001                  1.5190486438859331E+001                  6.9999989116576522E-001                  2.8000010883417237E-001                  2.0000000000062412E-002                  3.4797966667823020E-003                  8.0197932653692038E-009                  0.0000000000000000E+000 
                                     623                  1.7534776235195983E+000                 -2.1988638663530385E-001                  6.7888383718363663E+000                  2.9723089137874470E-001                  1.5212044646306289E+001                  6.9999988034589211E-001                  2.8000011965402555E-001                  2.0000000000082396E-002                  3.8184548145920850E-003                  1.0537756895794227E-008                  0.0000000000000000E+000 
                                     624                  1.7467725508735537E+000                 -2.2307365204952570E-001                  6.7929898463372922E+000                  3.1464951854235013E-001                  1.5233604481743937E+001                  6.9999986846576701E-001                  2.8000013153412490E-001                  2.0000000000108153E-002                  4.1895823246753403E-003                  1.3840563560252214E-008                  0.0000000000000000E+000 
                                     625                  1.7399035670613472E+000                 -2.2628050971719346E-001                  6.7971481071373878E+000                  3.3206218669646331E-001                  1.5255165625124762E+001                  6.9999985542265264E-001                  2.8000014457720496E-001                  2.0000000000142348E-002                  4.5962628735306092E-003                  1.8171489695124578E-008                  0.0000000000000000E+000 
                                     626                  1.7328672547607389E+000                 -2.2950729437586553E-001                  6.8013136697828998E+000                  3.4946802274900807E-001                  1.5276727733708704E+001                  6.9999984110391800E-001                  2.8000015889589458E-001                  2.0000000000187423E-002                  5.0418723915735576E-003                  2.3848951614550986E-008                  0.0000000000000000E+000 
                                     627                  1.7256601543827101E+000                 -2.3275435400675884E-001                  6.8054870558346581E+000                  3.6686612380835115E-001                  1.5298290441045841E+001                  6.9999982538609151E-001                  2.8000017461366200E-001                  2.0000000000246487E-002                  5.5301061418030406E-003                  3.1289660412811653E-008                  0.0000000000000000E+000 
                                     628                  1.7182787657430652E+000                 -2.3602205027638129E-001                  6.8096687592283383E+000                  3.8425559043256374E-001                  1.5319853355956765E+001                  6.9999980813384277E-001                  2.8000019186583303E-001                  2.0000000000324203E-002                  6.0650068584141006E-003                  4.1038850061896330E-008                  0.0000000000000000E+000 
                                     629                  1.7107195499143952E+000                 -2.3931075874874708E-001                  6.8138592254339434E+000                  4.0163554665515094E-001                  1.5341416061615567E+001                  6.9999978919887862E-001                  2.8000021080069559E-001                  2.0000000000425788E-002                  6.6509954601194380E-003                  5.3809753241181449E-008                  0.0000000000000000E+000 
                                     630                  1.7029789311997996E+000                 -2.4262086898502352E-001                  6.8180588532393767E+000                  4.1900513745411877E-001                  1.5362978114842065E+001                  6.9999976841582978E-001                  2.8000023158361059E-001                  2.0000000000559570E-002                  7.2929055193896482E-003                  7.0535182559301322E-008                  0.0000000000000000E+000 
                                     631                  1.6950532991929346E+000                 -2.4595278471345308E-001                  6.8222679983779537E+000                  4.3636352460972772E-001                  1.5384539045541622E+001                  6.9999974561205347E-001                  2.8000025438721160E-001                  2.0000000000734985E-002                  7.9960208958565603E-003                  9.2434892800570304E-008                  0.0000000000000000E+000 
                                     632                  1.6869390109990570E+000                 -2.4930692405269628E-001                  6.8264869769213705E+000                  4.5370988265581935E-001                  1.5406098356119507E+001                  6.9999972059012971E-001                  2.8000027940890543E-001                  2.0000000000964802E-002                  8.7661166903102265E-003                  1.2110352911651188E-007                  0.0000000000000000E+000 
                                     633                  1.6786323936752203E+000                 -2.5268371976926862E-001                  6.8307160684951409E+000                  4.7104339495770142E-001                  1.5427655520941141E+001                  6.9999969313659705E-001                  2.8000030686213617E-001                  2.0000000001266782E-002                  9.6095038052999744E-003                  1.5862541980661838E-007                  0.0000000000000000E+000 
                                     634                  1.6701297467939991E+000                 -2.5608361961369597E-001                  6.8349555194055664E+000                  4.8836325040032852E-001                  1.5449209986101614E+001                  6.9999966301774008E-001                  2.8000033698059729E-001                  2.0000000001662688E-002                  1.0533077440533948E-002                  2.0772437815514635E-007                  0.0000000000000000E+000 
                                     635                  1.6614273450260857E+000                 -2.5950708677623063E-001                  6.8392055457056342E+000                  5.0566864032506398E-001                  1.5470761169483463E+001                  6.9999962997448673E-001                  2.8000037002333195E-001                  2.0000000002181384E-002                  1.1544369860705513E-002                  2.7195913085782243E-007                  0.0000000000000000E+000 
                                     636                  1.6525214408439013E+000                 -2.6295460042105695E-001                  6.8423929049745533E+000                  5.1868293500785534E-001                  1.5486959834812236E+001                  6.9999960317647936E-001                  2.8000039682085037E-001                  2.0000000002670326E-002                  1.2365547711398681E-002                  3.3272350481343410E-007                  0.0000000000000000E+000 
                                     637                  1.6479648541483314E+000                 -2.6469739588996094E-001                  6.8445259726523799E+000                  5.2732419966329891E-001                  1.5497732516691235E+001                  6.9999958419413044E-001                  2.8000041580280988E-001                  2.0000000003059681E-002                  1.2944675997535033E-002                  3.8064393191658739E-007                  0.0000000000000000E+000 
                                     638                  1.6434082674527610E+000                 -2.6642646757673871E-001                  6.8466619551877939E+000                  5.3596094672550609E-001                  1.5508503756913139E+001                  6.9999956434051624E-001                  2.8000043565598198E-001                  2.0000000003501772E-002                  1.3550631075495855E-002                  4.3544590289335258E-007                  0.0000000000000000E+000 
                                     639                  1.6387461546359710E+000                 -2.6818174528922201E-001                  6.8488005226897402E+000                  5.4459395383173825E-001                  1.5519273997813382E+001                  6.9999954352190286E-001                  2.8000045647408522E-001                  2.0000000004011920E-002                  1.4184609789595423E-002                  4.9810672476099280E-007                  0.0000000000000000E+000 
                                     640                  1.6340840418191813E+000                 -2.6992338471856048E-001                  6.8520209437891255E+000                  5.5748928031596090E-001                  1.5535388263236783E+001                  6.9999951039086261E-001                  2.8000048960421819E-001                  2.0000000004919194E-002                  1.5190675453611257E-002                  6.0950990200592920E-007                  0.0000000000000000E+000 
                                     641                  1.6245449676503121E+000                 -2.7344607751336797E-001                  6.8563149174852791E+000                  5.7472863328606649E-001                  1.5556919890068020E+001                  6.9999946258869583E-001                  2.8000053740485625E-001                  2.0000000006447971E-002                  1.6643020787701121E-002                  7.9729275938540239E-007                  0.0000000000000000E+000 
                                     642                  1.6147872385327100E+000                 -2.7699490651210434E-001                  6.8595358793215366E+000                  5.8769177481521406E-001                  1.5573102942144965E+001                  6.9999942377982238E-001                  2.8000057621228330E-001                  2.0000000007894370E-002                  1.7822018548994501E-002                  9.7482062325348554E-007                  0.0000000000000000E+000 
                                     643                  1.6097971399040849E+000                 -2.7878924822918710E-001                  6.8616913694829718E+000                  5.9629749388567033E-001                  1.5583863796985433E+001                  6.9999939633720765E-001                  2.8000060365375468E-001                  2.0000000009037677E-002                  1.8653216810588843E-002                  1.1147403247532434E-006                  0.0000000000000000E+000 
                                     644                  1.6048070412754600E+000                 -2.8057024232660888E-001                  6.8638499106762563E+000                  6.0489780235573365E-001                  1.5594622462970348E+001                  6.9999936762154535E-001                  2.8000063236811096E-001                  2.0000000010343744E-002                  1.9522733198795772E-002                  1.2746858742970526E-006                  0.0000000000000000E+000 
                                     645                  1.5997038002871440E+000                 -2.8237817572333734E-001                  6.8660112044039074E+000                  6.1349350450427464E-001                  1.5605379440996394E+001                  6.9999933753637478E-001                  2.8000066245178451E-001                  2.0000000011840768E-002                  2.0432277468543654E-002                  1.4574945981270280E-006                  0.0000000000000000E+000 
                                     646                  1.5946005592988279E+000                 -2.8417287095627025E-001                  6.8681755954854600E+000                  6.2208354499475571E-001                  1.5616134027998640E+001                  6.9999930606172633E-001                  2.8000069392472365E-001                  2.0000000013550068E-002                  2.1383701909336979E-002                  1.6664472183673267E-006                  0.0000000000000000E+000 
                                     647                  1.5893822676566736E+000                 -2.8599470008120009E-001                  6.8703427952453699E+000                  6.3066873320063044E-001                  1.5626886739970772E+001                  6.9999927308438314E-001                  2.8000072690010747E-001                  2.0000000015509389E-002                  2.2378875880586784E-002                  1.9052462180275433E-006                  0.0000000000000000E+000 
                                     648                  1.5841639760145194E+000                 -2.8780340740993493E-001                  6.8736061976669598E+000                  6.4348944304610267E-001                  1.5642971864382657E+001                  6.9999922066664011E-001                  2.8000077931436662E-001                  2.0000000018993269E-002                  2.3957428275092035E-002                  2.3294726434895332E-006                  0.0000000000000000E+000 
                                     649                  1.5734934784349233E+000                 -2.9146270033170496E-001                  6.8779588262185465E+000                  6.6062597698784231E-001                  1.5664462720135280E+001                  6.9999914499061355E-001                  2.8000085498451777E-001                  2.0000000024868680E-002                  2.6235439533841970E-002                  3.0440331267597942E-006                  0.0000000000000000E+000 
                                     650                  1.5625852609508717E+000                 -2.9515121301545877E-001                  6.8812248821529325E+000                  6.7350931531673597E-001                  1.5680613659901706E+001                  6.9999908352182849E-001                  2.8000091644774422E-001                  2.0000000030427234E-002                  2.8084113503455046E-002                  3.7191329817943579E-006                  0.0000000000000000E+000 
                                     651                  1.5570103950537155E+000                 -2.9701668313286694E-001                  6.8834105485504145E+000                  6.8205976591978756E-001                  1.5691351159893051E+001                  6.9999904011779779E-001                  2.8000095984738976E-001                  2.0000000034812393E-002                  2.9386896030993984E-002                  4.2508614409094069E-006                  0.0000000000000000E+000 
                                     652                  1.5514355291565596E+000                 -2.9886942624188967E-001                  6.8855995605475098E+000                  6.9060343520045664E-001                  1.5702085408439924E+001                  6.9999899469522497E-001                  2.8000100526494892E-001                  2.0000000039826160E-002                  3.0749396528714876E-002                  4.8584265546572335E-006                  0.0000000000000000E+000 
                                     653                  1.5457380164912213E+000                 -3.0075013915112009E-001                  6.8877916714509455E+000                  6.9914115214634343E-001                  1.5712816983737540E+001                  6.9999894713731659E-001                  2.8000105281712195E-001                  2.0000000045561461E-002                  3.2174287144546870E-002                  5.5525555863918574E-006                  0.0000000000000000E+000 
                                     654                  1.5400405038258831E+000                 -3.0261827347601367E-001                  6.8910926020355472E+000                  7.1188802666898732E-001                  1.5728867942809940E+001                  6.9999887161458707E-001                  2.8000112832965657E-001                  2.0000000055756306E-002                  3.4433696383440258E-002                  6.7850231175348888E-006                  0.0000000000000000E+000 
                                     655                  1.5283964251264361E+000                 -3.0639873326071865E-001                  6.8954968552350877E+000                  7.2892263449315209E-001                  1.5750311412691474E+001                  6.9999876253948279E-001                  2.8000123738757027E-001                  2.0000000072947000E-002                  3.7693536451952524E-002                  8.8601400145349307E-006                  0.0000000000000000E+000 
                                     656                  1.5164995570148960E+000                 -3.1021138365474149E-001                  6.8988029053764892E+000                  7.4172677002329401E-001                  1.5766425376365939E+001                  6.9999867392537551E-001                  2.8000132598541677E-001                  2.0000000089207770E-002                  4.0338469355532883E-002                  1.0820033268868356E-005                  0.0000000000000000E+000 
                                     657                  1.5104228744045207E+000                 -3.1214014373955301E-001                  6.9010154273806261E+000                  7.5022256077481075E-001                  1.5777136565368153E+001                  6.9999861141248876E-001                  2.8000138848548661E-001                  2.0000000102024629E-002                  4.2201820830547368E-002                  1.2363064516156525E-005                  0.0000000000000000E+000 
                                     658                  1.5043461917941456E+000                 -3.1405682821864883E-001                  6.9032316532303808E+000                  7.5871027790115730E-001                  1.5787843580446998E+001                  6.9999854599973044E-001                  2.8000145388359177E-001                  2.0000000116677796E-002                  4.4150261931048131E-002                  1.4125754920928808E-005                  0.0000000000000000E+000 
                                     659                  1.4981394233558949E+000                 -3.1600243575623271E-001                  6.9054513819329220E+000                  7.6719076923785490E-001                  1.5798547064905794E+001                  6.9999847753120903E-001                  2.8000152233536024E-001                  2.0000000133430729E-002                  4.6187618203362028E-002                  1.6139177072028233E-005                  0.0000000000000000E+000 
                                     660                  1.4919326549176437E+000                 -3.1793615661171981E-001                  6.9076749207555856E+000                  7.7566284078746150E-001                  1.5809246138441015E+001                  6.9999840588392281E-001                  2.8000159396349422E-001                  2.0000000152582964E-002                  4.8317936568286993E-002                  1.8439133450575576E-005                  0.0000000000000000E+000 
                                     661                  1.4855939824895235E+000                 -3.1989906176938693E-001                  6.9099020793757360E+000                  7.8412734635824521E-001                  1.5819941461105794E+001                  6.9999833090294095E-001                  2.8000166892258038E-001                  2.0000000174478672E-002                  5.0545402930899277E-002                  2.1066164431620908E-005                  0.0000000000000000E+000 
                                     662                  1.4792553100614030E+000                 -3.2185028086007617E-001                  6.9121331589273654E+000                  7.9258307976480857E-001                  1.5830632134086674E+001                  6.9999825245433578E-001                  2.8000174734615596E-001                  2.0000000199508206E-002                  5.2874433274343387E-002                  2.4066963748747232E-005                  0.0000000000000000E+000 
                                     663                  1.4727829372509047E+000                 -3.2383095604501749E-001                  6.9143679796686932E+000                  8.0103090109193442E-001                  1.5841318834386055E+001                  6.9999817035270961E-001                  2.8000182941916840E-001                  2.0000000228121984E-002                  5.5309608832782811E-002                  2.7494428021581514E-005                  0.0000000000000000E+000 
                                     664                  1.4663105644404064E+000                 -3.2580015816331087E-001                  6.9177334574690361E+000                  8.1363855905173821E-001                  1.5857298598019153E+001                  6.9999804007775990E-001                  2.8000195964328878E-001                  2.0000000278951324E-002                  5.9169339459757275E-002                  3.3576789631616704E-005                  0.0000000000000000E+000 
                                     665                  1.4530948744028174E+000                 -3.2978703386326447E-001                  6.9210965154360542E+000                  8.2632125865250372E-001                  1.5873351124487517E+001                  6.9999790049393396E-001                  2.8000209916510210E-001                  2.0000000340963942E-002                  6.3301333786850336E-002                  4.0988933214177919E-005                  0.0000000000000000E+000 
                                     666                  1.4463498128830221E+000                 -3.3180476449021590E-001                  6.9233473912512054E+000                  8.3473358718652335E-001                  1.5884019203224284E+001                  6.9999780208361961E-001                  2.8000219752656141E-001                  2.0000000389818973E-002                  6.6211439611791115E-002                  4.6822739714799478E-005                  0.0000000000000000E+000 
                                     667                  1.4396047513632273E+000                 -3.3381148817867795E-001                  6.9256025432028201E+000                  8.4313605719893281E-001                  1.5894681909071824E+001                  6.9999769912639020E-001                  2.8000230042794499E-001                  2.0000000445664856E-002                  6.9254027366237869E-002                  5.3486301531753243E-005                  0.0000000000000000E+000 
                                     668                  1.4327207597139973E+000                 -3.3584855420456522E-001                  6.9278618229720337E+000                  8.5152954915645118E-001                  1.5905339971143357E+001                  6.9999759139896889E-001                  2.8000240809153321E-001                  2.0000000509497906E-002                  7.2435114383271396E-002                  6.1097190285077545E-005                  0.0000000000000000E+000 
                                     669                  1.4258367680647672E+000                 -3.3787486809401557E-001                  6.9301255035982736E+000                  8.5991281335769809E-001                  1.5915992418200508E+001                  6.9999747870207385E-001                  2.8000252071546272E-001                  2.0000000582463429E-002                  7.5760980163875391E-002                  6.9790620830431817E-005                  0.0000000000000000E+000 
                                     670                  1.4188121666330311E+000                 -3.3993184606105264E-001                  6.9323934472079314E+000                  8.6828673756187480E-001                  1.5926639997170202E+001                  6.9999736078182717E-001                  2.8000263855230878E-001                  2.0000000665864048E-002                  7.9238220893787403E-002                  7.9720066451452687E-005                  0.0000000000000000E+000 
                                     671                  1.4117875652012946E+000                 -3.4197834236292179E-001                  6.9346659190157585E+000                  8.7665006220280695E-001                  1.5937281718923300E+001                  6.9999723741635944E-001                  2.8000276182244521E-001                  2.0000000761195347E-002                  8.2873702092595036E-002                  9.1061966260082839E-005                  0.0000000000000000E+000 
                                     672                  1.4046207118466745E+000                 -3.4405583909363407E-001                  6.9369427916286250E+000                  8.8500368249034012E-001                  1.5947918348439572E+001                  6.9999710835540152E-001                  2.8000289077443880E-001                  2.0000000870159740E-002                  8.6674659237817142E-002                  1.0401668792058698E-004                  0.0000000000000000E+000 
                                     673                  1.3974538584920544E+000                 -3.4612314127833615E-001                  6.9403718561601853E+000                  8.9746620114689779E-001                  1.5963819677093536E+001                  6.9999690368619871E-001                  2.8000309525013989E-001                  2.0000001063661399E-002                  9.2697875874887731E-002                  1.2700175644683259E-004                  0.0000000000000000E+000 
                                     674                  1.3828324462618502E+000                 -3.5031081914332485E-001                  6.9438013302525965E+000                  9.1000049397200289E-001                  1.5979793402595224E+001                  6.9999668436815432E-001                  2.8000331433203285E-001                  2.0000001299812831E-002                  9.9147681112077196E-002                  1.5502555914858183E-004                  0.0000000000000000E+000 
                                     675                  1.3753763318911472E+000                 -3.5243130666371270E-001                  6.9460968786739317E+000                  9.1831129394300148E-001                  1.5990406751183993E+001                  6.9999652981561422E-001                  2.8000346869856724E-001                  2.0000001485818597E-002                  1.0368961822479382E-001                  1.7708049495614668E-004                  0.0000000000000000E+000 
                                     676                  1.3679202175204441E+000                 -3.5454222809575453E-001                  6.9483973507917849E+000                  9.2661036765728533E-001                  1.6001013517191645E+001                  6.9999636815808042E-001                  2.8000363014348223E-001                  2.0000001698437408E-002                  1.0843846497526963E-001                  2.0227483402819339E-004                  0.0000000000000000E+000 
                                     677                  1.3603171890529921E+000                 -3.5668525615460817E-001                  6.9507026512708157E+000                  9.3489863381832217E-001                  1.6011614521331573E+001                  6.9999619904305843E-001                  2.8000379901547107E-001                  2.0000001941470558E-002                  1.1340382890216247E-001                  2.3105492042470833E-004                  0.0000000000000000E+000 
                                     678                  1.3527141605855399E+000                 -3.5881906187911611E-001                  6.9541746757519469E+000                  9.4726078533392777E-001                  1.6027460389679764E+001                  6.9999593091108847E-001                  2.8000406671589334E-001                  2.0000002373018244E-002                  1.2127238769333377E-001                  2.8211851195008929E-004                  0.0000000000000000E+000 
                                     679                  1.3372113724373198E+000                 -3.6314310969058783E-001                  6.9588155903385482E+000                  9.6376664538660439E-001                  1.6048623359865022E+001                  6.9999554378693418E-001                  2.8000445311233702E-001                  2.0000003100728803E-002                  1.3262801635740187E-001                  3.6813616699869772E-004                  0.0000000000000000E+000 
                                     680                  1.3214090688689644E+000                 -3.6751571042883296E-001                  6.9623002821070239E+000                  9.7614274978459181E-001                  1.6064496753877087E+001                  6.9999522992419472E-001                  2.8000476628775506E-001                  2.0000003788050225E-002                  1.4183106393239542E-001                  4.4930035696438993E-004                  0.0000000000000000E+000 
                                     681                  1.3133947638391832E+000                 -3.6972060455450012E-001                  6.9646367630186585E+000                  9.8435862508936556E-001                  1.6075057879303955E+001                  6.9999500850287821E-001                  2.8000498716690647E-001                  2.0000004330215315E-002                  1.4832316348410582E-001                  5.1327888687067861E-004                  0.0000000000000000E+000 
                                     682                  1.3053045951615769E+000                 -3.7193827686833819E-001                  6.9669787526413307E+000                  9.9256172900223583E-001                  1.6085611966609036E+001                  6.9999477691727718E-001                  2.8000521813267926E-001                  2.0000004950043504E-002                  1.5511333223808921E-001                  5.8638304765844663E-004                  0.0000000000000000E+000 
                                     683                  1.2971382531051221E+000                 -3.7416895410444700E-001                  6.9693263574954800E+000                  1.0007518395588191E+000                  1.6096158901065053E+001                  6.9999453468845929E-001                  2.8000545965285367E-001                  2.0000005658687092E-002                  1.6221581729072387E-001                  6.6991898069915505E-004                  0.0000000000000000E+000 
                                     684                  1.2888954375249400E+000                 -3.7641286950388841E-001                  6.9716796896524329E+000                  1.0089287293267664E+000                  1.6106698568044806E+001                  6.9999428136126007E-001                  2.8000571216983483E-001                  2.0000006468905096E-002                  1.6964565546943736E-001                  7.6538090826868104E-004                  0.0000000000000000E+000 
                                     685                  1.2805758582622342E+000                 -3.7867026305868018E-001                  6.9740388668363220E+000                  1.0170921653457972E+000                  1.6117230853023802E+001                  6.9999401641419445E-001                  2.8000597619050427E-001                  2.0000007395301278E-002                  1.7741873771010885E-001                  8.7447846876799050E-004                  0.0000000000000000E+000 
                                     686                  1.2721792355547383E+000                 -3.8094138176707232E-001                  6.9764040125349567E+000                  1.0252419090256271E+000                  1.6127755641586425E+001                  6.9999373931669240E-001                  2.8000625222871878E-001                  2.0000008454588825E-002                  1.8555187632389583E-001                  9.9916808231724366E-004                  0.0000000000000000E+000 
                                     687                  1.2637053004591619E+000                 -3.8322647990060310E-001                  6.9787752561196754E+000                  1.0333777160426325E+000                  1.6138272819434739E+001                  6.9999344951366860E-001                  2.8000654082043092E-001                  2.0000009665900542E-002                  1.9406288284018700E-001                  1.1416889509471299E-003                  0.0000000000000000E+000 
                                     688                  1.2551537952857275E+000                 -3.8552581928368246E-001                  6.9811527329742189E+000                  1.0414993362244016E+000                  1.6148782272399522E+001                  6.9999314642435029E-001                  2.8000684252450947E-001                  2.0000011051140243E-002                  2.0297065522194799E-001                  1.3046043815542546E-003                  0.0000000000000000E+000 
                                     689                  1.2465244740467871E+000                 -3.8783966958599647E-001                  6.9835365846321462E+000                  1.0496065134233741E+000                  1.6159283886450325E+001                  6.9999282944104868E-001                  2.8000715792356151E-001                  2.0000012635389863E-002                  2.1229527644589680E-001                  1.4908492415450735E-003                  0.0000000000000000E+000 
                                     690                  1.2378171029237417E+000                 -3.9016830862752966E-001                  6.9859269589239794E+000                  1.0576989853850547E+000                  1.6169777547708510E+001                  6.9999249792786955E-001                  2.8000748762475663E-001                  2.0000014447373760E-002                  2.2205812631335639E-001                  1.7037844766082523E-003                  0.0000000000000000E+000 
                                     691                  1.2290314607427129E+000                 -3.9251202269966395E-001                  6.9883240101353570E+000                  1.0657764836210550E+000                  1.6180263142468135E+001                  6.9999215119999780E-001                  2.8000783228000731E-001                  2.0000016519994945E-002                  2.3228201046837579E-001                  1.9472597635899760E-003                  0.0000000000000000E+000 
                                     692                  1.2201673394617605E+000                 -3.9487110690255800E-001                  6.9907278991760187E+000                  1.0738387332405861E+000                  1.6190740557222163E+001                  6.9999178859825950E-001                  2.8000819251079218E-001                  2.0000018890948379E-002                  2.4299129894622890E-001                  2.2256855304028755E-003                  0.0000000000000000E+000 
                                     693                  1.2112245446715713E+000                 -3.9724586549953028E-001                  6.9931387937596785E+000                  1.0818854528182751E+000                  1.6201209678693257E+001                  6.9999140937572879E-001                  2.8000856902084259E-001                  2.0000021603428619E-002                  2.5421210204640127E-001                  2.5441157813641739E-003                  0.0000000000000000E+000 
                                     694                  1.2022028961100455E+000                 -3.9963661228923431E-001                  6.9955568685951866E+000                  1.0899163542296488E+000                  1.6211670393869344E+001                  6.9999101276946740E-001                  2.8000896252359075E-001                  2.0000024706941844E-002                  2.6597245530006236E-001                  2.9083433871551836E-003                  0.0000000000000000E+000 
                                     695                  1.1931022281913859E+000                 -4.0204367099681854E-001                  6.9979823055906172E+000                  1.0979311425154927E+000                  1.6222122590049068E+001                  6.9999059798091900E-001                  2.8000937376084056E-001                  2.0000028258240432E-002                  2.7830254092904660E-001                  3.3250097579633807E-003                  0.0000000000000000E+000 
                                     696                  1.1839223905409653E+000                 -4.0446737568744451E-001                  7.0004152940650748E+000                  1.1059295157273561E+000                  1.6232566154896773E+001                  6.9999016417423332E-001                  2.8000980350848004E-001                  2.0000032317286642E-002                  2.9123494185112087E-001                  3.8011850211934917E-003                  5.7100770516850223E-054 
                                     697                  1.1746632485465704E+000                 -4.0690807120084954E-001                  7.0028560292406050E+000                  1.1139111665097747E+000                  1.6243000976497949E+001                  6.9998971047456038E-001                  2.8001025256164958E-001                  2.0000036963790047E-002                  3.0480493109572399E-001                  4.3466111410848628E-003                  8.1113666133433075E-054 
                                     698                  1.1653246839322722E+000                 -4.0936611359677805E-001                  7.0053047064887304E+000                  1.1218757879638657E+000                  1.6253426943414965E+001                  6.9998923596642404E-001                  2.8001072174665831E-001                  2.0000042286917652E-002                  3.1905079509870166E-001                  4.9708368542632393E-003                  1.1590785930507212E-053 
                                     699                  1.1559065953495831E+000                 -4.1184187058899241E-001                  7.0077615166494533E+000                  1.1298230784373136E+000                  1.6263843944743464E+001                  6.9998873966661024E-001                  2.8001121195597706E-001                  2.0000048377412760E-002                  3.3401421678206983E-001                  5.6853589734075054E-003                  1.6568466118426755E-053 
                                     700                  1.1464088989862589E+000                 -4.1433572197348023E-001                  7.0102266456474798E+000                  1.1377527419332003E+000                  1.6274251870166971E+001                  6.9998822062272570E-001                  2.8001172402253016E-001                  2.0000055354744140E-002                  3.4974069908179078E-001                  6.5033707623594400E-003                  2.3692440741569447E-053 
                                     701                  1.1368315291940498E+000                 -4.1684806007580238E-001                  7.0127002747423601E+000                  1.1456644879599160E+000                  1.6284650610012434E+001                  6.9998767776380078E-001                  2.8001225889118447E-001                  2.0000063345014807E-002                  3.6628012537221244E-001                  7.4400153695795704E-003                  3.3892418793356527E-053 
                                     702                  1.1271744391297362E+000                 -4.1937929022377052E-001                  7.0151825807668757E+000                  1.1535580313111049E+000                  1.6295040055311251E+001                  6.9998710999531366E-001                  2.8001281750804552E-001                  2.0000072496640819E-002                  3.8368734768673568E-001                  8.5126773623064849E-003                  4.8502871618380752E-053 
                                     703                  1.1174376014077105E+000                 -4.2192983124791811E-001                  7.0176737363521138E+000                  1.1614330918878104E+000                  1.6305420097857183E+001                  6.9998651617369423E-001                  2.8001340085067988E-001                  2.0000082975625944E-002                  4.0202290476596408E-001                  9.7413184716990502E-003                  6.9440210325468790E-053 
                                     704                  1.1076210087834899E+000                 -4.2450011600629611E-001                  7.0201739101381753E+000                  1.1692893945550082E+000                  1.6315790630255560E+001                  6.9998589510470288E-001                  2.8001400990954672E-001                  2.0000094985750394E-002                  4.2135385310676837E-001                  1.1148863986504998E-002                  9.9457963705316468E-053 
                                     705                  1.0977246748613922E+000                 -4.2709059193695570E-001                  7.0226832669718107E+000                  1.1771266689892250E+000                  1.6326151545968724E+001                  6.9998524554196606E-001                  2.8001464571006363E-001                  2.0000108747970313E-002                  4.4175473586626524E-001                  1.2761648078930224E-002                  1.4251450005101793E-052 
                                     706                  1.0877486348256231E+000                 -4.2970172164043613E-001                  7.0252019680910056E+000                  1.1849446495420499E+000                  1.6336502739359211E+001                  6.9998456616241134E-001                  2.8001530931711011E-001                  2.0000124520478613E-002                  4.6330872731091799E-001                  1.4609926385540033E-002                  2.0430322776396206E-052 
                                     707                  1.0776929461959077E+000                 -4.3233398349398117E-001                  7.0277301712961151E+000                  1.1927430750771952E+000                  1.6346844105730529E+001                  6.9998385565623611E-001                  2.8001600174381563E-001                  2.0000142599948312E-002                  4.8610888755046716E-001                  1.6728466637437982E-002                  2.9301750204661853E-052 
                                     708                  1.0675576896081016E+000                 -4.3498787229986752E-001                  7.0302680311075436E+000                  1.2005216888967902E+000                  1.6357175541368591E+001                  6.9998311259151369E-001                  2.8001672408114997E-001                  2.0000163327336340E-002                  5.1025977187782912E-001                  1.9157229080936127E-002                  4.2045477179761836E-052 
                                     709                  1.0573429696161836E+000                 -4.3766389997070754E-001                  7.0328156989084185E+000                  1.2082802386070906E+000                  1.6367496943582321E+001                  6.9998233550148292E-001                  2.8001747740394595E-001                  2.0000187094571187E-002                  5.3587914489532984E-001                  2.1942150462665864E-002                  6.0361134852678624E-052 
                                     710                  1.0470489155240910E+000                 -4.4036259625256963E-001                  7.0353733230699751E+000                  1.2160184760333406E+000                  1.6377808210739556E+001                  6.9998152286250903E-001                  2.8001826278912734E-001                  2.0000214348363632E-002                  5.6310003333934100E-001                  2.5136047499996414E-002                  8.6698715438944563E-052 
                                     711                  1.0366756822488119E+000                 -4.4308450948802924E-001                  7.0379410490578831E+000                  1.2237361571441054E+000                  1.6388109242299471E+001                  6.9998067309410650E-001                  2.8001908129183961E-001                  2.0000245614053891E-002                  5.9207307064577541E-001                  2.8799657603872538E-002                  1.2459184953114517E-051 
                                     712                  1.0262234512143127E+000                 -4.4583020742230106E-001                  7.0405190195173457E+000                  1.2314330419986039E+000                  1.6398399938842203E+001                  6.9997978453950316E-001                  2.8001993397624109E-001                  2.0000281484255700E-002                  6.2296920625675301E-001                  3.3002839015560829E-002                  1.7914002726254981E-051 
                                     713                  1.0156924312777222E+000                 -4.4860027805515496E-001                  7.0431073743339825E+000                  1.2391088946780453E+000                  1.6408680202095958E+001                  6.9997885554475026E-001                  2.8002082181069099E-001                  2.0000322644558755E-002                  6.5598263111027133E-001                  3.7825953095233185E-002                  2.5770674720423625E-051 
                                     714                  1.0050828596890522E+000                 -4.5139533054193703E-001                  7.0457062506665853E+000                  1.2467634833025569E+000                  1.6418949934960033E+001                  6.9997788434468000E-001                  2.8002174577152944E-001                  2.0000369883790503E-002                  6.9133435687468658E-001                  4.3361457649569626E-002                  3.7093090625486383E-051 
                                     715                  9.9439500308952578E-001                 -4.5421599614556790E-001                  7.0483157829473759E+000                  1.2543965800377359E+000                  1.6429209041523713E+001                  6.9997686914000934E-001                  2.8002270675334762E-001                  2.0000424106643044E-002                  7.2927591040176298E-001                  4.9715742948089933E-002                  5.3419283348770644E-051 
                                     716                  9.8362915854669952E-001                 -4.5706292924410413E-001                  7.0509361028726492E+000                  1.2620079611298987E+000                  1.6439457427084690E+001                  6.9997580808052395E-001                  2.8002370555584866E-001                  2.0000486363627390E-002                  7.7009351627204881E-001                  5.7011246494150264E-002                  7.6974063639270418E-051 
                                     717                  9.7278565462414457E-001                 -4.5993680839867335E-001                  7.0535673407399262E+000                  1.2695974055739943E+000                  1.6449694998167203E+001                  6.9997469926665079E-001                  2.8002474287845924E-001                  2.0000557854889967E-002                  8.1411257446568985E-001                  6.5388894255172303E-002                  1.1097763174410966E-050 
                                     718                  9.6186485249101195E-001                 -4.6283833749433378E-001                  7.0562096287801506E+000                  1.2771646917804687E+000                  1.6459921662538573E+001                  6.9997354072874618E-001                  2.8002581930840936E-001                  2.0000639962844513E-002                  8.6170244537768603E-001                  7.5010920490432328E-002                  1.6009382685357796E-050 
                                     719                  9.5086714707369679E-001                 -4.6576824697276226E-001                  7.0588631032367566E+000                  1.2847095954719183E+000                  1.6470137329226660E+001                  6.9997233051067520E-001                  2.8002693520232796E-001                  2.0000734286996780E-002                  9.1328093598991389E-001                  8.6064118385494964E-002                  2.3108162686628133E-050 
                                     720                  9.3979296825117065E-001                 -4.6872729515534101E-001                  7.0615279043238655E+000                  1.2922318897866507E+000                  1.6480341908537802E+001                  6.9997106654217855E-001                  2.8002809079772356E-001                  2.0000842660097939E-002                  9.6931925182030965E-001                  9.8763582797252988E-002                  3.3374260441922703E-050 
                                     721                  9.2864278210032569E-001                 -4.7171626964707614E-001                  7.0642041759531207E+000                  1.2997313455454331E+000                  1.6490535312071664E+001                  6.9996974671308099E-001                  2.8002928608898581E-001                  2.0000967197933206E-002                  1.0303457619316803E+000                  1.1335701924449440E-001                  4.8229981443349146E-050 
                                     722                  9.1741709219790146E-001                 -4.7473598882515450E-001                  7.0668920653870462E+000                  1.3072077316321629E+000                  1.6500717452739295E+001                  6.9996836883972291E-001                  2.8003052081485275E-001                  2.0001110345424289E-002                  1.0969490592759659E+000                  1.3012970580774169E-001                  6.9740610389056608E-050 
                                     723                  9.0611644096359345E-001                 -4.7778730342282172E-001                  7.0695917228113148E+000                  1.3146608154600070E+000                  1.6510888244789605E+001                  6.9996693064238991E-001                  2.8003179445003784E-001                  2.0001274907572197E-002                  1.1697793253422160E+000                  1.4941020394081908E-001                  1.0090707359005101E-049 
                                     724                  8.9474141105336857E-001                 -4.8087109821352009E-001                  7.0723033008167073E+000                  1.3220903635385732E+000                  1.6521047603839801E+001                  6.9996542970986186E-001                  2.8003310616567306E-001                  2.0001464124465018E-002                  1.2495472900509270E+000                  1.7157692150651396E-001                  1.4609278530908023E-049 
                                     725                  8.8329262680792375E-001                 -4.8398829380177716E-001                  7.0750269537835813E+000                  1.3294961421546863E+000                  1.6531195446908828E+001                  6.9996386342127237E-001                  2.8003445485108047E-001                  2.0001681727647158E-002                  1.3370200851936866E+000                  1.9706565507354440E-001                  2.1164663665816637E-049 
                                     726                  8.7177075575893459E-001                 -4.8713984852864106E-001                  7.0777628371639478E+000                  1.3368779181250054E+000                  1.6541331692453479E+001                  6.9996222896966009E-001                  2.8003583901203538E-001                  2.0001932018304469E-002                  1.4330117409742213E+000                  2.2637824085700584E-001                  3.0681278750136766E-049 
                                     727                  8.6017651019670216E-001                 -4.9032676050018897E-001                  7.0805111066592765E+000                  1.3442354597385313E+000                  1.6551456260402798E+001                  6.9996052311058710E-001                  2.8003725693244275E-001                  2.0002219956970158E-002                  1.5383702629181102E+000                  2.6009246944618997E-001                  4.4506057535432891E-049 
                                     728                  8.4851064881117966E-001                 -4.9355006974531562E-001                  7.0832719172962468E+000                  1.3515685377428739E+000                  1.6561569072192878E+001                  6.9995874211746201E-001                  2.8003870662386893E-001                  2.0002551258669010E-002                  1.6539564954398855E+000                  2.9887342476908718E-001                  6.4602934736159156E-049 
                                     729                  8.3677397839593415E-001                 -4.9681086051713508E-001                  7.0860454224110141E+000                  1.3588769264845209E+000                  1.6571670050808205E+001                  6.9995688157391622E-001                  2.8004018591486662E-001                  2.0002932511217208E-002                  1.7806169288989684E+000                  3.4348643098981846E-001                  9.3837549990579644E-049 
                                     730                  8.2496735561761803E-001                 -5.0011026374914935E-001                  7.0888317725554044E+000                  1.3661604051369189E+000                  1.6581759120827165E+001                  6.9995493614017057E-001                  2.8004169255415495E-001                  2.0003371305674422E-002                  1.9191492334609719E+000                  3.9481179219411844E-001                  1.3639418949567205E-048 
                                     731                  8.1309168885937744E-001                 -5.0344945967727661E-001                  7.0916311143448354E+000                  1.3734187590147957E+000                  1.6591836208469406E+001                  6.9995289924324544E-001                  2.8004322436581985E-001                  2.0003876390934705E-002                  2.0702617250691460E+000                  4.5386153255387429E-001                  1.9838700166083870E-048 
                                     732                  8.0114794014233548E-001                 -5.0682968064136547E-001                  7.0944435892735287E+000                  1.3806517809062611E+000                  1.6601901241644160E+001                  6.9995076281506741E-001                  2.8004477934277089E-001                  2.0004457842161649E-002                  2.2345264745425917E+000                  5.2179833452470725E-001                  2.8875641213856280E-048 
                                     733                  7.8913712712936401E-001                 -5.1025221408176036E-001                  7.0972693325279135E+000                  1.3878592724964005E+000                  1.6611954149998159E+001                  6.9994851676518666E-001                  2.8004635597349420E-001                  2.0005127261319089E-002                  2.4123339064001992E+000                  5.9995687682817134E-001                  4.2058492638611743E-048 
                                     734                  7.7706032521826085E-001                 -5.1371840574675343E-001                  7.1001084718261840E+000                  1.3950410457118236E+000                  1.6621994864961763E+001                  6.9994614860738713E-001                  2.8004795339208433E-001                  2.0005898000528544E-002                  2.6038467166185120E+000                  6.8986775240277554E-001                  6.1302979473397419E-048 
                                     735                  7.6491866972803602E-001                 -5.1722966313085594E-001                  7.1029611265345904E+000                  1.4021969238365850E+000                  1.6632023319794641E+001                  6.9994364294132028E-001                  2.8004957163884009E-001                  2.0006785419839579E-002                  2.8089629474726689E+000                  7.9328410958784490E-001                  8.9416341279569979E-048 
                                     736                  7.5271335818050644E-001                 -5.2078745916783209E-001                  7.1058274076475145E+000                  1.4093267417690027E+000                  1.6642039449630648E+001                  6.9994098090817269E-001                  2.8005121192025195E-001                  2.0007807171575354E-002                  3.0272924853766949E+000                  9.1221113654148345E-001                  1.3051511206143537E-047 
                                     737                  7.4044565268492590E-001                 -5.2439333620863882E-001                  7.1087074177651726E+000                  1.4164303462581838E+000                  1.6652043191521198E+001                  6.9993813971220931E-001                  2.8005287676052293E-001                  2.0008983527267765E-002                  3.2581504243028290E+000                  1.0489383491756199E+000                  1.9063998976230552E-047 
                                     738                  7.2811688243215866E-001                 -5.2804891031129320E-001                  7.1116012502630888E+000                  1.4235075970053184E+000                  1.6662034484476834E+001                  6.9993509198848747E-001                  2.8005457027240560E-001                  2.0010337739106987E-002                  3.5005767061353894E+000                  1.2060744868266522E+000                  2.7866131059111950E-047 
                                     739                  7.1572844630530874E-001                 -5.3175587586505668E-001                  7.1145089882328136E+000                  1.4305583679363574E+000                  1.6672013269506447E+001                  6.9993180534612454E-001                  2.8005629820843270E-001                  2.0011896445442767E-002                  3.7533769663633016E+000                  1.3865846276560749E+000                  4.0761334696055961E-047 
                                     740                  7.0328181561332770E-001                 -5.3551601058008658E-001                  7.1167004634373718E+000                  1.4358420349628698E+000                  1.6679503669121743E+001                  6.9992916241785119E-001                  2.8005762086037334E-001                  2.0013216721775473E-002                  3.9492657337238470E+000                  1.5394631170609681E+000                  5.4254351158851568E-047 
                                     741                  6.9703017628389430E-001                 -5.3741868793402747E-001                  7.1188984212003250E+000                  1.4410883885809638E+000                  1.6686963230539916E+001                  6.9992633543417226E-001                  2.8005897321218320E-001                  2.0014691353644531E-002                  4.1489709668019108E+000                  1.7087594043751153E+000                  7.2222625327967556E-047 
                                     742                  6.8449938608864469E-001                 -5.4126206318810144E-001                  7.1218411613697041E+000                  1.4480723618857663E+000                  1.6696910301044010E+001                  6.9992227152488584E-001                  2.8006082358141204E-001                  2.0016904893702114E-002                  4.4215854086694035E+000                  1.9633740643586384E+000                  1.0582999301064734E-046 
                                     743                  6.7191442599440265E-001                 -5.4516344949050666E-001                  7.1247979993752653E+000                  1.4550295412560235E+000                  1.6706844667865674E+001                  6.9991780886816002E-001                  2.8006274149292587E-001                  2.0019449638914111E-002                  4.6996668126535095E+000                  2.2551028090519858E+000                  1.5518391567457116E-046 
                                     744                  6.5927704473447835E-001                 -5.4912496134392530E-001                  7.1270251849786588E+000                  1.4602397191349494E+000                  1.6714297285572851E+001                  6.9991417532216915E-001                  2.8006422919446533E-001                  2.0021595483365573E-002                  4.9115008495631045E+000                  2.5013941864404723E+000                  2.0689858856340810E-046 
                                     745                  6.5294547270297987E-001                 -5.5112694523950922E-001                  7.1292582744865074E+000                  1.4654115864282233E+000                  1.6721717431950719E+001                  6.9991024438392591E-001                  2.8006577038842451E-001                  2.0023985227649588E-002                  5.1245117753916443E+000                  2.7732945241672420E+000                  2.7585511861797639E-046 
                                     746                  6.4023268241449627E-001                 -5.5518291046516499E-001                  7.1322504251882091E+000                  1.4723018406228314E+000                  1.6731620044105433E+001                  6.9990450565949769E-001                  2.8006791427105454E-001                  2.0027580069447826E-002                  5.4115162489303215E+000                  3.1810055086453239E+000                  4.0518996669288381E-046 
                                     747                  6.2747221721669610E-001                 -5.5930479577498216E-001                  7.1352566178690360E+000                  1.4791653106169138E+000                  1.6741509793599811E+001                  6.9989810912213823E-001                  2.8007017645203452E-001                  2.0031714425827296E-002                  5.7007607456211282E+000                  3.6457314375564684E+000                  5.9555213622174489E-046 
                                     748                  6.1466614422495047E-001                 -5.6349514050360905E-001                  7.1382767712432891E+000                  1.4860020617376359E+000                  1.6751386638058133E+001                  6.9989099659044363E-001                  2.8007256659375118E-001                  2.0036436815805247E-002                  5.9927237273196008E+000                  4.1745044456416061E+000                  8.7590241464596412E-046 
                                     749                  6.0181663043347966E-001                 -5.6775662535296179E-001                  7.1413107523412815E+000                  1.4928122247732230E+000                  1.6761250537046429E+001                  6.9988307963301355E-001                  2.8007509876620196E-001                  2.0041821600784493E-002                  6.2876779545106558E+000                  4.7747254663962693E+000                  1.2890075887871233E-045 
                                     750                  5.8892594702873968E-001                 -5.7209208249124233E-001                  7.1443583665973769E+000                  1.4995960138421371E+000                  1.6771101451936577E+001                  6.9987421866238075E-001                  2.8007779466209903E-001                  2.0047986675520213E-002                  6.5859453552987945E+000                  5.4537704033563186E+000                  1.8980393242350536E-045 
                                     751                  5.7599647395030507E-001                 -5.7650450643039797E-001                  7.1474193598260767E+000                  1.5063536926401999E+000                  1.6780939345689649E+001                  6.9986430488904039E-001                  2.8008066918276664E-001                  2.0055025928192971E-002                  6.8886965578860551E+000                  6.2193238100901596E+000                  2.7963288900699326E-045 
                                     752                  5.6303070471896499E-001                 -5.8099706630958081E-001                  7.1504934001979672E+000                  1.5130855953281561E+000                  1.6790764182581608E+001                  6.9985325249469121E-001                  2.8008373072094750E-001                  2.0063016784361287E-002                  7.1976510003301613E+000                  7.0791985306022243E+000                  4.1217751091717157E-045 
                                     753                  5.5003125155478438E-001                 -5.8557311917413002E-001                  7.1528095366956119E+000                  1.5181321060428714E+000                  1.6798140794928237E+001                  6.9984418174391627E-001                  2.8008615236614987E-001                  2.0069665889933863E-002                  7.4348199215508819E+000                  7.7917899003914455E+000                  5.5172999007695159E-045 
                                     754                  5.4351605117553714E-001                 -5.8789482548245975E-001                  7.1543555707146211E+000                  1.5214795549799083E+000                  1.6803043423775545E+001                  6.9983767490559767E-001                  2.8008783884359223E-001                  2.0074486250810097E-002                  7.5954534048215887E+000                  8.2986108254243955E+000                  6.7002898482852050E-045 
                                     755                  5.3700085079629012E-001                 -5.9023611025352873E-001                  7.1566783911105238E+000                  1.5264740725615269E+000                  1.6810374233590743E+001                  6.9982721835301587E-001                  2.8009047745763777E-001                  2.0082304189346312E-002                  7.8404042941252481E+000                  9.1084523215683024E+000                  8.9658514113691527E-045 
                                     756                  5.2394236865444743E-001                 -5.9499003918001847E-001                  7.1590123538041794E+000                  1.5314842067065428E+000                  1.6817731584165294E+001                  6.9981591656148723E-001                  2.8009324617782205E-001                  2.0090837260690719E-002                  8.0927314687759946E+000                  9.9834287844469767E+000                  1.2007598460075983E-044 
                                     757                  5.1740058800249800E-001                 -5.9740333830955217E-001                  7.1605701867233646E+000                  1.5348071803733034E+000                  1.6822621052248447E+001                  6.9980790361327183E-001                  2.8009516253194311E-001                  2.0096933854785060E-002                  8.2647366808831002E+000                  1.0601500329435185E+001                  1.4586956222502201E-044 
                                     758                  5.1085880735054856E-001                 -5.9983868649220173E-001                  7.1617406678478952E+000                  1.5372989216451385E+000                  1.6826289673056539E+001                  6.9980158906287093E-001                  2.8009664591888062E-001                  2.0101765018248452E-002                  8.3960154803324833E+000                  1.1083232984683761E+001                  1.6880471003357614E-044 
                                     759                  5.0758243342794762E-001                 -6.0106687754732435E-001                  7.1625218157498640E+000                  1.5389567555042016E+000                  1.6828732876798696E+001                  6.9979725265000414E-001                  2.8009765358383104E-001                  2.0105093766164872E-002                  8.4846827947316221E+000                  1.1413249398399506E+001                  1.8606615134375923E-044 
                                     760                  5.0430605950534646E-001                 -6.0230083819993985E-001                  7.1636940181449260E+000                  1.5414370032239404E+000                  1.6832391591708713E+001                  6.9979056571169851E-001                  2.8009919248264442E-001                  2.0110241805657125E-002                  8.6192709550666891E+000                  1.1921340219836312E+001                  2.1530537450923854E-044 
                                     761                  4.9774865164247617E-001                 -6.0478819304572484E-001                  7.1652592124696186E+000                  1.5447429863526316E+000                  1.6837270981005219E+001                  6.9978122506469276E-001                  2.8010130676997425E-001                  2.0117468165332997E-002                  8.8023739868136985E+000                  1.2622115978079211E+001                  2.6157368366119793E-044 
                                     762                  4.9119124377960616E-001                 -6.0729967413696451E-001                  7.1668261048349340E+000                  1.5480425418573753E+000                  1.6842145471974742E+001                  6.9977140678511940E-001                  2.8010349217340963E-001                  2.0125101041470916E-002                  8.9895520325058751E+000                  1.3348493598971515E+001                  3.1776331417848425E-044 
                                     763                  4.8462917589906801E-001                 -6.0983780010884636E-001                  7.1683955578102259E+000                  1.5513379303489125E+000                  1.6847018204493239E+001                  6.9976113657296701E-001                  2.8010574501449259E-001                  2.0133118412540396E-002                  9.1812481633659981E+000                  1.4100719346292159E+001                  3.8603894637877625E-044 
                                     764                  4.7805951364636468E-001                 -6.1240451269894103E-001                  7.1699669660277650E+000                  1.5546283832337793E+000                  1.6851887787423010E+001                  6.9975038074596463E-001                  2.8010807106383268E-001                  2.0141548190202752E-002                  9.3776088294239681E+000                  1.4876298365814959E+001                  4.6896917290918237E-044 
                                     765                  4.7148985139366106E-001                 -6.1499765561966746E-001                  7.1715400520291563E+000                  1.5579137993341208E+000                  1.6856753854705559E+001                  6.9973917652435580E-001                  2.8011046377279630E-001                  2.0150359702847842E-002                  9.5788920175498422E+000                  1.5674359941505498E+001                  5.6967752824331690E-044 
                                     766                  4.6491440293583397E-001                 -6.1762034579184888E-001                  7.1731147549621763E+000                  1.5611946429060914E+000                  1.6861616763920747E+001                  6.9972740434543657E-001                  2.8011294675096887E-001                  2.0159648903594563E-002                  9.7852625656166605E+000                  1.6489028017100043E+001                  6.9196379240774997E-044 
                                     767                  4.5833895447800665E-001                 -6.2027114142214468E-001                  7.1746907778427138E+000                  1.5644707969839402E+000                  1.6866476139420747E+001                  6.9971516804925427E-001                  2.8011550447939548E-001                  2.0169327471350251E-002                  9.9968972271804724E+000                  1.7320389014467136E+001                  8.4041158216138835E-044 
                                     768                  4.5175961477101512E-001                 -6.2295250136637315E-001                  7.1762680508579324E+000                  1.5677427177597820E+000                  1.6871332346449787E+001                  6.9970241282313972E-001                  2.8011814553436704E-001                  2.0179441642493190E-002                  1.0214131453552657E+001                  1.8162962354160715E+001                  1.0205927775904321E-043 
                                     769                  4.4518027506402380E-001                 -6.2566376653639988E-001                  7.1778462605495168E+000                  1.5710103183472974E+000                  1.6876184999054789E+001                  6.9968918003430036E-001                  2.8012086776362649E-001                  2.0189952202073203E-002                  1.0437047542490083E+001                  1.9013918777982973E+001                  1.2392218602772250E-043 
                                     770                  4.3859903046276860E-001                 -6.2840667444462917E-001                  7.1794253326656250E+000                  1.5742740588184236E+000                  1.6881034470256683E+001                  6.9967543589336978E-001                  2.8012367966161816E-001                  2.0200884445012113E-002                  1.0665933894022213E+001                  1.9866942533980538E+001                  1.5044544723552503E-043 
                                     771                  4.3201778586151346E-001                 -6.3118142419464252E-001                  7.1810049428190865E+000                  1.5775338520792883E+000                  1.6885880362996158E+001                  6.9966122168279443E-001                  2.8012658042567384E-001                  2.0212197891531725E-002                  1.0900872078480939E+001                  2.0717912485087759E+001                  1.8261074704638564E-043 
                                     772                  4.2543671908602188E-001                 -6.3398896169387664E-001                  7.1825850193819329E+000                  1.5807901538052960E+000                  1.6890723058166202E+001                  6.9964652851392017E-001                  2.8012957436211811E-001                  2.0223897123961665E-002                  1.1142151514073232E+001                  2.1559817710307335E+001                  2.2160950933004197E-043 
                                     773                  4.1885565231053035E-001                 -6.3683042861836014E-001                  7.1841652344123954E+000                  1.5840428692673361E+000                  1.6895562146720316E+001                  6.9963139542219155E-001                  2.8013266204241899E-001                  2.0235942535389517E-002                  1.1389863165909567E+001                  2.2387095400994003E+001                  2.6887415474275996E-043 
                                     774                  4.1227694780523760E-001                 -6.3970590108255398E-001                  7.1857455279077600E+000                  1.5872924378499984E+000                  1.6900398017513499E+001                  6.9961584525999787E-001                  2.8013584775797651E-001                  2.0248306982025621E-002                  1.1644213509915627E+001                  2.3193090966229388E+001                  3.2614177797200932E-043 
                                     775                  4.0569824329994486E-001                 -6.4261755771115103E-001                  7.1873255773839508E+000                  1.5905387859295816E+000                  1.6905230248549600E+001                  6.9959981373188285E-001                  2.8013915285516111E-001                  2.0261033412956042E-002                  1.1905343038872086E+001                  2.3964847168854153E+001                  3.9549852563937867E-043 
                                     776                  3.9912419302912483E-001                 -6.4556451740679777E-001                  7.1889053473126525E+000                  1.5937822848266341E+000                  1.6910059236727378E+001                  6.9958345829296509E-001                  2.8014255409984018E-001                  2.0273987607194677E-002                  1.2173454065243684E+001                  2.4701726106682290E+001                  4.7947222833501126E-043 
                                     777                  3.9255014275830502E-001                 -6.4855010154824533E-001                  7.1904845337396379E+000                  1.5970228000765598E+000                  1.6914884546045840E+001                  6.9956678791842219E-001                  2.8014606110894896E-001                  2.0287150972628787E-002                  1.2448682780312792E+001                  2.5394307311027646E+001                  5.8109530467765258E-043 
                                     778                  3.8598315248746540E-001                 -6.5157237494323073E-001                  7.1920631357365243E+000                  1.6002607452112234E+000                  1.6919706581565425E+001                  6.9954977955534448E-001                  2.8014969145442542E-001                  2.0300528990230049E-002                  1.2731213094490608E+001                  2.6030260507819964E+001                  7.0404059818171213E-043 
                                     779                  3.7941616221662577E-001                 -6.5463592029719953E-001                  7.1934441206730213E+000                  1.6030943985790154E+000                  1.6923925956761014E+001                  6.9953469187879724E-001                  2.8015296534060974E-001                  2.0312342780593018E-002                  1.2984652580924779E+001                  2.6536840193740154E+001                  8.3259602564579004E-043 
                                     780                  3.7449810931438032E-001                 -6.5695811991359232E-001                  7.1946267555655643E+000                  1.6055189075783465E+000                  1.6927537114809429E+001                  6.9952163933383071E-001                  2.8015584320284254E-001                  2.0322517463326806E-002                  1.3206366246214161E+001                  2.6929074627929491E+001                  9.6104633771654027E-043 
                                     781                  3.6958005641213465E-001                 -6.5930493277404101E-001                  7.1963983695939362E+000                  1.6091428671403605E+000                  1.6932938629430492E+001                  6.9950187284276322E-001                  2.8016029636500461E-001                  2.0337830792232170E-002                  1.3546581745382094E+001                  2.7434470426416638E+001                  1.1911450427588675E-042 
                                     782                  3.5975619148133886E-001                 -6.6406919275415277E-001                  7.1983687433979311E+000                  1.6131863666185389E+000                  1.6938959088164093E+001                  6.9947971086326499E-001                  2.8016544799188009E-001                  2.0354841144854863E-002                  1.3937479264088230E+001                  2.7874733268411703E+001                  1.5119034542307471E-042 
                                     783                  3.5321102848537367E-001                 -6.6730212346547713E-001                  7.1999426608330541E+000                  1.6164112265156001E+000                  1.6943763109163868E+001                  6.9946191971508875E-001                  2.8016972598099804E-001                  2.0368354303913261E-002                  1.4258932385657934E+001                  2.8123001848737996E+001                  1.8286248641826185E-042 
                                     784                  3.4668089701633159E-001                 -6.7057653892139224E-001                  7.2015156846027235E+000                  1.6196851113082336E+000                  1.6948563718281427E+001                  6.9930720871772689E-001                  2.8021564196323323E-001                  2.0477149319039878E-002                  1.4577393877889861E+001                  1.4567746191963296E+001                  2.2124658350005420E-042 
                                     785                  3.4015076554728962E-001                 -6.7390128399218829E-001                  7.2034871240120415E+000                  1.6237027686477732E+000                  1.6954549692050975E+001                  6.9925861687891477E-001                  2.8023263771623969E-001                  2.0508745404845596E-002                  1.4999216456618111E+001                  1.0963622611049459E+001                  2.8059666443398360E-042 
                                     786                  3.3038251919905554E-001                 -6.7897374252847820E-001                  7.2058702826579575E+000                  1.6284908987903024E+000                  1.6961734533399362E+001                  6.9924609627851431E-001                  2.8023859553979619E-001                  2.0515308181689562E-002                  1.5531633655691691E+001                  1.1061807899068997E+001                  3.7361350729460128E-042 
                                     787                  3.2063533059807547E-001                 -6.8416031775187180E-001                  7.2078731410551065E+000                  1.6324708994146833E+000                  1.6967728743654504E+001                  6.9923553742345967E-001                  2.8024383825666621E-001                  2.0520624319874115E-002                  1.5993308289701497E+001                  1.1089819162371382E+001                  4.7495534656083102E-042 
                                     788                  3.1414422411317344E-001                 -6.8768746108017276E-001                  7.2094812929265686E+000                  1.6356351734600243E+000                  1.6972510261780837E+001                  6.9922705333021884E-001                  2.8024821125453236E-001                  2.0524735415248796E-002                  1.6373550911041594E+001                  1.1076882596194565E+001                  5.7565258436489276E-042 
                                     789                  3.0767743141480752E-001                 -6.9126251037638364E-001                  7.2114988620479172E+000                  1.6395777953612591E+000                  1.6978469387314615E+001                  6.9918214286704505E-001                  2.8027188407146414E-001                  2.0545973061490752E-002                  1.6858382411002363E+001                  7.3482861743011858E+000                  7.3250083553747826E-042 
                                     790                  2.9799111597677863E-001                 -6.9673732003518052E-001                  7.2139465482793481E+000                  1.6442756698823597E+000                  1.6985629802215868E+001                  6.9917207946414828E-001                  2.8027869430521474E-001                  2.0549226230637041E-002                  1.7471260367150315E+001                  7.3868536692318187E+000                  9.8009034055386179E-042 
                                     791                  2.8833254775778949E-001                 -7.0234848386460480E-001                  7.2168261478095568E+000                  1.6497048188530634E+000                  1.6993955887592627E+001                  6.9916008580448930E-001                  2.8028718523169949E-001                  2.0552728963811218E-002                  1.8218707174315806E+001                  7.4063449280528459E+000                  1.3788863868279982E-041 
                                     792                  2.7551719920254547E-001                 -7.1004654446910653E-001                  7.2201635122724035E+000                  1.6558704751612470E+000                  1.7003471838872851E+001                  6.9912585860281873E-001                  2.8031386982478951E-001                  2.0560271572391819E-002                  1.9118657782006071E+001                  6.0908726935201205E+000                  2.0453010323864337E-041 
                                     793                  2.6277225136751670E-001                 -7.1801396777199245E-001                  7.2235498564508642E+000                  1.6619698483197909E+000                  1.7012971486974688E+001                  6.9909368305775921E-001                  2.8034067464359103E-001                  2.0565642298649767E-002                  2.0074494410107384E+001                  5.0077471058916592E+000                  3.0458894473740864E-041 
                                     794                  2.5010580559776108E-001                 -7.2627185838563701E-001                  7.2261358143133592E+000                  1.6665079060108250E+000                  1.7020111327361260E+001                  6.9908442189635556E-001                  2.8034917020838918E-001                  2.0566407895255212E-002                  2.0835662130225955E+001                  5.2912664229827477E+000                  4.1226549345525348E-041 
                                     795                  2.4381612426489871E-001                 -7.3050917712686070E-001                  7.2287282535464294E+000                  1.6709689539165258E+000                  1.7027180425601667E+001                  6.9907467588111971E-001                  2.8035825883271265E-001                  2.0567065286167585E-002                  2.1624781328327622E+001                  5.6208042628103048E+000                  5.5785272390630985E-041 
                                     796                  2.3128485418432032E-001                 -7.3924711591860182E-001                  7.2322547178796199E+000                  1.6768789141678222E+000                  1.7036637636115351E+001                  6.9906062326627216E-001                  2.8037158731676831E-001                  2.0567789416959581E-002                  2.2740696699535519E+001                  6.1613499315404647E+000                  8.4028537015571480E-041 
                                     797                  2.1885460423666028E-001                 -7.4834049538014269E-001                  7.2358422772953874E+000                  1.6827283699994595E+000                  1.7046078063750180E+001                  6.9899408042009614E-001                  2.8043695019438475E-001                  2.0568969385519109E-002                  2.3918541321243321E+001                  6.2578940529721958E+000                  1.2729406228942493E-040 
                                     798                  2.0653535495194361E-001                 -7.5782107679660604E-001                  7.2394954877544269E+000                  1.6884832839090700E+000                  1.7055501715569530E+001                  6.9896283640010959E-001                  2.8046794079279069E-001                  2.0569222807099719E-002                  2.5182749359539017E+001                  7.0708920212566602E+000                  1.9381164879406192E-040 
                                     799                  1.9433773864123116E-001                 -7.6772578341754716E-001                  7.2432150060804323E+000                  1.6941496824470361E+000                  1.7064908725855297E+001                  6.9894741641913294E-001                  2.8048337869563916E-001                  2.0569204885227954E-002                  2.6533759049553350E+001                  8.3129470945361827E+000                  2.9665057173315889E-040 
                                     800                  1.8227310522872531E-001                 -7.7809676219217105E-001                  7.2469277558978460E+000                  1.6998071028843300E+000                  1.7074299367553042E+001                  6.9893011567967167E-001                  2.8050073601421838E-001                  2.0569148306109897E-002                  2.7956007457032573E+001                  9.7933043397355330E+000                  4.5315541542109710E-040 
                                     801                  1.7035359846678777E-001                 -7.8898052793352058E-001                  7.2506338351887036E+000                  1.7055845777972918E+000                  1.7083673904313716E+001                  6.9852532546201762E-001                  2.8090923055312955E-001                  2.0565443984852827E-002                  1.9850055706762316E+001                  1.2363425768859837E+001                  6.9419263565211311E-040 
                                     802                  1.5859224482498024E-001                 -8.0042737273570153E-001                  7.2534252206133312E+000                  1.7098460143673626E+000                  1.7090746566806754E+001                  6.9852532546187762E-001                  2.8090923055327210E-001                  2.0565443984850273E-002                  2.1127736417455850E+001                  1.3995444336401237E+001                  9.5283585048828841E-040 
                                     803                  1.5275279275854492E-001                 -8.0640541182613268E-001                  7.2552735667086070E+000                  1.7126602724497355E+000                  1.7095422316067435E+001                  6.9852532546176782E-001                  2.8090923055338407E-001                  2.0565443984848164E-002                  2.2032752288527831E+001                  1.5190870965697252E+001                  1.1746484328309324E-039 
                                     804                  1.4700305800540880E-001                 -8.1250263161673042E-001                  7.2571205114847119E+000                  1.7154724500286747E+000                  1.7100094588281834E+001                  6.9852532546164148E-001                  2.8090923055351286E-001                  2.0565443984845722E-002                  2.2987866900956263E+001                  1.6485813367007086E+001                  1.4474263087143012E-039 
                                     805                  1.4125332325227247E-001                 -8.1882599473943440E-001                  7.2589656085666325E+000                  1.7182821169646421E+000                  1.7104762504355257E+001                  6.9852532546151491E-001                  2.8090923055364214E-001                  2.0565443984842946E-002                  2.3995993272381050E+001                  1.7887993243237894E+001                  1.7826366262250912E-039 
                                     806                  1.3560116292977187E-001                 -8.2528061419468868E-001                  7.2608093424788960E+000                  1.7210897509019920E+000                  1.7109427029801385E+001                  6.9852532546138624E-001                  2.8090923055377381E-001                  2.0565443984839948E-002                  2.5060713761588101E+001                  1.9406426700666664E+001                  2.1944750627951380E-039 
                                     807                  1.2994900260727127E-001                 -8.3199195085026389E-001                  7.2626512343461975E+000                  1.7238948977194313E+000                  1.7114087228836279E+001                  6.9852532546125434E-001                  2.8090923055390882E-001                  2.0565443984836840E-002                  2.6185310866212230E+001                  2.1050066932783508E+001                  2.7000857020602053E-039 
                                     808                  1.2440294430571140E-001                 -8.3884879701265702E-001                  7.2640323909441920E+000                  1.7260012032733218E+000                  1.7117584573585297E+001                  6.9852532546115287E-001                  2.8090923055401290E-001                  2.0565443984834175E-002                  2.7071083805448286E+001                  2.2372035974748496E+001                  3.1536958994182149E-039 
                                     809                  1.2162991515493149E-001                 -8.4238557943139447E-001                  7.2649569514922749E+000                  1.7274093272559958E+000                  1.7119923876085043E+001                  6.9852532546108392E-001                  2.8090923055408362E-001                  2.0565443984832399E-002                  2.7685145977916957E+001                  2.3302253829250915E+001                  3.4988168772825502E-039 
                                     810                  1.1885688600415178E-001                 -8.4599905508270212E-001                  7.2663304290924309E+000                  1.7294985158488594E+000                  1.7123396377479800E+001                  6.9852532546097990E-001                  2.8090923055419031E-001                  2.0565443984829734E-002                  2.8629959437023924E+001                  2.4754775262475572E+001                  4.0818294110926851E-039 
                                     811                  1.1342622664869552E-001                 -8.5331193950733386E-001                  7.2681678725414214E+000                  1.7322972710984368E+000                  1.7128045753203406E+001                  6.9852532546083701E-001                  2.8090923055433725E-001                  2.0565443984825738E-002                  2.9958398803873330E+001                  2.6838584822181993E+001                  5.0152562038006711E-039 
                                     812                  1.0799556729323923E-001                 -8.6096317850346016E-001                  7.2700034746065114E+000                  1.7350935757334032E+000                  1.7132690840721590E+001                  6.9852532546069013E-001                  2.8090923055448830E-001                  2.0565443984821519E-002                  3.1363250379102215E+001                  2.9092751730424109E+001                  6.1590317655263421E-039 
                                     813                  1.0269049514760918E-001                 -8.6879747588044243E-001                  7.2718378339807783E+000                  1.7378879891891834E+000                  1.7137332802233846E+001                  6.9852532546053958E-001                  2.8090923055464356E-001                  2.0565443984816856E-002                  3.2849765075921269E+001                  3.1531580179620150E+001                  7.5603445635400243E-039 
                                     814                  9.7385423001979166E-002                 -8.7702546305530782E-001                  7.2732189204359106E+000                  1.7399949567298796E+000                  1.7140830801324803E+001                  6.9852532546042312E-001                  2.8090923055476363E-001                  2.0565443984813303E-002                  3.4026919195006165E+001                  3.3499959802735262E+001                  8.8204845308456681E-039 
                                     815                  9.4801296743147412E-002                 -8.8118878042741866E-001                  7.2741287548845150E+000                  1.7413810937908174E+000                  1.7143133327277948E+001                  6.9852532546034540E-001                  2.8090923055484379E-001                  2.0565443984810861E-002                  3.4830647926441941E+001                  3.4862196200443890E+001                  9.7623486828693264E-039 
                                     816                  9.2217170484315880E-002                 -8.8546152246630483E-001                  7.2755015137987940E+000                  1.7434697773888375E+000                  1.7146604663638424E+001                  6.9852532546022672E-001                  2.8090923055496642E-001                  2.0565443984806864E-002                  3.6087575534821838E+001                  3.7021247583586621E+001                  1.1375457454761992E-038 
                                     817                  8.7048917966652373E-002                 -8.9436077137704872E-001                  7.2773309641191242E+000                  1.7462574725256108E+000                  1.7151235015389855E+001                  6.9852532546006474E-001                  2.8090923055513384E-001                  2.0565443984801424E-002                  3.7850182534686539E+001                  4.0104980051344612E+001                  1.3943585320209483E-038 
                                     818                  8.2029956342900001E-002                 -9.0349957091146194E-001                  7.2791592594889005E+000                  1.7490433699403234E+000                  1.7155862423924297E+001                  6.9852532545989920E-001                  2.8090923055530514E-001                  2.0565443984795651E-002                  3.9717068259613129E+001                  4.3439360601052968E+001                  1.7084242179149748E-038 
                                     819                  7.7010994719147408E-002                 -9.1318988739810425E-001                  7.2809856731375930E+000                  1.7518268303010882E+000                  1.7160485518755262E+001                  6.9852532545973023E-001                  2.8090923055548023E-001                  2.0565443984789544E-002                  4.1694050297669826E+001                  4.7042808870123729E+001                  2.0921798070037800E-038 
                                     820                  7.2155287076226426E-002                 -9.2315950062626528E-001                  7.2828109786647470E+000                  1.7546085384217285E+000                  1.7165105763491653E+001                  6.9852532545955792E-001                  2.8090923055565892E-001                  2.0565443984783105E-002                  4.3788843048062468E+001                  5.0938016516756839E+001                  2.5610671748558462E-038 
                                     821                  6.7299579433305445E-002                 -9.3379587769358707E-001                  7.2846343705640360E+000                  1.7573877951279600E+000                  1.7169721648555363E+001                  6.9852532545938251E-001                  2.8090923055584116E-001                  2.0565443984776333E-002                  4.6007919964741333E+001                  5.5146152816187424E+001                  3.1334620110862630E-038 
                                     822                  6.2622917039344750E-002                 -9.4476311413134706E-001                  7.2864567032113472E+000                  1.7601653428148545E+000                  1.7174334776434286E+001                  6.9852532545920409E-001                  2.8090923055602662E-001                  2.0565443984769338E-002                  4.8360062858969314E+001                  5.9693700251247336E+001                  3.8322134268974942E-038 
                                     823                  5.7946254645384054E-002                 -9.5655100839969776E-001                  7.2882770748507015E+000                  1.7629404083121130E+000                  1.7178943466675804E+001                  6.9852532545902302E-001                  2.8090923055621525E-001                  2.0565443984761789E-002                  5.0852444169764553E+001                  6.4604921912041050E+001                  4.6844130196684567E-038 
                                     824                  5.3466716585771949E-002                 -9.6873846649160023E-001                  7.2900964376583577E+000                  1.7657138032140509E+000                  1.7183549489400214E+001                  6.9852532545883939E-001                  2.8090923055640676E-001                  2.0565443984753795E-002                  5.3495073214697648E+001                  6.9910747295625967E+001                  5.7238155818298005E-038 
                                     825                  4.8987178526159858E-002                 -9.8195836522537749E-001                  7.2919137691376932E+000                  1.7684846600107789E+000                  1.7188150948282171E+001                  6.9852532545865331E-001                  2.8090923055660094E-001                  2.0565443984745801E-002                  5.6295850123389528E+001                  7.5638883494974621E+001                  6.9902712919202166E-038 
                                     826                  4.4725780878056676E-002                 -9.9567240881786734E-001                  7.2937301419933052E+000                  1.7712538744762518E+000                  1.7192749818930164E+001                  6.9852532545846524E-001                  2.8090923055679756E-001                  2.0565443984737142E-002                  5.9266203256184063E+001                  8.1825493059022349E+001                  8.5335651575240647E-038 
                                     827                  4.0464383229953271E-002                 -1.0107214119150960E+000                  7.2950898713523697E+000                  1.7733301200429716E+000                  1.7196195755022806E+001                  6.9852532545832313E-001                  2.8090923055694639E-001                  2.0565443984730480E-002                  6.1608717464687572E+001                  8.6781264108291310E+001                  9.9062857238323724E-038 
                                     828                  3.8523540561063663E-002                 -1.0180945359698812E+000                  7.2959521301482013E+000                  1.7746448278026563E+000                  1.7198379041840390E+001                  6.9852532545823254E-001                  2.8090923055704126E-001                  2.0565443984726262E-002                  6.3148934470855210E+001                  9.0075516152537659E+001                  1.0888051400134208E-037 
                                     829                  3.6582697892174054E-002                 -1.0258393114357705E+000                  7.2972638167385124E+000                  1.7766423054140124E+000                  1.7201697826349129E+001                  6.9852532545809431E-001                  2.8090923055718625E-001                  2.0565443984719378E-002                  6.5576765647383056E+001                  9.5323875706597065E+001                  1.2569575725955959E-037 
                                     830                  3.2701012554395059E-002                 -1.0426129731998515E+000                  7.2990703464016145E+000                  1.7793970736173255E+000                  1.7206272396369076E+001                  6.9852532545790269E-001                  2.8090923055738731E-001                  2.0565443984710052E-002                  6.9097166332096194E+001                  1.0304943512710567E+002                  1.5315167110358724E-037 
                                     831                  2.8819327216616064E-002                 -1.0614598861104099E+000                  7.3009439373340834E+000                  1.7822542826470005E+000                  1.7211017009703305E+001                  6.9852532545770329E-001                  2.8090923055759687E-001                  2.0565443984699838E-002                  7.2976352482756440E+001                  1.1171333305334541E+002                  1.8792198932196161E-037 
                                     832                  2.4937641878836847E-002                 -1.0829797779449877E+000                  7.3027404937692735E+000                  1.7849949139130259E+000                  1.7215568038453146E+001                  6.9852532545750479E-001                  2.8090923055780598E-001                  2.0565443984689180E-002                  7.6928216247159867E+001                  1.2069370404202847E+002                  2.2858996041650041E-037 
                                     833                  2.1684957492472123E-002                 -1.1037162140785726E+000                  7.3044476442648207E+000                  1.7875967104710935E+000                  1.7219891561132904E+001                  6.9852532545730706E-001                  2.8090923055801448E-001                  2.0565443984678522E-002                  8.0906573511396246E+001                  1.2988379495441518E+002                  2.7528624095161767E-037 
                                     834                  1.8432273106107400E-002                 -1.1277703595046422E+000                  7.3062401340418601E+000                  1.7903264545248674E+000                  1.7224431424346410E+001                  6.9852532545708867E-001                  2.8090923055824502E-001                  2.0565443984666310E-002                  8.5332265841300327E+001                  1.4027458229561447E+002                  3.3452187609676797E-037 
                                     835                  1.5179588719742676E-002                 -1.1564336942216566E+000                  7.3081416130756729E+000                  1.7932189791058601E+000                  1.7229247562827627E+001                  6.9852532545684376E-001                  2.8090923055850409E-001                  2.0565443984652099E-002                  9.0322449037966976E+001                  1.5219142917010413E+002                  4.1121779163585416E-037 
                                     836                  1.1926904333377954E-002                 -1.1919404000071512E+000                  7.3099966390482392E+000                  1.7960385471286400E+000                  1.7233947888508681E+001                  6.9852532545658930E-001                  2.8090923055877376E-001                  2.0565443984637000E-002                  9.5502732509697765E+001                  1.6477546089512930E+002                  5.0279778848753491E-037 
                                     837                  9.2889216511705675E-003                 -1.2286491056829920E+000                  7.3117924660565690E+000                  1.7987623127433325E+000                  1.7238496860690169E+001                  6.9852532545632762E-001                  2.8090923055905143E-001                  2.0565443984621012E-002                  1.0082915806150579E+002                  1.7792983487944747E+002                  6.1065073014229326E-037 
                                     838                  6.6509389689631826E-003                 -1.2775825601583952E+000                  7.3133979111536025E+000                  1.8011962185964505E+000                  1.7242566582560798E+001                  6.9852532545607637E-001                  2.8090923055931855E-001                  2.0565443984605025E-002                  1.0586682557221079E+002                  1.9056155075703830E+002                  7.2634072328860831E-037 
                                     839                  5.0465290675446584E-003                 -1.3179280257820831E+000                  7.3147234575715601E+000                  1.8032004573745724E+000                  1.7245924558204411E+001                  6.9852532545585733E-001                  2.8090923055955175E-001                  2.0565443984590925E-002                  1.1023193738170258E+002                  2.0165085021701071E+002                  8.3804581361871792E-037 
                                     840                  3.4421191661263562E-003                 -1.3737427463291276E+000                  7.3162815811872060E+000                  1.8055523148344557E+000                  1.7249871454140575E+001                  6.9852532545558144E-001                  2.8090923055984579E-001                  2.0565443984572829E-002                  1.1561350246154677E+002                  2.1549840006617441E+002                  9.9129657021546378E-037 
                                     841                  1.7116176141095394E-003                 -1.4754417233993615E+000                  7.3177474175576211E+000                  1.8077652781644566E+000                  1.7253588842463277E+001                  6.9852532545529145E-001                  2.8090923056015543E-001                  2.0565443984553067E-002                  1.2093692876647921E+002                  2.2937909154769054E+002                  1.1607479438182037E-036 
                                     842                  9.4452551815582552E-004                 -1.5618094219504282E+000                  7.3186240292360933E+000                  1.8090855508226735E+000                  1.7255810627780278E+001                  6.9852532545510260E-001                  2.8090923056035727E-001                  2.0565443984540188E-002                  1.2424557611567772E+002                  2.3809527834035455E+002                  1.2754947508647122E-036 
                                     843                  4.8226368108006401E-004                 -1.6593456129510811E+000                  7.3192412402685889E+000                  1.8100143040361227E+000                  1.7257374953787181E+001                  6.9852532545495738E-001                  2.8090923056051259E-001                  2.0565443984529974E-002                  1.2663333684779495E+002                  2.4442663031575194E+002                  1.3629681185343087E-036 
                                     844                  2.5113276254218331E-004                 -1.7539467745071871E+000                  7.3196242545184207E+000                  1.8105901783225342E+000                  1.7258345583094016E+001                  6.9852532545485968E-001                  2.8090923056061723E-001                  2.0565443984523091E-002                  1.2813971950736365E+002                  2.4843838649711137E+002                  1.4202147200898706E-036 
                                     845                  1.3556730327335398E-004                 -1.8432829158351847E+000                  7.3198592356367316E+000                  1.8109433006263582E+000                  1.7258941021132721E+001                  6.9852532545479507E-001                  2.8090923056068634E-001                  2.0565443984518650E-002                  1.2907336030829774E+002                  2.5093153437858609E+002                  1.4565092280870264E-036 
                                     846                  7.7784573638939314E-005                 -1.9237558515665543E+000                  7.3200005474981902E+000                  1.8111555932086183E+000                  1.7259299084681892E+001                  6.9852532545475365E-001                  2.8090923056073069E-001                  2.0565443984515652E-002                  1.2963832442497670E+002                  2.5244266003183964E+002                  1.4787771677245183E-036 
                                     847                  4.8893208821731975E-005                 -1.9910017093405667E+000                  7.3200830026105121E+000                  1.8112794419265992E+000                  1.7259508007140372E+001                  6.9852532545472812E-001                  2.8090923056075806E-001                  2.0565443984513765E-002                  1.2996919840241137E+002                  2.5332852051961575E+002                  1.4919260470651361E-036 
                                     848                  3.4447526413017293E-005                 -2.0417160912834520E+000                  7.3201447659974299E+000                  1.8113721959336904E+000                  1.7259664494115142E+001                  6.9852532545470813E-001                  2.8090923056077938E-001                  2.0565443984512433E-002                  1.3021763009016092E+002                  2.5399407387862948E+002                  1.5018511207995035E-036 
                                     849                  2.0001844004403219E-005                 -2.1204326584522151E+000                  7.3202073974952642E+000                  1.8114662500120018E+000                  1.7259823184040414E+001                  6.9852532545468671E-001                  2.8090923056080236E-001                  2.0565443984510878E-002                  1.3047007297875518E+002                  2.5467073827455951E+002                  1.5119825973020761E-036 
                                     850                  1.0000922001419249E-005                 -2.2207936765770144E+000                  7.3202558119096670E+000                  1.8115389505316097E+000                  1.7259945853233432E+001                  6.9852532545466883E-001                  2.8090923056082157E-001                  2.0565443984509546E-002                  1.3066557112368397E+002                  2.5519501688659327E+002                  1.5198607127572452E-036 
                                     851                  5.0004610001493088E-006                 -2.3211481461219741E+000                  7.3202863074821334E+000                  1.8115847406551158E+000                  1.7260023120122661E+001                  6.9852532545465662E-001                  2.8090923056083461E-001                  2.0565443984508769E-002                  1.3078887312262276E+002                  2.5552579647373690E+002                  1.5248439109061953E-036 
                                     852                  2.5002304995143383E-006                 -2.4214984894321430E+000                  7.3203055170608513E+000                  1.8116135833176448E+000                  1.7260071791298792E+001                  6.9852532545464829E-001                  2.8090923056084349E-001                  2.0565443984508214E-002                  1.3086660645353652E+002                  2.5573437508994073E+002                  1.5279912098069897E-036 
                                     853                  1.2501152493078760E-006                 -2.5218462297254591E+000                  7.3203176177695433E+000                  1.8116317517425984E+000                  1.7260102450663080E+001                  6.9852532545464263E-001                  2.8090923056084960E-001                  2.0565443984507770E-002                  1.3091559838324605E+002                  2.5586585101373834E+002                  1.5299770971511686E-036 
                                     854                  6.2505762409362231E-007                 -2.6221923222265651E+000                  7.3203252405119486E+000                  1.8116431966100333E+000                  1.7260121764232160E+001                  6.9852532545463875E-001                  2.8090923056085365E-001                  2.0565443984507548E-002                  1.3094647048938396E+002                  2.5594870725843097E+002                  1.5312294044262759E-036 
                                     855                  3.1252881148649547E-007                 -2.7225373603524354E+000                  7.3203300424474591E+000                  1.8116504062149654E+000                  1.7260133930768504E+001                  6.9852532545463619E-001                  2.8090923056085648E-001                  2.0565443984507326E-002                  1.3096592231241107E+002                  2.5600091595121086E+002                  1.5320188153809942E-036 
                                     856                  1.5626440518293205E-007                 -2.8228817015014638E+000                  7.3203340757651088E+000                  1.8116564617600677E+000                  1.7260144149850255E+001                  6.9852532545463386E-001                  2.8090923056085904E-001                  2.0565443984507104E-002                  1.3098226296968488E+002                  2.5604477597013556E+002                  1.5326821816389211E-036 
