m,r,rho,T,P,l,epsilon,kappa,grad_ad,grad_rad,grad_act,nature
1.989e+23,8298998.706650476,83.07473476313415,13466479.094320763,1.4960166811590963e+17,2.779558837133613e+24,13.97464059782448,1.5117495312134108,0.4,0.378896452791383,0.378896452791383,RAD
1.9890000000000035e+23,8298998.706650481,83.07473476313415,13466479.094320763,1.4960166811590963e+17,2.779558837133618e+24,13.97464059782448,1.5117495312134108,0.4,0.378896452791383,0.378896452791383,RAD
1.989000000000037e+23,8298998.706650527,83.07473476313415,13466479.094320763,1.4960166811590963e+17,2.7795588371336646e+24,13.97464059782448,1.5117495312134108,0.4,0.378896452791383,0.378896452791383,RAD
1.9890000000003726e+23,8298998.706650994,83.07473476313415,13466479.094320763,1.4960166811590963e+17,2.779558837134133e+24,13.97464059782448,1.5117495312134108,0.4,0.37889645279138295,0.37889645279138295,RAD
1.989000000003728e+23,8298998.706655661,83.07473476313415,13466479.094320763,1.4960166811590963e+17,2.7795588371388223e+24,13.97464059782448,1.5117495312134108,0.4,0.3788964527913829,0.3788964527913829,RAD
1.9890000000372824e+23,8298998.706702328,83.07473476313415,13466479.094320763,1.4960166811590963e+17,2.7795588371857137e+24,13.97464059782448,1.5117495312134108,0.4,0.378896452791383,0.378896452791383,RAD
1.9890000003728268e+23,8298998.707169008,83.07473476313415,13466479.094320763,1.4960166811590963e+17,2.779558837654625e+24,13.97464059782448,1.5117495312134108,0.4,0.37889645279138284,0.37889645279138284,RAD
1.98900000372827e+23,8298998.711835814,83.07473476313413,13466479.094320761,1.4960166811590957e+17,2.779558842343736e+24,13.97464059782445,1.5117495312134108,0.4,0.37889645279138223,0.37889645279138223,RAD
1.989000037282702e+23,8298998.758503865,83.07473476313386,13466479.094320735,1.4960166811590883e+17,2.779558889234849e+24,13.974640597824289,1.511749531213415,0.4,0.3788964527913779,0.3788964527913779,RAD
1.989000372827022e+23,8298999.22518435,83.07473476313127,13466479.09432048,1.4960166811590134e+17,2.779559358145976e+24,13.974640597822697,1.5117495312134595,0.4,0.3788964527913338,0.3788964527913338,RAD
1.989003728270222e+23,8299003.891986314,83.07473476310552,13466479.094317932,1.4960166811582662e+17,2.779564047257253e+24,13.974640597806742,1.5117495312138556,0.4,0.3788964527908818,0.3788964527908818,RAD
1.989037282702222e+23,8299050.55971728,83.0747347628479,13466479.094292445,1.4960166811507936e+17,2.779610938370019e+24,13.974640597647154,1.511749531217852,0.4,0.3788964527863691,0.3788964527863691,RAD
1.989372827022222e+23,8299517.208162966,83.07473476027182,13466479.094037585,1.496016681076069e+17,2.7800798494976506e+24,13.974640596051401,1.5117495312577804,0.4,0.3788964527412422,0.3788964527412422,RAD
1.992728270222222e+23,8304180.809222127,83.07473473451898,13466479.091489777,1.4960166803290554e+17,2.78476896077102e+24,13.974640580098804,1.5117495316569374,0.4,0.3788964522907117,0.3788964522907117,RAD
2.016864774010057e+23,8337573.907104635,83.07473454969653,13466479.073204719,1.4960166749679024e+17,2.818498857162279e+24,13.974640465610454,1.5117495345216378,0.4,0.3788964490890712,0.3788964490890712,RAD
2.041001277797892e+23,8370701.63885114,83.07473436560988,13466479.054992458,1.4960166696280934e+17,2.852228753277755e+24,13.974640351577893,1.5117495373749283,0.4,0.3788964459544115,0.3788964459544115,RAD
2.0651377815857272e+23,8403569.214427084,83.07473418224752,13466479.03685185,1.496016664309293e+17,2.885958649118539e+24,13.974640237994006,1.5117495402169918,0.4,0.3788964428844195,0.3788964428844195,RAD
2.0892742853735623e+23,8436181.682040319,83.07473399959815,13466479.01878178,1.4960166590111744e+17,2.919688544685705e+24,13.974640124851767,1.5117495430480057,0.4,0.3788964398768874,0.3788964398768874,RAD
2.1134107891613973e+23,8468543.934967263,83.07473381765078,13466479.000781162,1.4960166537334192e+17,2.9534184399803117e+24,13.974640012144379,1.5117495458681371,0.4,0.37889643692970737,0.37889643692970737,RAD
2.1375472929492324e+23,8500660.718016597,83.07473363639477,13466478.982848942,1.496016648475718e+17,2.9871483350034006e+24,13.974639899865284,1.5117495486775503,0.4,0.378896434040866,0.378896434040866,RAD
2.1616837967370675e+23,8532536.633653613,83.07473345581971,13466478.964984093,1.4960166432377696e+17,3.0208782297559974e+24,13.974639788007998,1.5117495514764163,0.4,0.37889643120844224,0.37889643120844224,RAD
2.1858203005249026e+23,8564176.147806607,83.07473327591549,13466478.947185611,1.4960166380192803e+17,3.054608124239112e+24,13.974639676566262,1.5117495542648773,0.4,0.37889642843059357,0.37889642843059357,RAD
2.2099568043127376e+23,8595583.595375124,83.07473309667229,13466478.929452524,1.4960166328199645e+17,3.088338018453741e+24,13.974639565533977,1.5117495570430963,0.4,0.3788964257055635,0.3788964257055635,RAD
2.2340933081005727e+23,8626763.185458474,83.07473291808044,13466478.91178388,1.496016627639543e+17,3.122067912400865e+24,13.9746394549052,1.5117495598112183,0.4,0.37889642303166726,0.37889642303166726,RAD
2.2582298118884078e+23,8657719.00632155,83.07473274013059,13466478.894178752,1.4960166224777443e+17,3.155797806081451e+24,13.974639344674113,1.5117495625693913,0.4,0.37889642040729393,0.37889642040729393,RAD
2.282366315676243e+23,8688455.030113827,83.07473256281362,13466478.876636237,1.4960166173343037e+17,3.1895276994964515e+24,13.974639234835049,1.5117495653177513,0.4,0.37889641783089795,0.37889641783089795,RAD
2.306502819464078e+23,8718975.117356285,83.07473238612063,13466478.859155452,1.4960166122089626e+17,3.223257592646807e+24,13.974639125382515,1.5117495680564434,0.4,0.3788964153010015,0.3788964153010015,RAD
2.330639323251913e+23,8749283.021209942,83.07473221004291,13466478.841735538,1.4960166071014688e+17,3.256987485533443e+24,13.97463901631109,1.5117495707856003,0.4,0.3788964128161847,0.3788964128161847,RAD
2.354775827039748e+23,8779382.391538803,83.074732034572,13466478.824375657,1.4960166020115763e+17,3.2907173781572733e+24,13.974638907615578,1.5117495735053514,0.4,0.3788964103750861,0.3788964103750861,RAD
2.3789123308275832e+23,8809276.778779104,83.0747318596996,13466478.80707499,1.496016596939045e+17,3.3244472705191994e+24,13.974638799290823,1.511749576215819,0.4,0.37889640797639806,0.37889640797639806,RAD
2.4030488346154183e+23,8838969.637625976,83.0747316854176,13466478.789832735,1.4960165918836406e+17,3.3581771626201097e+24,13.974638691331801,1.5117495789171413,0.4,0.37889640561886984,0.37889640561886984,RAD
2.4320516687179066e+23,8874387.251137178,83.0747314767673,13466478.769190313,1.496016585831312e+17,3.398707575193247e+24,13.974638562083287,1.5117495821511626,0.4,0.37889640283876846,0.37889640283876846,RAD
2.461054502820395e+23,8909524.396136152,83.07473126894476,13466478.748629786,1.4960165798029946e+17,3.4392379873922726e+24,13.974638433347529,1.5117495853723508,0.4,0.3788964001143571,0.3788964001143571,RAD
2.490057336922883e+23,8944386.560032293,83.07473106193697,13466478.72814987,1.496016573798312e+17,3.479768399218662e+24,13.974638305116528,1.51174958858091,0.4,0.3788963974437288,0.3788963974437288,RAD
2.5190601710253714e+23,8978979.060446387,83.0747308557314,13466478.707749316,1.4960165678168982e+17,3.520298810673868e+24,13.974638177382447,1.5117495917770398,0.4,0.3788963948250643,0.3788963948250643,RAD
2.5480630051278597e+23,9013307.052351436,83.0747306503157,13466478.687426906,1.4960165618583965e+17,3.5608292217593194e+24,13.97463805013761,1.5117495949609234,0.4,0.37889639225662364,0.37889639225662364,RAD
2.577065839230348e+23,9047375.534835583,83.0747304456779,13466478.667181458,1.4960165559224595e+17,3.601359632476426e+24,13.9746379233747,1.5117495981327527,0.4,0.378896389736748,0.378896389736748,RAD
2.6060686733328363e+23,9081189.35751116,83.07473024180636,13466478.647011818,1.4960165500087494e+17,3.641890042826574e+24,13.974637797086398,1.5117496012927027,0.4,0.3788963872638491,0.3788963872638491,RAD
2.6350715074353246e+23,9114753.22659208,83.07473003868974,13466478.626916865,1.4960165441169373e+17,3.6824204528111297e+24,13.974637671265778,1.5117496044409513,0.4,0.3788963848364097,0.3788963848364097,RAD
2.664074341537813e+23,9148071.71066018,83.07472983631695,13466478.606895503,1.4960165382467018e+17,3.72295086243144e+24,13.974637545905894,1.5117496075776706,0.4,0.3788963824529781,0.3788963824529781,RAD
2.6930771756403012e+23,9181149.246139659,83.07472963467723,13466478.586946666,1.4960165323977306e+17,3.763481271688831e+24,13.974637421000164,1.5117496107030304,0.4,0.3788963801121649,0.3788963801121649,RAD
2.7220800097427895e+23,9213990.142497344,83.07472943376008,13466478.567069314,1.496016526569719e+17,3.804011680584611e+24,13.974637296541971,1.5117496138171884,0.4,0.37889637781263796,0.37889637781263796,RAD
2.7510828438452778e+23,9246598.58718529,83.07472923355527,13466478.547262436,1.4960165207623696e+17,3.844542089120068e+24,13.974637172525082,1.5117496169203049,0.4,0.37889637555312167,0.37889637555312167,RAD
2.780085677947766e+23,9278978.650341038,83.07472903405277,13466478.52752504,1.4960165149753926e+17,3.885072497296473e+24,13.974637048943185,1.511749620012535,0.4,0.37889637333239384,0.37889637333239384,RAD
2.8090885120502544e+23,9311134.28925984,83.07472883524282,13466478.50785616,1.496016509208505e+17,3.9256029051150797e+24,13.974636925790366,1.5117496230940302,0.4,0.3788963711492821,0.3788963711492821,RAD
2.8380913461527427e+23,9343069.352652112,83.07472863711595,13466478.488254858,1.4960165034614307e+17,3.966133312577123e+24,13.974636803060623,1.511749626164943,0.4,0.3788963690026623,0.3788963690026623,RAD
2.867094180255231e+23,9374787.584698541,83.07472843966282,13466478.468720214,1.4960164977339e+17,4.006663719683822e+24,13.974636680748233,1.5117496292254085,0.4,0.3788963668914523,0.3788963668914523,RAD
2.8960970143577193e+23,9406292.628914382,83.07472824287437,13466478.44925133,1.4960164920256502e+17,4.047194126436379e+24,13.974636558847614,1.5117496322755695,0.4,0.37889636481461586,0.37889636481461586,RAD
2.9310543840972383e+23,9443987.628668848,83.07472800655438,13466478.425871467,1.496016485170707e+17,4.0960457798966444e+24,13.97463641245918,1.5117496359384592,0.4,0.37889636235565954,0.37889636235565954,RAD
2.9660117538367573e+23,9481384.093195625,83.07472777117202,13466478.40258437,1.4960164783429622e+17,4.144897432846192e+24,13.974636266651553,1.5117496395868177,0.4,0.37889635994352616,0.37889635994352616,RAD
3.0009691235762763e+23,9518487.864007376,83.07472753671263,13466478.379388584,1.4960164715419898e+17,4.1937490852870367e+24,13.974636121415653,1.5117496432208741,0.4,0.37889635757662304,0.37889635757662304,RAD
3.035926493315795e+23,9555304.601852555,83.0747273031619,13466478.35628269,1.496016464767374e+17,4.2426007372211606e+24,13.97463597674263,1.5117496468408411,0.4,0.37889635525342796,0.37889635525342796,RAD
3.0708838630553136e+23,9591839.794318622,83.07472707050587,13466478.333265316,1.4960164580187117e+17,4.291452388650517e+24,13.974635832623825,1.5117496504469405,0.4,0.3788963529724908,0.3788963529724908,RAD
3.105841232794832e+23,9628098.76303286,83.07472683873101,13466478.310335116,1.4960164512956093e+17,4.340304039577028e+24,13.974635689050862,1.5117496540393849,0.4,0.3788963507324253,0.3788963507324253,RAD
3.140798602534351e+23,9664086.67048635,83.07472660782409,13466478.287490787,1.496016444597684e+17,4.389155690002588e+24,13.974635546015556,1.5117496576183758,0.4,0.37889634853190507,0.37889634853190507,RAD
3.1757559722738697e+23,9699808.52650479,83.0747263777723,13466478.264731057,1.4960164379245626e+17,4.4380073399290624e+24,13.97463540350994,1.5117496611841117,0.4,0.37889634636966174,0.37889634636966174,RAD
3.2107133420133883e+23,9735269.194388106,83.07472614856306,13466478.242054686,1.496016431275882e+17,4.486858989358289e+24,13.974635261526256,1.5117496647367865,0.4,0.3788963442444823,0.3788963442444823,RAD
3.245670711752907e+23,9770473.39673921,83.0747259201842,13466478.219460465,1.4960164246512877e+17,4.535710638292079e+24,13.974635120056963,1.5117496682765963,0.4,0.3788963421552069,0.3788963421552069,RAD
3.280628081492426e+23,9805425.721000826,83.0747256926238,13466478.196947217,1.4960164180504346e+17,4.584562286732218e+24,13.974634979094652,1.5117496718037156,0.4,0.3788963401007206,0.3788963401007206,RAD
3.3155854512319444e+23,9840130.624717945,83.07472546587027,13466478.174513794,1.4960164114729862e+17,4.633413934680466e+24,13.974634838632204,1.5117496753183313,0.4,0.3788963380799591,0.3788963380799591,RAD
3.350542820971463e+23,9874592.440542238,83.07472523991225,13466478.152159076,1.4960164049186138e+17,4.682265582138557e+24,13.974634698662475,1.5117496788206086,0.4,0.37889633609189766,0.37889633609189766,RAD
3.385500190710982e+23,9908815.380993633,83.0747250147387,13466478.12988197,1.4960163983869968e+17,4.731117229108202e+24,13.974634559178739,1.511749682310733,0.4,0.3788963341355593,0.3788963341355593,RAD
3.4204575604505004e+23,9942803.542993233,83.07472479033889,13466478.107681409,1.4960163918778227e+17,4.7799688755910885e+24,13.974634420174265,1.511749685788869,0.4,0.378896332210003,0.378896332210003,RAD
3.455414930190019e+23,9976560.912180753,83.07472456670224,13466478.08555635,1.4960163853907862e+17,4.82882052158888e+24,13.974634281642548,1.511749689255172,0.4,0.37889633031432385,0.37889633031432385,RAD
3.490372299929538e+23,10010091.367028803,83.07472434381849,13466478.06350578,1.496016378925589e+17,4.877672167103218e+24,13.974634143577205,1.5117496927098035,0.4,0.3788963284476549,0.3788963284476549,RAD
3.5325080313117486e+23,10050210.93337336,83.07472407615286,13466478.0370248,1.4960163711614026e+17,4.936555309797513e+24,13.974633977771738,1.5117496968585438,0.4,0.37889632623505065,0.37889632623505065,RAD
3.5746437626939595e+23,10090012.72426024,83.0747238095494,13466478.010648903,1.496016363428026e+17,4.995438451794564e+24,13.974633812624212,1.5117497009908187,0.4,0.37889632406198825,0.37889632406198825,RAD
3.6167794940761704e+23,10129502.95842044,83.07472354399141,13466477.98437644,1.496016355724976e+17,5.054321593097121e+24,13.974633648124335,1.5117497051068929,0.4,0.3788963219271365,0.3788963219271365,RAD
3.6589152254583813e+23,10168687.662125174,83.07472327946269,13466477.958205808,1.4960163480517824e+17,5.113204733707894e+24,13.974633484262048,1.51174970920701,0.4,0.3788963198292213,0.3788963198292213,RAD
3.701050956840592e+23,10207572.677281974,83.07472301594751,13466477.932135444,1.496016340407988e+17,5.172087873629547e+24,13.974633321027591,1.5117497132914173,0.4,0.3788963177670285,0.3788963177670285,RAD
3.743186688222803e+23,10246163.669102242,83.07472275343048,13466477.906163832,1.496016332793147e+17,5.230971012864705e+24,13.974633158411429,1.5117497173603511,0.4,0.3788963157393965,0.3788963157393965,RAD
3.785322419605014e+23,10284466.133367496,83.07472249189664,13466477.880289491,1.4960163252068256e+17,5.289854151415954e+24,13.974632996404308,1.5117497214140518,0.4,0.3788963137452175,0.3788963137452175,RAD
3.827458150987225e+23,10322485.403319523,83.07472223133144,13466477.85451098,1.4960163176486013e+17,5.348737289285842e+24,13.974632834997216,1.5117497254527363,0.4,0.3788963117834277,0.3788963117834277,RAD
3.869593882369436e+23,10360226.656197824,83.07472197172065,13466477.828826893,1.4960163101180627e+17,5.407620426476878e+24,13.974632674181342,1.511749729476625,0.4,0.3788963098530112,0.3788963098530112,RAD
3.911729613751647e+23,10397694.91944603,83.07472171305051,13466477.803235864,1.4960163026148083e+17,5.466503562991535e+24,13.974632513948126,1.5117497334859404,0.4,0.37889630795299695,0.37889630795299695,RAD
3.953865345133858e+23,10434895.07660744,83.07472145530747,13466477.77773656,1.496016295138447e+17,5.52538669883225e+24,13.974632354289263,1.5117497374808826,0.4,0.3788963060824503,0.3788963060824503,RAD
3.9960010765160686e+23,10471831.872928364,83.07472119847839,13466477.752327677,1.4960162876885974e+17,5.584269834001427e+24,13.974632195196506,1.5117497414616534,0.4,0.37889630424047815,0.37889630424047815,RAD
4.0381368078982795e+23,10508509.920686703,83.07472094255048,13466477.727007948,1.4960162802648874e+17,5.643152968501434e+24,13.974632036662006,1.5117497454284647,0.4,0.37889630242622657,0.37889630242622657,RAD
4.0802725392804904e+23,10544933.70426192,83.07472068751119,13466477.701776132,1.496016272866954e+17,5.702036102334607e+24,13.974631878677938,1.5117497493814975,0.4,0.3788963006388712,0.3788963006388712,RAD
4.122408270662701e+23,10581107.584961517,83.07472043334832,13466477.676631024,1.4960162654944426e+17,5.760919235503248e+24,13.974631721236788,1.511749753320948,0.4,0.37889629887762466,0.37889629887762466,RAD
4.164544002044912e+23,10617035.805618066,83.07472018004992,13466477.651571441,1.4960162581470074e+17,5.81980236800963e+24,13.974631564331132,1.511749757246996,0.4,0.37889629714172873,0.37889629714172873,RAD
4.206679733427123e+23,10652722.49496989,83.07471992760436,13466477.626596235,1.4960162508243107e+17,5.878685499855994e+24,13.974631407953783,1.5117497611598294,0.4,0.37889629543045794,0.37889629543045794,RAD
4.257470491118726e+23,10695424.17861531,83.07471962442192,13466477.59660147,1.4960162420298867e+17,5.949663711145819e+24,13.97463122014744,1.5117497658590717,0.4,0.37889629339941816,0.37889629339941816,RAD
4.305412327089966e+23,10735420.204044253,83.07471933934958,13466477.5683984,1.496016233760785e+17,6.016660658493746e+24,13.974631043559473,1.511749770277605,0.4,0.3788962915131391,0.3788962915131391,RAD
4.353354163061206e+23,10775120.410292761,83.07471905533349,13466477.54029982,1.49601622552232e+17,6.08365760499665e+24,13.974630867625764,1.5117497746797754,0.4,0.37889628965584954,0.37889628965584954,RAD
4.4012959990324456e+23,10814530.207271442,83.07471877235808,13466477.5123042,1.4960162173140426e+17,6.150654550657645e+24,13.974630692336692,1.5117497790658119,0.4,0.37889628782664525,0.37889628782664525,RAD
4.4492378350036855e+23,10853654.848309534,83.07471849040827,13466477.484410048,1.4960162091355152e+17,6.217651495479798e+24,13.974630517682947,1.5117497834359472,0.4,0.37889628602466247,0.37889628602466247,RAD
4.4971796709749254e+23,10892499.436319588,83.07471820946937,13466477.456615906,1.496016200986311e+17,6.284648439466134e+24,13.974630343655399,1.5117497877904167,0.4,0.37889628424907623,0.37889628424907623,RAD
4.5451215069461654e+23,10931068.929656513,83.07471792952703,13466477.428920358,1.4960161928660144e+17,6.351645382619632e+24,13.974630170245186,1.5117497921294456,0.4,0.3788962824990943,0.3788962824990943,RAD
4.593063342917405e+23,10969368.147689218,83.07471765056728,13466477.401322018,1.4960161847742192e+17,6.418642324943233e+24,13.974629997443637,1.511749796453237,0.4,0.378896280773953,0.378896280773953,RAD
4.641005178888645e+23,11007401.776101766,83.07471737257642,13466477.373819537,1.4960161767105293e+17,6.485639266439834e+24,13.97462982524226,1.511749800762014,0.4,0.3788962790729253,0.3788962790729253,RAD
4.688947014859885e+23,11045174.371939855,83.07471709554113,13466477.346411597,1.4960161686745584e+17,6.552636207112292e+24,13.974629653632846,1.5117498050559781,0.4,0.3788962773953101,0.3788962773953101,RAD
4.736888850831125e+23,11082690.368417293,83.07471681944847,13466477.31909691,1.4960161606659293e+17,6.619633146963426e+24,13.974629482607314,1.5117498093353332,0.4,0.37889627574043555,0.37889627574043555,RAD
4.784830686802365e+23,11119954.07949622,83.07471654428568,13466477.291874219,1.4960161526842733e+17,6.686630085996016e+24,13.97462931215779,1.5117498136002776,0.4,0.37889627410765614,0.37889627410765614,RAD
4.8425747056039797e+23,11164507.73959429,83.07471621408007,13466477.259205975,1.4960161431059888e+17,6.767325211179741e+24,13.97462910761205,1.5117498187183644,0.4,0.3788962721694914,0.3788962721694914,RAD
4.900318724405594e+23,11208708.61372106,83.07471588518439,13466477.226667326,1.496016133565701e+17,6.848020335184686e+24,13.97462890387772,1.5117498238161522,0.4,0.37889627026144235,0.37889627026144235,RAD
4.958062743207209e+23,11252563.603609322,83.07471555757809,13466477.194256239,1.4960161240628144e+17,6.928715458015499e+24,13.974628700942107,1.5117498288939533,0.4,0.37889626838251605,0.37889626838251605,RAD
5.015806762008824e+23,11296079.397459688,83.07471523124114,13466477.161970736,1.496016114596749e+17,7.009410579676757e+24,13.974628498792786,1.5117498339520796,0.4,0.3788962665317661,0.3788962665317661,RAD
5.0735507808104383e+23,11339262.478920408,83.0747149061542,13466477.129808893,1.4960161051669408e+17,7.090105700172964e+24,13.974628297417791,1.5117498389908337,0.4,0.37889626470828847,0.37889626470828847,RAD
5.131294799612053e+23,11382119.13559201,83.07471458229818,13466477.09776884,1.4960160957728403e+17,7.170800819508559e+24,13.974628096805295,1.5117498440105073,0.4,0.37889626291121764,0.37889626291121764,RAD
5.189038818413668e+23,11424655.467086958,83.07471425965478,13466477.06584875,1.496016086413913e+17,7.25149593768791e+24,13.974627896943977,1.5117498490113868,0.4,0.37889626113972685,0.37889626113972685,RAD
5.2467828372152824e+23,11466877.39267226,83.07471393820597,13466477.034046846,1.4960160770896378e+17,7.332191054715324e+24,13.97462769782263,1.5117498539937457,0.4,0.37889625939302335,0.37889625939302335,RAD
5.304526856016897e+23,11508790.658520972,83.07471361793431,13466477.002361396,1.4960160677995072e+17,7.412886170595041e+24,13.97462749943048,1.5117498589578635,0.4,0.37889625767035157,0.37889625767035157,RAD
5.362270874818512e+23,11550400.84459663,83.07471329882267,13466476.970790716,1.4960160585430266e+17,7.493581285331242e+24,13.974627301756914,1.5117498639039957,0.4,0.37889625597098314,0.37889625597098314,RAD
5.4200148936201264e+23,11591713.37119291,83.07471298085449,13466476.939333158,1.4960160493197136e+17,7.574276398928046e+24,13.974627104791628,1.5117498688324085,0.4,0.3788962542942248,0.3788962542942248,RAD
5.477758912421741e+23,11632733.505149297,83.07471266401355,13466476.90798712,1.496016040129098e+17,7.654971511389514e+24,13.974626908524636,1.5117498737433521,0.4,0.378896252639409,0.378896252639409,RAD
5.535502931223356e+23,11673466.36576202,83.07471234828394,13466476.876751035,1.4960160309707206e+17,7.73566662271965e+24,13.974626712946069,1.5117498786370656,0.4,0.3788962510058946,0.3788962510058946,RAD
5.5932469500249704e+23,11713916.93040821,83.07471203365034,13466476.84562338,1.496016021844134e+17,7.816361732922401e+24,13.974626518046458,1.5117498835137986,0.4,0.3788962493930696,0.3788962493930696,RAD
5.650990968826585e+23,11754090.039900023,83.07471172009765,13466476.814602662,1.4960160127489018e+17,7.897056842001662e+24,13.974626323816349,1.5117498883737714,0.4,0.3788962478003416,0.3788962478003416,RAD
5.7087349876282e+23,11793990.403584288,83.07471140761115,13466476.783687426,1.4960160036845968e+17,7.977751949961271e+24,13.974626130246747,1.5117498932172184,0.4,0.3788962462271456,0.3788962462271456,RAD
5.7664790064298144e+23,11833622.60420222,83.0747110961765,13466476.752876254,1.496015994650803e+17,8.058447056805016e+24,13.974625937328703,1.511749898044366,0.4,0.3788962446729384,0.3788962446729384,RAD
5.836076318334262e+23,11881040.171489617,83.07471072219073,13466476.715876706,1.496015983802586e+17,8.15570669600914e+24,13.97462570566339,1.5117499038410325,0.4,0.37889624282418566,0.37889624282418566,RAD
5.90567363023871e+23,11928082.240599392,83.07471034968866,13466476.67902395,1.4960159729974077e+17,8.252966333604142e+24,13.974625474917145,1.5117499096147076,0.4,0.3788962410013809,0.3788962410013809,RAD
5.975270942143158e+23,11974756.158274647,83.07470997864706,13466476.64231568,1.496015962234593e+17,8.350225969596369e+24,13.974625245075623,1.5117499153657423,0.4,0.3788962392036838,0.3788962392036838,RAD
6.044868254047606e+23,12021069.04393737,83.07470960904325,13466476.60574966,1.496015951513485e+17,8.447485603992069e+24,13.974625016124737,1.5117499210944911,0.4,0.3788962374302948,0.3788962374302948,RAD
6.114465565952053e+23,12067027.799248999,83.07470924085527,13466476.569323707,1.4960159408334454e+17,8.54474523679739e+24,13.974624788050896,1.511749926801296,0.4,0.37889623568044906,0.37889623568044906,RAD
6.1840628778565e+23,12112639.117165029,83.07470887406163,13466476.533035701,1.4960159301938515e+17,8.642004868018392e+24,13.974624560840763,1.511749932486488,0.4,0.37889623395341504,0.37889623395341504,RAD
6.253660189760947e+23,12157909.490515804,83.07470850864144,13466476.496883575,1.4960159195940976e+17,8.73926449766104e+24,13.97462433448141,1.5117499381503974,0.4,0.37889623224849406,0.37889623224849406,RAD
6.323257501665395e+23,12202845.220143279,83.07470814457436,13466476.460865317,1.4960159090335936e+17,8.836524125731212e+24,13.974624108960287,1.511749943793326,0.4,0.37889623056501304,0.37889623056501304,RAD
6.392854813569842e+23,12247452.422621341,83.07470778184059,13466476.424978966,1.4960158985117645e+17,8.933783752234699e+24,13.97462388426504,1.5117499494155924,0.4,0.37889622890233293,0.37889622890233293,RAD
6.462452125474289e+23,12291737.037585279,83.07470742042078,13466476.38922261,1.49601588802805e+17,9.031043377177207e+24,13.974623660383754,1.5117499550174942,0.4,0.3788962272598384,0.3788962272598384,RAD
6.532049437378736e+23,12335704.8346942,83.07470706029612,13466476.353594387,1.4960158775819034e+17,9.128303000564359e+24,13.974623437304711,1.5117499605993183,0.4,0.3788962256369388,0.3788962256369388,RAD
6.601646749283183e+23,12379361.420248438,83.07470670144822,13466476.318092478,1.4960158671727923e+17,9.225562622401701e+24,13.974623215016623,1.5117499661613565,0.4,0.37889622403307044,0.37889622403307044,RAD
6.67124406118763e+23,12422712.243482541,83.07470634385915,13466476.282715114,1.4960158568001968e+17,9.322822242694697e+24,13.974622993508287,1.5117499717038834,0.4,0.37889622244768967,0.37889622244768967,RAD
6.740841373092078e+23,12465762.602552906,83.07470598751148,13466476.24746056,1.49601584646361e+17,9.420081861448737e+24,13.974622772768933,1.511749977227166,0.4,0.37889622088027514,0.37889622088027514,RAD
6.810438684996525e+23,12508517.650237894,83.07470563238815,13466476.212327134,1.496015836162537e+17,9.517341478669135e+24,13.974622552788018,1.5117499827314727,0.4,0.378896219330327,0.378896219330327,RAD
6.880035996900972e+23,12550982.399367018,83.07470527847244,13466476.177313184,1.4960158258964947e+17,9.614601094361134e+24,13.974622333555185,1.5117499882170622,0.4,0.3788962177973649,0.3788962177973649,RAD
6.94963330880542e+23,12593161.727994671,83.07470492574814,13466476.142417103,1.4960158156650112e+17,9.711860708529907e+24,13.974622115060315,1.5117499936841845,0.4,0.3788962162809262,0.3788962162809262,RAD
7.03352015537213e+23,12643628.598204998,83.07470450216431,13466476.100510677,1.496015803378104e+17,9.829089405548008e+24,13.974621852671628,1.511750000249609,0.4,0.37889621447446703,0.37889621447446703,RAD
7.11740700193884e+23,12693695.777434647,83.07470408026118,13466476.058770528,1.4960157911399488e+17,9.94631810036939e+24,13.974621591324029,1.5117500067889804,0.4,0.37889621269062157,0.37889621269062157,RAD
7.201293848505551e+23,12743371.08664642,83.0747036600124,13466476.017194046,1.496015778949781e+17,1.006354679300272e+25,13.974621331001206,1.5117500133027155,0.4,0.37889621092867964,0.37889621092867964,RAD
7.285180695072262e+23,12792662.104781922,83.0747032413923,13466475.975778695,1.4960157668068566e+17,1.0180775483456527e+25,13.97462107168727,1.5117500197912046,0.4,0.3788962091879582,0.3788962091879582,RAD
7.369067541638972e+23,12841576.17894147,83.07470282437592,13466475.934522007,1.4960157547104515e+17,1.0298004171739208e+25,13.974620813366784,1.51175002625483,0.4,0.3788962074678052,0.3788962074678052,RAD
7.452954388205683e+23,12890120.434025247,83.07470240893898,13466475.893421575,1.496015742659861e+17,1.0415232857859034e+25,13.974620556024657,1.51175003269398,0.4,0.3788962057676011,0.3788962057676011,RAD
7.536841234772393e+23,12938301.781869873,83.0747019950578,13466475.852475062,1.496015730654399e+17,1.053246154182415e+25,13.974620299646263,1.511750039109021,0.4,0.3788962040867493,0.3788962040867493,RAD
7.620728081339104e+23,12986126.929912148,83.07470158270934,13466475.811680185,1.4960157186933968e+17,1.0649690223642581e+25,13.974620044217348,1.511750045500299,0.4,0.3788962024246763,0.3788962024246763,RAD
7.704614927905814e+23,13033602.389409319,83.07470117187115,13466475.771034723,1.496015706776203e+17,1.0766918903322233e+25,13.974619789723935,1.5117500518681701,0.4,0.37889620078083697,0.37889620078083697,RAD
7.788501774472525e+23,13080734.483243167,83.07470076252135,13466475.730536513,1.4960156949021827e+17,1.0884147580870897e+25,13.974619536152504,1.51175005821297,0.4,0.3788961991547062,0.3788961991547062,RAD
7.872388621039236e+23,13127529.35333321,83.07470035463858,13466475.690183442,1.496015683070717e+17,1.100137625629625e+25,13.974619283489865,1.5117500645350308,0.4,0.3788961975457809,0.3788961975457809,RAD
7.956275467605946e+23,13173992.96768254,83.07469994820205,13466475.649973452,1.496015671281203e+17,1.1118604929605863e+25,13.974619031723092,1.511750070834678,0.4,0.37889619595357954,0.37889619595357954,RAD
8.040162314172657e+23,13220131.127078181,83.07469954319149,13466475.609904535,1.496015659533051e+17,1.1235833600807198e+25,13.974618780839634,1.5117500771122194,0.4,0.3788961943776369,0.3788961943776369,RAD
8.124049160739367e+23,13265949.471466314,83.07469913958704,13466475.569974732,1.4960156478256867e+17,1.1353062269907612e+25,13.974618530827183,1.5117500833679745,0.4,0.3788961928175109,0.3788961928175109,RAD
8.207936007306078e+23,13311453.48602133,83.0746987373694,13466475.53018213,1.49601563615855e+17,1.1470290936914363e+25,13.97461828167383,1.5117500896022265,0.4,0.37889619127277,0.37889619127277,RAD
8.291822853872788e+23,13356648.506926397,83.0746983365197,13466475.490524864,1.4960156245310934e+17,1.1587519601834606e+25,13.974618033367848,1.511750095815276,0.4,0.378896189743005,0.378896189743005,RAD
8.375709700439499e+23,13401539.726882003,83.07469793701955,13466475.45100111,1.4960156129427827e+17,1.1704748264675402e+25,13.974617785897802,1.5117501020074144,0.4,0.37889618822782184,0.37889618822782184,RAD
8.476824814336785e+23,13455253.855104519,83.07469745724022,13466475.403535096,1.4960155990258122e+17,1.1846052770081045e+25,13.974617488698913,1.5117501094438495,0.4,0.37889618642029615,0.37889618642029615,RAD
8.572266995038189e+23,13505563.944247583,83.0746970061255,13466475.35890496,1.4960155859403168e+17,1.1979429565505625e+25,13.974617209256346,1.5117501164359952,0.4,0.3788961847325331,0.3788961847325331,RAD
8.667709175739593e+23,13555501.97641734,83.07469655668194,13466475.314440155,1.4960155729032966e+17,1.2112806358268097e+25,13.974616930848926,1.511750123402234,0.4,0.37889618306206735,0.37889618306206735,RAD
8.763151356440997e+23,13605074.754900107,83.07469610888505,13466475.27013826,1.4960155599140413e+17,1.2246183148378267e+25,13.974616653461547,1.5117501303429581,0.4,0.37889618140840936,0.37889618140840936,RAD
8.858593537142402e+23,13654288.886096189,83.07469566271092,13466475.225996912,1.4960155469718582e+17,1.23795599358458e+25,13.974616377079403,1.5117501372585203,0.4,0.3788961797710819,0.3788961797710819,RAD
8.954035717843806e+23,13703150.787270412,83.07469521813633,13466475.182013808,1.4960155340760723e+17,1.251293672068022e+25,13.974616101688103,1.511750144149296,0.4,0.3788961781496357,0.3788961781496357,RAD
9.04947789854521e+23,13751666.693918457,83.07469477513855,13466475.138186704,1.4960155212260256e+17,1.264631350289092e+25,13.974615827273542,1.5117501510156346,0.4,0.3788961765436345,0.3788961765436345,RAD
9.144920079246614e+23,13799842.666771889,83.07469433369548,13466475.09451341,1.496015508421076e+17,1.2779690282487154e+25,13.97461555382206,1.5117501578578683,0.4,0.37889617495265765,0.37889617495265765,RAD
9.240362259948018e+23,13847684.59846316,83.07469389378548,13466475.05099179,1.4960154956605965e+17,1.291306705947805e+25,13.974615281320244,1.5117501646763487,0.4,0.3788961733763077,0.3788961733763077,RAD
9.335804440649423e+23,13895198.219870446,83.07469345538749,13466475.007619759,1.4960154829439763e+17,1.3046443833872608e+25,13.974615009755038,1.5117501714713835,0.4,0.3788961718141933,0.3788961718141933,RAD
9.431246621350827e+23,13942389.106160773,83.07469301848094,13466474.96439528,1.4960154702706182e+17,1.317982060567971e+25,13.974614739113726,1.5117501782433063,0.4,0.3788961702659472,0.3788961702659472,RAD
9.526688802052231e+23,13989262.682548702,83.07469258304575,13466474.921316367,1.4960154576399395e+17,1.331319737490811e+25,13.974614469383816,1.5117501849924266,0.4,0.3788961687312117,0.3788961687312117,RAD
9.64165300500188e+23,14045310.093484163,83.07469206047112,13466474.869616488,1.4960154424816058e+17,1.347385541444626e+25,13.974614145675508,1.5117501930921757,0.4,0.37889616690000527,0.37889616690000527,RAD
9.75661720795153e+23,14100913.728308931,83.07469153996941,13466474.818121692,1.496015427383402e+17,1.3634513450270325e+25,13.974613823251309,1.5117502011597983,0.4,0.3788961650873263,0.3788961650873263,RAD
9.871581410901179e+23,14156082.268457688,83.07469102150816,13466474.766828762,1.496015412344385e+17,1.379517148239495e+25,13.97461350209102,1.511750209195794,0.4,0.37889616329262255,0.37889616329262255,RAD
9.986545613850828e+23,14210824.126782643,83.07469050505573,13466474.715734571,1.496015397363638e+17,1.3955829510834553e+25,13.974613182175121,1.5117502172006554,0.4,0.37889616151536737,0.37889616151536737,RAD
1.0101509816800477e+24,14265147.458847925,83.07468999058132,13466474.664836073,1.496015382440268e+17,1.411648753560333e+25,13.97461286348453,1.5117502251748554,0.4,0.37889615975505436,0.37889615975505436,RAD
1.0216474019750127e+24,14319060.173626367,83.07468947805498,13466474.614130305,1.496015367573406e+17,1.4277145556715259e+25,13.974612546000676,1.5117502331188613,0.4,0.37889615801120125,0.37889615801120125,RAD
1.0331438222699776e+24,14372569.94363659,83.07468896744757,13466474.56361438,1.4960153527622058e+17,1.443780357418411e+25,13.97461222970547,1.511750241033127,0.4,0.3788961562833452,0.3788961562833452,RAD
1.0446402425649425e+24,14425684.214555614,83.07468845873062,13466474.513285486,1.496015338005843e+17,1.459846158802345e+25,13.974611914581356,1.511750248918091,0.4,0.37889615457104153,0.37889615457104153,RAD
1.0561366628599074e+24,14478410.214339528,83.07468795187646,13466474.463140884,1.4960153233035142e+17,1.4759119598246636e+25,13.974611600611139,1.5117502567741805,0.4,0.3788961528738636,0.3788961528738636,RAD
1.0676330831548724e+24,14530754.961882513,83.0746874468581,13466474.413177904,1.4960153086544368e+17,1.4919777604866843e+25,13.974611287778124,1.5117502646018144,0.4,0.3788961511914031,0.3788961511914031,RAD
1.0791295034498373e+24,14582725.275242237,83.07468694364928,13466474.363393942,1.4960152940578477e+17,1.5080435607897048e+25,13.974610976066012,1.511750272401403,0.4,0.37889614952326767,0.37889614952326767,RAD
1.0906259237448022e+24,14634327.779457754,83.07468644222426,13466474.31378646,1.4960152795130022e+17,1.5241093607350046e+25,13.974610665458894,1.5117502801733427,0.4,0.3788961478690801,0.3788961478690801,RAD
1.1021223440397672e+24,14685568.913984127,83.07468594255806,13466474.264352983,1.4960152650191747e+17,1.5401751603238453e+25,13.974610355941275,1.5117502879180227,0.4,0.3788961462284782,0.3788961462284782,RAD
1.1136187643347321e+24,14736454.93976639,83.07468544462624,13466474.215091094,1.4960152505756566e+17,1.5562409595574705e+25,13.974610047498016,1.5117502956358164,0.4,0.37889614460111215,0.37889614460111215,RAD
1.125115184629697e+24,14786991.945973841,83.07468494840496,13466474.165998437,1.4960152361817565e+17,1.5723067584371069e+25,13.974609740114358,1.511750303327102,0.4,0.3788961429866491,0.3788961429866491,RAD
1.1366116049246619e+24,14837185.856414303,83.07468445387096,13466474.117072707,1.4960152218367997e+17,1.5883725569639643e+25,13.974609433775903,1.5117503109922303,0.4,0.3788961413847637,0.3788961413847637,RAD
1.1481080252196269e+24,14887042.4356466,83.07468396100157,13466474.068311658,1.4960152075401274e+17,1.604438355139236e+25,13.97460912846858,1.5117503186315626,0.4,0.37889613979514797,0.37889613979514797,RAD
1.1619642774310798e+24,14946692.563193202,83.07468336914317,13466474.009757334,1.49601519037208e+17,1.623801925749117e+25,13.974608761842683,1.511750327805194,0.4,0.37889613789511695,0.37889613789511695,RAD
1.1758205296425327e+24,15005870.343463413,83.07468277963281,13466473.951435305,1.4960151732721414e+17,1.6431654958520023e+25,13.974608396671247,1.5117503369424303,0.4,0.3788961360119706,0.3788961360119706,RAD
1.1896767818539856e+24,15064585.01769643,83.07468219243361,13466473.893341929,1.4960151562392435e+17,1.6625290654498913e+25,13.974608032931464,1.511750346043847,0.4,0.3788961341452287,0.3788961341452287,RAD
1.2035330340654385e+24,15122845.541203167,83.07468160750975,13466473.83547366,1.496015139272347e+17,1.6818926345447523e+25,13.97460767060117,1.5117503551099942,0.4,0.3788961322944291,0.3788961322944291,RAD
1.2173892862768916e+24,15180660.595391193,83.0746810248264,13466473.77782705,1.4960151223704403e+17,1.7012562031385235e+25,13.974607309658781,1.5117503641414112,0.4,0.3788961304591302,0.3788961304591302,RAD
1.2312455384883448e+24,15238038.599153329,83.0746804443496,13466473.720398743,1.4960151055325395e+17,1.7206197712331134e+25,13.974606950083224,1.5117503731386315,0.4,0.378896128638911,0.378896128638911,RAD
1.245101790699798e+24,15294987.719660321,83.0746798660463,13466473.663185466,1.4960150887576858e+17,1.7399833388304015e+25,13.974606591854043,1.511750382102162,0.4,0.37889612683336416,0.37889612683336416,RAD
1.2589580429112511e+24,15351515.88259504,83.07467928988433,13466473.606184037,1.4960150720449453e+17,1.7593469059322393e+25,13.974606234951317,1.5117503910325043,0.4,0.3788961250421011,0.3788961250421011,RAD
1.2728142951227043e+24,15407630.78186291,83.0746787158323,13466473.549391352,1.4960150553934083e+17,1.7787104725404514e+25,13.974605879355611,1.5117503999301403,0.4,0.378896123264747,0.378896123264747,RAD
1.2866705473341575e+24,15463339.888810778,83.07467814385966,13466473.492804386,1.4960150388021878e+17,1.7980740386568358e+25,13.974605525047963,1.5117504087955511,0.4,0.3788961215009447,0.3788961215009447,RAD
1.3005267995456107e+24,15518650.460984087,83.07467757393657,13466473.43642019,1.4960150222704195e+17,1.8174376042831643e+25,13.974605172009957,1.5117504176291854,0.4,0.3788961197503461,0.3788961197503461,RAD
1.314383051757064e+24,15573569.550450167,83.07467700603401,13466473.380235888,1.49601500579726e+17,1.8368011694211835e+25,13.974604820223561,1.511750426431511,0.4,0.3788961180126236,0.3788961180126236,RAD
1.328239303968517e+24,15628104.01171345,83.07467644012358,13466473.324248677,1.4960149893818874e+17,1.8561647340726156e+25,13.974604469671185,1.511750435202954,0.4,0.37889611628745484,0.37889611628745484,RAD
1.3420955561799703e+24,15682260.50924666,83.07467587617765,13466473.268455818,1.4960149730234986e+17,1.8755282982391586e+25,13.974604120335716,1.5117504439439553,0.4,0.378896114574536,0.378896114574536,RAD
1.3559518083914235e+24,15736045.52466036,83.0746753141692,13466473.212854642,1.4960149567213107e+17,1.894891861922487e+25,13.974603772200465,1.51175045265492,0.4,0.37889611287356806,0.37889611287356806,RAD
1.3698080606028766e+24,15789465.363531748,83.0746747540719,13466473.157442542,1.4960149404745594e+17,1.9142554251242523e+25,13.974603425249025,1.511750461336258,0.4,0.37889611118426664,0.37889611118426664,RAD
1.3836643128143298e+24,15842526.161912153,83.07467419586,13466473.10221697,1.4960149242824982e+17,1.933618987846084e+25,13.974603079465561,1.5117504699883788,0.4,0.37889610950636005,0.37889610950636005,RAD
1.4003654144689184e+24,15906012.247392362,83.07467352551087,13466473.035897326,1.4960149048376704e+17,1.956958114160367e+25,13.974602664218825,1.5117504803785975,0.4,0.37889610749872815,0.37889610749872815,RAD
1.417066516123507e+24,15968995.551594762,83.07467285782143,13466472.969840813,1.4960148854699926e+17,1.9802972397825216e+25,13.974602250619665,1.5117504907275878,0.4,0.3788961055068185,0.3788961055068185,RAD
1.4337676177780955e+24,16031485.912315996,83.07467219274996,13466472.904043308,1.496014866178255e+17,2.0036363647152778e+25,13.974601838642217,1.5117505010359973,0.4,0.3788961035302051,0.3788961035302051,RAD
1.450468719432684e+24,16093492.86293206,83.07467153025593,13466472.83850079,1.4960148469612803e+17,2.0269754889613232e+25,13.97460142826135,1.5117505113044627,0.4,0.37889610156848164,0.37889610156848164,RAD
1.4671698210872727e+24,16155025.645202383,83.07467087029977,13466472.773209358,1.496014827817923e+17,2.0503146125233032e+25,13.974601019452619,1.5117505215335847,0.4,0.378896099621253,0.378896099621253,RAD
1.4838709227418612e+24,16216093.22139627,83.07467021284309,13466472.708165202,1.4960148087470672e+17,2.073653735403824e+25,13.974600612192145,1.5117505317239708,0.4,0.3788960976881466,0.3788960976881466,RAD
1.5005720243964498e+24,16276704.28578473,83.0746695578484,13466472.643364623,1.4960147897476275e+17,2.0969928576054517e+25,13.974600206456802,1.5117505418761976,0.4,0.3788960957688004,0.3788960957688004,RAD
1.5172731260510383e+24,16336867.275537614,83.0746689052793,13466472.57880401,1.496014770818546e+17,2.1203319791307144e+25,13.974599802223958,1.5117505519908252,0.4,0.37889609386286655,0.37889609386286655,RAD
1.533974227705627e+24,16396590.381062962,83.07466825510018,13466472.51447985,1.4960147519587917e+17,2.143671099982103e+25,13.974599399471622,1.5117505620684117,0.4,0.378896091970014,0.378896091970014,RAD
1.5506753293602155e+24,16455881.555822922,83.07466760727645,13466472.450388713,1.49601473316736e+17,2.167010220162072e+25,13.97459899817835,1.5117505721094924,0.4,0.37889609008992203,0.37889609008992203,RAD
1.567376431014804e+24,16514748.52565801,83.07466696177434,13466472.38652726,1.4960147144432717e+17,2.190349339673041e+25,13.974598598323189,1.5117505821145818,0.4,0.37889608822228055,0.37889608822228055,RAD
1.5840775326693926e+24,16573198.797649344,83.0746663185609,13466472.322892236,1.4960146957855712e+17,2.2136884585173948e+25,13.974598199885754,1.511750592084201,0.4,0.37889608636679545,0.37889608636679545,RAD
1.6007786343239812e+24,16631239.668546336,83.07466567760402,13466472.259480461,1.4960146771933274e+17,2.237027576697484e+25,13.974597802846183,1.5117506020188456,0.4,0.3788960845231809,0.3788960845231809,RAD
1.6174797359785697e+24,16688878.232785443,83.07466503887241,13466472.196288835,1.496014658665631e+17,2.260366694215627e+25,13.974597407185042,1.511750611918998,0.4,0.3788960826911612,0.3788960826911612,RAD
1.6341808376331583e+24,16746121.390123846,83.07466440233543,13466472.133314334,1.4960146402015952e+17,2.28370581107411e+25,13.974597012883352,1.511750621785139,0.4,0.3788960808704729,0.3788960808704729,RAD
1.6508819392877469e+24,16802975.85291026,83.07466376796323,13466472.070554001,1.4960146218003536e+17,2.307044927275188e+25,13.974596619922673,1.5117506316177176,0.4,0.37889607906085726,0.37889607906085726,RAD
1.6675830409423354e+24,16859448.15301363,83.07466313572671,13466472.008004954,1.4960146034610608e+17,2.330384042821086e+25,13.974596228284932,1.5117506414171995,0.4,0.3788960772620712,0.3788960772620712,RAD
1.6877140424776086e+24,16927019.219338603,83.07466237644613,13466471.932887062,1.4960145814366003e+17,2.358516304159997e+25,13.97459575794997,1.5117506531858271,0.4,0.37889607510792417,0.37889607510792417,RAD
1.706715615152874e+24,16990308.089449182,83.0746616625292,13466471.86225713,1.4960145607280032e+17,2.3850702334297926e+25,13.974595315715497,1.5117506642513336,0.4,0.3788960730883898,0.3788960730883898,RAD
1.7257171878281393e+24,17053128.938532375,83.07466095125682,13466471.791888837,1.496014540096118e+17,2.411624161860833e+25,13.974594875119193,1.511750675275844,0.4,0.3788960710818826,0.3788960710818826,RAD
1.7447187605034046e+24,17115490.324318863,83.0746602425903,13466471.721778346,1.4960145195398208e+17,2.4381780894562083e+25,13.974594436137098,1.5117506862599646,0.4,0.37889606908809326,0.37889606908809326,RAD
1.76372033317867e+24,17177400.556889042,83.07465953649185,13466471.651921924,1.4960144990580157e+17,2.464732016218964e+25,13.97459399874581,1.5117506972042887,0.4,0.37889606710672397,0.37889606710672397,RAD
1.7827219058539353e+24,17238867.708421547,83.07465883292464,13466471.582315926,1.4960144786496346e+17,2.4912859421521006e+25,13.974593562922491,1.5117507081093726,0.4,0.3788960651374832,0.3788960651374832,RAD
1.8017234785292007e+24,17299899.622458592,83.07465813185277,13466471.512956798,1.496014458313636e+17,2.5178398672585764e+25,13.974593128644935,1.5117507189757797,0.4,0.378896063180095,0.378896063180095,RAD
1.820725051204466e+24,17360503.92271685,83.0746574332412,13466471.443841076,1.4960144380490032e+17,2.544393791541308e+25,13.974592695891404,1.5117507298040531,0.4,0.378896061234292,0.378896061234292,RAD
1.8397266238797314e+24,17420688.021470677,83.07465673705576,13466471.374965377,1.4960144178547456e+17,2.5709477150031707e+25,13.974592264640744,1.511750740594725,0.4,0.37889605929981696,0.37889605929981696,RAD
1.8587281965549967e+24,17480459.127532654,83.07465604326309,13466471.306326404,1.4960143977298954e+17,2.597501637647001e+25,13.974591834872333,1.5117507513483068,0.4,0.37889605737641985,0.37889605737641985,RAD
1.877729769230262e+24,17539824.253854625,83.07465535183064,13466471.237920934,1.496014377673508e+17,2.624055559475596e+25,13.974591406565931,1.5117507620653092,0.4,0.37889605546386196,0.37889605546386196,RAD
1.8967313419055274e+24,17598790.224771015,83.0746546627266,13466471.169745822,1.496014357684661e+17,2.650609480491715e+25,13.974590979701883,1.5117507727462178,0.4,0.3788960535619103,0.3788960535619103,RAD
1.919619489501407e+24,17669296.51286896,83.074653835721,13466471.087927695,1.4960143336957024e+17,2.6825947299986062e+25,13.974590467415005,1.5117507855645647,0.4,0.378896051284702,0.378896051284702,RAD
1.9425076370972868e+24,17739244.561536036,83.07465301199584,13466471.006434115,1.4960143098018995e+17,2.7145799783352993e+25,13.974589957160209,1.5117507983320675,0.4,0.3788960490221832,0.3788960490221832,RAD
1.9653957846931665e+24,17808645.291024935,83.07465219149968,13466470.925259989,1.4960142860017606e+17,2.7465652255064086e+25,13.974589448905654,1.5117508110495188,0.4,0.3788960467739917,0.3788960467739917,RAD
1.9882839322890462e+24,17877509.283754118,83.07465137418244,13466470.844400367,1.496014262293834e+17,2.7785504715164766e+25,13.97458894262028,1.5117508237176949,0.4,0.37889604453978065,0.37889604453978065,RAD
2.011172079884926e+24,17945846.798513915,83.07465055999549,13466470.76385043,1.4960142386767066e+17,2.810535716369976e+25,13.974588438273994,1.5117508363373524,0.4,0.37889604231921703,0.37889604231921703,RAD
2.0340602274808056e+24,18013667.78392092,83.07464974889136,13466470.683605488,1.4960142151490035e+17,2.842520960071311e+25,13.974587935837308,1.511750848909229,0.4,0.37889604011198097,0.37889604011198097,RAD
2.0569483750766853e+24,18080981.89116846,83.07464894082393,13466470.603660975,1.4960141917093856e+17,2.87450620262482e+25,13.974587435281787,1.511750861434043,0.4,0.3788960379177646,0.3788960379177646,RAD
2.079836522672565e+24,18147798.486117363,83.07464813574819,13466470.52401244,1.4960141683565485e+17,2.906491444034776e+25,13.974586936579433,1.5117508739124796,0.4,0.3788960357362682,0.3788960357362682,RAD
2.1027246702684446e+24,18214126.660768036,83.07464733362032,13466470.44465555,1.4960141450892208e+17,2.9384766843053895e+25,13.974586439703193,1.5117508863452296,0.4,0.37889603356720863,0.37889603356720863,RAD
2.1256128178643243e+24,18279975.244151838,83.07464653439766,13466470.365586078,1.496014121906164e+17,2.97046192344081e+25,13.974585944626579,1.5117508987329455,0.4,0.3788960314103084,0.3788960314103084,RAD
2.148500965460204e+24,18345352.812677093,83.07464573803851,13466470.286799904,1.49601409880617e+17,3.0024471614451264e+25,13.974585451323783,1.5117509110762812,0.4,0.3788960292653038,0.3788960292653038,RAD
2.1713891130560837e+24,18410267.699962545,83.07464494450232,13466470.208293011,1.496014075788061e+17,3.0344323983223704e+25,13.974584959769652,1.5117509233758617,0.4,0.37889602713193815,0.37889602713193815,RAD
2.1942772606519634e+24,18474728.006188754,83.07464415374947,13466470.130061483,1.4960140528506886e+17,3.0664176340765156e+25,13.9745844699397,1.511750935632298,0.4,0.3788960250099634,0.3788960250099634,RAD
2.217165408247843e+24,18538741.606995836,83.0746433657413,13466470.052101495,1.4960140299929315e+17,3.098402868711481e+25,13.97458398180992,1.5117509478461972,0.4,0.3788960228991431,0.3788960228991431,RAD
2.2400535558437228e+24,18602316.161954004,83.0746425804401,13466469.974409316,1.496014007213696e+17,3.130388102231131e+25,13.974583495357004,1.511750960018141,0.4,0.37889602079924634,0.37889602079924634,RAD
2.2629417034396025e+24,18665459.122631557,83.07464179780905,13466469.896981305,1.496013984511914e+17,3.162373334639278e+25,13.97458301055811,1.5117509721486908,0.4,0.37889601871004824,0.37889601871004824,RAD
2.2858298510354822e+24,18728177.740283303,83.07464101781223,13466469.819813903,1.4960139618865424e+17,3.1943585659396815e+25,13.974582527390991,1.5117509842384174,0.4,0.3788960166313373,0.3788960166313373,RAD
2.3134160616135888e+24,18803216.169811536,83.07464008116277,13466469.727148395,1.4960139347171478e+17,3.2329091427730387e+25,13.97458194718585,1.51175099875621,0.4,0.37889601413958535,0.37889601413958535,RAD
2.3410022721916954e+24,18877660.41802753,83.07463914822902,13466469.634850495,1.4960139076555354e+17,3.271459718009013e+25,13.974581369282376,1.5117510132164096,0.4,0.37889601166241255,0.37889601166241255,RAD
2.368588482769802e+24,18951522.109405138,83.0746382189527,13466469.542914437,1.496013880700015e+17,3.3100102916539036e+25,13.97458079364455,1.5117510276199237,0.4,0.3788960091994829,0.3788960091994829,RAD
2.3961746933479086e+24,19024812.508763373,83.0746372932772,13466469.451334614,1.4960138538489424e+17,3.3485608637139122e+25,13.974580220237248,1.5117510419676274,0.4,0.3788960067504709,0.3788960067504709,RAD
2.423760903926015e+24,19097542.536391504,83.07463637114728,13466469.360105567,1.496013827100717e+17,3.3871114341951446e+25,13.974579649026255,1.5117510562603742,0.4,0.37889600431506415,0.37889600431506415,RAD
2.451347114504122e+24,19169722.782373738,83.07463545250924,13466469.269221984,1.4960138004537814e+17,3.4256620031036136e+25,13.974579079978318,1.5117510704989967,0.4,0.37889600189296163,0.37889600189296163,RAD
2.4789333250822285e+24,19241363.520164397,83.07463453731079,13466469.17867869,1.496013773906618e+17,3.4642125704452412e+25,13.974578513061074,1.511751084684307,0.4,0.37889599948387453,0.37889599948387453,RAD
2.506519535660335e+24,19312474.719460655,83.07463362550098,13466469.088470645,1.4960137474577494e+17,3.5027631362258612e+25,13.97457794824294,1.5117510988170944,0.4,0.3788959970875234,0.3788959970875234,RAD
2.5341057462384417e+24,19383066.058416475,83.07463271703018,13466468.99859294,1.4960137211057357e+17,3.541313700451222e+25,13.974577385493145,1.511751112898126,0.4,0.3788959947036384,0.3788959947036384,RAD
2.5616919568165483e+24,19453146.935238294,83.07463181185,13466468.909040786,1.4960136948491734e+17,3.579864263126988e+25,13.974576824781758,1.5117511269281592,0.4,0.3788959923319618,0.3788959923319618,RAD
2.589278167394655e+24,19522726.479199983,83.0746309099133,13466468.819809519,1.4960136686866947e+17,3.6184148242587413e+25,13.974576266079575,1.511751140907917,0.4,0.378895989972241,0.378895989972241,RAD
2.6168643779727616e+24,19591813.561112076,83.07463001117407,13466468.730894586,1.4960136426169654e+17,3.6569653838519855e+25,13.974575709358048,1.5117511548381162,0.4,0.37889598762423493,0.37889598762423493,RAD
2.644450588550868e+24,19660416.80327773,83.07462911558746,13466468.642291551,1.496013616638684e+17,3.695515941912146e+25,13.974575154589424,1.5117511687194454,0.4,0.37889598528770785,0.37889598528770785,RAD
2.672036799128975e+24,19728544.588965666,83.07462822310967,13466468.553996082,1.4960135907505808e+17,3.734066498444572e+25,13.974574601746564,1.5117511825525936,0.4,0.3788959829624366,0.3788959829624366,RAD
2.6996230097070814e+24,19796205.071428232,83.07462733369798,13466468.466003954,1.4960135649514163e+17,3.7726170534545403e+25,13.974574050803055,1.5117511963382202,0.4,0.37889598064820157,0.37889598064820157,RAD
2.727209220285188e+24,19863406.182490878,83.07462644731069,13466468.37831104,1.496013539239981e+17,3.811167606947254e+25,13.97457350173297,1.5117512100769668,0.4,0.3788959783447903,0.3788959783447903,RAD
2.7547954308632946e+24,19930155.6407375,83.0746255639071,13466468.29091331,1.4960135136150938e+17,3.849718158927847e+25,13.974572954511185,1.511751223769469,0.4,0.3788959760519994,0.3788959760519994,RAD
2.78804528533092e+24,20010019.62543627,83.07462450304351,13466468.185958939,1.496013482842625e+17,3.8961834095330845e+25,13.974572297362318,1.511751240212545,0.4,0.378895973302314,0.378895973302314,RAD
2.821295139798546e+24,20089251.143528126,83.0746234463889,13466468.081420975,1.4960134521922464e+17,3.942648657957658e+25,13.97457164282077,1.5117512565903888,0.4,0.37889597056743585,0.37889597056743585,RAD
2.8545449942661713e+24,20167862.569942653,83.07462239387726,13466467.977292888,1.4960134216620435e+17,3.989113904210168e+25,13.974570990845569,1.5117512729040166,0.4,0.37889596784704066,0.37889596784704066,RAD
2.887794848733797e+24,20245865.896691635,83.07462134544438,13466467.873568324,1.496013391250153e+17,4.035579148299081e+25,13.974570341396976,1.5117512891544187,0.4,0.37889596514081625,0.37889596514081625,RAD
2.9210447032014224e+24,20323272.74897428,83.07462030102774,13466467.7702411,1.4960133609547622e+17,4.082044390232734e+25,13.974569694436255,1.51175130534258,0.4,0.37889596244846796,0.37889596244846796,RAD
2.954294557669048e+24,20400094.4004301,83.0746192605665,13466467.667305198,1.4960133307741062e+17,4.128509630019335e+25,13.974569049925709,1.511751321469427,0.4,0.37889595976970236,0.37889595976970236,RAD
2.9875444121366735e+24,20476341.787593625,83.07461822400143,13466467.564754754,1.4960133007064666e+17,4.174974867666972e+25,13.974568407828698,1.5117513375358862,0.4,0.3788959571042435,0.3788959571042435,RAD
3.020794266604299e+24,20552025.52360108,83.07461719127478,13466467.462584062,1.496013270750169e+17,4.221440103183608e+25,13.974567768109424,1.511751353542855,0.4,0.3788959544518229,0.3788959544518229,RAD
3.0540441210719246e+24,20627155.9111955,83.07461616233034,13466467.360787554,1.4960132409035824e+17,4.26790533657709e+25,13.974567130733048,1.5117513694911935,0.4,0.3788959518121782,0.3788959518121782,RAD
3.08729397553955e+24,20701742.95507348,83.07461513711334,13466467.25935981,1.496013211165117e+17,4.3143705678551535e+25,13.974566495665634,1.5117513853817641,0.4,0.3788959491850622,0.3788959491850622,RAD
3.1205438300071757e+24,20775796.373613518,83.0746141155703,13466467.158295546,1.4960131815332234e+17,4.3608357970254195e+25,13.974565862874101,1.5117514012153894,0.4,0.37889594657023073,0.37889594657023073,RAD
3.153793684474801e+24,20849325.61002323,83.07461309764915,13466467.057589604,1.4960131520063898e+17,4.407301024095402e+25,13.974565232326123,1.5117514169928692,0.4,0.3788959439674477,0.3788959439674477,RAD
3.187043538942427e+24,20922339.842939984,83.07461208329907,13466466.957236957,1.4960131225831418e+17,4.453766249072508e+25,13.974564603990263,1.5117514327150072,0.4,0.37889594137649013,0.37889594137649013,RAD
3.2202933934100524e+24,20994847.996517185,83.07461107247042,13466466.8572327,1.496013093262041e+17,4.500231471964041e+25,13.974563977835782,1.5117514483825643,0.4,0.3788959387971364,0.3788959387971364,RAD
3.253543247877678e+24,21066858.75002621,83.07461006511481,13466466.757572042,1.4960130640416835e+17,4.546696692777204e+25,13.974563353832718,1.5117514639962846,0.4,0.37889593622917295,0.37889593622917295,RAD
3.2867931023453035e+24,21138380.547001924,83.07460906118503,13466466.658250311,1.496013034920699e+17,4.593161911519102e+25,13.974562731951762,1.5117514795569091,0.4,0.3788959336723955,0.3788959336723955,RAD
3.320042956812929e+24,21209421.603957865,83.07460806063496,13466466.559262943,1.496013005897749e+17,4.639627128196744e+25,13.974562112164415,1.511751495065149,0.4,0.37889593112660414,0.37889593112660414,RAD
3.360121181192972e+24,21294424.410251543,83.07460685903463,13466466.440385083,1.496012971042937e+17,4.695634690298601e+25,13.974561367837167,1.5117515136896051,0.4,0.37889592807232175,0.37889592807232175,RAD
3.3979508505641406e+24,21374040.316684525,83.07460572922464,13466466.328609657,1.496012938270548e+17,4.748499992589248e+25,13.974560667980272,1.511751531201336,0.4,0.3788959252034895,0.3788959252034895,RAD
3.435780519935309e+24,21453067.481409747,83.07460460359977,13466466.217248274,1.496012905619556e+17,4.801365292237276e+25,13.97455997071585,1.5117515486482,0.4,0.3788959223480704,0.3788959223480704,RAD
3.4736101893064777e+24,21531516.66921082,83.07460348209864,13466466.106294867,1.496012873088182e+17,4.854230589252419e+25,13.974559276005923,1.5117515660311456,0.4,0.37889591950580737,0.37889591950580737,RAD
3.511439858677646e+24,21609398.333360698,83.07460236466149,13466465.995743522,1.4960128406746925e+17,4.90709588364427e+25,13.974558583813398,1.5117515833511066,0.4,0.37889591667645356,0.37889591667645356,RAD
3.549269528048815e+24,21686722.62788365,83.07460125123005,13466465.885588475,1.4960128083773968e+17,4.959961175422285e+25,13.974557894102285,1.5117516006089722,0.4,0.3788959138597651,0.3788959138597651,RAD
3.5870991974199833e+24,21763499.419209495,83.07460014174751,13466465.775824102,1.4960127761946467e+17,5.0128264645957836e+25,13.974557206837298,1.5117516178056347,0.4,0.3788959110555123,0.3788959110555123,RAD
3.624928866791152e+24,21839738.297256213,83.07459903615839,13466465.66644492,1.4960127441248342e+17,5.0656917511739536e+25,13.974556521984125,1.5117516349419524,0.4,0.3788959082634694,0.3788959082634694,RAD
3.6627585361623204e+24,21915448.585974656,83.07459793440867,13466465.557445578,1.4960127121663907e+17,5.118557035165856e+25,13.974555839509268,1.511751652018756,0.4,0.37889590548341645,0.37889590548341645,RAD
3.700588205533489e+24,21990639.35338675,83.0745968364455,13466465.448820855,1.496012680317785e+17,5.171422316580425e+25,13.974555159380028,1.5117516690368713,0.4,0.3788959027151438,0.3788959027151438,RAD
3.7384178749046575e+24,22065319.42114639,83.07459574221741,13466465.340565654,1.4960126485775222e+17,5.224287595426475e+25,13.97455448156448,1.5117516859970976,0.4,0.37889589995844636,0.37889589995844636,RAD
3.776247544275826e+24,22139497.37365035,83.07459465167405,13466465.232674995,1.4960126169441434e+17,5.277152871712697e+25,13.974553806031496,1.511751702900209,0.4,0.3788958972131239,0.3788958972131239,RAD
3.8218147823031407e+24,22228192.62955241,83.0745933428969,13466465.103193827,1.4960125789804595e+17,5.3408310518248544e+25,13.974552995314431,1.511751723185882,0.4,0.3788958939211117,0.3788958939211117,RAD
3.8673820203304553e+24,22316185.653674647,83.07459203931103,13466464.974226251,1.4960125411673603e+17,5.404509228250145e+25,13.974552187813144,1.5117517433910888,0.4,0.37889589064499757,0.37889589064499757,RAD
3.91294925835777e+24,22403490.18265409,83.07459074083509,13466464.845764214,1.4960125035024848e+17,5.468187401003105e+25,13.974551383477221,1.5117517635171023,0.4,0.3788958873844694,0.3788958873844694,RAD
3.9585164963850846e+24,22490119.52817635,83.07458944738985,13466464.717799881,1.4960124659835357e+17,5.531865570098046e+25,13.974550582257569,1.5117517835651333,0.4,0.37889588413921876,0.37889588413921876,RAD
4.004083734412399e+24,22576086.59484453,83.07458815889828,13466464.59032563,1.4960124286082774e+17,5.595543735549061e+25,13.974549784106514,1.511751803536384,0.4,0.37889588090895354,0.37889588090895354,RAD
4.049650972439714e+24,22661403.897102676,83.07458687528528,13466464.463334033,1.4960123913745338e+17,5.659221897370025e+25,13.974548988977544,1.5117518234320195,0.4,0.3788958776933902,0.3788958776933902,RAD
4.0952182104670284e+24,22746083.575273797,83.07458559647789,13466464.336817866,1.4960123542801856e+17,5.722900055574604e+25,13.974548196825392,1.5117518432531716,0.4,0.3788958744922538,0.3788958744922538,RAD
4.140785448494343e+24,22830137.410768144,83.07458432240489,13466464.21077009,1.4960123173231686e+17,5.786578210176264e+25,13.974547407606018,1.5117518630009434,0.4,0.3788958713052782,0.3788958713052782,RAD
4.1863526865216577e+24,22913576.84051326,83.07458305299694,13466464.08518384,1.4960122805014714e+17,5.850256361188269e+25,13.9745466212764,1.51175188267641,0.4,0.3788958681322064,0.3788958681322064,RAD
4.2319199245489723e+24,22996412.970653635,83.07458178818648,13466463.960052432,1.4960122438131334e+17,5.913934508623691e+25,13.974545837794723,1.5117519022806136,0.4,0.37889586497278765,0.37889586497278765,RAD
4.277487162576287e+24,23078656.589564398,83.0745805279076,13466463.835369349,1.4960122072562435e+17,5.977612652495415e+25,13.974545057120158,1.5117519218145778,0.4,0.37889586182678114,0.37889586182678114,RAD
4.3230544006036016e+24,23160318.180220302,83.074579272096,13466463.711128231,1.4960121708289376e+17,6.04129079281614e+25,13.974544279212902,1.5117519412792988,0.4,0.3788958586939526,0.3788958586939526,RAD
4.368621638630916e+24,23241407.93195837,83.0745780206891,13466463.58732288,1.496012134529398e+17,6.104968929598387e+25,13.974543504034127,1.511751960675755,0.4,0.37889585557407707,0.37889585557407707,RAD
4.414188876658231e+24,23321935.75166992,83.0745767736257,13466463.463947244,1.496012098355851e+17,6.168647062854503e+25,13.974542731545963,1.5117519800048886,0.4,0.378895852466933,0.378895852466933,RAD
4.4597561146855455e+24,23401911.274455275,83.0745755308461,13466463.34099542,1.4960120623065648e+17,6.2323251925966645e+25,13.974541961711424,1.5117519992676165,0.4,0.3788958493723046,0.3788958493723046,RAD
4.50532335271286e+24,23481343.87377208,83.07457429229203,13466463.218461644,1.4960120263798496e+17,6.296003318836879e+25,13.974541194494467,1.5117520184648583,0.4,0.37889584628998857,0.37889584628998857,RAD
4.550890590740175e+24,23560242.671106253,83.07457305790665,13466463.096340287,1.4960119905740554e+17,6.359681441586995e+25,13.974540429859792,1.511752037597481,0.4,0.37889584321978,0.37889584321978,RAD
4.605810868182426e+24,23654639.268678386,83.07457157561497,13466462.949692836,1.4960119475772483e+17,6.436430002817514e+25,13.974539511660675,1.5117520605725858,0.4,0.3788958395352028,0.3788958395352028,RAD
4.6607311456246776e+24,23748288.420385715,83.07457009920343,13466462.803627126,1.4960119047510074e+17,6.513178559015285e+25,13.97453859710404,1.5117520834565454,0.4,0.3788958358675986,0.3788958358675986,RAD
4.715651423066929e+24,23841204.748759564,83.07456862857983,13466462.658134034,1.4960118620926576e+17,6.589927110200158e+25,13.974537686132821,1.5117521062507995,0.4,0.3788958322166496,0.3788958322166496,RAD
4.7705717005091805e+24,23933402.423930015,83.07456716365445,13466462.513204686,1.4960118195995968e+17,6.6666756563916695e+25,13.97453677869136,1.5117521289567313,0.4,0.3788958285820433,0.3788958285820433,RAD
4.825491977951432e+24,24024895.18265089,83.07456570434002,13466462.368830444,1.4960117772692928e+17,6.743424197609056e+25,13.974535874725623,1.511752151575696,0.4,0.3788958249634805,0.3788958249634805,RAD
4.880412255393684e+24,24115696.34631801,83.07456425055148,13466462.225002902,1.49601173509928e+17,6.820172733871262e+25,13.97453497418295,1.5117521741090088,0.4,0.37889582136066985,0.37889582136066985,RAD
4.935332532835935e+24,24205818.838044677,83.07456280220617,13466462.081713868,1.496011693087158e+17,6.896921265196944e+25,13.974534077012114,1.511752196557957,0.4,0.37889581777333153,0.37889581777333153,RAD
4.990252810278187e+24,24295275.19885363,83.07456135922335,13466461.93895537,1.4960116512305885e+17,6.973669791604484e+25,13.974533183163134,1.51175221892378,0.4,0.37889581420119023,0.37889581420119023,RAD
5.045173087720438e+24,24384077.603040382,83.0745599215246,13466461.796719637,1.4960116095272928e+17,7.05041831311199e+25,13.974532292587373,1.5117522412077133,0.4,0.3788958106439866,0.3788958106439866,RAD
5.10009336516269e+24,24472237.872758843,83.07455848903327,13466461.654999092,1.4960115679750502e+17,7.127166829737309e+25,13.974531405237379,1.5117522634109244,0.4,0.3788958071014592,0.3788958071014592,RAD
5.155013642604941e+24,24559767.491876546,83.07455706167477,13466461.513786353,1.4960115265716957e+17,7.203915341498029e+25,13.97453052106696,1.5117522855345824,0.4,0.3788958035733632,0.3788958035733632,RAD
5.209933920047193e+24,24646677.619143423,83.07455563937629,13466461.373074219,1.496011485315118e+17,7.280663848411489e+25,13.974529640030989,1.5117523075798118,0.4,0.37889580005945667,0.37889580005945667,RAD
5.264854197489444e+24,24732979.10071497,83.07455422206685,13466461.232855665,1.496011444203258e+17,7.3574123504947805e+25,13.97452876208553,1.5117523295477133,0.4,0.37889579655950545,0.37889579655950545,RAD
5.319774474931695e+24,24818682.48206788,83.07455280967719,13466461.093123838,1.4960114032341056e+17,7.43416084776476e+25,13.974527887187644,1.5117523514393552,0.4,0.37889579307328075,0.37889579307328075,RAD
5.374694752373947e+24,24903798.019343488,83.07455140213962,13466460.953872051,1.4960113624057002e+17,7.510909340238048e+25,13.974527015295449,1.511752373255792,0.4,0.37889578960056386,0.37889578960056386,RAD
5.429615029816198e+24,24988335.69015215,83.07454999938827,13466460.815093772,1.4960113217161274e+17,7.58765782793104e+25,13.974526146368044,1.511752394998047,0.4,0.3788957861411402,0.3788957861411402,RAD
5.48453530725845e+24,25072305.203869272,83.0745486013586,13466460.676782629,1.4960112811635178e+17,7.664406310859908e+25,13.974525280365551,1.5117524166671215,0.4,0.3788957826948019,0.3788957826948019,RAD
5.550730907084772e+24,25172772.252520107,83.07454692249463,13466460.510687733,1.4960112324647565e+17,7.756911515737753e+25,13.974524240401736,1.5117524426890414,0.4,0.3788957785580179,0.3788957785580179,RAD
5.616926506911094e+24,25272443.693263315,83.07454525029144,13466460.345251804,1.496011183959204e+17,7.849416713745187e+25,13.974523204563985,1.5117524686077242,0.4,0.3788957744396038,0.3788957744396038,RAD
5.683122106737415e+24,25371335.09268643,83.07454358464449,13466460.180464508,1.4960111356438294e+17,7.941921904909307e+25,13.974522172787514,1.511752494424793,0.4,0.37889577033922694,0.37889577033922694,RAD
5.749317706563737e+24,25469461.535711475,83.07454192545221,13466460.01631579,1.4960110875156858e+17,8.03442708925679e+25,13.974521145009431,1.5117525201418107,0.4,0.37889576625656163,0.37889576625656163,RAD
5.815513306390059e+24,25566837.64585294,83.07454027261564,13466459.852795865,1.4960110395719037e+17,8.126932266813898e+25,13.974520121168432,1.5117525457603205,0.4,0.3788957621912977,0.3788957621912977,RAD
5.881708906216381e+24,25663477.604403675,83.07453862603852,13466459.689895209,1.4960109918096902e+17,8.219437437606495e+25,13.974519101204919,1.5117525712818027,0.4,0.3788957581431289,0.3788957581431289,RAD
5.947904506042703e+24,25759395.168616824,83.07453698562709,13466459.527604545,1.496010944226326e+17,8.311942601660055e+25,13.974518085060785,1.511752596707725,0.4,0.37889575411176546,0.37889575411176546,RAD
6.014100105869025e+24,25854603.688946836,83.07453535129008,13466459.365914837,1.496010896819162e+17,8.404447758999675e+25,13.974517072679477,1.5117526220394963,0.4,0.3788957500969207,0.3788957500969207,RAD
6.080295705695347e+24,25949116.125408094,83.07453372293844,13466459.204817282,1.4960108495856166e+17,8.496952909650076e+25,13.974516064005828,1.5117526472784975,0.4,0.3788957460983187,0.3788957460983187,RAD
6.146491305521668e+24,26042945.063105367,83.07453210048546,13466459.0443033,1.4960108025231744e+17,8.589458053635625e+25,13.974515058986157,1.5117526724260693,0.4,0.37889574211569,0.37889574211569,RAD
6.21268690534799e+24,26136102.72698646,83.07453048384657,13466458.884364527,1.4960107556293827e+17,8.681963190980335e+25,13.974514057568081,1.5117526974835236,0.4,0.37889573814877453,0.37889573814877453,RAD
6.278882505174312e+24,26228600.995863855,83.07452887293937,13466458.724992802,1.4960107089018496e+17,8.774468321707876e+25,13.9745130597005,1.5117527224521448,0.4,0.37889573419732075,0.37889573419732075,RAD
6.345078105000634e+24,26320451.41574889,83.07452726768332,13466458.566180171,1.496010662338242e+17,8.866973445841588e+25,13.974512065333622,1.5117527473331656,0.4,0.37889573026107937,0.37889573026107937,RAD
6.411273704826956e+24,26411665.21253895,83.07452566800006,13466458.40791887,1.4960106159362835e+17,8.95947856340448e+25,13.974511074418798,1.5117527721278168,0.4,0.3788957263398147,0.3788957263398147,RAD
6.477469304653278e+24,26502253.304095406,83.07452407381297,13466458.25020132,1.496010569693753e+17,9.051983674419247e+25,13.974510086908627,1.511752796837278,0.4,0.3788957224332929,0.3788957224332929,RAD
6.5436649044796e+24,26592226.31174748,83.07452248504725,13466458.093020126,1.4960105236084813e+17,9.144488778908272e+25,13.974509102756741,1.511752821462711,0.4,0.3788957185412883,0.3788957185412883,RAD
6.609860504305921e+24,26681594.571254816,83.07452090162994,13466457.936368065,1.496010477678351e+17,9.236993876893633e+25,13.974508121917985,1.5117528460052454,0.4,0.3788957146635802,0.3788957146635802,RAD
6.689650165969199e+24,26788526.155742556,83.0745190000464,13466457.748238903,1.496010422519186e+17,9.348495999687046e+25,13.97450694399309,1.511752875479266,0.4,0.3788957100082359,0.3788957100082359,RAD
6.764963283386087e+24,26888681.14583694,83.07451721207426,13466457.571349649,1.4960103706555443e+17,9.45374236374541e+25,13.974505836444202,1.5117529031923427,0.4,0.37889570563251984,0.37889570563251984,RAD
6.840276400802976e+24,26988095.53025145,83.07451543072506,13466457.395115621,1.4960103189840144e+17,9.558988719477967e+25,13.97450473299796,1.5117529308027624,0.4,0.3788957012744108,0.3788957012744108,RAD
6.915589518219864e+24,27086782.85019428,83.07451365590175,13466457.219527218,1.496010267501781e+17,9.664235066915385e+25,13.974503633594189,1.511752958312039,0.4,0.37889569693362257,0.37889569693362257,RAD
6.990902635636752e+24,27184756.25502796,83.07451188750969,13466457.04457508,1.4960102162061005e+17,9.769481406087889e+25,13.974502538174326,1.5117529857216325,0.4,0.3788956926098736,0.3788956926098736,RAD
7.06621575305364e+24,27282028.517693266,83.0745101254567,13466456.870250085,1.4960101650942976e+17,9.874727737025267e+25,13.974501446681254,1.511753013032971,0.4,0.37889568830289183,0.37889568830289183,RAD
7.141528870470528e+24,27378612.04936858,83.07450836965282,13466456.696543336,1.4960101141637642e+17,9.979974059756882e+25,13.974500359059197,1.5117530402474548,0.4,0.378895684012414,0.378895684012414,RAD
7.216841987887416e+24,27474518.913410306,83.07450662001034,13466456.523446156,1.4960100634119552e+17,1.0085220374311683e+26,13.974499275253919,1.5117530673664357,0.4,0.37889567973818106,0.37889567973818106,RAD
7.292155105304304e+24,27569760.838616695,83.07450487644368,13466456.350950075,1.4960100128363885e+17,1.0190466680718213e+26,13.974498195212334,1.5117530943912376,0.4,0.3788956754799422,0.3788956754799422,RAD
7.367468222721192e+24,27664349.231854532,83.07450313886936,13466456.179046832,1.4960099624346413e+17,1.0295712979004625e+26,13.974497118882734,1.5117531213231679,0.4,0.3788956712374575,0.3788956712374575,RAD
7.44278134013808e+24,27758295.19008548,83.07450140720576,13466456.007728359,1.496009912204348e+17,1.0400959269198681e+26,13.974496046214583,1.511753148163484,0.4,0.37889566701048844,0.37889566701048844,RAD
7.518094457554968e+24,27851609.511826407,83.07449968137335,13466455.836986778,1.4960098621431997e+17,1.0506205551327771e+26,13.974494977158585,1.511753174913415,0.4,0.378895662798803,0.378895662798803,RAD
7.608811740825227e+24,27963186.125817318,83.0744976101798,13466455.63207763,1.4960098020641776e+17,1.0632978367444606e+26,13.974493694170947,1.5117532070163522,0.4,0.3788956577456574,0.3788956577456574,RAD
7.699529024095485e+24,28073879.3688209,83.07449554720154,13466455.427981244,1.4960097422234566e+17,1.075975117194567e+26,13.974492416272318,1.5117532389919532,0.4,0.3788956527139812,0.3788956527139812,RAD
7.790246307365744e+24,28183706.52042397,83.07449349230971,13466455.224684877,1.4960096826173005e+17,1.0886523964876765e+26,13.974491143382908,1.5117532708422228,0.4,0.3788956477034067,0.3788956477034067,RAD
7.880963590636003e+24,28292684.32567042,83.074491445379,13466455.022176132,1.496009623242074e+17,1.101329674628298e+26,13.974489875425066,1.5117533025690952,0.4,0.37889564271357346,0.37889564271357346,RAD
7.971680873906261e+24,28400829.017537847,83.07448940628748,13466454.82044294,1.4960095640942394e+17,1.1140069516208708e+26,13.974488612323285,1.5117533341744607,0.4,0.3788956377441336,0.3788956377441336,RAD
8.06239815717652e+24,28508156.338224985,83.07448737491643,13466454.619473556,1.496009505170353e+17,1.1266842274697669e+26,13.97448735400398,1.5117533656601623,0.4,0.37889563279475047,0.37889563279475047,RAD
8.153115440446779e+24,28614681.55932544,83.07448535115019,13466454.419256544,1.496009446467061e+17,1.1393615021792919e+26,13.974486100395575,1.5117533970279895,0.4,0.37889562786509506,0.37889562786509506,RAD
8.243832723717037e+24,28720419.500957683,83.07448333487619,13466454.21978076,1.496009387981097e+17,1.1520387757536879e+26,13.97448485142826,1.5117534282796916,0.4,0.37889562295485046,0.37889562295485046,RAD
8.334550006987296e+24,28825384.549916174,83.07448132598466,13466454.021035349,1.4960093297092778e+17,1.1647160481971339e+26,13.974483607034106,1.511753459416968,0.4,0.37889561806370675,0.37889561806370675,RAD
8.425267290257555e+24,28929590.6769038,83.07447932436865,13466453.823009731,1.4960092716485008e+17,1.1773933195137487e+26,13.974482367146841,1.5117534904414809,0.4,0.37889561319136406,0.37889561319136406,RAD
8.515984573527813e+24,29033051.45290142,83.07447732992395,13466453.62569359,1.496009213795742e+17,1.1900705897075911e+26,13.974481131701879,1.511753521354837,0.4,0.37889560833752794,0.37889560833752794,RAD
8.606701856798072e+24,29135780.06472651,83.07447534254885,13466453.429076865,1.496009156148052e+17,1.2027478587826627e+26,13.97447990063626,1.5117535521586172,0.4,0.3788956035019151,0.3788956035019151,RAD
8.697419140068331e+24,29237789.329829093,83.07447336214412,13466453.233149745,1.496009098702553e+17,1.2154251267429079e+26,13.974478673888457,1.5117535828543562,0.4,0.37889559868424794,0.37889559868424794,RAD
8.78813642333859e+24,29339091.710369956,83.07447138861303,13466453.037902655,1.4960090414564387e+17,1.2281023935922167e+26,13.974477451398636,1.511753613443557,0.4,0.378895593884258,0.378895593884258,RAD
8.878853706608848e+24,29439699.326622933,83.07446942186115,13466452.843326252,1.4960089844069693e+17,1.2407796593344253e+26,13.974476233108215,1.5117536439276877,0.4,0.37889558910168386,0.37889558910168386,RAD
8.969570989879107e+24,29539623.969740316,83.07446746179623,13466452.649411414,1.49600892755147e+17,1.253456923973317e+26,13.974475018960103,1.5117536743081699,0.4,0.37889558433626835,0.37889558433626835,RAD
9.060288273149366e+24,29638877.11391772,83.0744655083283,13466452.456149234,1.49600887088733e+17,1.2661341875126242e+26,13.974473808898528,1.5117537045864025,0.4,0.37889557958776326,0.37889557958776326,RAD
9.169625727441743e+24,29757625.90688398,83.07446316254372,13466452.224074047,1.4960088028432835e+17,1.2814135206311196e+26,13.974472355819401,1.511753740945436,0.4,0.37889557388673206,0.37889557388673206,RAD
9.27896318173412e+24,29875434.450528946,83.0744608260645,13466451.99291947,1.496008735069159e+17,1.2966928521640149e+26,13.974470908504562,1.5117537771602365,0.4,0.3788955682094996,0.3788955682094996,RAD
9.388300636026497e+24,29992321.13887515,83.07445849874472,13466451.762671065,1.4960086675607235e+17,1.311972182117563e+26,13.974469466863619,1.5117538132330774,0.4,0.37889556255566803,0.37889556255566803,RAD
9.497638090318875e+24,30108303.79687091,83.07445618044238,13466451.533314787,1.4960086003138592e+17,1.327251510497919e+26,13.974468030808637,1.5117538491661466,0.4,0.37889555692484556,0.37889555692484556,RAD
9.606975544611252e+24,30223399.704321295,83.0744538710194,13466451.30483697,1.4960085333245587e+17,1.342530837311144e+26,13.974466600254008,1.5117538849615897,0.4,0.3788955513166556,0.3788955513166556,RAD
9.716312998903628e+24,30337625.618552797,83.07445157034122,13466451.077224307,1.4960084665889206e+17,1.3578101625632058e+26,13.97446517511646,1.511753920621491,0.4,0.37889554573073164,0.37889554573073164,RAD
9.825650453196004e+24,30450997.79589215,83.07444927827693,13466450.850463841,1.4960084001031462e+17,1.3730894862599827e+26,13.974463755314844,1.5117539561478766,0.4,0.3788955401667164,0.3788955401667164,RAD
9.93498790748838e+24,30563532.012033787,83.07444699469895,13466450.624542952,1.496008333863535e+17,1.3883688084072657e+26,13.974462340770152,1.5117539915427296,0.4,0.3788955346242648,0.3788955346242648,RAD
1.0044325361780757e+25,30675243.58136502,83.07444471948293,13466450.399449341,1.4960082678664813e+17,1.4036481290107603e+26,13.974460931405348,1.5117540268079785,0.4,0.3788955291030409,0.3788955291030409,RAD
1.0153662816073133e+25,30786147.37531298,83.07444245250774,13466450.175171023,1.4960082021084707e+17,1.4189274480760888e+26,13.974459527145406,1.5117540619454937,0.4,0.3788955236027153,0.3788955236027153,RAD
1.026300027036551e+25,30896257.83977283,83.07444019365528,13466449.951696312,1.496008136586077e+17,1.4342067656087926e+26,13.974458127917183,1.5117540969571102,0.4,0.37889551812297034,0.37889551812297034,RAD
1.0372337724657885e+25,31005589.011672508,83.07443794281039,13466449.729013814,1.4960080712959597e+17,1.449486081614334e+26,13.974456733649308,1.5117541318446095,0.4,0.37889551266349514,0.37889551266349514,RAD
1.0481675178950261e+25,31114154.53472538,83.07443569986067,13466449.507112412,1.4960080062348592e+17,1.4647653960980985e+26,13.974455344272181,1.511754166609741,0.4,0.37889550722398957,0.37889550722398957,RAD
1.0591012633242638e+25,31221967.67441871,83.07443346469654,13466449.28598126,1.4960079413995958e+17,1.480044709065396e+26,13.974453959717877,1.5117542012541991,0.4,0.3788955018041587,0.3788955018041587,RAD
1.0700350087535014e+25,31329041.33228243,83.07443123721097,13466449.065609777,1.4960078767870666e+17,1.4953240205214634e+26,13.974452579920188,1.5117542357796394,0.4,0.37889549640371484,0.37889549640371484,RAD
1.080968754182739e+25,31435388.059479777,83.07442901729958,13466448.845987627,1.4960078123942416e+17,1.510603330471466e+26,13.97445120481433,1.5117542701876865,0.4,0.3788954910223809,0.3788954910223809,RAD
1.0919024996119766e+25,31541020.069758546,83.07442680486032,13466448.627104724,1.4960077482181626e+17,1.525882638920499e+26,13.974449834337188,1.5117543044799124,0.4,0.37889548565988196,0.37889548565988196,RAD
1.105080949581683e+25,31667405.37750549,83.0744241479954,13466448.364253527,1.4960076711506595e+17,1.544298796634938e+26,13.974448188564425,1.5117543456606248,0.4,0.37889547922111805,0.37889547922111805,RAD
1.1182593995513893e+25,31792789.849115748,83.07442150167113,13466448.10244515,1.4960075943889104e+17,1.5627149521848173e+26,13.974446549321176,1.511754386677961,0.4,0.3788954728088821,0.3788954728088821,RAD
1.1314378495210957e+25,31917193.066214405,83.07441886572218,13466447.841663238,1.4960075179281203e+17,1.581131105578674e+26,13.974444916505027,1.5117544275344779,0.4,0.3788954664227334,0.3788954664227334,RAD
1.144616299490802e+25,32040634.00453849,83.07441623998776,13466447.58189188,1.496007441763624e+17,1.5995472568249126e+26,13.974443290016346,1.5117544682326765,0.4,0.3788954600622487,0.3788954600622487,RAD
1.1577947494605084e+25,32163131.059419043,83.07441362431129,13466447.323115593,1.4960073658908816e+17,1.617963405931807e+26,13.9744416697582,1.5117545087749806,0.4,0.3788954537270127,0.3788954537270127,RAD
1.1709731994302148e+25,32284702.069914654,83.07441101854049,13466447.065319302,1.4960072903054733e+17,1.636379552907506e+26,13.974440055636201,1.5117545491637505,0.4,0.37889544741662345,0.37889544741662345,RAD
1.1841516493999211e+25,32405364.341682144,83.07440842252696,13466446.808488328,1.4960072150030957e+17,1.6547956977600348e+26,13.974438447558402,1.5117545894012923,0.4,0.3788954411306912,0.3788954411306912,RAD
1.1973300993696275e+25,32525134.668663736,83.07440583612616,13466446.552608375,1.4960071399795565e+17,1.6732118404972998e+26,13.974436845435347,1.5117546294898312,0.4,0.3788954348688319,0.3788954348688319,RAD
1.2105085493393338e+25,32644029.353664298,83.07440325919728,13466446.297665508,1.496007065230771e+17,1.6916279811270904e+26,13.974435249179779,1.511754669431565,0.4,0.37889542863067943,0.37889542863067943,RAD
1.2236869993090402e+25,32762064.227886837,83.07440069160312,13466446.043646153,1.4960069907527578e+17,1.710044119657083e+26,13.974433658706674,1.5117547092286068,0.4,0.3788954224158702,0.3788954224158702,RAD
1.2368654492787466e+25,32879254.669489652,83.07439813320978,13466445.790537069,1.496006916541636e+17,1.7284602560948434e+26,13.974432073933125,1.5117547488830456,0.4,0.37889541622405754,0.37889541622405754,RAD
1.250043899248453e+25,32995615.62122398,83.07439558388685,13466445.538325349,1.4960068425936202e+17,1.746876390447829e+26,13.974430494778343,1.5117547883968936,0.4,0.3788954100548975,0.3788954100548975,RAD
1.2632223492181593e+25,33111161.607206874,83.07439304350706,13466445.286998399,1.496006768905019e+17,1.765292522723392e+26,13.974428921163454,1.511754827772128,0.4,0.37889540390805904,0.37889540390805904,RAD
1.2764007991878656e+25,33225906.74888029,83.07439051194616,13466445.036543934,1.4960066954722294e+17,1.7837086529287826e+26,13.974427353011544,1.5117548670106722,0.4,0.37889539778321735,0.37889539778321735,RAD
1.289579249157572e+25,33339864.78020381,83.07438798908301,13466444.786949962,1.4960066222917363e+17,1.8021247810711506e+26,13.974425790247546,1.5117549061144036,0.4,0.37889539168005687,0.37889539168005687,RAD
1.3027576991272783e+25,33453049.062125247,83.07438547479926,13466444.53820478,1.4960065493601078e+17,1.8205409071575476e+26,13.974424232798146,1.511754945085155,0.4,0.3788953855982696,0.3788953855982696,RAD
1.3159361490969847e+25,33565472.59637038,83.0743829689794,13466444.290296959,1.4960064766739926e+17,1.83895703119493e+26,13.974422680591793,1.5117549839247242,0.4,0.37889537953755675,0.37889537953755675,RAD
1.3318209166272626e+25,33699990.170486376,83.07437995965557,13466443.992576078,1.4960063893827814e+17,1.8611550752785104e+26,13.974420816494938,1.511755030568471,0.4,0.3788953722598126,0.3788953722598126,RAD
1.3468144782553464e+25,33825982.94168176,83.07437713012605,13466443.712642755,1.4960063073068512e+17,1.882107707936603e+26,13.974419063770137,1.5117550744254562,0.4,0.37889536541763263,0.37889536541763263,RAD
1.3618080398834301e+25,33951044.06560389,83.0743743110773,13466443.433746332,1.4960062255349392e+17,1.9030603379716162e+26,13.974417317537787,1.5117551181199929,0.4,0.3788953586014996,0.3788953586014996,RAD
1.3768016015115139e+25,34075190.57614375,83.0743715023558,13466443.155871615,1.4960061440625907e+17,1.924012965393213e+26,13.974415577702736,1.5117551616544633,0.4,0.37889535181101724,0.37889535181101724,RAD
1.3917951631395976e+25,34198439.014286965,83.07436870381183,13466442.879003793,1.4960060628854634e+17,1.944965590210915e+26,13.97441384417228,1.5117552050311835,0.4,0.37889534504579797,0.37889534504579797,RAD
1.4067887247676814e+25,34320805.44751527,83.07436591529944,13466442.60312843,1.496005981999324e+17,1.9659182124341073e+26,13.974412116856035,1.5117552482524197,0.4,0.37889533830546707,0.37889533830546707,RAD
1.4217822863957651e+25,34442305.48824632,83.07436313667637,13466442.328231445,1.4960059014000454e+17,1.986870832072041e+26,13.974410395665748,1.5117552913203771,0.4,0.37889533158965777,0.37889533158965777,RAD
1.4367758480238489e+25,34562954.31136915,83.07436036780373,13466442.054299107,1.4960058210836003e+17,2.007823449133836e+26,13.97440868051558,1.5117553342372017,0.4,0.37889532489801153,0.37889532489801153,RAD
1.4517694096519326e+25,34682766.67092857,83.07435760854617,13466441.781318016,1.49600574104606e+17,2.0287760636284855e+26,13.974406971321518,1.511755377004997,0.4,0.3788953182301816,0.3788953182301816,RAD
1.4667629712800164e+25,34801756.91600812,83.0743548587714,13466441.509275096,1.496005661283591e+17,2.0497286755648583e+26,13.97440526800172,1.5117554196258118,0.4,0.37889531158582884,0.37889531158582884,RAD
1.4817565329081e+25,34919939.00585794,83.07435211835053,13466441.238157578,1.49600558179245e+17,2.0706812849517018e+26,13.974403570476285,1.511755462101644,0.4,0.37889530496462215,0.37889530496462215,RAD
1.4967500945361838e+25,35037326.52431051,83.07434938715747,13466440.967953,1.496005502568982e+17,2.091633891797645e+26,13.974401878667118,1.5117555044344544,0.4,0.3788952983662407,0.3788952983662407,RAD
1.5148103394279664e+25,35177687.465009354,83.07434610942201,13466440.643677458,1.496005407492012e+17,2.116872001977476e+26,13.97439984830822,1.5117555552385322,0.4,0.37889529044812653,0.37889529044812653,RAD
1.532870584319749e+25,35316937.165473714,83.07434284468725,13466440.320688117,1.4960053127921558e+17,2.1421101084977203e+26,13.974397826002736,1.5117556058411052,0.4,0.37889528256213595,0.37889528256213595,RAD
1.5509308292115316e+25,35455097.36224673,83.07433959274934,13466439.998964813,1.4960052184635e+17,2.1673482113728088e+26,13.974395811624426,1.5117556562453252,0.4,0.37889527470774637,0.37889527470774637,RAD
1.5689910741033142e+25,35592189.11946473,83.07433635340998,13466439.678487923,1.4960051245002928e+17,2.1925863106169464e+26,13.974393805050465,1.5117557064542757,0.4,0.3788952668844551,0.3788952668844551,RAD
1.5870513189950968e+25,35728232.857130356,83.07433312647616,13466439.359238354,1.4960050308969354e+17,2.2178244062441192e+26,13.974391806161266,1.511755756470947,0.4,0.3788952590917699,0.3788952590917699,RAD
1.6051115638868793e+25,35863248.37788974,83.07432991176003,13466439.04119752,1.4960049376479782e+17,2.243062498268101e+26,13.974389814840416,1.5117558062982512,0.4,0.3788952513292133,0.3788952513292133,RAD
1.623171808778662e+25,35997254.89240888,83.07432670907862,13466438.724347318,1.4960048447481142e+17,2.2683005867024574e+26,13.974387830974642,1.5117558559390163,0.4,0.37889524359631827,0.37889524359631827,RAD
1.6412320536704445e+25,36130271.0434371,83.07432351825369,13466438.408670118,1.4960047521921738e+17,2.2935386715605523e+26,13.97438585445353,1.511755905396016,0.4,0.37889523589263496,0.37889523589263496,RAD
1.659292298562227e+25,36262314.92863922,83.07432033911162,13466438.09414874,1.4960046599751197e+17,2.318776752855553e+26,13.974383885169493,1.5117559546719301,0.4,0.3788952282177205,0.3788952282177205,RAD
1.6773525434540097e+25,36393404.122272104,83.07431717148316,13466437.78076644,1.496004568092043e+17,2.3440148306004342e+26,13.974381923017692,1.5117560037693887,0.4,0.37889522057114716,0.37889522057114716,RAD
1.6954127883457923e+25,36523555.69577586,83.07431401520326,13466437.468506895,1.4960044765381568e+17,2.3692529048079846e+26,13.974379967895924,1.5117560526909508,0.4,0.378895212952498,0.378895212952498,RAD
1.7134730332375748e+25,36652786.237344965,83.07431087011106,13466437.157354185,1.4960043853087942e+17,2.3944909754908103e+26,13.974378019704506,1.5117561014391105,0.4,0.3788952053613659,0.3788952053613659,RAD
1.7315332781293574e+25,36781111.87054006,83.07430773604963,13466436.847292783,1.4960042943994026e+17,2.4197290426613395e+26,13.97437607834625,1.511756150016295,0.4,0.37889519779735287,0.37889519779735287,RAD
1.74959352302114e+25,36908548.27199686,83.07430461286576,13466436.538307536,1.4960042038055392e+17,2.444967106331827e+26,13.974374143726255,1.5117561984248773,0.4,0.37889519026007196,0.37889519026007196,RAD
1.7676537679129226e+25,37035110.688284926,83.07430150041004,13466436.230383659,1.4960041135228688e+17,2.4702051665143583e+26,13.974372215751924,1.5117562466671806,0.4,0.3788951827491479,0.3788951827491479,RAD
1.7857140128047052e+25,37160813.95196522,83.07429839853654,13466435.923506716,1.496004023547159e+17,2.4954432232208536e+26,13.974370294332902,1.5117562947454597,0.4,0.3788951752642112,0.3788951752642112,RAD
1.8037742576964878e+25,37285672.49689235,83.07429530710283,13466435.617662612,1.4960039338742778e+17,2.5206812764630722e+26,13.974368379380916,1.51175634266193,0.4,0.3788951678049051,0.3788951678049051,RAD
1.825541413608407e+25,37435055.912956595,83.074291594821,13466435.250396296,1.4960038261925277e+17,2.5510994994871523e+26,13.974366079852308,1.5117564002013995,0.4,0.3788951588481213,0.3788951588481213,RAD
1.8473085695203263e+25,37583256.5370896,83.07428789726498,13466434.884586848,1.4960037189379312e+17,2.581517717515767e+26,13.974363789445764,1.5117564575126197,0.4,0.37889514992746104,0.37889514992746104,RAD
1.8690757254322456e+25,37730297.50777012,83.07428421420381,13466434.520211427,1.49600361210379e+17,2.611935930568616e+26,13.974361508018283,1.5117565145991727,0.4,0.3788951410423445,0.3788951410423445,RAD
1.890842881344165e+25,37876201.247630484,83.07428054541283,13466434.157247804,1.496003505683588e+17,2.642354138665092e+26,13.97435923543065,1.5117565714645476,0.4,0.37889513219220955,0.37889513219220955,RAD
1.9126100372560842e+25,38020989.493559234,83.07427689067349,13466433.79567435,1.496003399670983e+17,2.672772341824289e+26,13.974356971547474,1.5117566281121302,0.4,0.3788951233765074,0.3788951233765074,RAD
1.9343771931680037e+25,38164683.32521091,83.07427324977289,13466433.435470011,1.4960032940598016e+17,2.70319054006501e+26,13.974354716236888,1.5117566845452093,0.4,0.37889511459470143,0.37889511459470143,RAD
1.9561443490799234e+25,38307303.19202411,83.07426962250378,13466433.076614281,1.496003188844032e+17,2.7336087334057754e+26,13.974352469370555,1.5117567407670132,0.4,0.37889510584627695,0.37889510584627695,RAD
1.977911504991843e+25,38448868.938841715,83.0742660086643,13466432.719087189,1.4960030840178182e+17,2.7640269218648283e+26,13.974350230823404,1.5117567967806567,0.4,0.3788950971307249,0.3788950971307249,RAD
1.999678660903763e+25,38589399.83021995,83.07426240805775,13466432.362869272,1.4960029795754544e+17,2.794445105460144e+26,13.974348000473524,1.511756852589198,0.4,0.37889508844755576,0.37889508844755576,RAD
2.0214458168156825e+25,38728914.573506966,83.07425882049237,13466432.007941565,1.4960028755113792e+17,2.824863284209436e+26,13.974345778202235,1.5117569081956037,0.4,0.3788950797962888,0.3788950797962888,RAD
2.0432129727276022e+25,38867431.34076584,83.07425524578132,13466431.654285574,1.4960027718201712e+17,2.8552814581301624e+26,13.974343563893685,1.5117569636027746,0.4,0.37889507117645854,0.37889507117645854,RAD
2.064980128639522e+25,39004967.78961133,83.07425168374226,13466431.30188327,1.496002668496543e+17,2.8856996272395328e+26,13.974341357435035,1.5117570188135374,0.4,0.37889506258761024,0.37889506258761024,RAD
2.0867472845514417e+25,39141541.0830252,83.07424813419743,13466430.950717058,1.4960025655353373e+17,2.9161177915545133e+26,13.974339158716102,1.511757073830637,0.4,0.37889505402929763,0.37889505402929763,RAD
2.1085144404633614e+25,39277167.90821023,83.07424459697334,13466430.600769779,1.4960024629315216e+17,2.946535951091834e+26,13.97433696762939,1.5117571286567735,0.4,0.3788950455010911,0.3788950455010911,RAD
2.130281596375281e+25,39411864.494538985,83.07424107190067,13466430.25202468,1.4960023606801853e+17,2.9769541058679935e+26,13.974334784070095,1.51175718329457,0.4,0.37889503700256877,0.37889503700256877,RAD
2.152048752287201e+25,39545646.6306495,83.07423755881418,13466429.904465413,1.496002258776534e+17,3.007372255899265e+26,13.97433260793581,1.5117572377465835,0.4,0.37889502853331786,0.37889502853331786,RAD
2.1738159081991205e+25,39678529.68073678,83.0742340575525,13466429.558076011,1.496002157215887e+17,3.037790401201701e+26,13.974330439126549,1.5117572920153184,0.4,0.3788950200929375,0.3788950200929375,RAD
2.200051825079507e+25,39837519.703147575,83.07422985297943,13466429.142106099,1.4960020352543827e+17,3.0744533349688945e+26,13.97432783466103,1.511757357185216,0.4,0.378895009957574,0.378895009957574,RAD
2.2262877419598934e+25,39995250.716738716,83.07422566508696,13466428.727786457,1.496001913776737e+17,3.111116261916625e+26,13.974325240528518,1.511757422096567,0.4,0.3788949998629135,0.3788949998629135,RAD
2.25252365884028e+25,40151747.35396689,83.07422149361354,13466428.315091204,1.4960017927753616e+17,3.1477791820717884e+26,13.974322656567047,1.5117574867534354,0.4,0.37889498980830844,0.37889498980830844,RAD
2.2787595757206663e+25,40307033.48513138,83.07421733830463,13466427.90399516,1.496001672242874e+17,3.184442095460861e+26,13.974320082618958,1.5117575511597503,0.4,0.37889497979312325,0.37889497979312325,RAD
2.3049954926010527e+25,40461132.25042794,83.07421319891259,13466427.494473824,1.49600155217209e+17,3.221105002109912e+26,13.974317518530796,1.5117576153193661,0.4,0.37889496981674714,0.37889496981674714,RAD
2.331231409481439e+25,40614066.09030634,83.0742090751963,13466427.08650334,1.4960014325560157e+17,3.2577679020446134e+26,13.974314964153214,1.5117576792360188,0.4,0.3788949598785823,0.3788949598785823,RAD
2.3574673263618256e+25,40765856.774239436,83.07420496692093,13466426.680060482,1.4960013133878403e+17,3.2944307952902495e+26,13.974312419340755,1.511757742913338,0.4,0.3788949499780442,0.3788949499780442,RAD
2.383703243242212e+25,40916525.4280035,83.07420087385782,13466426.27512262,1.49600119466093e+17,3.331093681871729e+26,13.974309883951761,1.5117578063548716,0.4,0.3788949401145675,0.3788949401145675,RAD
2.4099391601225985e+25,41066092.559562355,83.07419679578412,13466425.87166771,1.4960010763688202e+17,3.367756561813594e+26,13.974307357848197,1.5117578695640763,0.4,0.37889493028760124,0.37889493028760124,RAD
2.436175077002985e+25,41214578.083641194,83.07419273248259,13466425.469674263,1.4960009585052112e+17,3.4044194351400274e+26,13.974304840895492,1.5117579325443176,0.4,0.37889492049660756,0.37889492049660756,RAD
2.4624109938833714e+25,41362001.34506968,83.07418868374153,13466425.069121333,1.496000841063961e+17,3.441082301874865e+26,13.97430233296249,1.5117579952988793,0.4,0.37889491074106363,0.37889491074106363,RAD
2.488646910763758e+25,41508381.140968435,83.07418464935448,13466424.669988489,1.49600072403908e+17,3.4777451620416025e+26,13.974299833921336,1.5117580578309577,0.4,0.3788949010204579,0.3788949010204579,RAD
2.5148828276441443e+25,41653735.74184777,83.07418062911997,13466424.272255804,1.4960006074247254e+17,3.5144080156634034e+26,13.974297343647185,1.5117581201436834,0.4,0.37889489133429516,0.37889489133429516,RAD
2.5411187445245308e+25,41798082.91168272,83.0741766228415,13466423.875903837,1.4960004912151968e+17,3.551070862763109e+26,13.974294862018336,1.5117581822400898,0.4,0.3788948816820868,0.3788948816820868,RAD
2.5673546614049172e+25,41941439.9270241,83.07417263032727,13466423.480913613,1.4960003754049306e+17,3.5877337033632446e+26,13.974292388915968,1.5117582441231563,0.4,0.3788948720633612,0.3788948720633612,RAD
2.5935905782853037e+25,42083823.59520124,83.07416865139005,13466423.087266607,1.496000259988496e+17,3.624396537486027e+26,13.974289924224097,1.5117583057957813,0.4,0.3788948624776555,0.3788948624776555,RAD
2.61982649516569e+25,42225250.271668166,83.07416468584702,13466422.694944734,1.4960001449605898e+17,3.661059365153374e+26,13.974287467829495,1.5117583672608066,0.4,0.37889485292452085,0.37889485292452085,RAD
2.6514501470021413e+25,42394470.55632254,83.07415992350037,13466422.223792937,1.4960000068199277e+17,3.7052511606403485e+26,13.974284517867687,1.511758441076112,0.4,0.37889484145224617,0.37889484145224617,RAD
2.6812995686596126e+25,42552966.82182975,83.07415544568381,13466421.780790484,1.4959998769325942e+17,3.7469635875916174e+26,13.974281744154213,1.511758510481263,0.4,0.3788948306657672,0.3788948306657672,RAD
2.711148990317084e+25,42710291.11380683,83.0741509844532,13466421.339428931,1.4959997475263725e+17,3.788676006278884e+26,13.97427898071518,1.511758579629341,0.4,0.3788948199195956,0.3788948199195956,RAD
2.740998411974555e+25,42866464.859866686,83.07414653956545,13466420.899684235,1.4959996185942128e+17,3.830388416732591e+26,13.974276227400026,1.5117586485241128,0.4,0.378894809213133,0.378894809213133,RAD
2.7708478336320265e+25,43021508.86758586,83.07414211078371,13466420.461532962,1.4959994901292438e+17,3.872100818982739e+26,13.974273484062001,1.5117587171692501,0.4,0.37889479854579683,0.37889479854579683,RAD
2.800697255289498e+25,43175443.34890966,83.07413769787706,13466420.02495226,1.4959993621247667e+17,3.9138132130588935e+26,13.974270750558055,1.511758785568322,0.4,0.37889478791701636,0.37889478791701636,RAD
2.830546676946969e+25,43328287.94334773,83.07413330062028,13466419.589919854,1.4959992345742493e+17,3.9555255989902004e+26,13.974268026748751,1.511758853724833,0.4,0.37889477732624127,0.37889477732624127,RAD
2.8603960986044404e+25,43480061.74003195,83.07412891879366,13466419.15641401,1.4959991074713194e+17,3.997237976805393e+26,13.974265312497886,1.511758921642179,0.4,0.3788947667729296,0.3788947667729296,RAD
2.8902455202619117e+25,43630783.298703894,83.07412455218292,13466418.724413523,1.49599898080976e+17,4.038950346532804e+26,13.974262607672813,1.51175898932369,0.4,0.3788947562565567,0.3788947562565567,RAD
2.920094941919383e+25,43780470.66969411,83.07412020057892,13466418.2938977,1.4959988545835037e+17,4.0806627082003746e+26,13.974259912143882,1.5117590567725991,0.4,0.3788947457766069,0.3788947457766069,RAD
2.9499443635768543e+25,43929141.41295153,83.0741158637774,13466417.864846338,1.4959987287866275e+17,4.122375061835664e+26,13.974257225784639,1.5117591239920742,0.4,0.37889473533257945,0.37889473533257945,RAD
2.9797937852343256e+25,44076812.61617726,83.074111541579,13466417.437239714,1.495998603413348e+17,4.164087407465858e+26,13.974254548471563,1.5117591909852102,0.4,0.3788947249239859,0.3788947249239859,RAD
3.015748370411143e+25,44253383.76699926,83.07410635446544,13466416.924064737,1.495998452951628e+17,4.2143312542303346e+26,13.97425133540202,1.5117592713843413,0.4,0.37889471243286893,0.37889471243286893,RAD
3.0517029555879606e+25,44428557.0229355,83.07410118792558,13466416.412925184,1.4959983030866944e+17,4.2645750894653255e+26,13.97424813507723,1.5117593514645926,0.4,0.37889469999165715,0.37889469999165715,RAD
3.087657540764778e+25,44602359.7272867,83.07409604163684,13466415.903789142,1.4959981538091898e+17,4.314818913216293e+26,13.974244947297334,1.5117594312309575,0.4,0.37889468759955813,0.37889468759955813,RAD
3.1236121259415957e+25,44774818.377516806,83.07409091528535,13466415.396625564,1.4959980051100112e+17,4.36506272552799e+26,13.974241771867984,1.5117595106883055,0.4,0.3788946752558042,0.3788946752558042,RAD
3.159566711118413e+25,44945958.66081802,83.07408580856573,13466414.891404232,1.4959978569802992e+17,4.415306526444481e+26,13.974238608599933,1.5117595898413687,0.4,0.37889466295964686,0.37889466295964686,RAD
3.1955212962952307e+25,45115805.487794004,83.07408072118066,13466414.388095733,1.4959977094114294e+17,4.46555031600916e+26,13.974235457309055,1.5117596686947492,0.4,0.37889465071035644,0.37889465071035644,RAD
3.231475881472048e+25,45284383.02438103,83.07407565284063,13466413.886671422,1.4959975623950038e+17,4.515794094264765e+26,13.974232317815996,1.5117597472529407,0.4,0.37889463850722566,0.37889463850722566,RAD
3.2674304666488657e+25,45451714.722117625,83.07407060326359,13466413.3871034,1.4959974159228413e+17,4.5660378612534e+26,13.974229189946016,1.5117598255203133,0.4,0.37889462634956406,0.37889462634956406,RAD
3.303385051825683e+25,45617823.34686542,83.07406557217477,13466412.889364477,1.495997269986971e+17,4.616281617016547e+26,13.974226073528888,1.511759903501132,0.4,0.3788946142367008,0.3788946142367008,RAD
3.3393396370025007e+25,45782731.00607634,83.07406055930629,13466412.393428158,1.4959971245796237e+17,4.6665253615950866e+26,13.97422296839879,1.5117599811995344,0.4,0.37889460216797755,0.37889460216797755,RAD
3.375294222179318e+25,45946459.17469449,83.07405556439707,13466411.89926861,1.4959969796932256e+17,4.716769095029307e+26,13.974219874393823,1.5117600586195803,0.4,0.37889459014275906,0.37889459014275906,RAD
3.4112488073561357e+25,46109028.71977496,83.07405058719252,13466411.40686064,1.4959968353203904e+17,4.767012817358925e+26,13.974216791356392,1.5117601357652124,0.4,0.37889457816042205,0.37889457816042205,RAD
3.4472033925329532e+25,46270459.92389583,83.07404562744419,13466410.916179677,1.4959966914539133e+17,4.817256528623095e+26,13.97421371913257,1.511760212640272,0.4,0.37889456622035717,0.37889456622035717,RAD
3.4831579777097707e+25,46430772.507434495,83.07404068490975,13466410.427201744,1.4959965480867645e+17,4.8675002288604254e+26,13.974210657572206,1.5117602892485307,0.4,0.3788945543219764,0.3788945543219764,RAD
3.5191125628865882e+25,46589985.64977457,83.0740357593527,13466409.93990344,1.4959964052120832e+17,4.917743918108993e+26,13.974207606528859,1.5117603655936447,0.4,0.3788945424646998,0.3788945424646998,RAD
3.5550671480634057e+25,46748118.009504944,83.07403085054212,13466409.454261923,1.495996262823172e+17,4.967987596406353e+26,13.974204565859454,1.5117604416791954,0.4,0.37889453064796436,0.37889453064796436,RAD
3.5910217332402232e+25,46905187.74366872,83.07402595825258,13466408.970254889,1.4959961209134906e+17,5.018231263789552e+26,13.974201535424344,1.5117605175086786,0.4,0.3788945188712198,0.3788945188712198,RAD
3.634356020600813e+25,47093109.03855015,83.07402008346061,13466408.389046328,1.4959959505045645e+17,5.0787874623966534e+26,13.974197896397717,1.5117606085667505,0.4,0.3788945047296734,0.3788945047296734,RAD
3.677690307961403e+25,47279542.428000145,83.07401423197228,13466407.810143277,1.4959957807716134e+17,5.139343645265654e+26,13.97419427180707,1.5117606992636274,0.4,0.3788944906445225,0.3788944906445225,RAD
3.721024595321993e+25,47464517.01892587,83.07400840342217,13466407.233509582,1.4959956117040378e+17,5.199899812458618e+26,13.974190661425927,1.5117607896049687,0.4,0.3788944766148748,0.3788944766148748,RAD
3.764358882682583e+25,47648061.017751604,83.07400259745474,13466406.659110071,1.495995443291525e+17,5.260455964036642e+26,13.974187065034162,1.5117608795962902,0.4,0.3788944626398648,0.3788944626398648,RAD
3.807693170043173e+25,47830201.76828519,83.07399681372408,13466406.086910518,1.49599527552404e+17,5.3210121000598813e+26,13.97418348241738,1.5117609692429501,0.4,0.3788944487186482,0.3788944487186482,RAD
3.851027457403763e+25,48010965.78758081,83.07399105189332,13466405.5168776,1.4959951083918128e+17,5.381568220587575e+26,13.974179913366996,1.5117610585501684,0.4,0.37889443485040397,0.37889443485040397,RAD
3.894361744764353e+25,48190378.79992541,83.07398531163454,13466404.948978873,1.4959949418853296e+17,5.442124325678069e+26,13.974176357679838,1.5117611475230344,0.4,0.37889442103433446,0.37889442103433446,RAD
3.937696032124942e+25,48368465.76906668,83.07397959262825,13466404.383182727,1.4959947759953235e+17,5.5026804153888424e+26,13.97417281515796,1.5117612361664887,0.4,0.3788944072696589,0.3788944072696589,RAD
3.981030319485532e+25,48545250.9287918,83.07397389456317,13466403.819458365,1.495994610712765e+17,5.563236489776526e+26,13.974169285608609,1.5117613244853683,0.4,0.3788943935556223,0.3788943935556223,RAD
4.024364606846121e+25,48720757.8119584,83.0739682171359,13466403.257775774,1.4959944460288538e+17,5.6237925488969267e+26,13.974165768843744,1.5117614124843692,0.4,0.37889437989148445,0.37889437989148445,RAD
4.067698894206711e+25,48895009.278071776,83.0739625600506,13466402.69810569,1.4959942819350096e+17,5.684348592805046e+26,13.974162264680226,1.5117615001680798,0.4,0.3788943662765261,0.3788943662765261,RAD
4.1110331815673e+25,49068027.53949583,83.07395692301895,13466402.140419574,1.4959941184228656e+17,5.7449046215551024e+26,13.974158772939349,1.5117615875409691,0.4,0.3788943527100449,0.3788943527100449,RAD
4.15436746892789e+25,49239834.18637917,83.07395130575948,13466401.584689593,1.4959939554842605e+17,5.805460635200549e+26,13.974155293446787,1.5117616746073939,0.4,0.37889433919135523,0.37889433919135523,RAD
4.197701756288479e+25,49410450.21037187,83.0739457079977,13466401.030888587,1.4959937931112307e+17,5.8660166337940944e+26,13.974151826032525,1.5117617613716139,0.4,0.3788943257197904,0.3788943257197904,RAD
4.241036043649069e+25,49579896.02720355,83.07394012946573,13466400.478990048,1.4959936312960048e+17,5.926572617387716e+26,13.974148370530605,1.5117618478377792,0.4,0.37889431229469833,0.37889431229469833,RAD
4.284370331009658e+25,49748191.4981885,83.07393456990194,13466399.928968102,1.495993470030996e+17,5.9871285860326846e+26,13.974144926778957,1.5117619340099466,0.4,0.3788942989154437,0.3788942989154437,RAD
4.327704618370248e+25,49915355.950718954,83.073929029051,13466399.380797481,1.495993309308796e+17,6.0476845397795734e+26,13.974141494619412,1.5117620198920723,0.4,0.37889428558140503,0.37889428558140503,RAD
4.379935286888994e+25,50115362.227652885,83.07392237519826,13466398.722514752,1.4959931163020195e+17,6.1206724042326994e+26,13.974137373036227,1.5117621230255176,0.4,0.3788942695691668,0.3788942695691668,RAD
4.43216595540774e+25,50313784.71988564,83.07391574774269,13466398.06684359,1.495992924060955e+17,6.193660247201339e+26,13.974133267805376,1.5117622257498182,0.4,0.37889425362070167,0.37889425362070167,RAD
4.4843966239264865e+25,50510654.41371847,83.07390914627037,13466397.413743038,1.4959927325735936e+17,6.266648068770228e+26,13.974129178670447,1.511762328071391,0.4,0.37889423773500364,0.37889423773500364,RAD
4.536627292445233e+25,50706001.33671146,83.0739025703785,13466396.763173252,1.495992541828253e+17,6.339635869022782e+26,13.97412510538193,1.5117624299964796,0.4,0.3788942219110946,0.3788942219110946,RAD
4.588857960963979e+25,50899854.59800455,83.07389601967517,13466396.115095455,1.4959923518135645e+17,6.412623648041132e+26,13.974121047697064,1.5117625315311523,0.4,0.37889420614802116,0.37889420614802116,RAD
4.641088629482725e+25,51092242.426504835,83.0738894937788,13466395.4694719,1.4959921625184595e+17,6.485611405906156e+26,13.97411700537948,1.5117626326813254,0.4,0.3788941904448571,0.3788941904448571,RAD
4.693319298001472e+25,51283192.207075626,83.07388299231783,13466394.826265825,1.4959919739321606e+17,6.558599142697516e+26,13.974112978199,1.5117627334527661,0.4,0.3788941748007026,0.3788941748007026,RAD
4.745549966520218e+25,51472730.51485289,83.07387651493039,13466394.185441425,1.4959917860441696e+17,6.631586858493685e+26,13.974108965931437,1.5117628338510771,0.4,0.37889415921467734,0.37889415921467734,RAD
4.797780635038964e+25,51660883.1478054,83.07387006126379,13466393.546963813,1.495991598844257e+17,6.70457455337198e+26,13.974104968358333,1.5117629338817251,0.4,0.3788941436859256,0.3788941436859256,RAD
4.8500113035577104e+25,51847675.1576466,83.0738636309743,13466392.910798984,1.4959914123224528e+17,6.777562227408594e+26,13.974100985266789,1.5117630335500332,0.4,0.37889412821361207,0.37889412821361207,RAD
4.902241972076457e+25,52033130.87919836,83.0738572237269,13466392.276913786,1.4959912264690374e+17,6.850549880678622e+26,13.974097016449209,1.5117631328612031,0.4,0.37889411279692625,0.37889411279692625,RAD
4.954472640595203e+25,52217273.95829986,83.0738508391948,13466391.645275893,1.4959910412745325e+17,6.923537513256086e+26,13.974093061703188,1.5117632318202945,0.4,0.3788940974350741,0.3788940974350741,RAD
5.006703309113949e+25,52400127.37834811,83.07384447705927,13466391.01585377,1.4959908567296918e+17,6.996525125213964e+26,13.974089120831326,1.5117633304322544,0.4,0.37889408212728376,0.37889408212728376,RAD
5.0589339776326955e+25,52581713.485550806,83.07383813700929,13466390.38861665,1.4959906728254947e+17,7.069512716624217e+26,13.97408519364087,1.5117634287018946,0.4,0.37889406687279925,0.37889406687279925,RAD
5.111164646151442e+25,52762054.01296656,83.07383181874133,13466389.763534503,1.4959904895531366e+17,7.142500287557812e+26,13.974081279943874,1.511763526633918,0.4,0.3788940516708842,0.3788940516708842,RAD
5.163395314670188e+25,52941170.10340251,83.07382552195915,13466389.140578019,1.495990306904023e+17,7.215487838084743e+26,13.974077379556771,1.5117636242329275,0.4,0.37889403652082265,0.37889403652082265,RAD
5.215625983188934e+25,53119082.33123462,83.07381924637338,13466388.519718572,1.495990124869762e+17,7.28847536827406e+26,13.974073492300375,1.5117637215033988,0.4,0.3788940214219116,0.3788940214219116,RAD
5.278582510172335e+25,53331958.15005524,83.07381170983298,13466387.774109745,1.4959899062593386e+17,7.3764512670578e+26,13.974068823978191,1.5117638383184513,0.4,0.37889400328936934,0.37889400328936934,RAD
5.338006886052975e+25,53531343.36838683,83.07380462356929,13466387.073047949,1.4959897007099888e+17,7.459491285845598e+26,13.974064434570117,1.5117639481543035,0.4,0.37889398624036125,0.37889398624036125,RAD
5.397431261933614e+25,53729254.28773489,83.07379756355292,13466386.374582894,1.4959894959220045e+17,7.542531278598041e+26,13.974060061421634,1.5117640575833327,0.4,0.3788939692546803,0.3788939692546803,RAD
5.456855637814254e+25,53925717.86292626,83.07379052939925,13466385.67867653,1.495989291884229e+17,7.625571245411043e+26,13.974055704294484,1.511764166611502,0.4,0.37889395233139533,0.37889395233139533,RAD
5.516280013694893e+25,54120760.26882303,83.07378352073349,13466384.985291772,1.4959890885857894e+17,7.708611186379116e+26,13.97405136295651,1.5117642752446188,0.4,0.37889393546959765,0.37889393546959765,RAD
5.575704389575533e+25,54314406.931022264,83.07377653719008,13466384.294392463,1.4959888860160845e+17,7.791651101595408e+26,13.974047037181279,1.5117643834883543,0.4,0.37889391866840355,0.37889391866840355,RAD
5.6351287654561726e+25,54506682.55503418,83.07376957841274,13466383.605943346,1.495988684164777e+17,7.874690991151744e+26,13.974042726748044,1.5117644913482247,0.4,0.3788939019269484,0.3788939019269484,RAD
5.694553141336812e+25,54697611.154029265,83.0737626440538,13466382.91991003,1.495988483021783e+17,7.957730855138649e+26,13.97403843144146,1.5117645988296198,0.4,0.37889388524439077,0.37889388524439077,RAD
5.753977517217452e+25,54887216.0752388,83.07375573377409,13466382.23625896,1.4959882825772643e+17,8.040770693645387e+26,13.974034151051429,1.5117647059377932,0.4,0.37889386861990865,0.37889386861990865,RAD
5.813401893098091e+25,55075520.0250873,83.07374884724264,13466381.554957384,1.4959880828216192e+17,8.123810506759985e+26,13.974029885372913,1.511764812677889,0.4,0.3788938520527042,0.3788938520527042,RAD
5.872826268978731e+25,55262545.09313002,83.07374198413625,13466380.875973336,1.4959878837454742e+17,8.20685029456927e+26,13.974025634205693,1.5117649190548972,0.4,0.37889383554199046,0.37889383554199046,RAD
5.9322506448593705e+25,55448312.77486393,83.07373514413945,13466380.199275602,1.4959876853396774e+17,8.289890057158888e+26,13.974021397354372,1.5117650250737242,0.4,0.3788938190870079,0.3788938190870079,RAD
6.003829151217949e+25,55670435.9025966,83.07372693539722,13466379.387164546,1.4959874472311008e+17,8.389913996893608e+26,13.974016312672346,1.5117651523078877,0.4,0.3788937993394061,0.3788937993394061,RAD
6.075407657576527e+25,55890800.529782034,83.073718759213,13466378.578274569,1.495987210066946e+17,8.489937900305309e+26,13.974011248159272,1.5117652790374139,0.4,0.3788937796703101,0.3788937796703101,RAD
6.1469861639351056e+25,56109441.05291061,83.07371061507627,13466377.772555167,1.4959869738324054e+17,8.589961767537218e+26,13.97400620349896,1.5117654052702227,0.4,0.37889376007848646,0.37889376007848646,RAD
6.218564670293684e+25,56326390.80446446,83.07370250249043,13466376.969957208,1.495986738513074e+17,8.689985598730334e+26,13.974001178383766,1.5117655310140052,0.4,0.37889374056273245,0.37889374056273245,RAD
6.290143176652262e+25,56541682.0976554,83.07369442097216,13466376.170432877,1.4959865040949312e+17,8.790009394023481e+26,13.973996172514271,1.511765656276251,0.4,0.37889372112187814,0.37889372112187814,RAD
6.361721683010841e+25,56755346.26879591,83.07368637005098,13466375.373935623,1.4959862705643296e+17,8.89003315355337e+26,13.973991185599063,1.5117657810642648,0.4,0.37889370175478915,0.37889370175478915,RAD
6.433300189369419e+25,56967413.71745342,83.07367834926869,13466374.58042012,1.495986037907979e+17,8.990056877454652e+26,13.973986217354296,1.5117659053851296,0.4,0.3788936824603523,0.3788936824603523,RAD
6.504878695727997e+25,57177913.94452731,83.073670358179,13466373.78984221,1.4959858061129328e+17,9.090080565859974e+26,13.973981267503474,1.5117660292457804,0.4,0.3788936632374931,0.3788936632374931,RAD
6.576457202086576e+25,57386875.588377535,83.07366239634703,13466373.002158875,1.4959855751665773e+17,9.190104218900027e+26,13.973976335777234,1.51176615265295,0.4,0.3788936440851582,0.3788936440851582,RAD
6.648035708445154e+25,57594326.45912471,83.07365446334896,13466372.217328181,1.495985345056618e+17,9.290127836703602e+26,13.97397142191304,1.511766275613204,0.4,0.37889362500232154,0.37889362500232154,RAD
6.7196142148037325e+25,57800293.571232826,83.07364655877157,13466371.435309248,1.4959851157710688e+17,9.390151419397633e+26,13.97396652565488,1.5117663981329512,0.4,0.378893605987986,0.378893605987986,RAD
6.791192721162311e+25,58004803.17447788,83.0736386822119,13466370.656062212,1.495984887298241e+17,9.490174967107243e+26,13.97396164675317,1.511766520218434,0.4,0.3788935870411762,0.3788935870411762,RAD
6.862771227520889e+25,58207880.7833985,83.0736308332769,13466369.879548183,1.495984659626733e+17,9.590198479955793e+26,13.973956784964418,1.5117666418757512,0.4,0.37889356816094405,0.37889356816094405,RAD
6.9343497338794675e+25,58409551.20531795,83.07362301158304,13466369.10572922,1.4959844327454205e+17,9.690221958064921e+26,13.973951940051066,1.5117667631108422,0.4,0.3788935493463613,0.3788935493463613,RAD
7.005928240238046e+25,58609838.56702091,83.07361521675605,13466368.334568294,1.4959842066434458e+17,9.790245401554586e+26,13.973947111781214,1.5117668839295122,0.4,0.3788935305965247,0.3788935305965247,RAD
7.077506746596624e+25,58808766.340162456,83.07360744843054,13466367.566029256,1.4959839813102106e+17,9.890268810543105e+26,13.973942299928536,1.5117670043374198,0.4,0.37889351191054993,0.37889351191054993,RAD
7.149085252955203e+25,59006357.36548192,83.07359970624975,13466366.800076809,1.4959837567353654e+17,9.990292185147196e+26,13.973937504272062,1.511767124340098,0.4,0.3788934932875758,0.3788934932875758,RAD
7.235355190214747e+25,59242758.86041053,83.07359040924304,13466365.880301764,1.4959834870602326e+17,1.0110845231466553e+27,13.973931745528478,1.511767268442358,0.4,0.3788934709247799,0.3788934709247799,RAD
7.321625127474291e+25,59477288.62335164,83.07358114911447,13466364.964175211,1.49598321845484e+17,1.0231398228204069e+27,13.97392600963029,1.5117674119730287,0.4,0.3788934486508428,0.3788934486508428,RAD
7.407895064733835e+25,59709983.26937796,83.07357192528582,13466364.051639939,1.4959829509024134e+17,1.035195117555528e+27,13.973920296219212,1.511767554941071,0.4,0.3788934264643674,0.3788934264643674,RAD
7.494165001993379e+25,59940878.28081013,83.07356273719444,13466363.142640289,1.495982684386634e+17,1.0472504073712672e+27,13.973914604946799,1.5117676973551983,0.4,0.37889340436399327,0.37889340436399327,RAD
7.580434939252923e+25,60170008.05484989,83.07355358429288,13466362.237122094,1.4959824188916202e+17,1.0593056922865764e+27,13.973908935473867,1.511767839223899,0.4,0.3788933823483989,0.3788933823483989,RAD
7.666704876512467e+25,60397405.94869284,83.07354446604813,13466361.335032627,1.4959821544019117e+17,1.0713609723201192e+27,13.973903287470241,1.5117679805554352,0.4,0.3788933604162974,0.3788933604162974,RAD
7.752974813772012e+25,60623104.3222809,83.07353538194117,13466360.436320538,1.495981890902453e+17,1.0834162474902778e+27,13.973897660614432,1.5117681213578555,0.4,0.37889333856643626,0.37889333856643626,RAD
7.839244751031557e+25,60847134.57884273,83.07352633146644,13466359.540935809,1.4959816283785795e+17,1.0954715178151607e+27,13.973892054593215,1.5117682616389887,0.4,0.37889331679759314,0.37889331679759314,RAD
7.925514688291102e+25,61069527.203359656,83.07351731413137,13466358.648829704,1.4959813668160016e+17,1.1075267833126096e+27,13.973886469101524,1.5117684014064794,0.4,0.37889329510858116,0.37889329510858116,RAD
8.011784625550647e+25,61290311.79908453,83.07350832945576,13466357.759954726,1.4959811062007923e+17,1.1195820440002065e+27,13.97388090384184,1.5117685406677581,0.4,0.3788932734982384,0.3788932734982384,RAD
8.098054562810192e+25,61509517.12223194,83.07349937697158,13466356.874264564,1.495980846519374e+17,1.13163729989528e+27,13.97387535852424,1.5117686794300889,0.4,0.3788932519654372,0.3788932519654372,RAD
8.184324500069737e+25,61727171.11494977,83.07349045622237,13466355.991714062,1.4959805877585062e+17,1.1436925510149117e+27,13.973869832865995,1.5117688177005426,0.4,0.3788932305090745,0.3788932305090745,RAD
8.270594437329282e+25,61943300.93667445,83.0734815667629,13466355.112259166,1.4959803299052736e+17,1.1557477973759421e+27,13.973864326591269,1.5117689554860243,0.4,0.37889320912807695,0.37889320912807695,RAD
8.356864374588827e+25,62157932.99396509,83.07347270815866,13466354.235856898,1.495980072947074e+17,1.1678030389949767e+27,13.97385883943089,1.5117690927932559,0.4,0.378893187821393,0.378893187821393,RAD
8.443134311848372e+25,62371092.968905136,83.07346387998571,13466353.36246531,1.4959798168716086e+17,1.1798582758883919e+27,13.973853371122265,1.5117692296288225,0.4,0.37889316658800254,0.37889316658800254,RAD
8.529404249107917e+25,62582805.84615434,83.07345508183019,13466352.492043456,1.495979561666872e+17,1.19191350807234e+27,13.973847921408975,1.5117693659991338,0.4,0.3788931454269058,0.3788931454269058,RAD
8.615674186367462e+25,62793095.93872798,83.07344631328789,13466351.62455135,1.4959793073211405e+17,1.2039687355627547e+27,13.973842490040713,1.5117695019104547,0.4,0.3788931243371275,0.3788931243371275,RAD
8.719654930112532e+25,63044700.239504255,83.07343578340239,13466350.582805555,1.495979001884837e+17,1.2184988375203999e+27,13.973835967672457,1.5117696651223926,0.4,0.37889309901115115,0.37889309901115115,RAD
8.823635673857602e+25,63294312.19408521,83.0734252952906,13466349.545192592,1.495978697660284e+17,1.233028932709528e+27,13.973829471182425,1.5117698276868576,0.4,0.37889307378577375,0.37889307378577375,RAD
8.927616417602673e+25,63541970.7817853,83.07341484829745,13466348.511647647,1.4959783946284784e+17,1.2475590211568354e+27,13.973823000164895,1.5117699896140084,0.4,0.37889304865941614,0.37889304865941614,RAD
9.031597161347743e+25,63787713.77587906,83.07340444178557,13466347.48210767,1.4959780927709328e+17,1.2620891028886021e+27,13.973816554224962,1.511770150913714,0.4,0.37889302363053834,0.37889302363053834,RAD
9.135577905092813e+25,64031577.794322126,83.0733940751347,13466346.456511293,1.495977792069655e+17,1.2766191779307038e+27,13.973810132978416,1.5117703115955932,0.4,0.37889299869764526,0.37889299869764526,RAD
9.239558648837883e+25,64273598.34778814,83.07338374774106,13466345.43479878,1.4959774925071306e+17,1.2911492463086212e+27,13.973803736051252,1.5117704716690108,0.4,0.37889297385928233,0.37889297385928233,RAD
9.343539392582954e+25,64513809.88519211,83.07337345901668,13466344.416911962,1.4959771940663037e+17,1.3056793080474516e+27,13.973797363079202,1.511770631143067,0.4,0.3788929491140279,0.3788929491140279,RAD
9.447520136328024e+25,64752245.83685811,83.07336320838878,13466343.402794173,1.4959768967305606e+17,1.3202093631719185e+27,13.973791013707487,1.511770790026655,0.4,0.3788929244605043,0.3788929244605043,RAD
9.551500880073094e+25,64988938.655477725,83.07335299529932,13466342.392390205,1.4959766004837136e+17,1.334739411706381e+27,13.973784687590395,1.5117709483284136,0.4,0.37889289989736324,0.37889289989736324,RAD
9.655481623818165e+25,65223919.85499509,83.07334281920437,13466341.385646245,1.4959763053099853e+17,1.349269453674844e+27,13.973778384390995,1.5117711060567731,0.4,0.3788928754232928,0.3788928754232928,RAD
9.759462367563235e+25,65457220.047544524,83.07333267957371,13466340.382509831,1.495976011193994e+17,1.3637994891009655e+27,13.973772103780822,1.5117712632199547,0.4,0.37889285103701514,0.37889285103701514,RAD
9.863443111308305e+25,65688868.97855805,83.07332257589017,13466339.382929808,1.49597571812074e+17,1.3783295180080672e+27,13.973765845439532,1.5117714198259748,0.4,0.37889282673728353,0.37889282673728353,RAD
9.967423855053376e+25,65918895.560151614,83.0733125076494,13466338.386856271,1.4959754260755917e+17,1.392859540419141e+27,13.973759609054616,1.5117715758826524,0.4,0.3788928025228816,0.3788928025228816,RAD
1.0071404598798446e+26,66147327.902891524,83.07330247435922,13466337.39424053,1.4959751350442733e+17,1.4073895563568582e+27,13.973753394321298,1.5117717313976156,0.4,0.3788927783926231,0.3788927783926231,RAD
1.0175385342543516e+26,66374193.34603552,83.07329247553935,13466336.405035065,1.4959748450128525e+17,1.4219195658435768e+27,13.97374720094194,1.5117718863783,0.4,0.3788927543453479,0.3788927543453479,RAD
1.0279366086288587e+26,66599518.486336485,83.07328251072086,13466335.41919349,1.495974555967728e+17,1.4364495689013496e+27,13.973741028626097,1.511772040831984,0.4,0.37889273037992804,0.37889273037992804,RAD
1.0383346830033657e+26,66823329.20549096,83.07327257944593,13466334.436670508,1.4959742678956192e+17,1.4509795655519302e+27,13.973734877090228,1.511772194765765,0.4,0.37889270649526025,0.37889270649526025,RAD
1.0508680468276577e+26,67091123.30691434,83.07326065268992,13466333.256730244,1.495973921941514e+17,1.4684933512391756e+27,13.973727489535955,1.511772379629316,0.4,0.3788926778115687,0.3788926778115687,RAD
1.0626982305038533e+26,67341946.47643922,83.07324943850782,13466332.147286555,1.4959735966567645e+17,1.485024523412125e+27,13.973720543360727,1.511772553448061,0.4,0.3788926508417063,0.3788926508417063,RAD
1.0745284141800489e+26,67590915.02754173,83.07323826586229,13466331.04195224,1.4959732725768886e+17,1.5015556873828795e+27,13.973713622917092,1.5117727266230172,0.4,0.378892623971832,0.378892623971832,RAD
1.0863585978562445e+26,67838062.86817996,83.07322713414467,13466329.940667082,1.4959729496842314e+17,1.5180868431816562e+27,13.973706727827938,1.511772899163609,0.4,0.3788925972004765,0.3788925972004765,RAD
1.09818878153244e+26,68083422.92516024,83.07321604276177,13466328.843372395,1.495972627961585e+17,1.5346179908382316e+27,13.97369985772585,1.5117730710790307,0.4,0.37889257052620967,0.37889257052620967,RAD
1.1100189652086357e+26,68327027.18275532,83.07320499113528,13466327.750010964,1.495972307392174e+17,1.5511491303819532e+27,13.973693012252529,1.5117732423782497,0.4,0.3788925439476389,0.3788925439476389,RAD
1.1218491488848313e+26,68568906.71940848,83.07319397870123,13466326.66052699,1.4959719879596397e+17,1.5676802618417495e+27,13.973686191058682,1.511773413070008,0.4,0.378892517463405,0.378892517463405,RAD
1.1336793325610268e+26,68809091.74263771,83.07318300490951,13466325.574866053,1.4959716696480246e+17,1.5842113852461412e+27,13.973679393803458,1.5117735831628305,0.4,0.37889249107218226,0.37889249107218226,RAD
1.1455095162372224e+26,69047611.62224574,83.07317206922336,13466324.492975047,1.495971352441759e+17,1.600742500623251e+27,13.97367262015438,1.5117737526650363,0.4,0.3788924647726768,0.3788924647726768,RAD
1.157339699913418e+26,69284494.92193505,83.07316117111898,13466323.41480215,1.4959710363256486e+17,1.6172736080008124e+27,13.973665869786968,1.5117739215847454,0.4,0.3788924385636267,0.3788924385636267,RAD
1.1691698835896136e+26,69519769.42941967,83.07315031008497,13466322.340296773,1.4959707212848598e+17,1.6338047074061798e+27,13.973659142384443,1.5117740899298844,0.4,0.3788924124437996,0.3788924124437996,RAD
1.1810000672658092e+26,69753462.18511994,83.07313948562206,13466321.269409517,1.4959704073049098e+17,1.6503357988663376e+27,13.973652437637496,1.5117742577081879,0.4,0.37889238641199185,0.37889238641199185,RAD
1.1952498820323787e+26,70032889.35914932,83.07312649509358,13466319.984228844,1.4959700304949942e+17,1.670247989014394e+27,13.97364439121877,1.5117744590603588,0.4,0.37889235517109177,0.37889235517109177,RAD
1.2094996967989482e+26,70310104.39776702,83.0731135560883,13466318.704145566,1.495969655179643e+17,1.6901601677192548e+27,13.97363637671844,1.5117746596139454,0.4,0.3788923240541941,0.3788923240541941,RAD
1.2237495115655178e+26,70585150.57024562,83.07310066779844,13466317.429079764,1.4959692813354227e+17,1.7100723350260444e+27,13.97362839363605,1.511774859381477,0.4,0.3788922930593543,0.3788922930593543,RAD
1.2379993263320873e+26,70858069.8073935,83.07308782943807,13466316.158953683,1.4959689089395366e+17,1.7299844909791848e+27,13.973620441484783,1.511775058375119,0.4,0.3788922621846753,0.3788922621846753,RAD
1.2522491410986568e+26,71128902.75783223,83.0730750402424,13466314.893691657,1.495968537969799e+17,1.749896635622413e+27,13.97361251979082,1.5117752566067435,0.4,0.3788922314283189,0.3788922314283189,RAD
1.2664989558652264e+26,71397688.8412965,83.07306229946678,13466313.633220023,1.4959681684046115e+17,1.7698087689988e+27,13.973604628092914,1.511775454087879,0.4,0.3788922007884881,0.3788922007884881,RAD
1.2807487706317959e+26,71664466.29914568,83.07304960638622,13466312.377467046,1.495967800222942e+17,1.789720891150768e+27,13.973596765941947,1.5117756508297664,0.4,0.3788921702634371,0.3788921702634371,RAD
1.2949985853983654e+26,71929272.24226227,83.0730369602944,13466311.126362853,1.4959674334043037e+17,1.809633002120108e+27,13.973588932900352,1.5117758468433584,0.4,0.3788921398514661,0.3788921398514661,RAD
1.309248400164935e+26,72192142.69649939,83.0730243605032,13466309.87983936,1.4959670679287347e+17,1.8295451019479952e+27,13.973581128541845,1.5117760421393147,0.4,0.37889210955091573,0.37889210955091573,RAD
1.3234982149315045e+26,72453112.64582817,83.07301180634187,13466308.637830215,1.4959667037767792e+17,1.8494571906750054e+27,13.973573352450979,1.5117762367280336,0.4,0.3788920793601709,0.3788920793601709,RAD
1.337748029698074e+26,72712216.0733248,83.07299929715651,13466307.40027072,1.495966340929469e+17,1.8693692683411294e+27,13.973565604222618,1.5117764306196453,0.4,0.3788920492776555,0.3788920492776555,RAD
1.3519978444646436e+26,72969486.00012712,83.07298683230947,13466306.167097788,1.4959659793683072e+17,1.889281334985788e+27,13.973557883461746,1.511776623824047,0.4,0.378892019301837,0.378892019301837,RAD
1.3662476592312131e+26,73224954.52248178,83.07297441117865,13466304.938249884,1.4959656190752502e+17,1.9091933906478464e+27,13.973550189783047,1.5117768163508645,0.4,0.37889198943121316,0.37889198943121316,RAD
1.3804974739977826e+26,73478652.8469942,83.07296203315722,13466303.71366696,1.4959652600326934e+17,1.9291054353656272e+27,13.973542522810563,1.5117770082095099,0.4,0.3788919596643239,0.3788919596643239,RAD
1.3947472887643522e+26,73730611.32418631,83.07294969765285,13466302.49329042,1.4959649022234554e+17,1.949017469176924e+27,13.97353488217737,1.5117771994091713,0.4,0.37889192999974436,0.37889192999974436,RAD
1.4089971035309217e+26,73980859.48045962,83.0729374040873,13466301.277063057,1.4959645456307635e+17,1.968929492119013e+27,13.97352726752526,1.511777389958798,0.4,0.37889190043607907,0.37889190043607907,RAD
1.4232469182974912e+26,74229426.04855475,83.07292515189599,13466300.064929012,1.4959641902382403e+17,1.988841504228667e+27,13.97351967850449,1.5117775798671516,0.4,0.3788918709719706,0.3788918709719706,RAD
1.4404214804606046e+26,74526815.36671884,83.07291043916737,13466298.60936915,1.49596376347434e+17,2.012840404633394e+27,13.973510565429592,1.5117778079137396,0.4,0.37889183559083056,0.37889183559083056,RAD
1.457596042623718e+26,74821850.10647532,83.07289578479867,13466297.15958307,1.4959633384033232e+17,2.0368392894179429e+27,13.973501488508722,1.5117780350557821,0.4,0.37889180035011466,0.37889180035011466,RAD
1.4747706047868313e+26,75114576.3280337,83.07288118787481,13466295.715480236,1.4959629149986458e+17,2.0608381586439171e+27,13.97349244717496,1.511778261307461,0.4,0.37889176524761903,0.37889176524761903,RAD
1.4919451669499447e+26,75405038.66666074,83.07286664750546,13466294.276972573,1.4959624932344826e+17,2.0848370123719603e+27,13.973483440876834,1.5117784866825743,0.4,0.37889173028119905,0.37889173028119905,RAD
1.509119729113058e+26,75693280.39259999,83.07285216282428,13466292.843974363,1.4959620730857014e+17,2.108835850661782e+27,13.973474469077628,1.5117787111945544,0.4,0.37889169544877,0.37889169544877,RAD
1.5262942912761714e+26,75979343.46782081,83.0728377329877,13466291.41640216,1.4959616545278358e+17,2.1328346735721813e+27,13.973465531254787,1.5117789348564752,0.4,0.37889166074830055,0.37889166074830055,RAD
1.5434688534392848e+26,76263268.59979841,83.07282335717449,13466289.994174702,1.4959612375370608e+17,2.1568334811610728e+27,13.973456626899567,1.5117791576810706,0.4,0.37889162617781424,0.37889162617781424,RAD
1.560643415602398e+26,76545095.29251122,83.07280903458454,13466288.57721284,1.495960822090169e+17,2.180832273485508e+27,13.973447755516306,1.5117793796807342,0.4,0.37889159173538334,0.37889159173538334,RAD
1.5778179777655117e+26,76824861.8948287,83.07279476443829,13466287.165439451,1.4959604081645475e+17,2.2048310506016987e+27,13.97343891662214,1.5117796008675468,0.4,0.3788915574191298,0.3788915574191298,RAD
1.5949925399286252e+26,77102605.64644991,83.072780545976,13466285.758779364,1.495959995738157e+17,2.2288298125650371e+27,13.973430109746348,1.5117798212532882,0.4,0.3788915232272256,0.3788915232272256,RAD
1.6121671020917387e+26,77378362.72154169,83.07276637845686,13466284.357159298,1.495959584789511e+17,2.252828559430118e+27,13.97342133443008,1.5117800408494466,0.4,0.37889148915788884,0.37889148915788884,RAD
1.6293416642548523e+26,77652168.27021502,83.07275226115861,13466282.960507788,1.495959175297656e+17,2.2768272912507575e+27,13.97341259022588,1.5117802596672063,0.4,0.37889145520937784,0.37889145520937784,RAD
1.6465162264179658e+26,77924056.45796809,83.07273819337661,13466281.568755122,1.495958767242153e+17,2.3008260080800128e+27,13.97340387669723,1.5117804777174937,0.4,0.37889142137999776,0.37889142137999776,RAD
1.6636907885810793e+26,78194060.50321582,83.07272417442336,13466280.181833286,1.49595836060306e+17,2.3248247099702006e+27,13.973395193418261,1.5117806950109662,0.4,0.3788913876680936,0.3788913876680936,RAD
1.680865350744193e+26,78462212.71301769,83.07271020362792,13466278.7996759,1.4959579553609136e+17,2.348823396972915e+27,13.973386539973324,1.511780911558023,0.4,0.37889135407204994,0.37889135407204994,RAD
1.6980399129073064e+26,78728544.5171074,83.07269628033524,13466277.422218163,1.4959575514967146e+17,2.3728220691390447e+27,13.973377915956652,1.5117811273688149,0.4,0.3788913205902898,0.3788913205902898,RAD
1.71521447507042e+26,78993086.5003218,83.07268240390583,13466276.0493968,1.495957148991911e+17,2.3968207265187902e+27,13.973369320972092,1.5117813424532531,0.4,0.3788912872212732,0.3788912872212732,RAD
1.7359148757373796e+26,79309600.94468862,83.07266574012154,13466274.400817297,1.4959566656361523e+17,2.425746150189914e+27,13.97335899952203,1.5117816007416873,0.4,0.3788912471494964,0.3788912471494964,RAD
1.7566152764043392e+26,79623609.08018458,83.07264914244446,13466272.758778058,1.4959561841980134e+17,2.4546715525377229e+27,13.97334871902589,1.5117818580054954,0.4,0.37889120723675696,0.37889120723675696,RAD
1.7773156770712988e+26,79935159.94119553,83.0726326098379,13466271.123176515,1.4959557046474224e+17,2.4835969336463257e+27,13.973338478841438,1.5117821142607513,0.4,0.3788911674805609,0.3788911674805609,RAD
1.7980160777382584e+26,80244301.04496959,83.07261614129325,13466269.493912887,1.4959552269551226e+17,2.5125222935985194e+27,13.973328278343883,1.5117823695230865,0.4,0.37889112787848,0.37889112787848,RAD
1.818716478405218e+26,80551078.45542109,83.072599735829,13466267.870890066,1.495954751092642e+17,2.541447632475825e+27,13.973318116925146,1.5117826238077152,0.4,0.37889108842815167,0.37889108842815167,RAD
1.8394168790721777e+26,80855536.84355825,83.07258339248958,13466266.254013516,1.4959542770322627e+17,2.5703729503585224e+27,13.973307993993377,1.5117828771294501,0.4,0.3788910491272769,0.3788910491272769,RAD
1.8601172797391373e+26,81157719.54474889,83.07256711034452,13466264.643191183,1.4959538047469946e+17,2.599298247325682e+27,13.973297908972052,1.5117831295027035,0.4,0.37889100997361347,0.37889100997361347,RAD
1.880817680406097e+26,81457668.6130229,83.07255088848747,13466263.038333397,1.4959533342105462e+17,2.6282235234551953e+27,13.973287861299772,1.511783380941537,0.4,0.37889097096498303,0.37889097096498303,RAD
1.9015180810730565e+26,81755424.87259561,83.07253472603531,13466261.439352788,1.4959528653973002e+17,2.657148778823809e+27,13.973277850429453,1.5117836314596234,0.4,0.3788909320992564,0.3788909320992564,RAD
1.922218481740016e+26,82051027.96678297,83.07251862212728,13466259.846164199,1.495952398282289e+17,2.686074013507149e+27,13.973267875827851,1.5117838810703221,0.4,0.3788908933743665,0.3788908933743665,RAD
1.9429188824069757e+26,82344516.40446702,83.07250257592428,13466258.25868461,1.4959519328411712e+17,2.714999227579754e+27,13.973257936975148,1.5117841297866248,0.4,0.37889085478829015,0.37889085478829015,RAD
1.9636192830739354e+26,82635927.60425912,83.07248658660791,13466256.676833062,1.4959514690502093e+17,2.743924421115098e+27,13.973248033364412,1.5117843776212163,0.4,0.3788908163390581,0.3788908163390581,RAD
1.984319683740895e+26,82925297.93649805,83.07247065338002,13466255.100530583,1.4959510068862493e+17,2.77284959418562e+27,13.973238164501184,1.5117846245864797,0.4,0.3788907780247519,0.3788907780247519,RAD
2.0050200844078546e+26,83212662.76321037,83.07245477546175,13466253.529700125,1.495950546326699e+17,2.8017747468627464e+27,13.97322832990295,1.511784870694474,0.4,0.378890739843494,0.378890739843494,RAD
2.0257204850748142e+26,83498056.47615206,83.07243895209301,13466251.964266485,1.49595008734951e+17,2.830699879216918e+27,13.97321852909887,1.5117851159569848,0.4,0.37889070179345624,0.37889070179345624,RAD
2.046420885741774e+26,83781512.53304204,83.0724231825318,13466250.404156255,1.495949629933159e+17,2.859624991317613e+27,13.973208761629271,1.5117853603855154,0.4,0.37889066387285386,0.37889066387285386,RAD
2.0671212864087335e+26,84063063.4920909,83.07240746605358,13466248.849297754,1.4959491740566294e+17,2.8885500832333685e+27,13.973199027045352,1.5117856039912914,0.4,0.37889062607994195,0.37889062607994195,RAD
2.0920725847124468e+26,84399944.74709664,83.0723885916929,13466246.982024632,1.4959486265817907e+17,2.9234150143570506e+27,13.973187336518615,1.5117858965443676,0.4,0.3788905806934287,0.3788905806934287,RAD
2.1156239978260516e+26,84715476.82477191,83.07237084499661,13466245.226313472,1.4959481118163968e+17,2.956323832152689e+27,13.973176344460908,1.5117861716186576,0.4,0.37889053801862393,0.37889053801862393,RAD
2.1391754109396565e+26,85028675.84917203,83.07235316403221,13466243.477105455,1.4959475989577427e+17,2.989232624108549e+27,13.973165393125132,1.5117864456741519,0.4,0.37889049550193604,0.37889049550193604,RAD
2.1627268240532613e+26,85339584.47517696,83.07233554783656,13466241.734305292,1.495947087977889e+17,3.022141390319832e+27,13.973154481914655,1.511786718725773,0.4,0.37889045314104514,0.37889045314104514,RAD
2.186278237166866e+26,85648244.12342472,83.07231799547091,13466239.99782011,1.495946578849605e+17,3.055050130880351e+27,13.973143610247869,1.5117869907880694,0.4,0.378890410933692,0.378890410933692,RAD
2.209829650280471e+26,85954695.02889086,83.07230050602004,13466238.26755936,1.4959460715463434e+17,3.0879588458825654e+27,13.973132777557852,1.511787261875222,0.4,0.3788903688776734,0.3788903688776734,RAD
2.2333810633940758e+26,86258976.28706023,83.07228307859152,13466236.543434752,1.4959455660422154e+17,3.1208675354176185e+27,13.973121983291763,1.5117875320010765,0.4,0.3788903269708449,0.3788903269708449,RAD
2.2569324765076806e+26,86561125.89783438,83.07226571231475,13466234.825360157,1.495945062311969e+17,3.153776199575366e+27,13.973111226910298,1.5117878011791175,0.4,0.37889028521110957,0.37889028521110957,RAD
2.2804838896212855e+26,86861180.80730808,83.0722484063404,13466233.113251539,1.495944560330965e+17,3.186684838444409e+27,13.973100507887235,1.5117880694225099,0.4,0.3788902435964235,0.3788902435964235,RAD
2.3040353027348903e+26,87159176.94753917,83.07223115983946,13466231.407026889,1.495944060075158e+17,3.2195934521121254e+27,13.97308982570906,1.5117883367441016,0.4,0.3788902021247919,0.3788902021247919,RAD
2.327586715848495e+26,87455149.27442767,83.07221397200271,13466229.706606148,1.4959435615210742e+17,3.252502040664697e+27,13.973079179874501,1.5117886031564425,0.4,0.3788901607942691,0.3788901607942691,RAD
2.3511381289621e+26,87749131.80381218,83.07219684204007,13466228.011911143,1.495943064645794e+17,3.285410604187139e+27,13.97306856989404,1.5117888686717704,0.4,0.3788901196029522,0.3788901196029522,RAD
2.3795065069656715e+26,88100647.52805637,83.07217628423707,13466225.978094546,1.495942468341987e+17,3.325049915220276e+27,13.973055836783544,1.5117891873188638,0.4,0.37889007016898185,0.37889007016898185,RAD
2.407874884969243e+26,88449380.45247316,83.07215580796998,13466223.952344658,1.4959418744033632e+17,3.3646891902034817e+27,13.973043154186193,1.511789504702207,0.4,0.37889002093113067,0.37889002093113067,RAD
2.4362432629728146e+26,88795385.0081484,83.07213541196039,13466221.934535002,1.4959412827928406e+17,3.4043284292789265e+27,13.973030521310102,1.5117898208416052,0.4,0.37888997188632084,0.37888997188632084,RAD
2.4646116409763862e+26,89138713.94244221,83.07211509496463,13466219.924542535,1.4959406934743424e+17,3.443967632586563e+27,13.97301793738478,1.5117901357563504,0.4,0.3788899230315636,0.3788899230315636,RAD
2.4929800189799577e+26,89479418.3897829,83.0720948557723,13466217.92224751,1.495940106412759e+17,3.4836068002641886e+27,13.973005401660421,1.5117904494651895,0.4,0.37888987436394367,0.37888987436394367,RAD
2.5213483969835293e+26,89817547.93871544,83.07207469320514,13466215.927533356,1.4959395215739114e+17,3.5232459324475017e+27,13.972992913407078,1.5117907619864,0.4,0.37888982588062964,0.37888982588062964,RAD
2.5497167749871008e+26,90153150.69544221,83.07205460611574,13466213.940286556,1.4959389389245165e+17,3.562885029270157e+27,13.972980471914026,1.5117910733377482,0.4,0.37888977757885645,0.37888977757885645,RAD
2.5780851529906724e+26,90486273.34407671,83.07203459338643,13466211.960396536,1.4959383584321533e+17,3.6025240908638196e+27,13.972968076488772,1.5117913835365706,0.4,0.3788897294559381,0.3788897294559381,RAD
2.606453530994244e+26,90816961.20381409,83.07201465392816,13466209.987755552,1.4959377800652317e+17,3.642163117358215e+27,13.972955726456789,1.5117916925997394,0.4,0.3788896815092525,0.3788896815092525,RAD
2.6348219089978154e+26,91145258.2832084,83.0719947866796,13466208.022258595,1.495937203792963e+17,3.6818021088811805e+27,13.972943421160462,1.5117920005437133,0.4,0.37888963373624834,0.37888963373624834,RAD
2.663190287001387e+26,91471207.33173205,83.07197499060582,13466206.06380329,1.49593662958533e+17,3.721441065558711e+27,13.972931159958772,1.511792307384529,0.4,0.37888958613443496,0.37888958613443496,RAD
2.6915586650049585e+26,91794849.88878126,83.07195526469778,13466204.112289798,1.4959360574130605e+17,3.7610799875150043e+27,13.972918942226599,1.5117926131378205,0.4,0.37888953870138303,0.37888953870138303,RAD
2.71992704300853e+26,92116226.33027942,83.07193560797113,13466202.167620733,1.4959354872476013e+17,3.800718874872509e+27,13.972906767354099,1.5117929178188512,0.4,0.3788894914347261,0.3788894914347261,RAD
2.7482954210121016e+26,92435375.91301979,83.0719160194654,13466200.22970108,1.4959349190610925e+17,3.840357727751963e+27,13.972894634746355,1.511793221442506,0.4,0.37888944433215294,0.37888944433215294,RAD
2.7766637990156732e+26,92752336.81687945,83.07189649824329,13466198.2984381,1.4959343528263443e+17,3.879996546272438e+27,13.97288254382267,1.5117935240233122,0.4,0.3788893973914084,0.3788893973914084,RAD
2.8050321770192447e+26,93067146.18502721,83.07187704338975,13466196.37374127,1.495933788516814e+17,3.9196353305513774e+27,13.972870494016169,1.5117938255754522,0.4,0.37888935061029094,0.37888935061029094,RAD
2.8334005550228163e+26,93379840.16224019,83.0718576540113,13466194.45552219,1.495933226106584e+17,3.959274080704636e+27,13.9728584847734,1.5117941261127763,0.4,0.3788893039866517,0.3788893039866517,RAD
2.8675914672165498e+26,93753952.41845031,83.07183437078902,13466192.152079817,1.4959325507512963e+17,4.007048533789736e+27,13.972844063805308,1.511794487005141,0.4,0.37888924799993423,0.37888924799993423,RAD
2.9017823794102833e+26,94125102.68389867,83.07181117992174,13466189.85777455,1.495931878075042e+17,4.0548229376663046e+27,13.972829700053902,1.5117948464660766,0.4,0.3788891922353451,0.3788891922353451,RAD
2.935973291604017e+26,94493348.90062995,83.07178807996132,13466187.57246312,1.4959312080358134e+17,4.1025972925284297e+27,13.972815392622058,1.5117952045180154,0.4,0.3788891366893971,0.3788891366893971,RAD
2.9701642037977504e+26,94858747.21817416,83.07176506949885,13466185.29600614,1.495930540592743e+17,4.150371598567174e+27,13.972801140637008,1.511795561182806,0.4,0.3788890813587037,0.3788890813587037,RAD
3.004355115991484e+26,95221352.0689223,83.07174214716326,13466183.028267961,1.4959298757060582e+17,4.1981458559706573e+27,13.972786943249325,1.5117959164816912,0.4,0.37888902623996457,0.37888902623996457,RAD
3.0385460281852175e+26,95581216.23951373,83.07171931161979,13466180.769116532,1.4959292133370413e+17,4.2459200649241325e+27,13.9727727996322,1.5117962704353671,0.4,0.3788889713299708,0.3788889713299708,RAD
3.072736940378951e+26,95938390.93848866,83.07169656156866,13466178.518423261,1.4959285534479888e+17,4.293694225610064e+27,13.972758708980422,1.5117966230639717,0.4,0.3788889166255934,0.3788889166255934,RAD
3.1069278525726846e+26,96292925.86044036,83.07167389574376,13466176.276062889,1.4959278960021744e+17,4.3414683382081976e+27,13.972744670509593,1.5117969743871338,0.4,0.3788888621237879,0.3788888621237879,RAD
3.1411187647664185e+26,96644869.2468845,83.07165131291147,13466174.041913366,1.4959272409638134e+17,4.3892424028956334e+27,13.972730683455557,1.511797324423971,0.4,0.3788888078215861,0.3788888078215861,RAD
3.1753096769601524e+26,96994267.94404757,83.07162881186942,13466171.815855738,1.495926588298028e+17,4.437016419846891e+27,13.972716747073422,1.5117976731931182,0.4,0.3788887537160952,0.3788887537160952,RAD
3.209500589153886e+26,97341167.45776166,83.0716063914454,13466169.597774034,1.4959259379708157e+17,4.484790389233976e+27,13.972702860637032,1.5117980207127497,0.4,0.37888869980449674,0.37888869980449674,RAD
3.24369150134762e+26,97685612.00563957,83.07158405049633,13466167.387555161,1.4959252899490173e+17,4.5325643112264417e+27,13.972689023438193,1.5117983670005826,0.4,0.3788886460840412,0.3788886460840412,RAD
3.277882413541354e+26,98027644.56669226,83.07156178790709,13466165.185088804,1.495924644200288e+17,4.5803381859914495e+27,13.972675234786198,1.511798712073894,0.4,0.3788885925520445,0.3788885925520445,RAD
3.312073325735088e+26,98367306.9285393,83.07153960258981,13466162.990267327,1.4959240006930688e+17,4.6281120136938286e+27,13.972661494007024,1.5117990559495464,0.4,0.37888853920588933,0.37888853920588933,RAD
3.346264237928822e+26,98704639.73235257,83.0715174934826,13466160.802985681,1.4959233593965594e+17,4.675885794496132e+27,13.972647800442918,1.5117993986440077,0.4,0.37888848604302455,0.37888848604302455,RAD
3.380455150122556e+26,99039682.5156641,83.071495459549,13466158.62314132,1.495922720280693e+17,4.7236595285586894e+27,13.972634153451732,1.5117997401733276,0.4,0.3788884330609527,0.3788884330609527,RAD
3.4146460623162896e+26,99372473.75316004,83.07147349977689,13466156.450634113,1.495922083316111e+17,4.771433216039663e+27,13.972620552406509,1.5118000805532077,0.4,0.378888380257243,0.378888380257243,RAD
3.4558561479517666e+26,99770645.65473077,83.07144712896506,13466153.841737678,1.4959213184052323e+17,4.8290144713145617e+27,13.972604219348804,1.5118004893049788,0.4,0.3788883168469438,0.3788883168469438,RAD
3.4970662335872436e+26,100165664.69110659,83.07142086276839,13466151.243191328,1.495920556529043e+17,4.886595659414692e+27,13.972587951104442,1.5118008964352938,0.4,0.378888253688245,0.378888253688245,RAD
3.5382763192227206e+26,100557592.54580392,83.07139469954627,13466148.65483275,1.4959197976399526e+17,4.944176780605046e+27,13.972571746657003,1.5118013019695848,0.4,0.3788881907772015,0.3788881907772015,RAD
3.5794864048581976e+26,100946488.99384429,83.07136863770263,13466146.076504039,1.495919041691663e+17,5.001757835146486e+27,13.972555605017819,1.511801705932593,0.4,0.3788881281099745,0.3788881281099745,RAD
3.6206964904936746e+26,101332411.9820166,83.07134267568419,13466143.508051518,1.4959182886391168e+17,5.059338823295851e+27,13.972539525224587,1.5118021083483872,0.4,0.378888065682826,0.378888065682826,RAD
3.6619065761291516e+26,101715417.70489219,83.07131681197878,13466140.94932559,1.4959175384384506e+17,5.116919745306072e+27,13.97252350634049,1.5118025092404053,0.4,0.3788880034921191,0.3788880034921191,RAD
3.7031166617646286e+26,102095560.67686228,83.0712910451139,13466138.400180573,1.495916791046951e+17,5.174500601426268e+27,13.972507547453413,1.5118029086314724,0.4,0.3788879415343125,0.3788879415343125,RAD
3.744326747400106e+26,102472893.8004479,83.0712653736553,13466135.860474566,1.4959160464230122e+17,5.232081391901847e+27,13.972491647674751,1.5118033065438232,0.4,0.3788878798059571,0.3788878798059571,RAD
3.785536833035583e+26,102847468.43111378,83.07123979620538,13466133.330069302,1.4959153045260944e+17,5.289662116974605e+27,13.972475806138727,1.51180370299911,0.4,0.37888781830368923,0.37888781830368923,RAD
3.82674691867106e+26,103219334.43880135,83.07121431140203,13466130.808830023,1.495914565316686e+17,5.347242776882814e+27,13.972460022001533,1.511804098018451,0.4,0.3788877570242339,0.3788877570242339,RAD
3.867957004306537e+26,103588540.26638012,83.07118891791734,13466128.29662535,1.4959138287562666e+17,5.404823371861314e+27,13.9724442944405,1.511804491622426,0.4,0.3788876959643962,0.3788876959643962,RAD
3.909167089942014e+26,103955132.98520294,83.07116361445625,13466125.793327164,1.495913094807271e+17,5.462403902141593e+27,13.972428622653412,1.5118048838311129,0.4,0.37888763512106305,0.37888763512106305,RAD
3.950377175577491e+26,104319158.34793764,83.07113839975564,13466123.298810491,1.4959123634330576e+17,5.51998436795188e+27,13.972413005857648,1.5118052746640802,0.4,0.37888757449119376,0.37888757449119376,RAD
3.991587261212968e+26,104680660.83883537,83.07111327258296,13466120.812953398,1.4959116345978742e+17,5.577564769517213e+27,13.972397443289738,1.5118056641404398,0.4,0.3788875140718257,0.3788875140718257,RAD
4.032797346848445e+26,105039683.72158518,83.07108823173539,13466118.335636878,1.495910908266829e+17,5.635145107059524e+27,13.972381934204499,1.51180605227883,0.4,0.37888745386006445,0.37888745386006445,RAD
4.074007432483922e+26,105396269.08489415,83.07106327603873,13466115.866744764,1.495910184405861e+17,5.692725380797713e+27,13.972366477874491,1.5118064390974555,0.4,0.3788873938530873,0.3788873938530873,RAD
4.115217518119399e+26,105750457.88592295,83.07103840434635,13466113.406163624,1.495909462981711e+17,5.750305590947712e+27,13.97235107358943,1.511806824614082,0.4,0.37888733404813446,0.37888733404813446,RAD
4.164890210574298e+26,106174251.58507964,83.0710085352451,13466110.451184325,1.495908596603821e+17,5.819709974746333e+27,13.972332574180909,1.511807287591746,0.4,0.37888726222676106,0.37888726222676106,RAD
4.211776030090811e+26,106571188.2400637,83.07098045069782,13466107.672753135,1.4959077819886547e+17,5.885220360273852e+27,13.97231518005675,1.5118077229085392,0.4,0.3788871946964558,0.3788871946964558,RAD
4.2586618496073246e+26,106965189.97845128,83.07095247017182,13466104.904613297,1.495906970390965e+17,5.950730664399049e+27,13.972297850379316,1.5118081566130963,0.4,0.37888712741631525,0.37888712741631525,RAD
4.305547669123838e+26,107356310.4586305,83.0709245921428,13466102.146614013,1.495906161766538e+17,6.016240887421866e+27,13.9722805842043,1.5118085887290393,0.4,0.3788870603826728,0.3788870603826728,RAD
4.352433488640351e+26,107744601.78636286,83.07089681512524,13466099.39860831,1.49590535607228e+17,6.081751029637872e+27,13.972263380611404,1.511809019279389,0.4,0.37888699359195377,0.37888699359195377,RAD
4.3993193081568645e+26,108130114.575894,83.07086913767083,13466096.6604529,1.49590455326618e+17,6.147261091338376e+27,13.972246238703345,1.5118094482865958,0.4,0.3788869270406759,0.3788869270406759,RAD
4.446205127673378e+26,108512898.00803567,83.07084155836725,13466093.932008056,1.4959037533072688e+17,6.212771072810534e+27,13.972229157605254,1.5118098757725469,0.4,0.37888686072544114,0.37888686072544114,RAD
4.493090947189891e+26,108892999.88539924,83.07081407583681,13466091.21313748,1.4959029561555843e+17,6.278280974337448e+27,13.972212136463618,1.5118103017585958,0.4,0.37888679464293656,0.37888679464293656,RAD
4.5399767667064045e+26,109270466.68494856,83.07078668873537,13466088.50370819,1.495902161772135e+17,6.343790796198269e+27,13.972195174445748,1.5118107262655853,0.4,0.37888672878993096,0.37888672878993096,RAD
4.586862586222918e+26,109645343.60802875,83.07075939575108,13466085.803590398,1.4959013701188682e+17,6.409300538668291e+27,13.972178270738935,1.511811149313838,0.4,0.3788866631632671,0.3788866631632671,RAD
4.633748405739431e+26,110017674.62801635,83.07073219560338,13466083.112657415,1.4959005811586368e+17,6.474810202019043e+27,13.97216142454991,1.511811570923201,0.4,0.37888659775986444,0.37888659775986444,RAD
4.6806342252559445e+26,110387502.53572692,83.07070508704184,13466080.43078553,1.4958997948551693e+17,6.540319786518379e+27,13.97214463510392,1.511811991113063,0.4,0.3788865325767177,0.3788865325767177,RAD
4.737109575050003e+26,110829706.72064528,83.07067255385148,13466077.212251263,1.495898851206728e+17,6.619227905148107e+27,13.972124485988777,1.5118124953862395,0.4,0.3788864543499723,0.3788864543499723,RAD
4.793584924844061e+26,111268410.2187445,83.07064014969222,13466074.006482726,1.4958979113012704e+17,6.698135910211339e+27,13.972104416816306,1.5118129976595522,0.4,0.3788863764335331,0.3788863764335331,RAD
4.850060274638119e+26,111703681.5025291,83.0706078725411,13466070.813279772,1.4958969750801126e+17,6.777043802156e+27,13.972084426333325,1.5118134979643492,0.4,0.3788862988225327,0.3788862988225327,RAD
4.906535624432177e+26,112135586.92644235,83.07057572042993,13466067.632447684,1.4958960424861632e+17,6.855951581423033e+27,13.972064513320472,1.511813996331141,0.4,0.3788862215122389,0.3788862215122389,RAD
4.9630109742262354e+26,112564190.81592192,83.07054369144333,13466064.463796962,1.4958951134638608e+17,6.934859248446587e+27,13.972044676591166,1.511814492789617,0.4,0.3788861444980454,0.3788861444980454,RAD
5.0194863240202936e+26,112989555.5517437,83.07051178371663,13466061.307143131,1.4958941879591165e+17,7.0137668036542e+27,13.972024914990246,1.51181498736867,0.4,0.3788860677754654,0.3788860677754654,RAD
5.075961673814352e+26,113411741.64995345,83.0704799954341,13466058.162306549,1.495893265919259e+17,7.092674247466972e+27,13.972005227392849,1.5118154800964454,0.4,0.37888599134013273,0.37888599134013273,RAD
5.13243702360841e+26,113830807.83766317,83.07044832482697,13466055.02911223,1.4958923472929814e+17,7.171581580299733e+27,13.971985612703202,1.5118159710003642,0.4,0.3788859151877952,0.3788859151877952,RAD
5.188912373402468e+26,114246811.12496923,83.0704167701719,13466051.907389669,1.4958914320302925e+17,7.250488802561203e+27,13.971966069853687,1.5118164601071271,0.4,0.37888583931430486,0.37888583931430486,RAD
5.245387723196526e+26,114659806.8732307,83.07038532978919,13466048.796972688,1.495890520082468e+17,7.329395914654152e+27,13.971946597803719,1.5118169474427807,0.4,0.3788857637156257,0.3788857637156257,RAD
5.3018630729905845e+26,115069848.859929,83.07035400204123,13466045.697699277,1.4958896114020054e+17,7.408302916975546e+27,13.971927195538745,1.5118174330326968,0.4,0.37888568838781655,0.37888568838781655,RAD
5.358338422784643e+26,115476989.34031463,83.07032278533113,13466042.60941144,1.4958887059425814e+17,7.487209809916694e+27,13.971907862069534,1.5118179169016288,0.4,0.3788856133270372,0.3788856133270372,RAD
5.414813772578701e+26,115881279.10603224,83.07029167810111,13466039.531955069,1.4958878036590093e+17,7.566116593863383e+27,13.971888596430963,1.5118183990737282,0.4,0.37888553852954304,0.37888553852954304,RAD
5.471289122372759e+26,116282767.54090184,83.07026067883129,13466036.465179792,1.4958869045072006e+17,7.645023269196022e+27,13.971869397681495,1.5118188795725402,0.4,0.3788854639916758,0.3788854639916758,RAD
5.527764472166817e+26,116681502.6740222,83.07022978603837,13466033.408938855,1.495886008444127e+17,7.723929836289764e+27,13.971850264902208,1.5118193584210657,0.4,0.37888538970987046,0.37888538970987046,RAD
5.5842398219608754e+26,117077531.23035072,83.07019899827425,13466030.363088997,1.4958851154277837e+17,7.802836295514633e+27,13.97183119719597,1.5118198356417427,0.4,0.37888531568064326,0.37888531568064326,RAD
5.6407151717549336e+26,117470898.67890407,83.07016831412506,13466027.327490333,1.4958842254171562e+17,7.88174264723565e+27,13.97181219368686,1.5118203112564852,0.4,0.37888524190059314,0.37888524190059314,RAD
5.708781911131133e+26,117941529.89133443,83.07013146788869,13466023.682273904,1.495883156672207e+17,7.976844139440429e+27,13.971789373867146,1.5118208823858497,0.4,0.37888515330384875,0.37888515330384875,RAD
5.776848650507332e+26,118408434.99727333,83.07009476780482,13466020.05151715,1.4958820921669293e+17,8.071945476627134e+27,13.971766644600025,1.5118214512499955,0.4,0.37888506505857883,0.37888506505857883,RAD
5.844915389883531e+26,118871686.88597326,83.07005821158175,13466016.434993343,1.4958810318348454e+17,8.167046659407271e+27,13.971744004465751,1.51182201788444,0.4,0.3788849771592713,0.3788849771592713,RAD
5.91298212925973e+26,119331356.19176984,83.07002179698986,13466012.832481908,1.4958799756112813e+17,8.262147688382819e+27,13.971721452083038,1.5118225823237377,0.4,0.3788848896005635,0.3788848896005635,RAD
5.981048868635929e+26,119787511.38890119,83.06998552185944,13466009.243768178,1.4958789234332966e+17,8.357248564146476e+27,13.971698986107759,1.5118231446015167,0.4,0.3788848023772369,0.3788848023772369,RAD
6.0491156080121285e+26,120240218.88131025,83.06994938407821,13466005.668643177,1.4958778752396192e+17,8.452349287281916e+27,13.971676605231266,1.5118237047505234,0.4,0.3788847154842133,0.3788847154842133,RAD
6.1171823473883276e+26,120689543.08774878,83.06991338158926,13466002.106903408,1.4958768309705827e+17,8.547449858364024e+27,13.971654308179328,1.5118242628026257,0.4,0.3788846289165428,0.3788846289165428,RAD
6.185249086764527e+26,121135546.52247809,83.06987751238901,13465998.558350647,1.4958757905680675e+17,8.642550277959125e+27,13.971632093710662,1.5118248187888943,0.4,0.378884542669411,0.378884542669411,RAD
6.253315826140727e+26,121578289.87184025,83.06984177452523,13465995.022791749,1.4958747539754432e+17,8.7376505466252e+27,13.971609960615806,1.5118253727395752,0.4,0.3788844567381198,0.3788844567381198,RAD
6.321382565516926e+26,122017832.06695357,83.06980616609516,13465991.500038467,1.4958737211375152e+17,8.832750664912108e+27,13.97158790771603,1.5118259246841652,0.4,0.3788843711180948,0.3788843711180948,RAD
6.389449304893126e+26,122454230.35276785,83.06977068524377,13465987.98990728,1.4958726920004736e+17,8.927850633361779e+27,13.971565933862083,1.5118264746514163,0.4,0.3788842858048744,0.3788842858048744,RAD
6.457516044269326e+26,122887540.35369872,83.06973533016209,13465984.492219212,1.4958716665118435e+17,9.022950452508425e+27,13.97154403793326,1.5118270226693657,0.4,0.37888420079410823,0.37888420079410823,RAD
6.525582783645526e+26,123317816.13604425,83.06970009908554,13465981.006799689,1.4958706446204387e+17,9.118050122878721e+27,13.971522218836396,1.5118275687653568,0.4,0.37888411608155087,0.37888411608155087,RAD
6.593649523021726e+26,123745110.26737392,83.06966499029245,13465977.533478374,1.495869626276316e+17,9.213149644991992e+27,13.97150047550486,1.511828112966083,0.4,0.3788840316630642,0.3788840316630642,RAD
6.661716262397926e+26,124169473.87306593,83.0696300021025,13465974.07208903,1.495868611430734e+17,9.308249019360389e+27,13.971478806897668,1.511828655297587,0.4,0.3788839475346065,0.3788839475346065,RAD
6.729783001774125e+26,124590956.69015783,83.06959513287535,13465970.622469373,1.4958676000361107e+17,9.403348246489066e+27,13.971457211998615,1.51182919578529,0.4,0.37888386369223287,0.37888386369223287,RAD
6.797849741150325e+26,125009607.11866367,83.06956038100941,13465967.184460945,1.4958665920459856e+17,9.49844732687634e+27,13.971435689815449,1.5118297344540124,0.4,0.3788837801320901,0.3788837801320901,RAD
6.879890118917573e+26,125510506.1574641,83.06951864857777,13465963.055864757,1.4958653815826115e+17,9.613069406982172e+27,13.9714098445404,1.5118303813247078,0.4,0.3788836797873747,0.3788836797873747,RAD
6.96193049668482e+26,126007438.9720551,83.06947708170044,13465958.943647828,1.49586417592176e+17,9.727691275474276e+27,13.97138410184158,1.5118310256294873,0.4,0.37888357984078697,0.37888357984078697,RAD
7.043970874452068e+26,126500483.15843026,83.0694356777811,13465954.847553302,1.4958629749881194e+17,9.842312933187563e+27,13.971358460110553,1.5118316674085814,0.4,0.3788834802860806,0.3788834802860806,RAD
7.126011252219316e+26,126989713.91176365,83.069394434294,13465950.767331287,1.4958617787084208e+17,9.956934380943928e+27,13.971332917782513,1.5118323067011554,0.4,0.37888338111718556,0.37888338111718556,RAD
7.208051629986563e+26,127475204.12737659,83.06935334878101,13465946.702738592,1.4958605870113597e+17,1.0071555619552603e+28,13.971307473334631,1.5118329435453008,0.4,0.3788832823281886,0.3788832823281886,RAD
7.290092007753811e+26,127957024.49636152,83.06931241884917,13465942.653538473,1.495859399827522e+17,1.0186176649810491e+28,13.971282125284375,1.5118335779780991,0.4,0.3788831839133331,0.3788831839133331,RAD
7.372132385521059e+26,128435243.59620234,83.0692716421683,13465938.619500391,1.495858217089313e+17,1.0300797472502493e+28,13.971256872188128,1.5118342100356752,0.4,0.3788830858670171,0.3788830858670171,RAD
7.454172763288306e+26,128909927.97670554,83.06923101646854,13465934.600399783,1.49585703873089e+17,1.0415418088401825e+28,13.971231712639709,1.5118348397532109,0.4,0.3788829881837825,0.3788829881837825,RAD
7.536213141055554e+26,129381142.24153365,83.0691905395383,13465930.596017841,1.495855864688098e+17,1.053003849827031e+28,13.971206645268966,1.5118354671649796,0.4,0.37888289085830923,0.37888289085830923,RAD
7.618253518822802e+26,129848949.1256113,83.06915020922202,13465926.606141308,1.495854694898409e+17,1.0644658702858675e+28,13.971181668740464,1.5118360923043959,0.4,0.37888279388541457,0.37888279388541457,RAD
7.700293896590049e+26,130313409.56865484,83.06911002341816,13465922.630562276,1.495853529300863e+17,1.0759278702906833e+28,13.97115678175223,1.5118367152040297,0.4,0.37888269726004437,0.37888269726004437,RAD
7.782334274357297e+26,130774582.78505872,83.06906998007746,13465918.669077992,1.4958523678360134e+17,1.0873898499144145e+28,13.971131983034716,1.5118373358956405,0.4,0.3788826009772695,0.3788826009772695,RAD
7.864374652124544e+26,131232526.33035573,83.0690300772009,13465914.721490687,1.4958512104458733e+17,1.0988518092289686e+28,13.971107271349483,1.5118379544102107,0.4,0.3788825050322824,0.3788825050322824,RAD
7.946415029891792e+26,131687296.16445263,83.06899031283804,13465910.787607396,1.4958500570738643e+17,1.1103137483052495e+28,13.971082645488142,1.5118385707779816,0.4,0.37888240942039525,0.37888240942039525,RAD
8.02845540765904e+26,132138946.71182942,83.06895068508535,13465906.867239794,1.495848907664769e+17,1.1217756672131816e+28,13.971058104271412,1.511839185028442,0.4,0.3788823141370268,0.3788823141370268,RAD
8.110495785426287e+26,132587530.91887747,83.06891119208463,13465902.96020404,1.4958477621646845e+17,1.1332375660217337e+28,13.971033646548115,1.5118397971904056,0.4,0.3788822191777114,0.3788822191777114,RAD
8.192536163193535e+26,133033100.30853984,83.06887183202143,13465899.066320624,1.495846620520978e+17,1.1446994447989412e+28,13.971009271194115,1.5118404072919822,0.4,0.3788821245380828,0.3788821245380828,RAD
8.291423740578721e+26,133566232.59036523,83.068824563445,13465894.390050652,1.495845249490493e+17,1.1585150229201652e+28,13.97097999822033,1.5118411399799503,0.4,0.3788820108828256,0.3788820108828256,RAD
8.38476325621353e+26,134065578.79159795,83.06878011896714,13465889.993169254,1.495843960373976e+17,1.171555455126572e+28,13.970952474238848,1.5118418288931805,0.4,0.37888190401804983,0.37888190401804983,RAD
8.478102771848339e+26,134561232.9397826,83.06873583910372,13465885.612574197,1.495842676032757e+17,1.1845958616899473e+28,13.970925052254566,1.5118425152550787,0.4,0.378881797549139,0.378881797549139,RAD
8.571442287483148e+26,135053262.53562406,83.0686917214426,13465881.248026842,1.495841396396866e+17,1.1976362427047945e+28,13.970897730773064,1.5118431991030252,0.4,0.37888169147029094,0.37888169147029094,RAD
8.664781803117957e+26,135541733.12667444,83.06864776363292,13465876.8992946,1.495840121398107e+17,1.2106765982642398e+28,13.970870508337926,1.511843880473469,0.4,0.37888158577585496,0.37888158577585496,RAD
8.758121318752765e+26,136026708.3842079,83.06860396338266,13465872.566150717,1.4958388509699952e+17,1.2237169284600668e+28,13.970843383529175,1.511844559401925,0.4,0.3788814804603171,0.3788814804603171,RAD
8.851460834387574e+26,136508250.17628574,83.06856031845683,13465868.248374073,1.495837585047697e+17,1.2367572333827509e+28,13.97081635496218,1.5118452359230363,0.4,0.3788813755183031,0.3788813755183031,RAD
8.944800350022383e+26,136986418.63723803,83.06851682667526,13465863.945748976,1.4958363235679702e+17,1.2497975131214908e+28,13.970789421286227,1.5118459100705888,0.4,0.37888127094456875,0.37888127094456875,RAD
9.038139865657192e+26,137461272.2337733,83.06847348591084,13465859.658064976,1.495835066469111e+17,1.2628377677642395e+28,13.970762581183465,1.511846581877563,0.4,0.3788811667340015,0.3788811667340015,RAD
9.131479381292e+26,137932867.82791278,83.06843029408759,13465855.385116689,1.4958338136908992e+17,1.2758779973977353e+28,13.970735833367801,1.5118472513761252,0.4,0.3788810628816067,0.3788810628816067,RAD
9.224818896926809e+26,138401260.73693272,83.06838724917893,13465851.126703618,1.4958325651745488e+17,1.2889182021075304e+28,13.970709176583677,1.5118479185976863,0.4,0.3788809593825111,0.3788809593825111,RAD
9.318158412561618e+26,138866504.79048547,83.06834434920611,13465846.882629992,1.4958313208626592e+17,1.3019583819780186e+28,13.97068260960519,1.51184858357292,0.4,0.3788808562319575,0.3788808562319575,RAD
9.430588596303954e+26,139422798.33838847,83.06829286462603,13465841.789286638,1.4958298275553914e+17,1.3176656281709571e+28,13.970650726440343,1.511849381615049,0.4,0.37888073244026965,0.37888073244026965,RAD
9.54301878004629e+26,139974688.10618365,83.06824158423868,13465836.716145415,1.495828340171582e+17,1.3333728385889084e+28,13.970618969798615,1.5118501764924317,0.4,0.3788806091396213,0.3788806091396213,RAD
9.655448963788626e+26,140522260.23037148,83.06819050484269,13465831.662889589,1.4958268586183632e+17,1.3490800133730023e+28,13.970587337696571,1.5118509682547066,0.4,0.3788804863223186,0.3788804863223186,RAD
9.767879147530961e+26,141065598.18299878,83.06813962332339,13465826.629211014,1.4958253828053856e+17,1.3647871526621696e+28,13.970555828204656,1.5118517569501304,0.4,0.37888036398086694,0.37888036398086694,RAD
9.880309331273297e+26,141604782.88368738,83.06808893664964,13465821.614809807,1.4958239126447216e+17,1.3804942565932003e+28,13.970524439444866,1.5118525426256986,0.4,0.37888024210798055,0.37888024210798055,RAD
9.992739515015633e+26,142139892.80573586,83.06803844187067,13465816.619394032,1.4958224480507744e+17,1.396201325300802e+28,13.970493169589151,1.5118533253271333,0.4,0.37888012069656046,0.37888012069656046,RAD
1.0105169698757969e+27,142671004.0766705,83.06798813611302,13465811.6426794,1.4958209889401898e+17,1.411908358917653e+28,13.97046201685721,1.5118541050989822,0.4,0.3788799997396994,0.3788799997396994,RAD
1.0217599882500305e+27,143198190.5735947,83.06793801657763,13465806.684388995,1.4958195352317738e+17,1.4276153575744571e+28,13.970430979514969,1.5118548819846158,0.4,0.378879879230663,0.378879879230663,RAD
1.033003006624264e+27,143721524.0136593,83.06788808053726,13465801.744252993,1.495818086846413e+17,1.4433223213999933e+28,13.970400055872764,1.5118556560263106,0.4,0.3788797591628945,0.3788797591628945,RAD
1.0442460249984976e+27,144241074.0399545,83.0678383253338,13465796.82200841,1.4958166437070006e+17,1.4590292505211648e+28,13.970369244283775,1.511856427265268,0.4,0.37887963953000225,0.37887963953000225,RAD
1.0554890433727312e+27,144756908.303101,83.06778874837575,13465791.917398863,1.4958152057383626e+17,1.474736145063047e+28,13.970338543142457,1.5118571957416578,0.4,0.37887952032575556,0.37887952032575556,RAD
1.0667320617469648e+27,145269092.5387995,83.06773934713596,13465787.030174324,1.49581377286719e+17,1.4904430051489326e+28,13.970307950883106,1.511857961494635,0.4,0.378879401544073,0.378879401544073,RAD
1.0779750801211984e+27,145777690.6415789,83.06769011914928,13465782.160090908,1.4958123450219747e+17,1.5061498309003756e+28,13.97027746597852,1.5118587245624173,0.4,0.3788792831790296,0.3788792831790296,RAD
1.089218098495432e+27,146282764.7349675,83.06764106201051,13465777.30691065,1.4958109221329446e+17,1.5218566224372342e+28,13.97024708693847,1.5118594849822822,0.4,0.3788791652248407,0.3788791652248407,RAD
1.1004611168696656e+27,146784375.2382949,83.06759217337222,13465772.470401313,1.495809504132006e+17,1.5375633798777113e+28,13.970216812308655,1.5118602427906094,0.4,0.37887904767586045,0.37887904767586045,RAD
1.1117041352438991e+27,147282580.93032008,83.06754345094289,13465767.650336184,1.4958080909526858e+17,1.553270103338394e+28,13.970186640669413,1.5118609980229172,0.4,0.3788789305265786,0.3788789305265786,RAD
1.1229471536181327e+27,147777439.00986606,83.06749489248497,13465762.846493889,1.4958066825300765e+17,1.5689767929342926e+28,13.970156570634414,1.5118617507138934,0.4,0.3788788137716163,0.3788788137716163,RAD
1.1364977654135791e+27,148369495.31282106,83.06743658236735,13465757.077930834,1.4958049912646982e+17,1.5879071852942529e+28,13.970120461926472,1.511862654563039,0.4,0.37887867356964133,0.37887867356964133,RAD
1.1500483772090255e+27,148956864.25963998,83.06737850353714,13465751.332250671,1.495803306708836e+17,1.6068375288220637e+28,13.97008449653558,1.5118635548275365,0.4,0.3788785339238646,0.3788785339238646,RAD
1.1635989890044719e+27,149539637.54307896,83.06732065236771,13465745.6090946,1.495801628757287e+17,1.625767823710399e+28,13.970048672214837,1.5118644515636033,0.4,0.3788783948255667,0.3788783948255667,RAD
1.1771496007999183e+27,150117904.0192757,83.06726302533083,13465739.908113549,1.4957999573077027e+17,1.64469807014893e+28,13.97001298677833,1.5118653448259218,0.4,0.3788782562662619,0.3788782562662619,RAD
1.1907002125953647e+27,150691749.8270291,83.06720561899279,13465734.228967806,1.4957982922604778e+17,1.663628268324405e+28,13.969977438098683,1.511866234667712,0.4,0.3788781182376937,0.3788781182376937,RAD
1.2042508243908111e+27,151261258.50076768,83.06714843001089,13465728.571326667,1.4957966335186474e+17,1.682558418420729e+28,13.969942024104983,1.511867121140785,0.4,0.378877980731824,0.378877980731824,RAD
1.2178014361862575e+27,151826511.07760754,83.06709145513014,13465722.93486809,1.4957949809877875e+17,1.701488520619037e+28,13.969906742780514,1.5118680042955852,0.4,0.3788778437408237,0.3788778437408237,RAD
1.231352047981704e+27,152387586.1988713,83.06703469117973,13465717.319278382,1.4957933345759216e+17,1.7204185750977675e+28,13.96987159216082,1.5118688841812606,0.4,0.3788777072570691,0.3788777072570691,RAD
1.2449026597771503e+27,152944560.20641235,83.06697813507034,13465711.724251889,1.4957916941934307e+17,1.7393485820327307e+28,13.969836570331873,1.5118697608456897,0.4,0.3788775712731297,0.3788775712731297,RAD
1.2584532715725967e+27,153497507.2340631,83.06692178379082,13465706.149490707,1.4957900597529677e+17,1.7582785415971767e+28,13.96980167542814,1.51187063433555,0.4,0.37887743578176636,0.37887743578176636,RAD
1.2720038833680432e+27,154046499.2945046,83.06686563440556,13465700.594704404,1.4957884311693763e+17,1.7772084539618596e+28,13.969766905630847,1.5118715046963307,0.4,0.37887730077591747,0.37887730077591747,RAD
1.2855544951634896e+27,154591606.36183235,83.06680968405188,13465695.059609756,1.495786808359613e+17,1.7961383192950994e+28,13.969732259166319,1.5118723719724112,0.4,0.3788771662487009,0.3788771662487009,RAD
1.299105106958936e+27,155132896.45007434,83.06675392993728,13465689.543930488,1.495785191242674e+17,1.8150681377628426e+28,13.96969773430453,1.5118732362070637,0.4,0.37887703219339963,0.37887703219339963,RAD
1.3126557187543824e+27,155670435.68790057,83.06669836933716,13465684.047397044,1.495783579739523e+17,1.8339979095287202e+28,13.969663329357394,1.5118740974425269,0.4,0.3788768986034641,0.3788768986034641,RAD
1.3262063305498288e+27,156204288.38974524,83.06664299959252,13465678.569746345,1.4957819737730243e+17,1.852927634754103e+28,13.96962904267749,1.511874955720001,0.4,0.37887676547249644,0.37887676547249644,RAD
1.3397569423452752e+27,156734517.12354907,83.06658781810748,13465673.110721579,1.4957803732678784e+17,1.8718573135981563e+28,13.969594872656517,1.5118758110797323,0.4,0.37887663279425804,0.37887663279425804,RAD
1.3533075541407216e+27,157261182.77531484,83.06653282234741,13465667.67007198,1.4957787781505597e+17,1.890786946217892e+28,13.969560817724172,1.5118766635609988,0.4,0.37887650056265154,0.37887650056265154,RAD
1.3696400143753823e+27,157891317.96320087,83.06646677965178,13465661.136567492,1.4957768626251475e+17,1.9136026424546107e+28,13.969519922324775,1.511877687279769,0.4,0.3788763417699321,0.3788763417699321,RAD
1.385972474610043e+27,158516463.72852796,83.06640099894713,13465654.628983751,1.495774954700026e+17,1.9364182720320105e+28,13.969479189274727,1.5118787069380695,0.4,0.37887618360725034,0.37887618360725034,RAD
1.4023049348447039e+27,159136717.68512866,83.0663354761248,13465648.146914274,1.4957730542560112e+17,1.9592338352131594e+28,13.969438616028484,1.5118797225995788,0.4,0.37887602606472565,0.37887602606472565,RAD
1.4186373950793646e+27,159752174.4266708,83.06627020718774,13465641.6899636,1.4957711611771526e+17,1.982049332257025e+28,13.969398200109575,1.5118807343262497,0.4,0.3788758691327464,0.3788758691327464,RAD
1.4349698553140254e+27,160362925.65367058,83.06620518824592,13465635.257746875,1.4957692753506083e+17,2.004864763418584e+28,13.969357939107919,1.511881742178375,0.4,0.3788757128019583,0.3788757128019583,RAD
1.4513023155486861e+27,160969060.29378468,83.06614041551248,13465628.849889448,1.495767396666528e+17,2.0276801289489303e+28,13.969317830677273,1.5118827462146387,0.4,0.378875557063253,0.378875557063253,RAD
1.467634775783347e+27,161570664.61580765,83.06607588529991,13465622.466026485,1.4957655250179408e+17,2.050495429095376e+28,13.96927787253299,1.51188374649221,0.4,0.37887540190776636,0.37887540190776636,RAD
1.4839672360180077e+27,162167822.33777097,83.06601159401615,13465616.105802609,1.4957636603006477e+17,2.07331066410155e+28,13.969238062449548,1.5118847430667453,0.4,0.3788752473268565,0.3788752473268565,RAD
1.5002996962526684e+27,162760614.7295096,83.06594753816128,13465609.768871553,1.4957618024131216e+17,2.0961258342074945e+28,13.969198398258476,1.5118857359924989,0.4,0.37887509331210933,0.37887509331210933,RAD
1.5166321564873292e+27,163349120.71003643,83.06588371432414,13465603.454895832,1.4957599512564093e+17,2.1189409396497534e+28,13.969158877846334,1.5118867253223425,0.4,0.3788749398553218,0.3788749398553218,RAD
1.53296461672199e+27,163933416.9400405,83.06582011917911,13465597.163546422,1.4957581067340397e+17,2.141755980661464e+28,13.969119499152672,1.5118877111078166,0.4,0.37887478694849613,0.37887478694849613,RAD
1.5492970769566507e+27,164513577.90980202,83.06575674948309,13465590.89450247,1.4957562687519357e+17,2.1645709574724394e+28,13.96908026016818,1.5118886933991857,0.4,0.3788746345838333,0.3788746345838333,RAD
1.5656295371913115e+27,165089676.02279732,83.06569360207263,13465584.647450998,1.495754437218331e+17,2.187385870309252e+28,13.969041158932857,1.5118896722454875,0.4,0.3788744827537279,0.3788744827537279,RAD
1.5819619974259722e+27,165661781.6752475,83.0656306738612,13465578.422086636,1.495752612043688e+17,2.2102007193953125e+28,13.969002193534378,1.5118906476945435,0.4,0.37887433145075305,0.37887433145075305,RAD
1.598294457660633e+27,166229963.3318473,83.06556796183641,13465572.218111353,1.4957507931406237e+17,2.233015504950945e+28,13.968963362106322,1.51189161979306,0.4,0.37887418066766926,0.37887418066766926,RAD
1.6146269178952938e+27,166794287.59789494,83.06550546305763,13465566.035234217,1.495748980423834e+17,2.255830227193462e+28,13.968924662826748,1.5118925885866108,0.4,0.3788740303974043,0.3788740303974043,RAD
1.6309593781299545e+27,167354819.28802794,83.06544317465352,13465559.87317115,1.4957471738100256e+17,2.2786448863372373e+28,13.9688860939167,1.5118935541196885,0.4,0.37887388063305066,0.37887388063305066,RAD
1.650645752445072e+27,168025506.35514948,83.06536837079443,13465552.472982801,1.495745004199444e+17,2.3061445127558356e+28,13.968839775589913,1.5118947136556702,0.4,0.37887370077704063,0.37887370077704063,RAD
1.6692276280486958e+27,168653690.247156,83.06529803614701,13465545.514926953,1.4957429642155085e+17,2.332101196571509e+28,13.968796224724091,1.5118958039150492,0.4,0.37887353166678517,0.37887353166678517,RAD
1.6878095036523197e+27,169277229.61376247,83.06522796200325,13465538.582644869,1.495740931788816e+17,2.3580577996118653e+28,13.968752835294191,1.511896890137048,0.4,0.37887336318299353,0.37887336318299353,RAD
1.7063913792559435e+27,169896209.36929685,83.0651581445459,13465531.67575889,1.4957389068086355e+17,2.384014322174676e+28,13.968709604935208,1.5118979723808326,0.4,0.37887319531648744,0.37887319531648744,RAD
1.7249732548595673e+27,170510711.97107,83.06508858005466,13465524.793900944,1.4957368891670445e+17,2.4099707645533745e+28,13.968666531342018,1.511899050704069,0.4,0.37887302805832146,0.37887302805832146,RAD
1.743555130463191e+27,171120817.51608244,83.06501926490252,13465517.936712187,1.495734878758828e+17,2.4359271270371634e+28,13.96862361226742,1.511900125162965,0.4,0.37887286139977144,0.37887286139977144,RAD
1.762137006066815e+27,171726603.832938,83.0649501955525,13465511.103842687,1.495732875481384e+17,2.4618834099111234e+28,13.968580845519993,1.5119011958123476,0.4,0.3788726953323341,0.3788726953323341,RAD
1.7807188816704388e+27,172328146.5692499,83.06488136855445,13465504.294951107,1.4957308792346294e+17,2.487839613456312e+28,13.968538228962128,1.5119022627056866,0.4,0.3788725298477116,0.3788725298477116,RAD
1.7993007572740626e+27,172925519.27480504,83.06481278054221,13465497.509704407,1.495728889920915e+17,2.5137957379498644e+28,13.96849576050811,1.5119033258951524,0.4,0.37887236493780857,0.37887236493780857,RAD
1.8178826328776864e+27,173518793.4807335,83.06474442823054,13465490.747777559,1.4957269074449398e+17,2.5397517836650865e+28,13.968453438122467,1.5119043854316665,0.4,0.37887220059472576,0.37887220059472576,RAD
1.8364645084813102e+27,174108038.77491432,83.06467630841236,13465484.008853272,1.4957249317136726e+17,2.5657077508715473e+28,13.968411259818216,1.5119054413649384,0.4,0.37887203681075216,0.37887203681075216,RAD
1.855046384084934e+27,174693322.87383235,83.06460841795628,13465477.292621735,1.4957229626362746e+17,2.5916636398351673e+28,13.968369223655069,1.5119064937434896,0.4,0.37887187357835417,0.37887187357835417,RAD
1.8774288008760031e+27,175393148.85375145,83.06452694209524,13465469.232423699,1.4957205995332547e+17,2.622928169525918e+28,13.968318775895819,1.5119077567119936,0.4,0.3788716776820392,0.3788716776820392,RAD
1.8998112176670722e+27,176087434.96743205,83.0644457893709,13465461.204196364,1.495718245804552e+17,2.654192586527096e+28,13.96826852839338,1.5119090146724405,0.4,0.37887148256281283,0.37887148256281283,RAD
1.9221936344581413e+27,176776289.57269683,83.06436495471695,13465453.20743849,1.4957159013031987e+17,2.6854568912833964e+28,13.96821847800875,1.5119102677033696,0.4,0.37887128820849625,0.37887128820849625,RAD
1.9445760512492104e+27,177459817.67554903,83.06428443320445,13465445.241662428,1.495713565886213e+17,2.7167210842325824e+28,13.968168621687985,1.5119115158811607,0.4,0.37887109460723317,0.37887109460723317,RAD
1.9669584680402794e+27,178138121.07110167,83.06420422003659,13465437.306393605,1.495711239414446e+17,2.747985165805675e+28,13.968118956459055,1.5119127592801573,0.4,0.37887090174748816,0.37887090174748816,RAD
1.9893408848313485e+27,178811298.47705075,83.06412431054372,13465429.40117002,1.4957089217524365e+17,2.7792491364271316e+28,13.968069479428621,1.5119139979727505,0.4,0.3788707096180358,0.3788707096180358,RAD
2.0117233016224176e+27,179479445.66016605,83.06404470017853,13465421.525541786,1.4957066127682726e+17,2.810512996515019e+28,13.968020187779237,1.5119152320294036,0.4,0.37887051820793716,0.37887051820793716,RAD
2.0341057184134867e+27,180142655.556238,83.06396538451156,13465413.679070666,1.4957043123334614e+17,2.8417767464811797e+28,13.967971078766409,1.511916461518778,0.4,0.37887032750654326,0.37887032750654326,RAD
2.0564881352045557e+27,180801018.3838873,83.0638863592269,13465405.861329662,1.495702020322803e+17,2.873040386731393e+28,13.967922149716047,1.5119176865077528,0.4,0.3788701375034717,0.3788701375034717,RAD
2.0788705519956248e+27,181454621.75261465,83.063807620118,13465398.071902595,1.4956997366142707e+17,2.9043039176655296e+28,13.967873398021712,1.5119189070615386,0.4,0.37886994818861053,0.37886994818861053,RAD
2.101252968786694e+27,182103550.76544043,83.06372916308385,13465390.31038373,1.495697461088899e+17,2.9355673396776995e+28,13.967824821142505,1.511920123243698,0.4,0.3788697595520979,0.3788697595520979,RAD
2.123635385577763e+27,182747888.1164601,83.06365098412518,13465382.57637739,1.4956951936306733e+17,2.966830653156396e+28,13.967776416600415,1.5119213351161984,0.4,0.3788695715843125,0.3788695715843125,RAD
2.146017802368832e+27,183387714.18361762,83.06357307934084,13465374.86949762,1.4956929341264278e+17,2.9980938584846354e+28,13.967728181978385,1.511922542739518,0.4,0.37886938427587724,0.37886938427587724,RAD
2.168400219159901e+27,184023107.11697882,83.06349544492463,13465367.189367836,1.495690682465746e+17,3.0293569560400894e+28,13.967680114917933,1.5119237461726487,0.4,0.3788691976176382,0.3788691976176382,RAD
2.1907826359509702e+27,184654142.92276698,83.06341807716167,13465359.535620514,1.4956884385408656e+17,3.0606199461952155e+28,13.96763221311746,1.5119249454731567,0.4,0.3788690116006602,0.3788690116006602,RAD
2.2131650527420393e+27,185280895.54340503,83.06334097242565,13465351.907896873,1.4956862022465898e+17,3.0918828293173803e+28,13.967584474329984,1.511926140697254,0.4,0.37886882621622436,0.37886882621622436,RAD
2.2355474695331083e+27,185903436.93379268,83.06326412717554,13465344.305846585,1.4956839734801994e+17,3.123145605768982e+28,13.967536896361517,1.5119273318998212,0.4,0.3788686414558158,0.3788686414558158,RAD
2.2625238129594075e+27,186648256.01798376,83.06317184959421,13465335.177130308,1.4956812971277088e+17,3.1608248358698174e+28,13.967479763830967,1.511928762324952,0.4,0.37886841959136125,0.37886841959136125,RAD
2.2895001563857066e+27,187387178.49743217,83.0630799380271,13465326.084627248,1.4956786313935904e+17,3.198503912154756e+28,13.96742285814305,1.5119301870775794,0.4,0.3788681986071204,0.3788681986071204,RAD
2.3164764998120057e+27,188120319.71977624,83.06298838673504,13465317.027769592,1.495675976111356e+17,3.2361828352309176e+28,13.967366175741784,1.5119316062466504,0.4,0.3788679784892913,0.3788679784892913,RAD
2.3434528432383048e+27,188847791.46424863,83.06289719013446,13465308.006004926,1.4956733311190336e+17,3.273861605695961e+28,13.967309713167529,1.511933019918706,0.4,0.3788677592244472,0.3788677592244472,RAD
2.370429186664604e+27,189569702.09172744,83.06280634279156,13465299.018795645,1.4956706962589926e+17,3.3115402241383366e+28,13.967253467053395,1.511934428177967,0.4,0.3788675407995219,0.3788675407995219,RAD
2.397405530090903e+27,190286156.686848,83.06271583941651,13465290.065618396,1.4956680713777814e+17,3.3492186911375343e+28,13.967197434121758,1.511935831106411,0.4,0.37886732320179267,0.37886732320179267,RAD
2.424381873517202e+27,190997257.19267944,83.06262567485817,13465281.14596354,1.4956654563259693e+17,3.386897007264319e+28,13.9671416111809,1.51193722878388,0.4,0.37886710641887344,0.37886710641887344,RAD
2.4513582169435012e+27,191703102.53843316,83.06253584409879,13465272.259334648,1.4956628509579984e+17,3.4245751730809562e+28,13.96708599512179,1.511938621288149,0.4,0.37886689043869937,0.37886689043869937,RAD
2.4783345603698006e+27,192403788.76063666,83.06244634224934,13465263.405248012,1.495660255132042e+17,3.462253189141435e+28,13.967030582915077,1.5119400086949821,0.4,0.3788666752495111,0.3788666752495111,RAD
2.5053109037960997e+27,193099409.11817348,83.06235716454475,13465254.58323219,1.4956576687098688e+17,3.499931055991674e+28,13.966975371608225,1.5119413910782373,0.4,0.37886646083985076,0.37886646083985076,RAD
2.532287247222399e+27,193790054.20156318,83.06226830633943,13465245.792827565,1.4956550915567146e+17,3.537608774169729e+28,13.966920358322767,1.5119427685099203,0.4,0.37886624719854806,0.37886624719854806,RAD
2.559263590648698e+27,194475812.03682727,83.06217976310299,13465237.033585923,1.4956525235411587e+17,3.5752863442059877e+28,13.966865540251574,1.5119441410602332,0.4,0.3788660343147054,0.3788660343147054,RAD
2.586239934074997e+27,195156768.18426335,83.06209153041637,13465228.305070054,1.495649964535008e+17,3.612963766623358e+28,13.96681091465655,1.5119455087976823,0.4,0.37886582217770015,0.37886582217770015,RAD
2.613216277501296e+27,195833005.83242795,83.0620036039679,13465219.606853373,1.4956474144131834e+17,3.650641041937452e+28,13.966756478866008,1.511946871789077,0.4,0.37886561077715936,0.37886561077715936,RAD
2.640192620927595e+27,196504605.88760665,83.06191597954951,13465210.938519552,1.4956448730536138e+17,3.6883181706567616e+28,13.966702230272594,1.5119482300996538,0.4,0.3788654001029683,0.3788654001029683,RAD
2.6671689643538943e+27,197171647.05903253,83.06182865305335,13465202.299662175,1.4956423403371334e+17,3.7259951532828292e+28,13.966648166330954,1.5119495837930705,0.4,0.3788651901452457,0.3788651901452457,RAD
2.6941453077801934e+27,197834205.94009554,83.06174162046835,13465193.689884396,1.4956398161473843e+17,3.7636719903104126e+28,13.966594284555741,1.5119509329314946,0.4,0.3788649808943466,0.3788649808943466,RAD
2.7266597234734677e+27,198626932.6564289,83.06163710570117,13465183.3506713,1.495636784928445e+17,3.809083450287184e+28,13.966529579852589,1.5119525530719489,0.4,0.3788647296115806,0.3788647296115806,RAD
2.759174139166742e+27,199413382.76785296,83.06153300553683,13465173.052479098,1.4956337657376803e+17,3.854494700299267e+28,13.966465132122782,1.5119541667869583,0.4,0.3788644793258893,0.3788644793258893,RAD
2.791688554860016e+27,200193679.07078972,83.0614293134734,13465162.794664511,1.4956307583864755e+17,3.899905741175617e+28,13.966400937337655,1.5119557741772978,0.4,0.37886423002163805,0.37886423002163805,RAD
2.8242029705532905e+27,200967940.56235042,83.06132602318544,13465152.576601714,1.4956277626913322e+17,3.9453165737322665e+28,13.966336991577617,1.5119573753410005,0.4,0.3788639816836145,0.3788639816836145,RAD
2.856717386246565e+27,201736282.6001156,83.06122312851693,13465142.397681661,1.4956247784736717e+17,3.9907271987726775e+28,13.966273291028347,1.511958970373483,0.4,0.3788637342970168,0.3788637342970168,RAD
2.889231801939839e+27,202498817.0534601,83.0611206234752,13465132.25731145,1.4956218055596496e+17,4.036137617088075e+28,13.966209831976494,1.5119605593676178,0.4,0.378863487847432,0.378863487847432,RAD
2.9217462176331133e+27,203255652.44695982,83.06101850222457,13465122.15491372,1.4956188437799776e+17,4.081547829457769e+28,13.96614661080606,1.5119621424138487,0.4,0.3788632423208267,0.3788632423208267,RAD
2.9542606333263876e+27,204006894.0963782,83.06091675908065,13465112.089926075,1.4956158929697555e+17,4.126957836649466e+28,13.966083623994889,1.5119637196002849,0.4,0.3788629977035331,0.3788629977035331,RAD
2.986775049019662e+27,204752644.23769292,83.06081538850475,13465102.061800536,1.4956129529683104e+17,4.172367639419568e+28,13.966020868110887,1.5119652910127663,0.4,0.37886275398223157,0.37886275398223157,RAD
3.019289464712936e+27,205493002.14959124,83.06071438509866,13465092.070003018,1.495610023619043e+17,4.21777723851346e+28,13.965958339809152,1.5119668567349545,0.4,0.3788625111439394,0.3788625111439394,RAD
3.0518038804062104e+27,206228064.26983085,83.0606137435995,13465082.114012834,1.495607104769282e+17,4.263186634665789e+28,13.965896035828655,1.5119684168484138,0.4,0.3788622691760001,0.3788622691760001,RAD
3.0843182960994847e+27,206957924.3058354,83.06051345887508,13465072.193322215,1.495604196270145e+17,4.30859582860073e+28,13.965833952989149,1.5119699714326984,0.4,0.378862028066075,0.378862028066075,RAD
3.116832711792759e+27,207682673.3398679,83.06041352591923,13465062.307435866,1.4956012979764058e+17,4.354004821032246e+28,13.965772088188713,1.5119715205653885,0.4,0.3788617878021229,0.3788617878021229,RAD
3.149347127486033e+27,208402399.9291014,83.06031393984735,13465052.455870526,1.4955984097463664e+17,4.399413612664339e+28,13.965710438400537,1.5119730643221914,0.4,0.3788615483723984,0.3788615483723984,RAD
3.1818615431793075e+27,209117190.20088464,83.06021469589238,13465042.638154553,1.4955955314417373e+17,4.444822204191286e+28,13.96564900067082,1.5119746027769871,0.4,0.3788613097654369,0.3788613097654369,RAD
3.214375958872582e+27,209827127.94347972,83.06011578940075,13465032.853827536,1.4955926629275203e+17,4.490230596297877e+28,13.96558777211594,1.5119761360019015,0.4,0.37886107197004804,0.37886107197004804,RAD
3.246890374565856e+27,210532294.69253072,83.06001721582854,13465023.10243991,1.4955898040718986e+17,4.535638789659635e+28,13.965526749920242,1.5119776640673663,0.4,0.3788608349753066,0.3788608349753066,RAD
3.286081731957784e+27,211376041.09636524,83.05989883604387,13465011.391730363,1.495586370795691e+17,4.590371440963189e+28,13.965453466991443,1.5119794991661215,0.4,0.3788605503619302,0.3788605503619302,RAD
3.323074270312185e+27,212166317.3787245,83.05978752893475,13465000.38069161,1.4955831426469203e+17,4.642033070738106e+28,13.965384562744243,1.5119812246275537,0.4,0.37886028275325906,0.37886028275325906,RAD
3.360066808666586e+27,212950750.92368937,83.05967663407485,13464989.410441298,1.4955799264582906e+17,4.693694446092536e+28,13.965315914032281,1.5119829437001278,0.4,0.37886001613601883,0.37886001613601883,RAD
3.397059347020987e+27,213729448.55212843,83.05956614542333,13464978.48038177,1.4955767220545622e+17,4.745355567964816e+28,13.965247517112386,1.5119846564774608,0.4,0.3788597504956813,0.3788597504956813,RAD
3.434051885375388e+27,214502513.99402127,83.05945605709277,13464967.58993053,1.495573529264941e+17,4.797016437279611e+28,13.965179368336265,1.5119863630508128,0.4,0.3788594858180913,0.3788594858180913,RAD
3.471044423729789e+27,215270048.010114,83.05934636334328,13464956.7385197,1.4955703479229184e+17,4.848677054948262e+28,13.96511146414725,1.5119880635091367,0.4,0.37885922208944434,0.37885922208944434,RAD
3.50803696208419e+27,216032148.50754547,83.05923705857762,13464945.925595496,1.4955671778661184e+17,4.900337421869117e+28,13.965043801076874,1.5119897579391781,0.4,0.378858959296279,0.378858959296279,RAD
3.545029500438591e+27,216788910.64980257,83.0591281373359,13464935.150617737,1.495564018936154e+17,4.951997538927851e+28,13.96497637574194,1.5119914464255693,0.4,0.3788586974254685,0.3788586974254685,RAD
3.582022038792992e+27,217540426.96133962,83.05901959429106,13464924.413059374,1.495560870978488e+17,5.0036574069977785e+28,13.964909184841428,1.511993129050865,0.4,0.37885843646420103,0.37885843646420103,RAD
3.619014577147393e+27,218286787.4271725,83.05891142424414,13464913.712406037,1.4955577338423008e+17,5.055317026940148e+28,13.964842225153694,1.5119948058956358,0.4,0.378858176399972,0.378858176399972,RAD
3.656007115501794e+27,219028079.58773786,83.05880362211991,13464903.048155604,1.4955546073803638e+17,5.106976399604434e+28,13.964775493533923,1.5119964770385508,0.4,0.37885791722058,0.37885791722058,RAD
3.6929996538561947e+27,219764388.62928793,83.05869618296292,13464892.419817785,1.495551491448919e+17,5.158635525828616e+28,13.964708986911248,1.5119981425564113,0.4,0.37885765891410744,0.37885765891410744,RAD
3.7375582748503355e+27,220644796.22941408,83.05856724433839,13464879.664669657,1.4955477519986832e+17,5.220860165392366e+28,13.964629172174098,1.512000141360383,0.4,0.37885734891871575,0.37885734891871575,RAD
3.782116895844476e+27,221518234.76256907,83.05843881708046,13464866.960117104,1.495544027384377e+17,5.283084450020756e+28,13.964549674427555,1.5120021322395107,0.4,0.37885704015314003,0.37885704015314003,RAD
3.826675516838617e+27,222384840.54131973,83.05831089317155,13464854.30536689,1.4955403173734138e+17,5.3453083811151355e+28,13.96447048870342,1.512004115318055,0.4,0.37885673259809977,0.37885673259809977,RAD
3.871234137832758e+27,223244745.66169015,83.05818346481156,13464841.699647292,1.4955366217395146e+17,5.407531960055014e+28,13.964391610168128,1.5120060907168937,0.4,0.3788564262348341,0.3788564262348341,RAD
3.9157927588268985e+27,224098078.18044886,83.05805652440944,13464829.142207274,1.495532940262466e+17,5.469755188198655e+28,13.964313034117765,1.5120080585536915,0.4,0.37885612104509236,0.37885612104509236,RAD
3.9603513798210393e+27,224944962.28301644,83.05793006457542,13464816.632315705,1.4955292727278912e+17,5.5319780668836415e+28,13.964234755972988,1.512010018942967,0.4,0.3788558170111003,0.3788558170111003,RAD
4.00491000081518e+27,225785518.44258913,83.05780407811328,13464804.169260612,1.4955256189270307e+17,5.594200597427422e+28,13.964156771274503,1.5120119719962604,0.4,0.3788555141155552,0.3788555141155552,RAD
4.049468621809321e+27,226619863.5710305,83.05767855801338,13464791.752348471,1.495521978656535e+17,5.656422781127833e+28,13.964079075678605,1.5120139178222025,0.4,0.3788552123415981,0.3788552123415981,RAD
4.0940272428034616e+27,227448111.1620425,83.05755349744561,13464779.380903536,1.4955183517182656e+17,5.7186446192636055e+28,13.964001664952734,1.5120158565266602,0.4,0.37885491167280705,0.37885491167280705,RAD
4.1385858637976024e+27,228270371.42709053,83.05742888975314,13464767.05426719,1.4955147379191075e+17,5.780866113094851e+28,13.963924534971788,1.512017788212792,0.4,0.3788546120931703,0.3788546120931703,RAD
4.183144484791743e+27,229086751.42452282,83.057304728446,13464754.771797331,1.4955111370707885e+17,5.843087263863532e+28,13.963847681714054,1.5120197129811859,0.4,0.37885431358708216,0.37885431358708216,RAD
4.227703105785884e+27,229897355.18229377,83.05718100719531,13464742.532867791,1.4955075489897075e+17,5.905308072793916e+28,13.96377110125761,1.5120216309299375,0.4,0.3788540161393243,0.3788540161393243,RAD
4.2722617267800247e+27,230702283.81467178,83.0570577198275,13464730.336867774,1.495503973496771e+17,5.967528541093008e+28,13.963694789776753,1.5120235421547152,0.4,0.378853719735048,0.378853719735048,RAD
4.3168203477741655e+27,231501635.63328588,83.05693486031905,13464718.183201322,1.4955004104172362e+17,6.029748669950978e+28,13.963618743538733,1.5120254467488876,0.4,0.37885342435977104,0.37885342435977104,RAD
4.361378968768306e+27,232295506.25284135,83.05681242279123,13464706.071286809,1.495496859580562e+17,6.09196846054156e+28,13.963542958900632,1.5120273448035555,0.4,0.37885312999935383,0.37885312999935383,RAD
4.405937589762447e+27,233083988.69181186,83.0566904015052,13464694.000556448,1.495493320820266e+17,6.154187914022454e+28,13.963467432306052,1.512029236407665,0.4,0.3788528366399966,0.3788528366399966,RAD
4.450496210756588e+27,233867173.4683949,83.05656879085744,13464681.970455833,1.495489793973788e+17,6.216407031535699e+28,13.96339216028257,1.5120311216480695,0.4,0.37885254426822546,0.37885254426822546,RAD
4.5042004006361075e+27,234804190.05375037,83.0564227578148,13464667.524427246,1.495485558856576e+17,6.291396055056909e+28,13.963301772323774,1.5120333854936614,0.4,0.37885219318149516,0.37885219318149516,RAD
4.557904590515627e+27,235733788.79088837,83.05627730399284,13464653.135708528,1.495481340544303e+17,6.366384594123686e+28,13.963211743451243,1.512035640363019,0.4,0.37885184348779305,0.37885184348779305,RAD
4.611608780395147e+27,236656114.78574237,83.05613242030917,13464638.803401085,1.495477138773489e+17,6.441372650649288e+28,13.963122068036546,1.5120378863969113,0.4,0.3788514951652792,0.3788514951652792,RAD
4.6653129702746667e+27,237571308.6552292,83.05598809792772,13464624.526630696,1.4954729532877994e+17,6.516360226517163e+28,13.963032740604074,1.5120401237322691,0.4,0.37885114819270116,0.37885114819270116,RAD
4.7190171601541864e+27,238479506.7160121,83.05584432824939,13464610.304546576,1.4954687838377718e+17,6.591347323581747e+28,13.962943755824814,1.512042352502384,0.4,0.37885080254938464,0.37885080254938464,RAD
4.772721350033706e+27,239380841.1632758,83.0557011029029,13464596.13632049,1.4954646301805565e+17,6.666333943669239e+28,13.962855108511127,1.512044572836981,0.4,0.3788504582151945,0.3788504582151945,RAD
4.826425539913226e+27,240275440.24014866,83.05555841373648,13464582.021145912,1.4954604920796675e+17,6.741320088578347e+28,13.9627667936112,1.5120467848624046,0.4,0.3788501151705285,0.3788501151705285,RAD
4.8801297297927456e+27,241163428.39835873,83.05541625280951,13464567.958237214,1.4954563693047478e+17,6.8163057600809995e+28,13.962678806204197,1.5120489887017186,0.4,0.3788497733962904,0.3788497733962904,RAD
4.9338339196722653e+27,242044926.45066902,83.05527461238496,13464553.94682891,1.4954522616313446e+17,6.891290959923042e+28,13.962591141495395,1.5120511844748388,0.4,0.3788494328738756,0.3788494328738756,RAD
4.987538109551785e+27,242920051.71559697,83.05513348492201,13464539.986174917,1.4954481688406957e+17,6.966275689824896e+28,13.962503794811663,1.5120533722986338,0.4,0.3788490935851487,0.3788490935851487,RAD
5.041242299431305e+27,243788918.15488753,83.05499286306886,13464526.075547867,1.4954440907195258e+17,7.041259951482205e+28,13.962416761596899,1.5120555522870354,0.4,0.3788487555124286,0.3788487555124286,RAD
5.094946489310826e+27,244651636.50417528,83.05485273965624,13464512.214238439,1.4954400270598512e+17,7.1162437465664485e+28,13.962330037408273,1.5120577245511697,0.4,0.378848418638478,0.378848418638478,RAD
5.148650679190346e+27,245508314.39724174,83.05471310769087,13464498.40155473,1.4954359776587952e+17,7.191227076725541e+28,13.962243617911822,1.5120598891994115,0.4,0.37884808294647676,0.37884808294647676,RAD
5.202354869069866e+27,246359056.4842445,83.05457396034939,13464484.636821646,1.49543194231841e+17,7.266209943584406e+28,13.962157498879026,1.5120620463375114,0.4,0.37884774842001623,0.37884774842001623,RAD
5.256059058949386e+27,247203964.54426995,83.0544352909725,13464470.919380328,1.4954279208455075e+17,7.341192348745533e+28,13.962071676182923,1.5120641960686787,0.4,0.3788474150430828,0.3788474150430828,RAD
5.309763248828907e+27,248043137.59253728,83.05429709305945,13464457.248587597,1.4954239130514982e+17,7.416174293789513e+28,13.96198614579486,1.5120663384936688,0.4,0.37884708280004414,0.37884708280004414,RAD
5.363467438708427e+27,248876671.9825589,83.0541593602626,13464443.623815432,1.4954199187522358e+17,7.491155780275557e+28,13.961900903781023,1.5120684737108456,0.4,0.3788467516756319,0.3788467516756319,RAD
5.428196817144055e+27,249873965.74574482,83.05399396099871,13464427.262241086,1.4954151221239258e+17,7.581529965484799e+28,13.961798539833426,1.512071037833905,0.4,0.37884635403864547,0.37884635403864547,RAD
5.492926195579684e+27,250863363.6143045,83.05382921784742,13464410.965585405,1.4954103445319414e+17,7.671903489418648e+28,13.961696582684137,1.5120735917893526,0.4,0.3788459579796474,0.3788459579796474,RAD
5.557655574015313e+27,251845020.06497896,83.05366512051941,13464394.73283037,1.4954055856777834e+17,7.762276354689551e+28,13.961595025956443,1.5120761357366634,0.4,0.37884556347389536,0.37884556347389536,RAD
5.622384952450941e+27,252819084.795003,83.05350165900431,13464378.562985577,1.4954008452710483e+17,7.852648563869243e+28,13.961493863446591,1.5120786698309776,0.4,0.3788451704973161,0.3788451704973161,RAD
5.68711433088657e+27,253785702.92310795,83.05333882356035,13464362.455087176,1.49539612302912e+17,7.943020119489843e+28,13.961393089117227,1.5120811942232715,0.4,0.3788447790264804,0.3788447790264804,RAD
5.751843709322198e+27,254745015.1798877,83.05317660470381,13464346.408196867,1.4953914186768733e+17,8.033391024044914e+28,13.961292697090947,1.5120837090605213,0.4,0.3788443890385816,0.3788443890385816,RAD
5.816573087757827e+27,255697158.0882038,83.05301499319967,13464330.421400944,1.4953867319463942e+17,8.123761279990475e+28,13.961192681644372,1.512086214485864,0.4,0.37884400051141337,0.37884400051141337,RAD
5.881302466193455e+27,256642264.13425535,83.05285398005225,13464314.493809385,1.4953820625767133e+17,8.214130889745979e+28,13.961093037202518,1.512088710638714,0.4,0.3788436134233419,0.3788436134233419,RAD
5.946031844629084e+27,257580461.9298945,83.05269355649648,13464298.624554982,1.49537741031355e+17,8.304499855695262e+28,13.960993758333256,1.5120911976549063,0.4,0.37884322775328705,0.37884322775328705,RAD
6.010761223064712e+27,258511876.36672455,83.05253371398956,13464282.812792515,1.4953727749090723e+17,8.394868180187444e+28,13.960894839742167,1.5120936756668408,0.4,0.3788428434807053,0.3788428434807053,RAD
6.075490601500341e+27,259436628.76248136,83.05237444420291,13464267.057697969,1.4953681561216637e+17,8.485235865537805e+28,13.960796276267622,1.5120961448036014,0.4,0.37884246058556914,0.37884246058556914,RAD
6.14021997993597e+27,260354837.00016195,83.05221573901474,13464251.358467773,1.4953635537157043e+17,8.575602914028637e+28,13.960698062876133,1.512098605191052,0.4,0.3788420790483452,0.3788420790483452,RAD
6.204949358371598e+27,261266615.66033196,83.05205759050261,13464235.714318093,1.4953589674613594e+17,8.665969327910048e+28,13.960600194657715,1.5121010569519815,0.4,0.37884169884998226,0.37884169884998226,RAD
6.269678736807227e+27,262172076.1470141,83.05189999093662,13464220.124484139,1.4953543971343792e+17,8.756335109400755e+28,13.960502666821682,1.5121035002061853,0.4,0.3788413199718909,0.3788413199718909,RAD
6.334408115242855e+27,263071326.80753165,83.05174293277285,13464204.588219514,1.4953498425159072e+17,8.846700260688838e+28,13.96040547469265,1.512105935070577,0.4,0.37884094239592786,0.37884094239592786,RAD
6.399137493678484e+27,263964473.04665598,83.05158640864681,13464189.10479559,1.495345303392296e+17,8.937064783932478e+28,13.96030861370639,1.5121083616593,0.4,0.3788405661043852,0.3788405661043852,RAD
6.463866872114112e+27,264851617.4353836,83.05143041136766,13464173.673500905,1.4953407795549325e+17,9.027428681260658e+28,13.96021207940626,1.5121107800837912,0.4,0.3788401910799683,0.3788401910799683,RAD
6.541888725002403e+27,265913105.41799366,83.05124306961207,13464155.141619418,1.495335346755057e+17,9.136348390019694e+28,13.960096149375532,1.5121136844460061,0.4,0.3788397407027728,0.3788397407027728,RAD
6.615533191872162e+27,266907325.04283383,83.0510669206774,13464137.716951406,1.4953302385507875e+17,9.239156372233801e+28,13.959987146505961,1.512116415290281,0.4,0.37883931723430864,0.37883931723430864,RAD
6.689177658741921e+27,267894194.5606985,83.0508914241308,13464120.356834576,1.4953251492754013e+17,9.341963553195378e+28,13.959878548176963,1.5121191360249366,0.4,0.3788388953349181,0.3788388953349181,RAD
6.76282212561168e+27,268873848.3515685,83.05071657041252,13464103.060323102,1.4953200786515645e+17,9.444769935861732e+28,13.959770348463746,1.5121218467981383,0.4,0.37883847498161427,0.37883847498161427,RAD
6.83646659248144e+27,269846416.90709543,83.05054235020555,13464085.82649515,1.4953150264089776e+17,9.547575523147096e+28,13.959662541591797,1.5121245477542702,0.4,0.37883805615198707,0.37883805615198707,RAD
6.910111059351199e+27,270812026.9836444,83.05036875442643,13464068.654452013,1.4953099922841232e+17,9.650380317923709e+28,13.959555121931366,1.5121272390341165,0.4,0.3788376388241953,0.3788376388241953,RAD
6.983755526220958e+27,271770801.74775165,83.05019577421729,13464051.543317294,1.4953049760200253e+17,9.75318432302287e+28,13.95944808399257,1.5121299207749472,0.4,0.3788372229769344,0.3788372229769344,RAD
7.057399993090718e+27,272722860.9144484,83.05002340093785,13464034.492236124,1.49529997736602e+17,9.855987541235952e+28,13.959341422420302,1.5121325931106773,0.4,0.3788368085894279,0.3788368085894279,RAD
7.131044459960477e+27,273668320.8788721,83.04985162615782,13464017.500374416,1.4952949960775357e+17,9.958789975315363e+28,13.959235131989562,1.5121352561719503,0.4,0.3788363956413996,0.3788363956413996,RAD
7.204688926830236e+27,274607294.8415558,83.04968044164973,13464000.566918144,1.4952900319158848e+17,1.0061591627975506e+29,13.959129207601096,1.5121379100862828,0.4,0.3788359841130656,0.3788359841130656,RAD
7.278333393699995e+27,275539892.9277607,83.04950983938203,13463983.691072667,1.495285084648063e+17,1.0164392501893675e+29,13.959023644277037,1.5121405549781473,0.4,0.3788355739851111,0.3788355739851111,RAD
7.351977860569755e+27,276466222.3011934,83.04933981151248,13463966.872062074,1.4952801540465578e+17,1.0267192599710941e+29,13.958918437156822,1.512143190969069,0.4,0.37883516523867317,0.37883516523867317,RAD
7.440684900242733e+27,277573839.3871637,83.04913575946729,13463946.687430197,1.495274236797761e+17,1.0391017472493482e+29,13.958792178136134,1.512146354451997,0.4,0.37883467469910953,0.37883467469910953,RAD
7.529391939915712e+27,278672689.44475865,83.0489325166643,13463926.582870454,1.4952683430294435e+17,1.0514841227501388e+29,13.958666420962297,1.5121495053948586,0.4,0.3788341861059069,0.3788341861059069,RAD
7.61809897958869e+27,279762943.9546054,83.04873007041559,13463906.557127493,1.4952624723735123e+17,1.0638663869151355e+29,13.958541157771274,1.5121526439942978,0.4,0.3788336994285546,0.3788336994285546,RAD
7.706806019261669e+27,280844769.0929217,83.04852840837727,13463886.60898001,1.4952566244718557e+17,1.0762485401791268e+29,13.958416380912304,1.5121557704416262,0.4,0.3788332146373689,0.3788332146373689,RAD
7.795513058934648e+27,281918325.9545437,83.04832751853635,13463866.73723944,1.4952507989759616e+17,1.0886305829702063e+29,13.958292082939739,1.5121588849230059,0.4,0.37883273170345655,0.37883273170345655,RAD
7.884220098607626e+27,282983770.7641543,83.0481273891983,13463846.94074872,1.495244995546555e+17,1.1010125157099508e+29,13.958168256605113,1.5121619876196817,0.4,0.37883225059869463,0.37883225059869463,RAD
7.972927138280605e+27,284041255.07646126,83.04792800897495,13463827.218381101,1.49523921385325e+17,1.1133943388135917e+29,13.958044894850005,1.5121650787081482,0.4,0.37883177129569684,0.37883177129569684,RAD
8.061634177953584e+27,285090925.96601915,83.04772936677328,13463807.56903904,1.4952334535742234e+17,1.1257760526901811e+29,13.957921990798784,1.5121681583603208,0.4,0.378831293767785,0.378831293767785,RAD
8.150341217626562e+27,286132926.20733935,83.04753145178464,13463787.991653116,1.495227714395899e+17,1.1381576577427502e+29,13.957799537752052,1.5121712267437093,0.4,0.37883081798896556,0.37883081798896556,RAD
8.239048257299541e+27,287167394.44588363,83.04733425347428,13463768.485181026,1.49522199601265e+17,1.1505391543684635e+29,13.95767752918022,1.51217428402158,0.4,0.37883034393390386,0.37883034393390386,RAD
8.327755296972519e+27,288194465.36049694,83.04713776157175,13463749.0486066,1.4952162981265146e+17,1.1629205429587659e+29,13.957555958717384,1.5121773303530985,0.4,0.3788298715778994,0.3788298715778994,RAD
8.416462336645498e+27,289214269.8177936,83.04694196606135,13463729.680938885,1.495210620446923e+17,1.175301823899526e+29,13.957434820155633,1.5121803658934896,0.4,0.378829400896867,0.378829400896867,RAD
8.505169376318477e+27,290226935.0189759,83.04674685717335,13463710.381211253,1.4952049626904387e+17,1.187682997571174e+29,13.957314107439451,1.512183390794162,0.4,0.3788289318673108,0.3788289318673108,RAD
8.593876415991455e+27,291232584.63953114,83.04655242537534,13463691.148480562,1.495199324580512e+17,1.200064064348833e+29,13.957193814660306,1.5121864052028393,0.4,0.3788284644663048,0.3788284644663048,RAD
8.682583455664434e+27,292231338.96222186,83.04635866136411,13463671.981826346,1.4951937058472416e+17,1.2124450246024492e+29,13.957073936051778,1.5121894092637054,0.4,0.37882799867147715,0.37882799867147715,RAD
8.771290495337413e+27,293223315.00375676,83.04616555605787,13463652.880350046,1.49518810622715e+17,1.2248258786969143e+29,13.956954465984715,1.5121924031175098,0.4,0.3788275344609877,0.3788275344609877,RAD
8.859997535010391e+27,294208626.6355028,83.04597310058882,13463633.843174271,1.4951825254629667e+17,1.2372066269921856e+29,13.956835398962449,1.5121953869016778,0.4,0.37882707181350866,0.37882707181350866,RAD
8.966911673626504e+27,295387473.82186776,83.04574199499103,13463610.982858837,1.4951758239502493e+17,1.2521283808544216e+29,13.956692421470413,1.5121989699152718,0.4,0.37882651625535024,0.37882651625535024,RAD
9.073825812242617e+27,296556989.3987351,83.04551180601533,13463588.213242156,1.4951691490346938e+17,1.2670499821582235e+29,13.956550012500163,1.512202538725279,0.4,0.37882596290188986,0.37882596290188986,RAD
9.18073995085873e+27,297717355.90926147,83.04528251928859,13463565.532902136,1.4951625002993098e+17,1.2819714315066368e+29,13.956408163142601,1.5122060935544681,0.4,0.3788254117185663,0.3788254117185663,RAD
9.287654089474842e+27,298868750.2494013,83.04505412082756,13463542.940455256,1.4951558773384163e+17,1.2968927294933124e+29,13.956266864730212,1.5122096346195288,0.4,0.3788248626717464,0.3788248626717464,RAD
9.394568228090955e+27,300011343.9053723,83.04482659702376,13463520.434555084,1.4951492797572083e+17,1.3118138767027588e+29,13.956126108827759,1.5122131621313653,0.4,0.3788243157287045,0.3788243157287045,RAD
9.501482366707068e+27,301145303.1785568,83.04459993462955,13463498.013890876,1.4951427071713446e+17,1.3267348737105866e+29,13.955985887223603,1.5122166762952822,0.4,0.37882377085758023,0.37882377085758023,RAD
9.608396505323181e+27,302270789.39863527,83.04437412074441,13463475.67718624,1.4951361592065565e+17,1.3416557210837427e+29,13.955846191921276,1.5122201773112065,0.4,0.37882322802734897,0.37882322802734897,RAD
9.715310643939293e+27,303387959.1256937,83.04414914280217,13463453.423197862,1.495129635498275e+17,1.3565764193807363e+29,13.955707015131475,1.512223665373888,0.4,0.3788226872077915,0.3788226872077915,RAD
9.822224782555406e+27,304496964.3419882,83.04392498855874,13463431.2507143,1.4951231356912746e+17,1.3714969691518558e+29,13.955568349264572,1.5122271406730736,0.4,0.3788221483694597,0.3788221483694597,RAD
9.929138921171518e+27,305597952.63400346,83.04370164608052,13463409.158554822,1.4951166594393366e+17,1.3864173709393789e+29,13.955430186923271,1.5122306033937114,0.4,0.3788216114836559,0.3788216114836559,RAD
1.003605305978763e+28,306691067.3653945,83.0434791037332,13463387.145568311,1.4951102064049254e+17,1.401337625277774e+29,13.955292520895844,1.5122340537160945,0.4,0.3788210765223978,0.3788210765223978,RAD
1.0142967198403741e+28,307776447.8413609,83.04325735017115,13463365.210632212,1.49510377625888e+17,1.4162577326938958e+29,13.95515534414936,1.5122374918160597,0.4,0.37882054345840194,0.37882054345840194,RAD
1.0249881337019853e+28,308854229.4649636,83.04303637432729,13463343.352651535,1.4950973686801216e+17,1.4311776937071724e+29,13.955018649823662,1.5122409178651126,0.4,0.3788200122650514,0.3788200122650514,RAD
1.0356795475635965e+28,309924543.8858574,83.04281616540351,13463321.57055789,1.495090983355372e+17,1.4460975088297872e+29,13.95488243122524,1.5122443320306032,0.4,0.37881948291637874,0.37881948291637874,RAD
1.0463709614252076e+28,310987519.1418836,83.04259671286127,13463299.863308586,1.4950846199788867e+17,1.4610171785668535e+29,13.954746681821424,1.5122477344758438,0.4,0.3788189553870372,0.3788189553870372,RAD
1.0570623752868188e+28,312043279.79393303,83.04237800641302,13463278.229885742,1.4950782782521978e+17,1.475936703416584e+29,13.954611395235101,1.512251125360272,0.4,0.37881842965228746,0.37881842965228746,RAD
1.06775378914843e+28,313091947.0544646,83.04216003601343,13463256.669295462,1.495071957883869e+17,1.4908560838704543e+29,13.954476565239291,1.5122545048395601,0.4,0.37881790568797036,0.37881790568797036,RAD
1.080640115767418e+28,314346642.3790274,83.04189828130214,13463230.777804678,1.4950643679462848e+17,1.5088381737598794e+29,13.954314653272238,1.5122585631730365,0.4,0.37881727647494406,0.37881727647494406,RAD
1.0935264423864059e+28,315591404.6933084,83.04163756489528,13463204.989055168,1.4950568081379584e+17,1.5268200554203593e+29,13.954153385406459,1.512262605417963,0.4,0.3788166497593832,0.3788166497593832,RAD
1.1064127690053938e+28,316826428.3295322,83.04137787050963,13463179.301435826,1.4950492779864723e+17,1.5448017296753703e+29,13.953992751547943,1.5122666318266849,0.4,0.3788160255021265,0.3788160255021265,RAD
1.1192990956243818e+28,318051901.60726017,83.0411191823036,13463153.713379253,1.4950417770322227e+17,1.5627831973355589e+29,13.953832741876452,1.512270642644718,0.4,0.37881540366507915,0.37881540366507915,RAD
1.1321854222433697e+28,319268007.08625466,83.04086148486032,13463128.223360073,1.495034304827929e+17,1.5807644591990871e+29,13.95367334683504,1.5122746381109622,0.4,0.3788147842111589,0.3788147842111589,RAD
1.1450717488623577e+28,320474921.80596244,83.04060476317166,13463102.829893347,1.4950268609381667e+17,1.5987455160519662e+29,13.953514557119998,1.5122786184580157,0.4,0.37881416710427496,0.37881416710427496,RAD
1.1579580754813457e+28,321672817.512467,83.04034900262286,13463077.531533057,1.495019444938924e+17,1.6167263686683768e+29,13.953356363671503,1.5122825839123701,0.4,0.3788135523092799,0.3788135523092799,RAD
1.1708444021003336e+28,322861860.8736972,83.04009418897803,13463052.326870663,1.4950120564171792e+17,1.634707017810976e+29,13.953198757664467,1.5122865346946295,0.4,0.3788129397919331,0.3788129397919331,RAD
1.1837307287193216e+28,324042213.68362194,83.03984030836611,13463027.214533735,1.4950046949704973e+17,1.6526874642311964e+29,13.953041730499944,1.5122904710197682,0.4,0.3788123295188783,0.3788123295188783,RAD
1.1966170553383095e+28,325214033.0561081,83.03958734726787,13463002.193184642,1.4949973602066474e+17,1.6706677086695298e+29,13.95288527379707,1.512294393097294,0.4,0.37881172145760067,0.37881172145760067,RAD
1.2095033819572975e+28,326377471.6090703,83.0393352925031,13462977.261519305,1.494990051743237e+17,1.6886477518558054e+29,13.952729379385143,1.5122983011314661,0.4,0.3788111155764032,0.3788111155764032,RAD
1.2223897085762855e+28,327532677.6394963,83.03908413121883,13462952.418266008,1.4949827692073632e+17,1.7066275945094545e+29,13.952574039296135,1.5123021953214615,0.4,0.37881051184437226,0.37881051184437226,RAD
1.2352760351952734e+28,328679795.28989184,83.03883385087755,13462927.662184259,1.4949755122352794e+17,1.724607237339767e+29,13.952419245757733,1.5123060758615772,0.4,0.3788099102313561,0.3788099102313561,RAD
1.2481623618142614e+28,329818964.70664954,83.0385844392465,13462902.992063716,1.494968280472077e+17,1.7425866810461397e+29,13.952264991186341,1.5123099429413975,0.4,0.3788093107079373,0.3788093107079373,RAD
1.2610486884332493e+28,330950322.1908138,83.03833588438711,13462878.40672314,1.494961073571384e+17,1.7605659263183153e+29,13.952111268180762,1.5123137967459206,0.4,0.37880871324540033,0.37880871324540033,RAD
1.2739350150522373e+28,332074000.3416796,83.038088174645,13462853.905009413,1.4949538911950717e+17,1.778544973836613e+29,13.95195806951601,1.512317637455772,0.4,0.37880811781571994,0.37880811781571994,RAD
1.2868213416712252e+28,333190128.1936354,83.03784129864042,13462829.485796586,1.4949467330129792e+17,1.796523824272152e+29,13.951805388137172,1.5123214652472854,0.4,0.3788075243915232,0.3788075243915232,RAD
1.302353964681089e+28,334525603.48796195,83.03754481731255,13462800.160023225,1.494938136548303e+17,1.818194495115652e+29,13.951622030342483,1.5123260621765826,0.4,0.37880681173118164,0.37880681173118164,RAD
1.3170151377978828e+28,335776448.43051225,83.037266049323,13462772.586368157,1.4949300537073126e+17,1.8386490832415453e+29,13.95144962946719,1.5123303844727727,0.4,0.378806141650715,0.378806141650715,RAD
1.3316763109146765e+28,337018046.9383921,83.03698831374388,13462745.114873752,1.4949220008261062e+17,1.8591034190782696e+29,13.951277869165772,1.5123346907724275,0.4,0.37880547405364584,0.37880547405364584,RAD
1.3463374840314703e+28,338250568.0626584,83.03671159544673,13462717.744043149,1.4949139774657587e+17,1.8795575035580766e+29,13.951106740059156,1.5123389813099801,0.4,0.37880480890358686,0.37880480890358686,RAD
1.360998657148264e+28,339474175.9627904,83.03643587968683,13462690.472417453,1.4949059831984778e+17,1.900011337599642e+29,13.95093623300616,1.5123432563139463,0.4,0.3788041461650808,0.3788041461650808,RAD
1.3756598302650578e+28,340689030.0992207,83.03616115208945,13462663.298574375,1.4948980176072048e+17,1.9204649221084095e+29,13.950766339094866,1.5123475160070814,0.4,0.3788034858035537,0.3788034858035537,RAD
1.3903210033818515e+28,341895285.41632414,83.03588739863659,13462636.221126933,1.4948900802852333e+17,1.940918257976919e+29,13.950597049634572,1.5123517606066226,0.4,0.3788028277852925,0.3788028277852925,RAD
1.4049821764986453e+28,343093092.51643276,83.03561460565473,13462609.238722213,1.4948821708358474e+17,1.9613713460851268e+29,13.950428356147949,1.5123559903244705,0.4,0.3788021720774125,0.3788021720774125,RAD
1.419643349615439e+28,344282597.82540506,83.03534275980269,13462582.350040186,1.494874288871973e+17,1.9818241873007122e+29,13.950260250363758,1.5123602053673677,0.4,0.3788015186478264,0.3788015186478264,RAD
1.4343045227322328e+28,345463943.7502428,83.03507184806011,13462555.553792581,1.494866434015848e+17,2.0022767824793744e+29,13.95009272420965,1.512364405937095,0.4,0.37880086746522157,0.37880086746522157,RAD
1.4489656958490265e+28,346637268.8292144,83.0348018577169,13462528.848721799,1.4948586058987046e+17,2.0227291324651194e+29,13.949925769805478,1.512368592230614,0.4,0.37880021849902806,0.37880021849902806,RAD
1.4636268689658202e+28,347802707.8749126,83.03453277636235,13462502.233599883,1.494850804160467e+17,2.0431812380905366e+29,13.949759379456692,1.5123727644402571,0.4,0.37879957171939943,0.37879957171939943,RAD
1.4812867311083318e+28,349196232.7338499,83.03420984878593,13462470.292543419,1.4948414412373264e+17,2.0678161444089873e+29,13.949559695104016,1.512377771569803,0.4,0.37879879551403894,0.37879879551403894,RAD
1.4989465932508434e+28,350578728.6523553,83.03388820184345,13462438.47821235,1.494832115478506e+17,2.09245069879119e+29,13.94936080544452,1.5123827588573062,0.4,0.3787980223892497,0.3787980223892497,RAD
1.516606455393355e+28,351950411.3549069,83.03356781545574,13462406.788619952,1.494822826301434e+17,2.117084902629519e+29,13.949162698029058,1.5123877266139263,0.4,0.3787972522967393,0.3787972522967393,RAD
1.5342663175358666e+28,353311489.8929334,83.03324867008808,13462375.221833386,1.494813573139337e+17,2.1417187572946632e+29,13.94896536074593,1.5123926751423908,0.4,0.37879648518952663,0.37879648518952663,RAD
1.5519261796783782e+28,354662166.92538965,83.03293074672958,13462343.775971618,1.4948043554406342e+17,2.1663522641362106e+29,13.948768781808157,1.512397604737299,0.4,0.37879572102188674,0.37879572102188674,RAD
1.5695860418208898e+28,356002638.98448735,83.03261402687299,13462312.449203473,1.494795172668363e+17,2.190985424483212e+29,13.948572949741008,1.5124025156854601,0.4,0.37879495974931104,0.37879495974931104,RAD
1.5872459039634013e+28,357333096.7275245,83.03229849249624,13462281.239745757,1.4947860242996307e+17,2.2156182396447202e+29,13.948377853370427,1.5124074082661576,0.4,0.3787942013284552,0.3787942013284552,RAD
1.604905766105913e+28,358653725.1756868,83.03198412604421,13462250.145861486,1.494776909825095e+17,2.2402507109103125e+29,13.948183481811778,1.5124122827514328,0.4,0.37879344571709683,0.37879344571709683,RAD
1.6225656282484245e+28,359964703.94062984,83.03167091041173,13462219.165858196,1.4947678287484666e+17,2.2648828395505917e+29,13.94798982445938,1.5124171394063572,0.4,0.37879269287409634,0.37879269287409634,RAD
1.640225490390936e+28,361266207.4395943,83.0313588289273,13462188.298086325,1.494758780586037e+17,2.28951462681767e+29,13.94779687097636,1.5124219784892918,0.4,0.3787919427593594,0.3787919427593594,RAD
1.6578853525334477e+28,362558405.09975,83.03104786533746,13462157.54093768,1.4947497648662285e+17,2.314146073945635e+29,13.947604611284943,1.5124268002521057,0.4,0.37879119533379446,0.37879119533379446,RAD
1.6755452146759593e+28,363841461.5524173,83.03073800379207,13462126.892843971,1.4947407811291622e+17,2.338777182150999e+29,13.947413035557416,1.5124316049404152,0.4,0.37879045055927874,0.37879045055927874,RAD
1.6932050768184709e+28,365115536.817769,83.03042922883013,13462096.352275409,1.4947318289262502e+17,2.3634079526331332e+29,13.947222134207276,1.5124363927938242,0.4,0.37878970839863,0.37878970839863,RAD
1.7108649389609824e+28,366380786.4805721,83.03012152536633,13462065.917739369,1.4947229078198022e+17,2.388038386574686e+29,13.94703189788085,1.5124411640460995,0.4,0.3787889688155656,0.3787889688155656,RAD
1.728524801103494e+28,367637361.8574929,83.02981487867798,13462035.587779118,1.4947140173826512e+17,2.4126684851419865e+29,13.946842317449242,1.5124459189253916,0.4,0.37878823177467635,0.37878823177467635,RAD
1.7461846632460056e+28,368885410.1564519,83.02950927439288,13462005.360972589,1.4947051571977962e+17,2.437298249485436e+29,13.946653384000877,1.5124506576544128,0.4,0.3787874972413938,0.3787874972413938,RAD
1.7638445253885172e+28,370125074.62848204,83.02920469847733,13461975.23593122,1.4946963268580595e+17,2.4619276807398844e+29,13.946465088834051,1.5124553804506484,0.4,0.37878676518196913,0.37878676518196913,RAD
1.7851291225655887e+28,371608239.7095725,83.02883895472868,13461939.06095951,1.4946857231654195e+17,2.4916119290950034e+29,13.946238981756093,1.5124610517411665,0.4,0.3787858861062064,0.3787858861062064,RAD
1.8064137197426603e+28,373079665.571933,83.02847466154402,13461903.029532906,1.494675161571048e+17,2.5212956971510333e+29,13.946013775030613,1.5124667005578711,0.4,0.3787850105199576,0.3787850105199576,RAD
1.8276983169197319e+28,374539581.8577778,83.02811179617721,13461867.139400775,1.4946646414149766e+17,2.5509789868092588e+29,13.945789454553221,1.5124723272532383,0.4,0.3787841383685143,0.3787841383685143,RAD
1.8489829140968034e+28,375988211.10499376,83.02775033649904,13461831.38837353,1.4946541620551354e+17,2.5806617999413536e+29,13.94556600660207,1.5124779321701896,0.4,0.37878326959865294,0.37878326959865294,RAD
1.870267511273875e+28,377425769.0458807,83.02739026097369,13461795.774320282,1.4946437228666678e+17,2.610344138390179e+29,13.94534341782305,1.512483515642461,0.4,0.3787824041585792,0.3787824041585792,RAD
1.8915521084509465e+28,378852464.89008445,83.02703154863606,13461760.295166625,1.4946333232412784e+17,2.640026003970551e+29,13.94512167521591,1.5124890779949187,0.4,0.3787815419978658,0.3787815419978658,RAD
1.912836705628018e+28,380268501.5927273,83.02667417907058,13461724.948892515,1.4946229625866128e+17,2.669707398469981e+29,13.944900766121059,1.512494619543945,0.4,0.37878068306741425,0.37878068306741425,RAD
1.9341213028050896e+28,381674076.10866535,83.02631813239074,13461689.733530264,1.4946126403256682e+17,2.699388323649385e+29,13.944680678206897,1.5125001405977012,0.4,0.3787798273193935,0.3787798273193935,RAD
1.9554058999821612e+28,383069379.633735,83.02596338921984,13461654.647162616,1.49460235589623e+17,2.7290687812437707e+29,13.94446139945779,1.512505641456455,0.4,0.3787789747072006,0.3787789747072006,RAD
1.9766904971592327e+28,384454597.8337885,83.02560993067242,13461619.687920924,1.4945921087503376e+17,2.7587487729628972e+29,13.944242918162669,1.512511122412854,0.4,0.37877812518541115,0.37877812518541115,RAD
1.9979750943363043e+28,385829911.0622606,83.02525773833666,13461584.853983408,1.4945818983537728e+17,2.788428300491911e+29,13.944025222904106,1.512516583752214,0.4,0.3787772787097434,0.3787772787097434,RAD
2.019259691513376e+28,387195494.56695664,83.02490679425772,13461550.14357349,1.4945717241855728e+17,2.8181073654919613e+29,13.943808302547945,1.512522025752772,0.4,0.37877643523701426,0.37877643523701426,RAD
2.0405442886904474e+28,388551518.6867034,83.02455708092151,13461515.554958219,1.494561585737565e+17,2.84778596960079e+29,13.94359214623328,1.5125274486859306,0.4,0.37877559472510014,0.37877559472510014,RAD
2.061828885867519e+28,389898149.03846025,83.02420858123955,13461481.086446742,1.494551482513924e+17,2.877464114433305e+29,13.943376743363075,1.5125328528164823,0.4,0.3787747571328973,0.3787747571328973,RAD
2.0831134830445905e+28,391235546.69544643,83.02386127853431,13461446.736388868,1.494541414030746e+17,2.9071418015821314e+29,13.943162083594972,1.512538238402878,0.4,0.378773922420297,0.378773922420297,RAD
2.104398080221662e+28,392563868.356803,83.02351515652519,13461412.503173683,1.4945313798156448e+17,2.9368190326181444e+29,13.942948156832786,1.5125436056973982,0.4,0.3787730905481405,0.3787730905481405,RAD
2.1256826773987336e+28,393883266.5092731,83.02317019931522,13461378.385228228,1.494521379407364e+17,2.966495809090985e+29,13.942734953218094,1.5125489549463766,0.4,0.3787722614781912,0.3787722614781912,RAD
2.1513370064176592e+28,395461888.2701104,83.02275594835045,13461337.41387951,1.4945093702045174e+17,3.002264631452549e+29,13.942478926285485,1.5125553787554693,0.4,0.37877126587126647,0.37877126587126647,RAD
2.176991335436585e+28,397028014.2057418,83.02234334051367,13461296.60513712,1.494497408691786e+17,3.0380327983062155e+29,13.942223919496913,1.5125617771087334,0.4,0.37877027421731296,0.37877027421731296,RAD
2.2026456644555106e+28,398581888.7903614,83.02193235003575,13461255.95645127,1.4944854941214646e+17,3.0738003122485026e+29,13.941969916871475,1.512568150405502,0.4,0.3787692864543552,0.3787692864543552,RAD
2.2282999934744363e+28,400123748.9340305,83.0215229518466,13461215.465341343,1.4944736257661286e+17,3.1095671758354896e+29,13.941716902861591,1.512574499034255,0.4,0.3787683025220937,0.3787683025220937,RAD
2.253954322493362e+28,401653824.3007924,83.02111512154836,13461175.129393226,1.4944618029178573e+17,3.145333391583907e+29,13.941464862336398,1.5125808233730538,0.4,0.3787673223618449,0.3787673223618449,RAD
2.2796086515122877e+28,403172337.6099533,83.0207088353899,13461134.946256803,1.4944500248874944e+17,3.181098961972186e+29,13.94121378056607,1.5125871237899515,0.4,0.3787663459164853,0.3787663459164853,RAD
2.3052629805312134e+28,404679504.9215981,83.02030407024266,13461094.91364356,1.4944382910039466e+17,3.2168638894414685e+29,13.940963643206775,1.5125934006433415,0.4,0.3787653731303848,0.3787653731303848,RAD
2.330917309550139e+28,406175535.90733224,83.01990080357766,13461055.029324291,1.494426600613514e+17,3.252628176396577e+29,13.940714436286228,1.5125996542823335,0.4,0.3787644039493577,0.3787644039493577,RAD
2.3565716385690648e+28,407660634.1071675,83.0194990134434,13461015.291126944,1.494414953079253e+17,3.288391825206951e+29,13.94046614619033,1.5126058850470734,0.4,0.37876343832060333,0.37876343832060333,RAD
2.3822259675879905e+28,409134997.1734033,83.01909867844499,13460975.696934534,1.4944033477803706e+17,3.32415483820755e+29,13.940218759650044,1.512612093269108,0.4,0.3787624761926668,0.3787624761926668,RAD
2.407880296606916e+28,410598817.1022949,83.01869977772422,13460936.244683184,1.4943917841116432e+17,3.3599172176997226e+29,13.939972263729032,1.5126182792716312,0.4,0.3787615175153744,0.3787615175153744,RAD
2.433534625625842e+28,412052280.45424247,83.01830229094062,13460896.932360228,1.4943802614828672e+17,3.395678965952042e+29,13.939726645811996,1.5126244433698515,0.4,0.3787605622398071,0.3787605622398071,RAD
2.4591889546447675e+28,413495568.5631852,83.01790619825312,13460857.758002428,1.4943687793183306e+17,3.43144008520112e+29,13.939481893593184,1.5126305858712121,0.4,0.3787596103182407,0.3787596103182407,RAD
2.4848432836636932e+28,414928857.73583627,83.0175114803028,13460818.71969425,1.49435733705631e+17,3.4672005776523824e+29,13.939237995065861,1.5126367070756845,0.4,0.3787586617041106,0.3787586617041106,RAD
2.510497612682619e+28,416352319.44135046,83.01711811819636,13460779.815566223,1.4943459341485914e+17,3.502960445480826e+29,13.93899493851192,1.5126428072760476,0.4,0.3787577163519778,0.3787577163519778,RAD
2.5361519417015446e+28,417766120.49197745,83.01672609349029,13460741.043793382,1.4943345700600086e+17,3.538719690831746e+29,13.93875271249214,1.5126488867580883,0.4,0.3787567742174792,0.3787567742174792,RAD
2.5618062707204703e+28,419170423.2152152,83.01633538817556,13460702.402593764,1.494323244268006e+17,3.574478315821437e+29,13.938511305836753,1.5126549458008651,0.4,0.37875583525729856,0.37875583525729856,RAD
2.592728994004911e+28,420850714.300596,83.01586617598515,13460655.997085258,1.4943096427791082e+17,3.6175795400938096e+29,13.938221397276584,1.5126622223538877,0.4,0.3787547076305461,0.3787547076305461,RAD
2.6219168202204297e+28,422424525.84994555,83.01542499677629,13460612.36417373,1.4942968539736563e+17,3.658261780430196e+29,13.937948814668628,1.512669064199354,0.4,0.3787536473781905,0.3787536473781905,RAD
2.6511046464359483e+28,423986705.2477163,83.01498545136856,13460568.892952055,1.494284112591514e+17,3.698943226641671e+29,13.937677246735861,1.512675880735202,0.4,0.3787525910566369,0.3787525910566369,RAD
2.680292472651467e+28,425537465.16502595,83.01454751582023,13460525.581051217,1.4942714179379725e+17,3.7396238816680846e+29,13.937406678628257,1.512682672332427,0.4,0.3787515386083016,0.3787515386083016,RAD
2.7094802988669857e+28,427077012.11917824,83.01411116679695,13460482.426162297,1.4942587693359424e+17,3.780303748406497e+29,13.937137095872371,1.5126894393525907,0.4,0.3787504899770553,0.3787504899770553,RAD
2.7386681250825043e+28,428605546.7158782,83.01367638154987,13460439.426034305,1.4942461661253232e+17,3.820982829712257e+29,13.936868484357706,1.5126961821482081,0.4,0.37874944510818387,0.37874944510818387,RAD
2.767855951298023e+28,430123263.87944233,83.0132431378949,13460396.57847213,1.4942336076623997e+17,3.86166112840004e+29,13.936600830324071,1.5127029010630288,0.4,0.378748403948328,0.378748403948328,RAD
2.7970437775135416e+28,431630353.07171863,83.01281141419288,13460353.88133458,1.4942210933192675e+17,3.9023386472448574e+29,13.93633412034902,1.5127095964323538,0.4,0.3787473664454381,0.3787473664454381,RAD
2.8262316037290603e+28,433126998.50038207,83.01238118933064,13460311.332532512,1.494208622483284e+17,3.943015388983019e+29,13.936068341336377,1.5127162685833415,0.4,0.3787463325487316,0.3787463325487316,RAD
2.855419429944579e+28,434613379.31722486,83.011952442703,13460268.930027034,1.4941961945565434e+17,3.9836913563130745e+29,13.935803480504791,1.5127229178352717,0.4,0.378745302208646,0.378745302208646,RAD
2.8846072561600976e+28,436089669.80701953,83.01152515419531,13460226.671827808,1.4941838089553766e+17,4.024366551896713e+29,13.935539525377228,1.5127295444998352,0.4,0.37874427537680216,0.37874427537680216,RAD
2.9137950823756163e+28,437556039.5674933,83.01109930416716,13460184.555991404,1.4941714651098707e+17,4.065040978359637e+29,13.935276463770624,1.5127361488813513,0.4,0.3787432520059557,0.3787432520059557,RAD
2.948952856138445e+28,439309395.8979877,83.01058823540363,13460134.012299346,1.494156651160741e+17,4.1140337527502645e+29,13.934960766209283,1.5127440749289398,0.4,0.37874202384929,0.37874202384929,RAD
2.9841106299012738e+28,441048877.6225072,83.01007919325815,13460083.66917778,1.49414189604016e+17,4.163025419437406e+29,13.93464632754584,1.5127519695830922,0.4,0.3787408005687345,0.3787408005687345,RAD
3.0192684036641025e+28,442774756.1296775,83.00957214595412,13460033.523482395,1.49412719882605e+17,4.212015982812255e+29,13.934333128068564,1.5127598333361758,0.4,0.37873958208785324,0.37873958208785324,RAD
3.054426177426931e+28,444487294.4131035,83.00906706257682,13459983.57215415,1.4941125586213376e+17,4.26100544719765e+29,13.93402114860003,1.5127676666672365,0.4,0.3787383683322905,0.3787383683322905,RAD
3.08958395118976e+28,446186747.42435116,83.0085639130402,13459933.812216004,1.4940979745529965e+17,4.309993816849914e+29,13.933710370476732,1.5127754700424432,0.4,0.37873715922967577,0.37873715922967577,RAD
3.1247417249525887e+28,447873362.40725327,83.00806266805571,13459884.24076982,1.494083445771136e+17,4.358981095960627e+29,13.933400775529693,1.5127832439156312,0.4,0.37873595470956184,0.37873595470956184,RAD
3.1598994987154174e+28,449547379.21472675,83.00756329910223,13459834.854993403,1.4940689714481354e+17,4.407967288658334e+29,13.93309234606576,1.5127909887287214,0.4,0.3787347547033428,0.3787347547033428,RAD
3.195057272478246e+28,451209030.6091991,83.00706577839786,13459785.65213769,1.4940545507778195e+17,4.456952399010187e+29,13.932785064850153,1.5127987049122154,0.4,0.3787335591441986,0.3787335591441986,RAD
3.230215046241075e+28,452858542.54766285,83.00657007887271,13459736.629524074,1.4940401829746736e+17,4.505936431023523e+29,13.932478915089687,1.5128063928855393,0.4,0.3787323679670121,0.3787323679670121,RAD
3.2653728200039036e+28,454496134.452303,83.00607617414313,13459687.784541858,1.4940258672730954e+17,4.5549193886473914e+29,13.932173880416716,1.5128140530575114,0.4,0.3787311811083228,0.3787311811083228,RAD
3.3005305937667324e+28,456122019.4675739,83.00558403848727,13459639.11464581,1.494011602926681e+17,4.6039012757740226e+29,13.931869944873881,1.5128216858266834,0.4,0.3787299985062587,0.3787299985062587,RAD
3.335688367529561e+28,457736404.70454144,83.00509364682135,13459590.617353851,1.4939973892075446e+17,4.6528820962402444e+29,13.931567092899632,1.512829291581727,0.4,0.3787288201004855,0.3787288201004855,RAD
3.37084614129239e+28,459339491.47324824,83.0046049746776,13459542.290244836,1.49398322540567e+17,4.701861853828848e+29,13.931265309314297,1.5128368707017652,0.4,0.3787276458321486,0.3787276458321486,RAD
3.4060039150552186e+28,460931475.5038069,83.00411799818262,13459494.130956443,1.493969110828289e+17,4.750840552269909e+29,13.930964579306899,1.5128444235567116,0.4,0.3787264756438237,0.3787264756438237,RAD
3.4411616888180473e+28,462512547.1568793,83.00363269403705,13459446.137183148,1.4939550447992893e+17,4.79981819524206e+29,13.93066488842238,1.5128519505075786,0.4,0.3787253094794661,0.3787253094794661,RAD
3.476319462580876e+28,464082891.62415373,83.00314903949615,13459398.3066743,1.4939410266586493e+17,4.8487947863737206e+29,13.930366222549587,1.512859451906791,0.4,0.378724147284366,0.378724147284366,RAD
3.5114772363437048e+28,465642689.1193913,83.00266701235095,13459350.637232266,1.493927055761895e+17,4.897770329244287e+29,13.930068567909718,1.5128669280984635,0.4,0.3787229890051005,0.3787229890051005,RAD
3.5538514110664303e+28,467508879.2520139,83.0020881774299,13459293.39428009,1.4939102791243043e+17,4.956797087395165e+29,13.929711142181302,1.5128759058124888,0.4,0.37872159811015377,0.37872159811015377,RAD
3.596225585789156e+28,469360301.1698293,83.00151163804382,13459236.378523221,1.4938935691277165e+17,5.015822334014281e+29,13.929355142920077,1.5128848479701795,0.4,0.37872021273877027,0.37872021273877027,RAD
3.6385997605118813e+28,471197243.7722857,83.0009373581955,13459179.58639962,1.4938769247275296e+17,5.074846075098634e+29,13.929000547791958,1.512893755129308,0.4,0.37871883280436447,0.37871883280436447,RAD
3.680973935234607e+28,473019987.0211681,83.000365302864,13459123.014443858,1.493860344907471e+17,5.133868316551877e+29,13.928647335068261,1.5129026278324929,0.4,0.37871745822269354,0.37871745822269354,RAD
3.7233481099573323e+28,474828802.3164364,82.99979543796739,13459066.659283409,1.4938438286785126e+17,5.192889064186829e+29,13.928295483602666,1.512911466607828,0.4,0.378716088911779,0.378716088911779,RAD
3.765722284680058e+28,476623952.85217667,82.99922773032712,13459010.517635142,1.493827375077839e+17,5.2519083237278994e+29,13.927944972809064,1.512920271969382,0.4,0.3787147247918082,0.3787147247918082,RAD
3.8080964594027834e+28,478405693.9539289,82.9986621476342,13458954.586301966,1.493810983167866e+17,5.310926100813415e+29,13.92759578264069,1.512929044417766,0.4,0.3787133657850651,0.3787133657850651,RAD
3.850470634125509e+28,480174273.39856166,82.99809865841704,13458898.862169644,1.4937946520353062e+17,5.369942400997863e+29,13.927247893570062,1.5129377844406153,0.4,0.37871201181584696,0.37871201181584696,RAD
3.8928448088482344e+28,481929931.7177777,82.99753723201073,13458843.342203766,1.4937783807902806e+17,5.4289572297540515e+29,13.926901286570038,1.5129464925130496,0.4,0.37871066281038834,0.37871066281038834,RAD
3.93521898357096e+28,483672902.486257,82.99697783852788,13458788.02344685,1.4937621685654694e+17,5.48797059247519e+29,13.926555943095632,1.5129551690981662,0.4,0.37870931869679986,0.37870931869679986,RAD
3.9775931582936855e+28,485403412.59537107,82.99642044883072,13458732.903015591,1.4937460145153043e+17,5.5469824944768974e+29,13.926211845066861,1.5129638146474185,0.4,0.3787079794049882,0.3787079794049882,RAD
4.019967333016411e+28,487121682.5133368,82.99586503450456,13458677.978098227,1.493729917815197e+17,5.605992940999134e+29,13.92586897485211,1.5129724296010705,0.4,0.3787066448666032,0.3787066448666032,RAD
4.0623415077391365e+28,488827926.532617,82.99531156783243,13458623.245952034,1.4937138776608048e+17,5.6650019372080716e+29,13.9255273152525,1.5129810143885773,0.4,0.37870531501497307,0.37870531501497307,RAD
4.104715682461862e+28,490522353.0053189,82.99476002177074,13458568.70390093,1.4936978932673254e+17,5.7240094881978926e+29,13.925186849486929,1.5129895694289444,0.4,0.37870398978504244,0.37870398978504244,RAD
4.1470898571845875e+28,492205164.5672903,82.99421036992635,13458514.349333178,1.4936819638688278e+17,5.78301559899253e+29,13.924847561177467,1.512998095131121,0.4,0.37870266911332556,0.37870266911332556,RAD
4.189464031907313e+28,493876558.3515658,82.99366258653428,13458460.179699207,1.49366608871761e+17,5.842020274547347e+29,13.924509434336054,1.5130065918943,0.4,0.3787013529378428,0.3787013529378428,RAD
4.231838206630039e+28,495536726.19177103,82.99311664643668,13458406.192509513,1.4936502670835843e+17,5.901023519750762e+29,13.924172453350973,1.5130150601082843,0.4,0.37870004119807815,0.37870004119807815,RAD
4.282912042773046e+28,497523081.15495026,82.99246103665348,13458341.360465864,1.493631267292064e+17,5.972138575901431e+29,13.92376778949065,1.513025229492322,0.4,0.37869846596199425,0.37869846596199425,RAD
4.3339858789160536e+28,499493715.9957548,82.99180802714112,13458276.785791656,1.4936123429963862e+17,6.0432515694175015e+29,13.923364742133217,1.5130353586034486,0.4,0.3786968969832887,0.3786968969832887,RAD
4.385059715059061e+28,501448938.27508205,82.99115757711802,13458212.464451324,1.493593493013049e+17,6.114362508490148e+29,13.922963285970821,1.5130454480735305,0.4,0.3786953341638613,0.3786953341638613,RAD
4.4361335512020685e+28,503389046.0376161,82.99050964690892,13458148.392518762,1.493574716190651e+17,6.1854714011830506e+29,13.922563396381753,1.5130554985172864,0.4,0.3786937774082714,0.3786937774082714,RAD
4.487207387345076e+28,505314328.21204466,82.98986419790236,13458084.56617314,1.4935560114086605e+17,6.256578255435835e+29,13.922165049404228,1.513065510532952,0.4,0.37869222662363716,0.37869222662363716,RAD
4.5382812234880835e+28,507225064.9900976,82.98922119251051,13458020.981694907,1.493537377576248e+17,6.327683079067374e+29,13.921768221711242,1.5130754847029075,0.4,0.3786906817195407,0.3786906817195407,RAD
4.589355059631091e+28,509121528.1857507,82.9885805941308,13457957.635462007,1.4935188136311728e+17,6.398785879778974e+29,13.921372890587124,1.513085421594248,0.4,0.37868914260792935,0.37868914260792935,RAD
4.6404288957740985e+28,511003981.5758431,82.98794236710944,13457894.523946261,1.493500318538725e+17,6.469886665157433e+29,13.920979033904501,1.5130953217593863,0.4,0.3786876092030373,0.3786876092030373,RAD
4.691502731917106e+28,512872681.2232611,82.98730647670668,13457831.643709939,1.4934818912907174e+17,6.540985442677994e+29,13.9205866301031,1.5131051857365623,0.4,0.37868608142129445,0.37868608142129445,RAD
4.7425765680601135e+28,514727875.7837622,82.9866728890637,13457768.991402471,1.4934635309045238e+17,6.612082219707188e+29,13.920195658169012,1.5131150140503733,0.4,0.3786845591812521,0.3786845591812521,RAD
4.793650404203121e+28,516569806.7974328,82.98604157117094,13457706.563757336,1.4934452364221642e+17,6.683177003505571e+29,13.91980609761516,1.513124807212249,0.4,0.3786830424035025,0.3786830424035025,RAD
4.8447242403461284e+28,518398708.96570456,82.98541249083819,13457644.357589073,1.4934270069094307e+17,6.754269801230373e+29,13.919417928462739,1.5131345657209163,0.4,0.3786815310106059,0.3786815310106059,RAD
4.895798076489136e+28,520214810.41478974,82.98478561666563,13457582.369790444,1.4934088414550534e+17,6.825360619938041e+29,13.919031131223157,1.5131442900628773,0.4,0.3786800249270307,0.3786800249270307,RAD
4.946871912632143e+28,522018332.9463344,82.98416091801661,13457520.597329712,1.4933907391699043e+17,6.896449466586705e+29,13.918645686881273,1.5131539807127903,0.4,0.3786785240790751,0.3786785240790751,RAD
4.997945748775151e+28,523809492.2760361,82.98353836499126,13457459.03724805,1.4933726991862365e+17,6.967536348038549e+29,13.918261576878974,1.5131636381339006,0.4,0.3786770283948111,0.3786770283948111,RAD
5.049019584918158e+28,525588498.2609197,82.98291792840142,13457397.686657067,1.493354720656957e+17,7.038621271062107e+29,13.917878783099686,1.5131732627784298,0.4,0.37867553780402374,0.37867553780402374,RAD
5.100093421061166e+28,527355555.11592025,82.98229957974685,13457336.542736428,1.493336802754932e+17,7.109704242334482e+29,13.917497287853475,1.51318285508794,0.4,0.37867405223815204,0.37867405223815204,RAD
5.161656145320371e+28,529469907.25755376,82.98155697826466,13457263.112649519,1.493315284540606e+17,7.195382735959533e+29,13.91703914743976,1.5131943749766916,0.4,0.37867226816967975,0.37867226816967975,RAD
5.219764958461492e+28,531450277.77599293,82.98085874285213,13457194.069853008,1.493295052076749e+17,7.276251746369659e+29,13.916608391785728,1.513205206691428,0.4,0.37867059070019776,0.37867059070019776,RAD
5.277873771602614e+28,533416014.61143494,82.98016309295176,13457125.282981442,1.4932748946899888e+17,7.357118258393664e+29,13.916179244260999,1.5132159983661235,0.4,0.37866891945323566,0.37866891945323566,RAD
5.335982584743735e+28,535367385.31720287,82.97946999067383,13457056.7482853,1.4932548112806746e+17,7.43798228130757e+29,13.915751681346219,1.5132267505878152,0.4,0.37866725433764686,0.37866725433764686,RAD
5.394091397884857e+28,537304649.704601,82.97877939908975,13456988.462110162,1.4932348007770454e+17,7.518843824252473e+29,13.915325680118562,1.5132374639286243,0.4,0.37866559526459,0.37866559526459,RAD
5.452200211025979e+28,539228060.1476477,82.97809128219758,13456920.420893304,1.4932148621342307e+17,7.599702896237945e+29,13.914901218229756,1.513248138946337,0.4,0.3786639421474587,0.3786639421474587,RAD
5.5103090241671e+28,541137861.872704,82.97740560488917,13456852.621160442,1.4931949943332954e+17,7.680559506145319e+29,13.914478273886226,1.513258776184875,0.4,0.378662294901793,0.378662294901793,RAD
5.568417837308222e+28,543034293.2338984,82.97672233291878,13456785.059522633,1.4931751963803302e+17,7.76141366273085e+29,13.914056825829357,1.513269376174795,0.4,0.3786606534452061,0.3786606534452061,RAD
5.626526650449343e+28,544917585.9751841,82.97604143287316,13456717.732673304,1.4931554673055837e+17,7.842265374628773e+29,13.913636853317053,1.5132799394337704,0.4,0.3786590176973185,0.3786590176973185,RAD
5.684635463590465e+28,546787965.4798087,82.97536287214288,13456650.637385434,1.4931358061626307e+17,7.923114650354245e+29,13.913218336105817,1.5132904664669966,0.4,0.3786573875796778,0.3786573875796778,RAD
5.742744276731587e+28,548645651.0079231,82.9746866188951,13456583.770508831,1.4931162120275798e+17,8.003961498306206e+29,13.912801254434083,1.5133009577676646,0.4,0.378655763015707,0.378655763015707,RAD
5.800853089872708e+28,550490855.9230074,82.97401264204728,13456517.12896756,1.4930966839983136e+17,8.084805926770118e+29,13.91238558900564,1.5133114138173087,0.4,0.37865414393062613,0.37865414393062613,RAD
5.870847486853941e+28,552697202.5614932,82.97320378932965,13456437.151485728,1.4930732482259635e+17,8.182183083811988e+29,13.911886757008805,1.5133239624110915,0.4,0.37865220084870954,0.37865220084870954,RAD
5.940841883835174e+28,554886094.3557687,82.97239814376357,13456357.491474656,1.493049905589614e+17,8.279556756311284e+29,13.911389920441358,1.5133364613414628,0.4,0.378650265485944,0.378650265485944,RAD
6.010836280816407e+28,557057872.7313204,82.97159565505976,13456278.143957665,1.4930266546296854e+17,8.376926958125126e+29,13.910895048081995,1.5133489113875134,0.4,0.3786483377213428,0.3786483377213428,RAD
6.08083067779764e+28,559212868.5519117,82.97079627429272,13456199.10409304,1.4930034939261763e+17,8.47429370289508e+29,13.910402109555656,1.5133613133072288,0.4,0.3786464174372056,0.3786464174372056,RAD
6.150825074778873e+28,561351402.5636752,82.9699999538488,13456120.36716885,1.4929804220971485e+17,8.571657004052974e+29,13.909911075301135,1.5133736678382492,0.4,0.37864450451898296,0.37864450451898296,RAD
6.220819471760106e+28,563473785.8157092,82.96920664737611,13456041.928598046,1.4929574377972845e+17,8.669016874826478e+29,13.909421916540103,1.513385975698667,0.4,0.3786425988551613,0.3786425988551613,RAD
6.290813868741339e+28,565580320.0586705,82.96841630973759,13455963.783913784,1.4929345397165184e+17,8.766373328244488e+29,13.908934605248007,1.5133982375877684,0.4,0.3786407003371538,0.3786407003371538,RAD
6.360808265722572e+28,567671298.1227449,82.96762889696599,13455885.928764967,1.4929117265787296e+17,8.863726377142295e+29,13.908449114126162,1.513410454186696,0.4,0.3786388088591818,0.3786388088591818,RAD
6.430802662703805e+28,569747004.2762787,82.96684436622087,13455808.358912015,1.4928889971405002e+17,8.961076034166583e+29,13.907965416574994,1.5134226261591361,0.4,0.3786369243181794,0.3786369243181794,RAD
6.5007970596850376e+28,571807714.5662578,82.966062675748,13455731.070222821,1.492866350189931e+17,9.058422311780222e+29,13.907483486668959,1.5134347541519502,0.4,0.3786350466136939,0.3786350466136939,RAD
6.5707914566662705e+28,573853697.1417392,82.96528378484032,13455654.058668904,1.492843784545512e+17,9.155765222266907e+29,13.907003299132185,1.5134468387957765,0.4,0.3786331756477924,0.3786331756477924,RAD
6.640785853647503e+28,575885212.5612605,82.96450765380085,13455577.320321737,1.4928212990550454e+17,9.253104777735624e+29,13.90652482931568,1.513458880705586,0.4,0.37863131132496686,0.37863131132496686,RAD
6.710780250628736e+28,577902514.0851796,82.96373424390727,13455500.851349235,1.492798892594618e+17,9.350440990124956e+29,13.906048053175171,1.513470880481274,0.4,0.37862945355206096,0.37862945355206096,RAD
6.780774647609969e+28,579905847.953835,82.96296351737809,13455424.648012413,1.4927765640676186e+17,9.447773871207246e+29,13.90557294725016,1.5134828387081363,0.4,0.3786276022381756,0.3786276022381756,RAD
6.850769044591202e+28,581895453.6523505,82.96219543734026,13455348.70666219,1.492754312403801e+17,9.545103432592613e+29,13.90509948864395,1.5134947559574063,0.4,0.3786257572946005,0.3786257572946005,RAD
6.920763441572435e+28,583871564.1628562,82.96142996779844,13455273.023736322,1.4927321365583872e+17,9.642429685732827e+29,13.904627655004411,1.5135066327867166,0.4,0.3786239186347357,0.3786239186347357,RAD
6.990757838553668e+28,585834406.2048454,82.96066707360526,13455197.595756495,1.4927100355112102e+17,9.739752641925058e+29,13.904157424505671,1.5135184697405548,0.4,0.3786220861740201,0.3786220861740201,RAD
7.075119667143048e+28,588182831.5007559,82.95975095745509,13455107.019014698,1.4926834958737565e+17,9.857048273100135e+29,13.903592772216697,1.513532684173161,0.4,0.3786198856937527,0.3786198856937527,RAD
7.159481495732428e+28,590512677.6266054,82.95883847402345,13455016.801896326,1.4926570617466947e+17,9.974339150329725e+29,13.903030381437777,1.5135468423593514,0.4,0.37861769395797135,0.37861769395797135,RAD
7.243843324321807e+28,592824308.0412835,82.9579295663411,13454926.938763427,1.4926307314764403e+17,1.0091625292542421e+30,13.90247021678997,1.5135609451816807,0.4,0.37861551082961653,0.37861551082961653,RAD
7.328205152911187e+28,595118074.9591185,82.95702417898377,13454837.424130954,1.4926045034542512e+17,1.0208906718372423e+30,13.901912243853305,1.5135749934987373,0.4,0.37861333617533904,0.37861333617533904,RAD
7.412566981500567e+28,597394319.8227329,82.95612225801341,13454748.252660913,1.4925783761145117e+17,1.0326183446167475e+30,13.901356429129972,1.5135889881461033,0.4,0.3786111698653694,0.3786111698653694,RAD
7.4969288100899464e+28,599653373.7508798,82.95522375092168,13454659.419156795,1.492552347933099e+17,1.0443455493996493e+30,13.900802740009441,1.513602929937196,0.4,0.3786090117733745,0.3786090117733745,RAD
7.581290638679326e+28,601895557.9628457,82.95432860657647,13454570.918558277,1.492526417425829e+17,1.0560722879656913e+30,13.90025114473541,1.513616819664118,0.4,0.37860686177633374,0.37860686177633374,RAD
7.665652467268706e+28,604121184.1808965,82.95343677517094,13454482.74593618,1.4925005831469792e+17,1.0677985620681754e+30,13.899701612373914,1.513630658098441,0.4,0.37860471975441484,0.37860471975441484,RAD
7.750014295858086e+28,606330555.0121273,82.95254820817502,13454394.896487666,1.492474843687879e+17,1.0795243734346439e+30,13.899154112783359,1.5136444459919365,0.4,0.37860258559085236,0.37860258559085236,RAD
7.834376124447465e+28,608523964.3109837,82.95166285828907,13454307.365531666,1.4924491976755683e+17,1.091249723767535e+30,13.898608616585909,1.5136581840773367,0.4,0.37860045917184726,0.37860045917184726,RAD
7.918737953036845e+28,610701697.5236301,82.95078067939994,13454220.148504512,1.492423643771518e+17,1.1029746147448154e+30,13.898065095140018,1.5136718730689709,0.4,0.3785983403864493,0.3785983403864493,RAD
8.003099781626224e+28,612864032.015257,82.94990162653879,13454133.240955776,1.4923981806704096e+17,1.114699048020591e+30,13.897523520514373,1.5136855136634604,0.4,0.37859622912646634,0.37859622912646634,RAD
8.087461610215604e+28,615011237.3813415,82.94902565584091,13454046.6385443,1.4923728070989696e+17,1.126423025225695e+30,13.89698386546287,1.5136991065402947,0.4,0.3785941252863565,0.3785941252863565,RAD
8.171823438804983e+28,617143575.743808,82.94815272450761,13453960.337034404,1.4923475218148586e+17,1.1381465479682563e+30,13.89644610340123,1.5137126523624729,0.4,0.3785920287631479,0.3785920287631479,RAD
8.256185267394363e+28,619261302.0329701,82.9472827907693,13453874.332292257,1.492322323605607e+17,1.1498696178342472e+30,13.895910208383691,1.5137261517770222,0.4,0.3785899394563384,0.3785899394563384,RAD
8.340547095983743e+28,621364664.2560705,82.94641581385079,13453788.620282419,1.4922972112876013e+17,1.1615922363880139e+30,13.895376155081799,1.513739605415587,0.4,0.37858785726782296,0.37858785726782296,RAD
8.424908924573122e+28,623453903.7531899,82.94555175393751,13453703.197064528,1.4922721837051107e+17,1.173314405172788e+30,13.894843918763323,1.5137530138949142,0.4,0.3785857821018048,0.3785857821018048,RAD
8.526591469369645e+28,625953657.9849987,82.94451411158802,13453600.613572016,1.4922421286108912e+17,1.187442710903308e+30,13.8942047871506,1.5137691161664983,0.4,0.378583290074424,0.378583290074424,RAD
8.628274014166167e+28,628433635.345612,82.9434805842089,13453498.43747768,1.4922121930541805e+17,1.2015703680552471e+30,13.893568218933357,1.5137851547338226,0.4,0.3785808079537285,0.3785808079537285,RAD
8.72995655896269e+28,630894222.7758234,82.94245110725858,13453396.662393916,1.492182375161444e+17,1.2156973792146526e+30,13.892934174016837,1.5138011305966779,0.4,0.3785783355844298,0.3785783355844298,RAD
8.831639103759212e+28,633335795.2438139,82.94142561794635,13453295.282106385,1.4921526731099603e+17,1.2298237469273582e+30,13.892302613393081,1.5138170447276975,0.4,0.37857587281544336,0.37857587281544336,RAD
8.933321648555735e+28,635758716.2486898,82.94040405516535,13453194.290567366,1.4921230851258765e+17,1.2439494737000685e+30,13.89167349909933,1.5138328980734608,0.4,0.37857341949974366,0.37857341949974366,RAD
9.035004193352257e+28,638163338.2973721,82.93938635942865,13453093.681889461,1.4920936094823552e+17,1.2580745620014011e+30,13.891046794178333,1.5138486915554166,0.4,0.37857097549419405,0.37857097549419405,RAD
9.13668673814878e+28,640550003.3565322,82.93837247280865,13452993.45033958,1.4920642444978163e+17,1.2721990142628895e+30,13.890422462640922,1.5138644260708742,0.4,0.3785685406594144,0.3785685406594144,RAD
9.238369282945302e+28,642919043.2811407,82.93736233887944,13452893.590333229,1.4920349885342595e+17,1.2863228328799497e+30,13.889800469430057,1.513880102493885,0.4,0.3785661148596379,0.3785661148596379,RAD
9.340051827741825e+28,645270780.2210824,82.93635590266165,13452794.096429069,1.4920058399956698e+17,1.30044602021281e+30,13.889180780386605,1.5138957216760627,0.4,0.3785636979625722,0.3785636979625722,RAD
9.441734372538347e+28,647605527.0071877,82.93535311057008,13452694.963323733,1.491976797326495e+17,1.3145685785874075e+30,13.888563362216988,1.5139112844474396,0.4,0.37856128983928283,0.37856128983928283,RAD
9.54341691733487e+28,649923587.5179296,82.9343539103638,13452596.185846878,1.491947859010198e+17,1.3286905102962528e+30,13.887948182462143,1.5139267916172257,0.4,0.37855889036407053,0.37855889036407053,RAD
9.645099462131392e+28,652225257.0279517,82.93335825109845,13452497.758956471,1.4919190235678717e+17,1.3428118175992622e+30,13.887335209467881,1.513942243974539,0.4,0.3785564994143539,0.3785564994143539,RAD
9.746782006927914e+28,654510822.5395088,82.93236608308075,13452399.677734286,1.4918902895569194e+17,1.356932502724563e+30,13.886724412356694,1.5139576422891001,0.4,0.3785541168705573,0.3785541168705573,RAD
9.848464551724437e+28,656780563.0978247,82.9313773578251,13452301.937381605,1.4918616555697955e+17,1.3710525678692687e+30,13.8861157610008,1.5139729873119459,0.4,0.37855174261601754,0.37855174261601754,RAD
9.95014709652096e+28,659034750.0913078,82.93039202801198,13452204.533215119,1.4918331202327997e+17,1.3851720152002284e+30,13.885509225996502,1.5139882797760253,0.4,0.3785493765368708,0.3785493765368708,RAD
1.0051829641317482e+29,661273647.5374964,82.92941004744841,13452107.460662993,1.4918046822049274e+17,1.3992908468547502e+30,13.884904778639346,1.5140035203968503,0.4,0.3785470185219677,0.3785470185219677,RAD
1.0153512186114004e+29,663497512.3555509,82.92843137103004,13452010.715261122,1.4917763401767683e+17,1.4134090649413005e+30,13.884302390900753,1.514018709873056,0.4,0.37854466846277424,0.37854466846277424,RAD
1.0276078007026439e+29,666158482.2631528,82.9272560260287,13451894.529208917,1.491742303126833e+17,1.4304260305214147e+30,13.883578985179618,1.5140369519100276,0.4,0.37854184617902936,0.37854184617902936,RAD
1.0391767469596026e+29,668650841.0637786,82.92615089973982,13451785.28515414,1.4917102999644778e+17,1.4464874747541509e+30,13.882898831798968,1.5140541042913134,0.4,0.3785391925354145,0.3785391925354145,RAD
1.0507456932165613e+29,671124789.6300988,82.92504986506894,13451676.446226126,1.4916784156856573e+17,1.4625481336002608e+30,13.882221229255826,1.5140711933406632,0.4,0.3785365487438664,0.3785365487438664,RAD
1.06231463947352e+29,673580664.574064,82.92395286205065,13451568.006489862,1.4916466485494944e+17,1.478608009989145e+30,13.881546140283186,1.5140882199868873,0.4,0.3785339146600906,0.3785339146600906,RAD
1.0738835857304786e+29,676018792.7670087,82.92285983224068,13451459.960160874,1.4916149968592624e+17,1.4946671068076397e+30,13.880873528558643,1.514105185135242,0.4,0.3785312901434549,0.3785312901434549,RAD
1.0854525319874373e+29,678439491.7230613,82.92177071866136,13451352.301599825,1.4915834589608026e+17,1.5107254269010898e+30,13.88020335867039,1.5141220896682364,0.4,0.3785286750568488,0.3785286750568488,RAD
1.097021478244396e+29,680843069.9635516,82.92068546574961,13451245.02530737,1.4915520332410138e+17,1.5267829730743837e+30,13.879535596085013,1.5141389344464926,0.4,0.378526069266572,0.378526069266572,RAD
1.1085904245013547e+29,683229827.3635447,82.91960401930733,13451138.125919247,1.4915207181264128e+17,1.5428397480929513e+30,13.878870207116579,1.5141557203094653,0.4,0.37852347264220276,0.37852347264220276,RAD
1.1201593707583134e+29,685600055.4815565,82.91852632645393,13451031.598201578,1.491489512081758e+17,1.5588957546837276e+30,13.878207158897297,1.514172448076215,0.4,0.37852088505649345,0.37852088505649345,RAD
1.1317283170152721e+29,687954037.8734317,82.91745233558115,13450925.437046396,1.4914584136087357e+17,1.5749509955360825e+30,13.877546419349429,1.5141891185460719,0.4,0.3785183063852521,0.3785183063852521,RAD
1.1432972632722308e+29,690292050.3912976,82.9163819963096,13450819.637467355,1.4914274212447034e+17,1.5910054733027193e+30,13.876887957158342,1.514205732499355,0.4,0.37851573650725034,0.37851573650725034,RAD
1.1548662095291895e+29,692614361.4684477,82.91531525944758,13450714.19459564,1.4913965335614886e+17,1.6070591906005429e+30,13.876231741746883,1.5142222906979537,0.4,0.3785131753041096,0.3785131753041096,RAD
1.168801553542294e+29,695391217.8406023,82.91403503935356,13450587.650538532,1.4913594648963824e+17,1.6263956478172936e+30,13.87544424002196,1.5142421628592015,0.4,0.37851010156774817,0.37851010156774817,RAD
1.1827368975553984e+29,698146114.6193757,82.91275989463618,13450461.609047031,1.491322543718254e+17,1.6457310098349265e+30,13.87465990406268,1.5142619564703057,0.4,0.37850704005351254,0.37850704005351254,RAD
1.1966722415685029e+29,700879481.3598943,82.91148974570552,13450336.062243545,1.4912857677163427e+17,1.6650652810304129e+30,13.873878684392878,1.5142816727639585,0.4,0.3785039905698713,0.3785039905698713,RAD
1.2106075855816073e+29,703591734.3289098,82.91022451513028,13450211.002464116,1.4912491346425437e+17,1.6843984657127175e+30,13.873100532876922,1.5143013129394423,0.4,0.378500952930493,0.378500952930493,RAD
1.2245429295947118e+29,706283277.0635588,82.90896412755515,13450086.422250224,1.491212642309009e+17,1.70373056812463e+30,13.87232540266839,1.514320878163858,0.4,0.37849792695403606,0.37849792695403606,RAD
1.2384782736078162e+29,708954500.9005575,82.90770850962214,13449962.314341025,1.491176288585866e+17,1.7230615924445287e+30,13.871553248161323,1.5143403695733795,0.4,0.3784949124639677,0.3784949124639677,RAD
1.2524136176209207e+29,711605785.4777105,82.90645758989588,13449838.67166594,1.4911400713990474e+17,1.742391542788075e+30,13.870784024943855,1.514359788274377,0.4,0.37849190928837584,0.37849190928837584,RAD
1.2663489616340251e+29,714237499.209473,82.90521129879234,13449715.487337613,1.4911039887282253e+17,1.7617204232098467e+30,13.870017689753828,1.5143791353445593,0.4,0.3784889172598071,0.3784889172598071,RAD
1.2802843056471296e+29,716849999.7381788,82.9039695685111,13449592.754645204,1.4910680386048432e+17,1.781048237704912e+30,13.86925420043696,1.514398411834002,0.4,0.37848593621509885,0.37848593621509885,RAD
1.294219649660234e+29,719443634.3624288,82.90273233297073,13449470.467047995,1.4910322191102416e+17,1.8003749902103429e+30,13.868493515906524,1.5144176187661478,0.4,0.3784829659952231,0.3784829659952231,RAD
1.3081549936733385e+29,722018740.4440295,82.9014995277472,13449348.618169295,1.49099652837387e+17,1.8197006846066783e+30,13.867735596105295,1.51443675713876,0.4,0.3784800064451385,0.3784800064451385,RAD
1.322090337686443e+29,724575645.7947725,82.90027109001512,13449227.201790627,1.4909609645715824e+17,1.839025324719331e+30,13.866980401968963,1.5144558279248503,0.4,0.3784770574136536,0.3784770574136536,RAD
1.3360256816995474e+29,727114669.0442531,82.89904695849171,13449106.211846177,1.490925525924009e+17,1.8583489143199487e+30,13.866227895391356,1.514474832073522,0.4,0.37847411875328474,0.37847411875328474,RAD
1.3499610257126519e+29,729636119.9898465,82.89782707338316,13448985.642417494,1.4908902106950026e+17,1.8776714571277247e+30,13.86547803919115,1.5144937705108246,0.4,0.3784711903201344,0.3784711903201344,RAD
1.3638963697257563e+29,732140299.9298812,82.89661137633357,13448865.487728434,1.4908550171901542e+17,1.8969929568106646e+30,13.864730797080261,1.5145126441405155,0.4,0.37846827197375976,0.37846827197375976,RAD
1.3778317137388608e+29,734627501.9809793,82.89539981037605,13448745.742140314,1.4908199437553738e+17,1.9163134169868103e+30,13.863986133633334,1.5145314538448533,0.4,0.37846536357706484,0.37846536357706484,RAD
1.3917670577519653e+29,737098011.3804681,82.89419231988589,13448626.40014729,1.490784988775533e+17,1.935632841225421e+30,13.863244014258752,1.5145502004852938,0.4,0.3784624649961797,0.3784624649961797,RAD
1.4085630192047141e+29,740053871.0301989,82.89274229753725,13448483.08863258,1.490743013500408e+17,1.9589167435597613e+30,13.86235288733688,1.514572712777948,0.4,0.37845898426049507,0.37845898426049507,RAD
1.425358980657463e+29,742986356.3472842,82.89129802403907,13448340.34643694,1.4907012053226627e+17,1.9821991521828083e+30,13.86146534948246,1.5145951361149383,0.4,0.3784555173713022,0.3784555173713022,RAD
1.4421549421102119e+29,745895924.6145682,82.88985940922831,13448198.164635753,1.490659561624249e+17,2.0054800730754375e+30,13.860581344620517,1.5146174718925864,0.4,0.3784520641116051,0.3784520641116051,RAD
1.4589509035629608e+29,748783018.9671196,82.88842636538762,13448056.53454645,1.4906180798581126e+17,2.0287595121256248e+30,13.85970081819544,1.5146397214693468,0.4,0.3784486242702964,0.3784486242702964,RAD
1.4757468650157097e+29,751648068.9871951,82.88699880715166,13447915.447719235,1.490576757545476e+17,2.0520374751309503e+30,13.858823717112648,1.5146618861672203,0.4,0.3784451976419236,0.3784451976419236,RAD
1.4925428264684585e+29,754491491.2677207,82.88557665141805,13447774.895928277,1.4905355922732502e+17,2.0753139678010048e+30,13.857949989683629,1.5146839672731702,0.4,0.3784417840264822,0.3784417840264822,RAD
1.5093387879212074e+29,757313689.9462883,82.88415981726254,13447634.871163322,1.4904945816915786e+17,2.0985889957597066e+30,13.857079585572935,1.5147059660404216,0.4,0.37843838322920975,0.37843838322920975,RAD
1.5261347493739563e+29,760115057.2115233,82.88274822585858,13447495.365621706,1.4904537235114934e+17,2.121862564547532e+30,13.856212455748432,1.5147278836896856,0.4,0.37843499506038525,0.37843499506038525,RAD
1.5429307108267052e+29,762895973.7835373,82.88134180040021,13447356.371700766,1.4904130155026883e+17,2.1451346796236648e+30,13.85534855243331,1.514749721410404,0.4,0.37843161933515773,0.37843161933515773,RAD
1.559726672279454e+29,765656809.3700612,82.87994046602905,13447217.88199058,1.490372455491392e+17,2.1684053463680643e+30,13.854487829061013,1.5147714803618206,0.4,0.37842825587335427,0.37842825587335427,RAD
1.576522633732203e+29,768397923.0997355,82.87854414976452,13447079.889267072,1.4903320413583434e+17,2.1916745700834632e+30,13.8536302402314,1.5147931616741173,0.4,0.37842490449932686,0.37842490449932686,RAD
1.5933185951849518e+29,771119663.9339337,82.8771527804372,13446942.38648542,1.4902917710368598e+17,2.214942355997291e+30,13.852775741669914,1.5148147664493974,0.4,0.3784215650417793,0.3784215650417793,RAD
1.6101145566377005e+29,773822371.058396,82.87576628862521,13446805.366773767,1.490251642510992e+17,2.2382087092635301e+30,13.851924290187767,1.514836295762727,0.4,0.3784182373336286,0.3784182373336286,RAD
1.6269105180904492e+29,776506374.2558622,82.8743846065938,13446668.82342722,1.4902116538137635e+17,2.2614736349645104e+30,13.851075843644432,1.5148577506630065,0.4,0.3784149212118426,0.3784149212118426,RAD
1.643706479543198e+29,779171994.2608135,82.87300766823704,13446532.749902114,1.4901718030254886e+17,2.2847371381126368e+30,13.850230360911608,1.5148791321739217,0.4,0.3784116165173131,0.3784116165173131,RAD
1.6605024409959466e+29,781819543.097353,82.87163540902283,13446397.139810525,1.4901320882721645e+17,2.307999223652061e+30,13.849387801838862,1.5149004412947864,0.4,0.3784083230947193,0.3784083230947193,RAD
1.6772984024486953e+29,784449324.4011912,82.8702677659396,13446261.986915033,1.4900925077239334e+17,2.3312598964602965e+30,13.848548127220607,1.5149216790013467,0.4,0.3784050407923958,0.3784050407923958,RAD
1.6975430550934526e+29,787595879.7920562,82.86862535450841,13446099.682271631,1.4900449759907795e+17,2.3592947797765386e+30,13.847539822730155,1.5149471838532478,0.4,0.3784010991090996,0.3784010991090996,RAD
1.7177877077382098e+29,790717553.7366215,82.86698945510875,13445938.022610769,1.4899976335887165e+17,2.387327625945666e+30,13.846535587887212,1.5149725879629712,0.4,0.37839717311370663,0.37839717311370663,RAD
1.738032360382967e+29,793814833.0696375,82.8653599655922,13445776.997820798,1.489950477551275e+17,2.4153584431419022e+30,13.845535359129288,1.514997892912284,0.4,0.37839326256034866,0.37839326256034866,RAD
1.7582770130277242e+29,796888189.5617214,82.86373678658151,13445616.598064346,1.4899035049924362e+17,2.4433872394125458e+30,13.84453907461595,1.5150231002400285,0.4,0.3783893672098258,0.3783893672098258,RAD
1.7785216656724815e+29,799938080.5529424,82.86211982136443,13445456.813767808,1.4898567131035514e+17,2.4714140226813884e+30,13.843546674163095,1.5150482114437758,0.4,0.3783854868293527,0.3783854868293527,RAD
1.7987663183172387e+29,802964949.5528753,82.8605089757928,13445297.635611357,1.4898100991504112e+17,2.4994388007520047e+30,13.842558099180106,1.515073227981373,0.4,0.3783816211923116,0.3783816211923116,RAD
1.819010970961996e+29,805969226.8092542,82.85890415818659,13445139.054519445,1.4897636604704586e+17,2.527461581310917e+30,13.841573292610434,1.5150981512724455,0.4,0.37837777007802575,0.37837777007802575,RAD
1.839255623606753e+29,808951329.8471975,82.85730527924238,13444981.061651751,1.489717394470136e+17,2.555482371930643e+30,13.840592198874601,1.5151229826998036,0.4,0.378373933271536,0.378373933271536,RAD
1.8595002762515104e+29,811911663.9808352,82.8557122519464,13444823.648394572,1.4896712986223584e+17,2.5835011800726315e+30,13.839614763816186,1.5151477236108053,0.4,0.3783701105633963,0.3783701105633963,RAD
1.8797449288962676e+29,814850622.7990329,82.85412499149155,13444666.80635261,1.4896253704641056e+17,2.6115180130900905e+30,13.838640934650405,1.5151723753186175,0.4,0.378366301749467,0.378366301749467,RAD
1.899989581541025e+29,817768588.6267904,82.85254341519828,13444510.527341146,1.4895796075941264e+17,2.6395328782307127e+30,13.83767065991491,1.5151969391034454,0.4,0.3783625066307263,0.3783625066307263,RAD
1.920234234185782e+29,820665932.9637765,82.85096744243918,13444354.803378578,1.489534007670749e+17,2.6675457826393076e+30,13.83670388942293,1.515221416213741,0.4,0.3783587250130981,0.3783587250130981,RAD
1.9404788868305393e+29,823543016.9013621,82.84939699456706,13444199.626679288,1.4894885684097914e+17,2.6955567333603354e+30,13.835740574218537,1.51524580786725,0.4,0.3783549567072629,0.3783549567072629,RAD
1.9607235394752965e+29,826400191.5194182,82.84783199484605,13444044.989646845,1.4894432875825648e+17,2.723565737340356e+30,13.834780666534021,1.515270115252141,0.4,0.378351201528507,0.378351201528507,RAD
1.9809681921200538e+29,829237798.26406,82.84627236838601,13443890.884867499,1.489398163013968e+17,2.7515728014303953e+30,13.833824119748996,1.5152943395279865,0.4,0.37834745929655633,0.37834745929655633,RAD
2.001212844764811e+29,832056169.307434,82.8447180420798,13443737.305103974,1.4893531925806653e+17,2.779577932388224e+30,13.832870888351424,1.515318481826736,0.4,0.37834372983542536,0.37834372983542536,RAD
2.0214574974095682e+29,834855627.8905776,82.8431689445432,13443584.243289527,1.489308374209343e+17,2.8075811368805676e+30,13.831920927900363,1.5153425432536698,0.4,0.37834001297327835,0.37834001297327835,RAD
2.045860259735737e+29,838205383.7552166,82.84130852433027,13443400.422310416,1.489254549704611e+17,2.8413334519054997e+30,13.830780138349391,1.5153714407667624,0.4,0.37833554920199486,0.37833554920199486,RAD
2.068893965264564e+29,841342900.7225957,82.83955924824924,13443227.584770324,1.489203941777555e+17,2.873189627572889e+30,13.829707585569798,1.5153986123523067,0.4,0.37833135217233177,0.37833135217233177,RAD
2.091927670793391e+29,844457255.2950398,82.83781644725443,13443055.388654219,1.4891535221684157e+17,2.905043337431299e+30,13.828639084261352,1.515425683794463,0.4,0.3783271707453872,0.3783271707453872,RAD
2.114961376322218e+29,847548870.9940943,82.83608002643852,13442883.824566493,1.489103288120561e+17,2.936894590744419e+30,13.827574575329905,1.5154526565626774,0.4,0.3783230046926913,0.3783230046926913,RAD
2.137995081851045e+29,850618159.0851792,82.83434989330186,13442712.883349847,1.4890532369472646e+17,2.968743396641556e+30,13.826514001178221,1.5154795320891035,0.4,0.37831885379156815,0.37831885379156815,RAD
2.161028787379872e+29,853665519.0600387,82.83262595766618,13442542.55607675,1.4890033660292006e+17,3.000589764121023e+30,13.825457305652348,1.515506311769941,0.4,0.3783147178249272,0.3783147178249272,RAD
2.1840624929086988e+29,856691339.0952753,82.83090813159222,13442372.83404129,1.488953672812053e+17,3.0324337020534003e+30,13.824404433990626,1.5155329969667135,0.4,0.37831059658106647,0.37831059658106647,RAD
2.2070961984375257e+29,859695996.4883955,82.82919632930118,13442203.708751395,1.4889041548042352e+17,3.064275219184691e+30,13.823355332774675,1.5155595890074942,0.4,0.3783064898534861,0.3783064898534861,RAD
2.2301299039663527e+29,862679858.0726908,82.82749046709961,13442035.17192141,1.48885480957471e+17,3.0961143241393554e+30,13.822309949882817,1.5155860891880495,0.4,0.37830239744070193,0.37830239744070193,RAD
2.2531636094951797e+29,865643280.612189,82.82579046330785,13441867.215464998,1.4888056347509114e+17,3.1279510254232506e+30,13.821268234445661,1.515612498772962,0.4,0.37829831914607737,0.37829831914607737,RAD
2.2761973150240066e+29,868586611.1778264,82.82409623819139,13441699.831488365,1.4887566280167533e+17,3.159785331426463e+30,13.820230136803362,1.5156388189966865,0.4,0.37829425477765627,0.37829425477765627,RAD
2.2992310205528336e+29,871510187.5059139,82.82240771389549,13441533.012283774,1.4887077871107296e+17,3.191617250426048e+30,13.81919560846499,1.5156650510645626,0.4,0.3782902041480055,0.3782902041480055,RAD
2.3269764730310145e+29,875006043.8022957,82.82038124871907,13441332.807962252,1.4886491724191152e+17,3.229957510489447e+30,13.817954130348888,1.5156965337503294,0.4,0.37828534290892457,0.37828534290892457,RAD
2.3547219255091953e+29,878474271.9068868,82.81836281546119,13441133.399367174,1.4885907913733578e+17,3.268294333011441e+30,13.816717681819565,1.5157278922371518,0.4,0.37828050102706984,0.37828050102706984,RAD
2.3824673779873762e+29,881915412.288614,82.81635228815361,13440934.774027305,1.4885326403142477e+17,3.3066277318374896e+30,13.815486184409737,1.515759128475216,0.4,0.37827567819917035,0.37827567819917035,RAD
2.410212830465557e+29,885329988.6960253,82.81434954424485,13440736.919809608,1.4884747156817878e+17,3.344957720598309e+30,13.814259561777087,1.5157902443618,0.4,0.3782708741301799,0.3782708741301799,RAD
2.437958282943738e+29,888718508.8603963,82.81235446446932,13440539.824906297,1.4884170140113933e+17,3.3832843127156524e+30,13.813037739622985,1.5158212417432806,0.4,0.3782660885329567,0.3782660885329567,RAD
2.465703735421919e+29,892081465.1616333,82.81036693272283,13440343.47782252,1.488359531930279e+17,3.4216075214078746e+30,13.811820645615093,1.5158521224170798,0.4,0.3782613211279687,0.3782613211279687,RAD
2.4934491879000998e+29,895419335.2593358,82.80838683594436,13440147.867364638,1.4883022661540243e+17,3.4599273596952833e+30,13.810608209313928,1.5158828881335067,0.4,0.3782565716430117,0.3782565716430117,RAD
2.5211946403782807e+29,898732582.691208,82.80641406400316,13439952.982629081,1.4882452134833005e+17,3.498243840405292e+30,13.809400362102721,1.5159135405974686,0.4,0.37825183981292837,0.37825183981292837,RAD
2.5489400928564616e+29,902021657.4408487,82.80444850959171,13439758.812991725,1.4881883708007562e+17,3.5365569761773864e+30,13.808197037120665,1.515944081470172,0.4,0.37824712537936095,0.37824712537936095,RAD
2.5766855453346425e+29,905286996.4768004,82.80249006812328,13439565.348097766,1.4881317350680483e+17,3.5748667794679056e+30,13.80699816919961,1.5159745123706707,0.4,0.3782424280904959,0.3782424280904959,RAD
2.6044309978128233e+29,908529024.2646068,82.8005386376344,13439372.577852074,1.4880753033230125e+17,3.6131732625546537e+30,13.805803694803163,1.516004834877407,0.4,0.37823774770083646,0.37823774770083646,RAD
2.6321764502910042e+29,911748153.2535009,82.79859411869211,13439180.492409993,1.4880190726769616e+17,3.651476437541348e+30,13.804613551969082,1.5160350505296403,0.4,0.3782330839709767,0.3782330839709767,RAD
2.659921902769185e+29,914944784.3392355,82.79665641430486,13438989.082168546,1.4879630403121094e+17,3.689776316361908e+30,13.803427680254094,1.5160651608288016,0.4,0.3782284366673826,0.3782284366673826,RAD
2.687667355247366e+29,918119307.3044599,82.7947254298381,13438798.337758055,1.487907203479111e+17,3.7280729107845966e+30,13.802246020681102,1.516095167239845,0.4,0.3782238055621974,0.3782238055621974,RAD
2.715412807725547e+29,921272101.2379531,82.79280107293297,13438608.250034122,1.4878515594947104e+17,3.7663662324160175e+30,13.80106851568896,1.516125071192475,0.4,0.3782191904330409,0.3782191904330409,RAD
2.7431582602037278e+29,924403534.9339333,82.7908832534292,13438418.810069973,1.4877961057394947e+17,3.8046562927049764e+30,13.799895109084328,1.5161548740823452,0.4,0.3782145910628222,0.3782145910628222,RAD
2.7709037126819087e+29,927513967.2725816,82.78897188329096,13438230.009149129,1.487740839655745e+17,3.8429431029462134e+30,13.798725745995641,1.516184577272214,0.4,0.378210007239565,0.378210007239565,RAD
2.804345228970435e+29,931235546.8249816,82.78667656359272,13438003.285153996,1.4876744734755693e+17,3.889085784707889e+30,13.79732161383452,1.5162202478283575,0.4,0.37820450273879486,0.37820450273879486,RAD
2.8377867452589615e+29,934927717.7802467,82.78439034162128,13437777.462638613,1.4876083720444608e+17,3.9352237804029193e+30,13.795923186601915,1.516255777749367,0.4,0.3781990201699242,0.3781990201699242,RAD
2.871228261547488e+29,938591055.5079764,82.78211307467174,13437552.527473442,1.4875425312162464e+17,3.98135710896002e+30,13.794530375339715,1.516291169244186,0.4,0.3781935591893305,0.3781935591893305,RAD
2.9046697778360143e+29,942226117.5754937,82.77984462391046,13437328.46591216,1.4874769469571763e+17,4.027485789014473e+30,13.793143093498564,1.516326424461825,0.4,0.3781881194627119,0.3781881194627119,RAD
2.9381112941245407e+29,945833444.4965369,82.77758485422666,13437105.264576972,1.4874116153416182e+17,4.073609838916024e+30,13.791761256845884,1.5163615454936419,0.4,0.3781827006647274,0.3781827006647274,RAD
2.971552810413067e+29,949413560.4403306,82.77533363409155,13436882.910444664,1.487346532547964e+17,4.1197292767364837e+30,13.790384783378226,1.5163965343755264,0.4,0.37817730247865616,0.37817730247865616,RAD
3.0049943267015935e+29,952966973.9035547,82.77309083542413,13436661.390833324,1.4872816948547357e+17,4.165844120277041e+30,13.789013593237737,1.5164313930899835,0.4,0.3781719245960776,0.3781719245960776,RAD
3.03843584299012e+29,956494178.3475405,82.77085633346348,13436440.6933897,1.4872170986368768e+17,4.211954387075304e+30,13.78764760863282,1.5164661235681096,0.4,0.37816656671656323,0.37816656671656323,RAD
3.0718773592786463e+29,959995652.8028572,82.76863000664723,13436220.806077173,1.4871527403622234e+17,4.258060094412084e+30,13.786286753762603,1.516500727691473,0.4,0.3781612285473832,0.3781612285473832,RAD
3.1053188755671727e+29,963471862.4432919,82.76641173649564,13436001.71716428,1.4870886165881395e+17,4.3041612593179306e+30,13.784930954744814,1.5165352072939071,0.4,0.37815590980322733,0.37815590980322733,RAD
3.138760391855699e+29,966923259.131085,82.7642014075012,13435783.415213786,1.487024723958309e+17,4.35025789857943e+30,13.783580139547107,1.516569564163215,0.4,0.37815061020593776,0.37815061020593776,RAD
3.1722019081442255e+29,970350281.9351501,82.76199890702317,13435565.889072249,1.4869610591996765e+17,4.396350028745285e+30,13.782234237921607,1.5166038000428328,0.4,0.378145329484263,0.378145329484263,RAD
3.205643424432752e+29,973753357.6238867,82.75980412518703,13435349.127860066,1.486897619119526e+17,4.442437666132173e+30,13.780893181342156,1.516637916633345,0.4,0.3781400673736053,0.3781400673736053,RAD
3.239084940721278e+29,977132901.1340832,82.75761695478847,13435133.12096197,1.486834400602694e+17,4.4885208268304066e+30,13.779556902944952,1.5166719155939983,0.4,0.3781348236157964,0.3781348236157964,RAD
3.272526457009805e+29,980489316.0173035,82.75543729120163,13434917.858017944,1.486771400608904e+17,4.534599526709394e+30,13.778225337471087,1.5167057985441146,0.4,0.37812959795887446,0.37812959795887446,RAD
3.305967973298331e+29,983822994.8650577,82.7532650322914,13434703.328914547,1.4867086161702214e+17,4.580673781422916e+30,13.776898421212247,1.516739567064447,0.4,0.3781243901568727,0.3781243901568727,RAD
3.3394094895868575e+29,987134319.7139677,82.7511000783296,13434489.523776611,1.4866460443886186e+17,4.6267436064142227e+30,13.775576091958659,1.5167732226984845,0.4,0.3781191999696192,0.3781191999696192,RAD
3.3797182343574015e+29,991096442.8626196,82.74850012114895,13434232.762219297,1.486570902097078e+17,4.682268022067222e+30,13.77398823232493,1.51681364163004,0.4,0.3781129670546001,0.3781129670546001,RAD
3.4200269791279456e+29,995027260.6724619,82.74591046947606,13433977.022027344,1.4864960598288758e+17,4.7377860503364363e+30,13.772406845099427,1.5168539013136266,0.4,0.3781067589906473,0.3781067589906473,RAD
3.4603357238984896e+29,998927385.7124394,82.74333096163326,13433722.287190974,1.4864215128855888e+17,4.793297717107099e+30,13.770831829412902,1.5168940042514398,0.4,0.3781005753883842,0.3781005753883842,RAD
3.500644468669034e+29,1002797411.5955176,82.74076144032941,13433468.54213467,1.4863472566962032e+17,4.8488030478633935e+30,13.769263087127298,1.5169339528777523,0.4,0.3780944158689926,0.3780944158689926,RAD
3.540953213439578e+29,1006637913.7760068,82.73820175249185,13433215.771700539,1.4862732868122342e+17,4.904302067699249e+30,13.76770052273131,1.5169737495615343,0.4,0.37808828006381273,0.37808828006381273,RAD
3.581261958210122e+29,1010449450.3046879,82.73565174910671,13432963.961132491,1.486199598903087e+17,4.959794801328727e+30,13.766144043240953,1.517013396608904,0.4,0.3780821676139526,0.3780821676139526,RAD
3.621570702980666e+29,1014232562.544419,82.73311128506681,13432713.0960612,1.486126188751642e+17,5.0152812730960163e+30,13.764593558104902,1.5170528962654928,0.4,0.3780760781699248,0.3780760781699248,RAD
3.66187944775121e+29,1017987775.8487087,82.730580219027,13432463.162489776,1.4860530522500525e+17,5.070761506985055e+30,13.763048979114725,1.5170922507187072,0.4,0.37807001139130364,0.37807001139130364,RAD
3.702188192521754e+29,1021715600.2055547,82.72805841326633,13432214.146780128,1.4859801853957446e+17,5.126235526628802e+30,13.761510220318849,1.5171314620998197,0.4,0.3780639669463829,0.3780639669463829,RAD
3.742496937292298e+29,1025416530.8486857,82.72554573355676,13431966.035639966,1.4859075842876035e+17,5.181703355318168e+30,13.759977197941177,1.517170532486029,0.4,0.37805794451186625,0.37805794451186625,RAD
3.782805682062842e+29,1029091048.8381888,82.72304204903804,13431718.816110406,1.485835245122338e+17,5.237165016010623e+30,13.758449830302938,1.5172094639023965,0.4,0.37805194377256535,0.37805194377256535,RAD
3.823114426833386e+29,1032739621.6123631,82.72054723209816,13431472.475554153,1.4857631641910125e+17,5.292620531338504e+30,13.75692803774863,1.5172482583236995,0.4,0.3780459644211139,0.3780459644211139,RAD
3.86342317160393e+29,1036362703.5125147,82.71806115825946,13431227.001644215,1.4856913378757376e+17,5.348069923617025e+30,13.755411742574887,1.5172869176761836,0.4,0.37804000615768946,0.37804000615768946,RAD
3.903731916374474e+29,1039960736.2822863,82.71558370606978,13430982.38235313,1.4856197626465094e+17,5.403513214852007e+30,13.753900868962925,1.5173254438392545,0.4,0.37803406868975375,0.37803406868975375,RAD
3.944040661145018e+29,1043534149.543006,82.71311475699851,13430738.605942681,1.4855484350581904e+17,5.458950426747343e+30,13.752395342913799,1.5173638386470913,0.4,0.3780281517318027,0.3780281517318027,RAD
3.984349405915562e+29,1047083361.2464415,82.7106541953372,13430495.660954053,1.485477351747624e+17,5.51438158071221e+30,13.750895092186575,1.5174021038901737,0.4,0.37802225500512493,0.37802225500512493,RAD
4.024658150686106e+29,1050608778.1062485,82.70820190810451,13430253.536198424,1.4854065094308746e+17,5.569806697868035e+30,13.749400046239169,1.5174402413167694,0.4,0.3780163782375769,0.3780163782375769,RAD
4.07324701760185e+29,1054827310.1343521,82.7052567201681,13429962.74954955,1.4853214306466205e+17,5.636609110109994e+30,13.747604712252803,1.5174860453640306,0.4,0.3780093204321661,0.3780093204321661,RAD
4.119109990601961e+29,1058778591.5399041,82.70248747437763,13429689.33843239,1.4852414369368e+17,5.699655839457021e+30,13.745916839160058,1.5175291142633713,0.4,0.3780026844218582,0.3780026844218582,RAD
4.164972963602072e+29,1062700729.8715727,82.69972847565934,13429416.943137769,1.4851617417012928e+17,5.762694842538186e+30,13.744235413807234,1.5175720248867377,0.4,0.37799607313053235,0.37799607313053235,RAD
4.210835936602183e+29,1066594258.0499946,82.69697957379321,13429145.548788585,1.4850823405735133e+17,5.825726148708685e+30,13.742560342379676,1.517614779558506,0.4,0.3779894861963261,0.3779894861963261,RAD
4.256698909602294e+29,1070459693.5726622,82.69424062237059,13428875.140885081,1.485003229297596e+17,5.888749786898934e+30,13.74089153343742,1.5176573805440574,0.4,0.37798292326655497,0.37798292326655497,RAD
4.302561882602405e+29,1074297539.1210847,82.69151147865738,13428605.705291316,1.4849244037244285e+17,5.951765785625256e+30,13.739228897830332,1.5176998300518811,0.4,0.37797638399737993,0.37797638399737993,RAD
4.348424855602516e+29,1078108283.1378493,82.6887920034638,13428337.228222257,1.4848458598078634e+17,6.014774173000203e+30,13.73757234861674,1.5177421302356071,0.4,0.37796986805349764,0.37796986805349764,RAD
4.394287828602627e+29,1081892400.3753796,82.68608206101999,13428069.69623147,1.4847675936011075e+17,6.077774976742502e+30,13.73592180098619,1.5177842831959114,0.4,0.37796337510783573,0.37796337510783573,RAD
4.440150801602738e+29,1085650352.4180548,82.68338151885715,13427803.096199356,1.484689601253271e+17,6.140768224186659e+30,13.734277172185367,1.5178262909823859,0.4,0.37795690484127437,0.37795690484127437,RAD
4.486013774602849e+29,1089382588.1792474,82.68069024769412,13427537.415321924,1.484611879006072e+17,6.20375394229223e+30,13.732638381447627,1.517868155595272,0.4,0.37795045694236745,0.37795045694236745,RAD
4.53187674760296e+29,1093089544.3747256,82.67800812132893,13427272.641100047,1.4845344231906864e+17,6.26673215765278e+30,13.731005349925326,1.5179098789871357,0.4,0.3779440311070801,0.3779440311070801,RAD
4.5777397206030714e+29,1096771645.9737728,82.67533501653506,13427008.761329202,1.4844572302247363e+17,6.329702896504527e+30,13.729378000625298,1.5179514630644895,0.4,0.37793762703854317,0.37793762703854317,RAD
4.632985175864726e+29,1101174602.8997414,82.67212686582639,13426692.068740128,1.484364589451464e+17,6.405546072354666e+30,13.727425172318618,1.518001371920339,0.4,0.37792994133960733,0.37792994133960733,RAD
4.688230631126381e+29,1105542797.3831303,82.66893142596645,13426376.636417681,1.4842723190412467e+17,6.481378481893801e+30,13.725480351809773,1.5180510845014519,0.4,0.37792228631006264,0.37792228631006264,RAD
4.743476086388036e+29,1109876909.5142834,82.66574849756896,13426062.444613883,1.4841804131973408e+17,6.557200169015608e+30,13.72354341449648,1.5181006038925287,0.4,0.37791466146954084,0.37791466146954084,RAD
4.798721541649691e+29,1114177598.342021,82.66257788665622,13425749.47411629,1.48408886628015e+17,6.633011176934767e+30,13.721614239148199,1.5181499330945634,0.4,0.377907066350701,0.377907066350701,RAD
4.853966996911346e+29,1118445502.7585244,82.65941940445232,13425437.70622748,1.483997672801208e+17,6.708811548205226e+30,13.719692707777044,1.5181990750280159,0.4,0.3778995004987227,0.3778995004987227,RAD
4.909212452173001e+29,1122681242.3373947,82.65627286718576,13425127.12274555,1.483906827417456e+17,6.78460132473778e+30,13.7177787055152,1.518248032535892,0.4,0.3778919634708391,0.3778919634708391,RAD
4.964457907434656e+29,1126885418.1278613,82.6531380959023,13424817.70594557,1.4838163249258003e+17,6.860380547816981e+30,13.715872120498302,1.5182968083866362,0.4,0.37788445483588357,0.37788445483588357,RAD
5.0197033626963106e+29,1131058613.4078946,82.65001491628645,13424509.43856192,1.4837261602579312e+17,6.936149258117419e+30,13.713972843754211,1.518345405276874,0.4,0.37787697417385524,0.37787697417385524,RAD
5.0749488179579656e+29,1135201394.3987777,82.64690315849163,13424202.30377147,1.4836363284753875e+17,7.011907495719404e+30,13.712080769097323,1.5183938258340872,0.4,0.3778695210755215,0.3778695210755215,RAD
5.1301942732196205e+29,1139314310.9435055,82.64380265697832,13423896.285177553,1.4835468247648554e+17,7.087655300124089e+30,13.710195793027776,1.5184420726190668,0.4,0.3778620951420154,0.3778620951420154,RAD
5.1854397284812754e+29,1143397897.1512108,82.64071325035961,13423591.36679469,1.4834576444336845e+17,7.163392710268028e+30,13.708317814635235,1.5184901481283495,0.4,0.3778546959844745,0.3778546959844745,RAD
5.24068518374293e+29,1147452672.0096617,82.6376347812541,13423287.533034012,1.4833687829056118e+17,7.239119764537236e+30,13.706446735507292,1.5185380547964569,0.4,0.3778473232236775,0.3778473232236775,RAD
5.295930639004585e+29,1151479139.967731,82.63456709614533,13422984.768689342,1.4832802357166794e+17,7.31483650078074e+30,13.704582459641987,1.5185857949981092,0.4,0.377839976489715,0.377839976489715,RAD
5.35117609426624e+29,1155477791.4896066,82.63151004524751,13422683.05892392,1.4831919985113376e+17,7.390542956323667e+30,13.702724893364,1.5186333710502655,0.4,0.37783265542165767,0.37783265542165767,RAD
5.406421549527895e+29,1159449103.5823908,82.6284634823775,13422382.389257712,1.4831040670387213e+17,7.466239167979869e+30,13.700873945245151,1.5186807852141446,0.4,0.37782535966725617,0.37782535966725617,RAD
5.46166700478955e+29,1163393540.298623,82.6254272648322,13422082.745555276,1.483016437149091e+17,7.541925172064132e+30,13.69902952602782,1.5187280396970966,0.4,0.3778180888826401,0.3778180888826401,RAD
5.516912460051205e+29,1167311553.2151616,82.62240125327138,13421784.114014167,1.48292910479043e+17,7.617601004403961e+30,13.697191548552171,1.5187751366544102,0.4,0.37781084273203475,0.37781084273203475,RAD
5.5835013027021156e+29,1171999544.492292,82.6187672910755,13421425.491447523,1.4828242305609424e+17,7.708801664775511e+30,13.6949846253292,1.518831697514883,0.4,0.377802141025762,0.377802141025762,RAD
5.6500901453530264e+29,1176650532.3134916,82.61514772647116,13421068.296787744,1.482719776089512e+17,7.79998765984412e+30,13.692786791878923,1.5188880361679555,0.4,0.37779347407238884,0.37779347407238884,RAD
5.716678988003937e+29,1181265240.711499,82.6115423335752,13420712.507659188,1.4826157348070813e+17,7.891159049664834e+30,13.690597906876633,1.5189441561074069,0.4,0.377784841327572,0.377784841327572,RAD
5.783267830654848e+29,1185844371.315002,82.60795089263277,13420358.102293061,1.482512100322688e+17,7.982315893364452e+30,13.688417832821228,1.5190000607321714,0.4,0.3777762422617288,0.3777762422617288,RAD
5.849856673305759e+29,1190388604.2909465,82.60437318978272,13420005.059504187,1.4824088664166445e+17,8.073458249166489e+30,13.686246435888847,1.5190557533499633,0.4,0.37776767635946734,0.37776767635946734,RAD
5.9164455159566696e+29,1194898599.2369738,82.60080901683428,13419653.35866889,1.4823060270340528e+17,8.164586174415198e+30,13.684083585793752,1.5191112371807574,0.4,0.3777591431190575,0.3777591431190575,RAD
5.9830343586075804e+29,1199374996.0271556,82.59725817105473,13419302.979703985,1.4822035762786355e+17,8.255699725598687e+30,13.681929155656155,1.5191665153600478,0.4,0.3777506420519104,0.3777506420519104,RAD
6.049623201258491e+29,1203818415.6139636,82.59372045496725,13418953.903046751,1.4821015084068634e+17,8.346798958371171e+30,13.679783021876041,1.5192215909420015,0.4,0.3777421726820995,0.3777421726820995,RAD
6.116212043909402e+29,1208229460.789189,82.59019567615843,13418606.109635882,1.4819998178223626e+17,8.437883927574417e+30,13.677645064013445,1.519276466902419,0.4,0.377733734545891,0.377733734545891,RAD
6.182800886560313e+29,1212608716.9063427,82.58668364709474,13418259.580893315,1.4818984990705856e+17,8.528954687258397e+30,13.675515164673945,1.5193311461415733,0.4,0.37772532719130275,0.37772532719130275,RAD
6.2493897292112236e+29,1216956752.5668712,82.58318418494785,13417914.29870692,1.48179754683373e+17,8.620011290701202e+30,13.673393209399793,1.5193856314869496,0.4,0.37771695017769086,0.37771695017769086,RAD
6.3159785718621344e+29,1221274120.272371,82.57969711142745,13417570.245413981,1.4816969559258906e+17,8.71105379042825e+30,13.671279086565843,1.5194399256957887,0.4,0.37770860307533816,0.37770860307533816,RAD
6.382567414513044e+29,1225561357.044824,82.57622225262236,13417227.403785428,1.481596721288435e+17,8.802082238230814e+30,13.669172687280417,1.5194940314575571,0.4,0.37770028546507184,0.37770028546507184,RAD
6.449156257163954e+29,1229818985.0167358,82.57275943884831,13416885.757010786,1.481496837985585e+17,8.89309668518391e+30,13.667073905290408,1.5195479513963417,0.4,0.37769199693790856,0.37769199693790856,RAD
6.515745099814863e+29,1234047511.992938,82.56930850450269,13416545.288683793,1.4813973012001978e+17,8.984097181663556e+30,13.664982636890931,1.5196016880730403,0.4,0.37768373709468944,0.37768373709468944,RAD
6.582333942465773e+29,1238247431.985683,82.56586928792576,13416205.982788652,1.4812981062297315e+17,9.075083777363455e+30,13.66289878083858,1.519655243987547,0.4,0.3776755055457552,0.3776755055457552,RAD
6.648922785116682e+29,1242419225.7245615,82.56244163126799,13415867.823686896,1.481199248482389e+17,9.166056521311109e+30,13.66082223826883,1.5197086215808022,0.4,0.37766730191062486,0.37766730191062486,RAD
6.729187899404654e+29,1247411117.5939903,82.55832513573547,13415461.714787776,1.4810805288164982e+17,9.275695253334921e+30,13.65832879129481,1.519772728431495,0.4,0.3776574499564678,0.3776574499564678,RAD
6.809453013692627e+29,1252363618.4164956,82.55422494924227,13415057.223878743,1.480962284953418e+17,9.385314013208057e+30,13.655845665424925,1.5198365837200936,0.4,0.37764763738590434,0.37764763738590434,RAD
6.889718127980599e+29,1257277499.0660472,82.55014081586664,13414654.325604333,1.4808445094479894e+17,9.494912883126578e+30,13.653372700330936,1.519900191403899,0.4,0.3776378635820289,0.3776378635820289,RAD
6.969983242268572e+29,1262153506.559421,82.54607248663133,13414252.995296832,1.4807271950569162e+17,9.604491944017192e+30,13.650909740021328,1.5199635553327249,0.4,0.3776281279446569,0.3776281279446569,RAD
7.050248356556544e+29,1266992365.05978,82.54201971923766,13413853.208949937,1.480610334731032e+17,9.714051275571383e+30,13.6484566326755,1.5200266792530823,0.4,0.3776184298897,0.3776184298897,RAD
7.130513470844516e+29,1271794776.827132,82.53798227781238,13413454.943193698,1.4804939216079504e+17,9.823590956278257e+30,13.646013230486076,1.5200895668120367,0.4,0.3776087688485421,0.3776087688485421,RAD
7.210778585132489e+29,1276561423.1190457,82.533959932667,13413058.175270695,1.4803779490050714e+17,9.93311106345614e+30,13.64357938950869,1.5201522215609642,0.4,0.37759914426746755,0.37759914426746755,RAD
7.291043699420461e+29,1281292965.044744,82.52995246006884,13412662.883013347,1.480262410412924e+17,1.0042611673283014e+31,13.64115496951932,1.5202146469591058,0.4,0.3775895556071117,0.3775895556071117,RAD
7.371308813708433e+29,1285990044.375478,82.52595964202268,13412269.044822313,1.480147299488828e+17,1.0152092860825822e+31,13.638739833878,1.5202768463769152,0.4,0.37758000234192796,0.37758000234192796,RAD
7.451573927996406e+29,1290653284.3138678,82.52198126606294,13411876.639645904,1.480032610050852e+17,1.0261554700068715e+31,13.636333849399225,1.520338823099291,0.4,0.377570483959691,0.377570483959691,RAD
7.531839042284378e+29,1295283290.2247045,82.51801712505542,13411485.64696046,1.4799183360720525e+17,1.0370997263940275e+31,13.63393688622856,1.520400580328646,0.4,0.3775609999610196,0.3775609999610196,RAD
7.61210415657235e+29,1299880650.3295364,82.51406701700837,13411096.04675162,1.4798044716749824e+17,1.048042062433978e+31,13.631548817724335,1.520462121187848,0.4,0.37755154985892486,0.37755154985892486,RAD
7.692369270860323e+29,1304445936.3671925,82.51013074489178,13410707.819496464,1.4796910111264458e+17,1.0589824852162532e+31,13.629169520345362,1.5205234487229629,0.4,0.37754213317836366,0.37754213317836366,RAD
7.772634385148295e+29,1308979704.2222521,82.50620811646543,13410320.946146442,1.479577948832491e+17,1.0699210017324309e+31,13.626798873543379,1.5205845659059938,0.4,0.37753274945584153,0.37753274945584153,RAD
7.852899499436268e+29,1313482494.5233297,82.50229894411389,13409935.40811108,1.4794652793336272e+17,1.0808576188784973e+31,13.624436759660343,1.520645475637363,0.4,0.37752339823899933,0.37752339823899933,RAD
7.93316461372424e+29,1317954833.2129178,82.4984030446895,13409551.187242402,1.479352997300253e+17,1.0917923434571277e+31,13.622083063830267,1.5207061807483908,0.4,0.3775140790862461,0.3775140790862461,RAD
8.013429728012212e+29,1322397232.0904124,82.49452023936175,13409168.265820028,1.4792410975282845e+17,1.1027251821798887e+31,13.619737673885483,1.520766684003599,0.4,0.3775047915663905,0.3775047915663905,RAD
8.110185704462759e+29,1327713251.6131113,82.48985685065358,13408708.374096103,1.4791067083233165e+17,1.115901728897327e+31,13.616921297541822,1.520839353455578,0.4,0.3774936373317395,0.3774936373317395,RAD
8.201513753352385e+29,1332692559.995413,82.4854720290176,13408275.964572549,1.4789803532568118e+17,1.128336587637587e+31,13.614273675930882,1.5209076848608611,0.4,0.37748314980241227,0.37748314980241227,RAD
8.29284180224201e+29,1337635196.9803586,82.48110342404334,13407845.164483562,1.478854471677292e+17,1.1407690330678107e+31,13.611636346055295,1.5209757663048031,0.4,0.3774727014528607,0.3774727014528607,RAD
8.384169851131637e+29,1342541833.2416055,82.47675079793788,13407415.950265042,1.4787290566641664e+17,1.1531990745188138e+31,13.609009158709537,1.5210436014631346,0.4,0.37746229170967893,0.37746229170967893,RAD
8.475497900021263e+29,1347413120.0407174,82.47241391894242,13406988.298950566,1.4786041014722925e+17,1.1656267211868782e+31,13.606391968460738,1.5211111939182387,0.4,0.3774519200139992,0.3774519200139992,RAD
8.566825948910889e+29,1352249689.9914434,82.46809256111592,13406562.188149955,1.478479599525689e+17,1.1780519821371362e+31,13.603784633513387,1.521178547162509,0.4,0.3774415858209742,0.3774415858209742,RAD
8.658153997800514e+29,1357052157.7861078,82.46378650412865,13406137.596028846,1.4783555444115366e+17,1.1904748663068328e+31,13.601187015580788,1.5212456646015273,0.4,0.3774312885992743,0.3774312885992743,RAD
8.74948204669014e+29,1361821120.8863652,82.4594955330653,13405714.501289172,1.4782319298744534e+17,1.2028953825084737e+31,13.59859897976189,1.5213125495571183,0.4,0.3774210278306162,0.3774210278306162,RAD
8.840810095579766e+29,1366557160.1804233,82.45521943823677,13405292.883150551,1.478108749811028e+17,1.215313539432863e+31,13.596020394424045,1.5213792052702733,0.4,0.3774108030093118,0.3774108030093118,RAD
8.932138144469392e+29,1371260840.6086876,82.45095801500068,13404872.72133248,1.4779859982645974e+17,1.2277293456520372e+31,13.593451131090747,1.5214456349039072,0.4,0.3774006136418314,0.3774006136418314,RAD
9.023466193359018e+29,1375932711.7596543,82.44671106358945,13404453.996037334,1.477863669420257e+17,1.2401428096220977e+31,13.590891064334507,1.5215118415455464,0.4,0.37739045924639536,0.37739045924639536,RAD
9.114794242248644e+29,1380573308.4377496,82.44247838894617,13404036.687934106,1.4777417576000858e+17,1.2525539396859488e+31,13.58834007167432,1.5215778282098418,0.4,0.37738033935257354,0.37738033935257354,RAD
9.224808292637843e+29,1386122595.5550601,82.43739838328558,13403535.852352042,1.4775954481274102e+17,1.267501338002783e+31,13.58527901744412,1.521657028027195,0.4,0.37736819405871136,0.37736819405871136,RAD
9.334822343027042e+29,1391628139.4604564,82.43233849346481,13403037.013676533,1.477449726298068e+17,1.2824453757836262e+31,13.582230753081458,1.5217359179264545,0.4,0.3773560973801925,0.3773560973801925,RAD
9.444836393416241e+29,1397090796.0643973,82.42729840385574,13402540.140626226,1.4773045829237072e+17,1.297386066989578e+31,13.5791950803362,1.5218145027854277,0.4,0.3773440485557514,0.3773440485557514,RAD
9.55485044380544e+29,1402511394.7927418,82.4222778073939,13402045.202768058,1.477160009065021e+17,1.3123234253666006e+31,13.576171806316324,1.521892787349449,0.4,0.37733204684475385,0.37733204684475385,RAD
9.66486449419464e+29,1407890739.700674,82.41727640525022,13401552.170484774,1.4770159960222096e+17,1.3272574644513012e+31,13.57316074328282,1.521970776236488,0.4,0.3773200915264161,0.3773200915264161,RAD
9.774878544583838e+29,1413229610.5276768,82.41229390651915,13401061.01494403,1.476872535325913e+17,1.342188197576492e+31,13.570161708455018,1.5220484739419555,0.4,0.37730818189904713,0.37730818189904713,RAD
9.884892594973037e+29,1418528763.6972964,82.40733002792204,13400571.708069004,1.4767296187285856e+17,1.3571156378765435e+31,13.567174523825177,1.522125884843303,0.4,0.37729631727933655,0.37729631727933655,RAD
9.994906645362237e+29,1423788933.2651708,82.40238449352447,13400084.222510424,1.4765872381962858e+17,1.3720397982925364e+31,13.564199015982105,1.522203013204406,0.4,0.377284497001677,0.377284497001677,RAD
1.0104920695751436e+30,1429010831.8185358,82.39745703446737,13399598.531619923,1.4764453859008554e+17,1.386960691577226e+31,13.56123501594321,1.522279863179704,0.4,0.37727272041751037,0.37727272041751037,RAD
1.0214934746140635e+30,1434195151.3301907,82.39254738871065,13399114.609424658,1.4763040542124685e+17,1.4018783302998253e+31,13.558282358994237,1.5223564388181714,0.4,0.37726098689471177,0.37726098689471177,RAD
1.0324948796529834e+30,1439342563.9696953,82.38765530078885,13398632.430603096,1.4761632356925267e+17,1.4167927268506157e+31,13.555340884536715,1.522432744067115,0.4,0.37724929581700506,0.37724929581700506,RAD
1.0434962846919033e+30,1444453722.8743706,82.38278052157791,13398151.970461933,1.476022923086882e+17,1.431703893445395e+31,13.552410435942262,1.522508782775765,0.4,0.3772376465833966,0.3772376465833966,RAD
1.0544976897308232e+30,1449529262.8824959,82.37792280807271,13397673.204914054,1.4758831093193683e+17,1.4466118421297676e+31,13.549490860413572,1.5225845586987308,0.4,0.3772260386076427,0.3772260386076427,RAD
1.0654990947697431e+30,1454569801.2309306,82.3730819231747,13397196.110457493,1.475743787485626e+17,1.4615165847832853e+31,13.546582008851711,1.5226600754992705,0.4,0.3772144713177335,0.3772144713177335,RAD
1.076500499808663e+30,1459575938.2192347,82.36825763548875,13396720.664155327,1.4756049508471997e+17,1.4764181331234465e+31,13.543683735729285,1.5227353367524377,0.4,0.3772029441554062,0.3772029441554062,RAD
1.0875019048475829e+30,1464548257.8422225,82.36344971912945,13396246.843616469,1.4754665928259008e+17,1.4913164987095575e+31,13.540795898969238,1.5228103459480977,0.4,0.37719145657568026,0.37719145657568026,RAD
1.0985033098865028e+30,1469487328.392751,82.35865795353527,13395774.62697729,1.4753287069984125e+17,1.5062116929464644e+31,13.537918359828863,1.5228851064937838,0.4,0.3771800080464082,0.3771800080464082,RAD
1.1117640967340722e+30,1475397337.8989727,82.35290325409929,13395207.531738088,1.475163121983291e+17,1.5241617454927415e+31,13.534463349215605,1.522974894998882,0.4,0.3771662594750424,0.3771662594750424,RAD
1.1250248835816415e+30,1481260782.7209084,82.34717134007595,13394642.699393524,1.4749982032134026e+17,1.5421072260846293e+31,13.531022872175468,1.5230643327461528,0.4,0.3771525659993046,0.3771525659993046,RAD
1.1382856704292109e+30,1487078574.1189194,82.34146185387998,13394080.094495647,1.4748339402740253e+17,1.5600481538449118e+31,13.527596703695698,1.5231534252596435,0.4,0.3771389267563831,0.3771389267563831,RAD
1.1515464572767803e+30,1492851595.1518788,82.33577444762965,13393519.682557888,1.474670323032729e+17,1.577984547602046e+31,13.52418462484289,1.5232421779133596,0.4,0.3771253409068577,0.3771253409068577,RAD
1.1648072441243497e+30,1498580701.8634825,82.33010878277499,13392961.430018237,1.4745073416285667e+17,1.595916425898067e+31,13.520786422530298,1.5233305959370318,0.4,0.37711180763380764,0.37711180763380764,RAD
1.178068030971919e+30,1504266724.4057648,82.32446452974422,13392405.30420422,1.4743449864617955e+17,1.6138438069961946e+31,13.517401889297053,1.5234186844215403,0.4,0.377098326141949,0.377098326141949,RAD
1.1913288178194884e+30,1509910468.103815,82.31884136760755,13391851.273299597,1.4741832481840976e+17,1.6317667088881523e+31,13.514030823097778,1.523506448324174,0.4,0.3770848956568385,0.3770848956568385,RAD
1.2045896046670578e+30,1515512714.465385,82.31323898375685,13391299.306312654,1.4740221176892733e+17,1.6496851493012151e+31,13.510673027102538,1.5235938924735237,0.4,0.3770715154240866,0.3770715154240866,RAD
1.2178503915146272e+30,1521074222.138816,82.30765707360116,13390749.373046003,1.4738615861043773e+17,1.6675991457049984e+31,13.50732830950615,1.5236810215742447,0.4,0.37705818470863645,0.37705818470863645,RAD
1.2311111783621966e+30,1526595727.8224635,82.30209534027586,13390201.444067812,1.47370164478127e+17,1.6855087153179994e+31,13.503996483346544,1.5237678402115304,0.4,0.37704490279405706,0.37704490279405706,RAD
1.244371965209766e+30,1532077947.128565,82.29655349436584,13389655.490684364,1.4735422852885658e+17,1.703413875113904e+31,13.500677366331509,1.5238543528553903,0.4,0.37703166898187584,0.37703166898187584,RAD
1.2576327520573353e+30,1537521575.4043,82.29103125364132,13389111.484913899,1.4733834994039488e+17,1.721314641827669e+31,13.497370780673686,1.5239405638647638,0.4,0.37701848259094733,0.37701848259094733,RAD
1.2708935389049048e+30,1542927288.5125835,82.28552834280566,13388569.399461627,1.4732252791068422e+17,1.7392110319613905e+31,13.494076552932482,1.5240264774913848,0.4,0.37700534295683824,0.37700534295683824,RAD
1.2841543257524744e+30,1548295743.5749722,82.28004449325464,13388029.207695886,1.4730676165714064e+17,1.7571030617899668e+31,13.490794513863833,1.5241120978835225,0.4,0.37699224943125015,0.37699224943125015,RAD
1.297415112600044e+30,1553627579.678888,82.27457944284643,13387490.88362536,1.4729105041598506e+17,1.7749907473665682e+31,13.487524498276125,1.524197429089552,0.4,0.37697920138146895,0.37697920138146895,RAD
1.3106758994476134e+30,1558923418.5512233,82.2691329356818,13386954.401877295,1.47275393441604e+17,1.7928741045279187e+31,13.484266344892747,1.5242824750613333,0.4,0.3769661981898304,0.3769661981898304,RAD
1.323936686295183e+30,1564183865.2002435,82.26370472189382,13386419.737676684,1.4725979000593827e+17,1.8107531488993993e+31,13.481019896220573,1.5243672396574701,0.4,0.37695323925321517,0.37695323925321517,RAD
1.3399216871220697e+30,1570478775.52433,82.25718533978764,13385777.617025025,1.4724105125473504e+17,1.83229944259248e+31,13.477121857509335,1.5244690490943007,0.4,0.3769376761033253,0.3769376761033253,RAD
1.3559066879489565e+30,1576724114.948175,82.25069176836546,13385138.06096099,1.472223880527629e+17,1.8538395185098988e+31,13.473240340584763,1.5245704615764657,0.4,0.3769221753983034,0.3769221753983034,RAD
1.3718916887758433e+30,1582920853.7411425,82.24422360247385,13384501.029310493,1.472037992193725e+17,1.8753734028566123e+31,13.469375089977838,1.5246714833600825,0.4,0.3769067361601222,0.3769067361601222,RAD
1.38787668960273e+30,1589069932.1397226,82.237780447956,13383866.482989144,1.4718528360591754e+17,1.8969011214347601e+31,13.465525857119003,1.5247721205313105,0.4,0.3768913574372772,0.3768913574372772,RAD
1.4038616904296168e+30,1595172261.6110938,82.23136192122998,13383234.383960491,1.4716684009452906e+17,1.9184226996544815e+31,13.461692400074503,1.5248723790128107,0.4,0.3768760383037565,0.3768760383037565,RAD
1.4198466912565036e+30,1601228726.0497942,82.22496764888838,13382604.695196334,1.4714846759695008e+17,1.9399381625443202e+31,13.457874483295484,1.5249722645700026,0.4,0.37686077785808925,0.37686077785808925,RAD
1.4358316920833904e+30,1607240182.9117496,82.21859726731701,13381977.380638959,1.47130165053427e+17,1.9614475347612384e+31,13.45407187737949,1.5250717828169107,0.4,0.3768455752224165,0.3768455752224165,RAD
1.4518166929102772e+30,1613207464.2895985,82.21225042233198,13381352.4051652,1.4711193143165434e+17,1.9829508406002593e+31,13.450284358843216,1.5251709392218245,0.4,0.37683042954162743,0.37683042954162743,RAD
1.467801693737164e+30,1619131377.9329624,82.20592676883437,13380729.734552205,1.4709376572576954e+17,2.0044481040037537e+31,13.446511709906362,1.5252697391125867,0.4,0.37681533998251343,0.37681533998251343,RAD
1.4837866945640508e+30,1625012708.2170491,82.19962597048081,13380109.335444821,1.470756669553955e+17,2.0259393485703912e+31,13.442753718285298,1.525368187681726,0.4,0.3768003057329846,0.3768003057329846,RAD
1.4997716953909375e+30,1630852217.062728,82.19334769936965,13379491.175324494,1.470576341647273e+17,2.047424597563767e+31,13.439010176996625,1.5254662899913012,0.4,0.37678532600131087,0.37678532600131087,RAD
1.5157566962178243e+30,1636650644.8110023,82.18709163574157,13378875.222479604,1.4703966642166138e+17,2.0689038739207256e+31,13.43528088416971,1.5255640509775341,0.4,0.3767704000154,0.3767704000154,RAD
1.531741697044711e+30,1642408711.0545926,82.18085746769367,13378261.445977155,1.470217628169641e+17,2.0903772002593855e+31,13.431565642867524,1.5256614754552102,0.4,0.3767555270221053,0.3767555270221053,RAD
1.547726697871598e+30,1648127115.4291587,82.17464489090675,13377649.815635739,1.470039224634781e+17,2.1118445988868922e+31,13.427864260916008,1.5257585681219192,0.4,0.37674070628657247,0.37674070628657247,RAD
1.5637116986984847e+30,1653806538.366515,82.1684536083846,13377040.301999712,1.46986144495364e+17,2.133306091806898e+31,13.424176550740588,1.5258553335620793,0.4,0.3767259370916098,0.3767259370916098,RAD
1.5796966995253715e+30,1659447641.8120327,82.16228333020476,13376432.876314512,1.469684280673755e+17,2.1547617007267885e+31,13.42050232921019,1.5259517762507977,0.4,0.37671121873708924,0.37671121873708924,RAD
1.5956817003522583e+30,1665051069.9082785,82.15613377328035,13375827.510503052,1.4695077235416643e+17,2.1762114470646662e+31,13.416841417488039,1.526047900557521,0.4,0.37669655053936413,0.37669655053936413,RAD
1.6149517830955165e+30,1671756864.494906,82.14874757344248,13375100.435252205,1.469295677799813e+17,2.2020615730588693e+31,13.412445596781891,1.5261633621997903,0.4,0.37667893360655824,0.37667893360655824,RAD
1.6331408899794343e+30,1678038055.1752207,82.14180254371264,13374416.813710228,1.469096313340782e+17,2.2264538533344795e+31,13.408313608390632,1.5262719346588338,0.4,0.3766623698701548,0.3766623698701548,RAD
1.651329996863352e+30,1684273095.6554606,82.13488317879175,13373735.743734391,1.4688977010461942e+17,2.2508386329323414e+31,13.404198117307475,1.5263801128587267,0.4,0.3766458682629981,0.3766458682629981,RAD
1.6695191037472698e+30,1690462830.1428242,82.1279891022097,13373057.187982908,1.468699829938321e+17,2.2752159416422374e+31,13.400098885565424,1.5264879026095812,0.4,0.3766294278758154,0.3766294278758154,RAD
1.6877082106311875e+30,1696608078.4052763,82.12111994705194,13372381.110061103,1.4685026893176573e+17,2.299585808826605e+31,13.396015681203576,1.5265953095738614,0.4,0.3766130478223854,0.3766130478223854,RAD
1.7058973175151053e+30,1702709636.7339208,82.11427535561668,13371707.47448747,1.46830626875295e+17,2.3239482634312645e+31,13.391948278052372,1.5267023392716814,0.4,0.3765967272387118,0.3765967272387118,RAD
1.724086424399023e+30,1708768278.8576534,82.10745497908815,13371036.246661263,1.4681105580716858e+17,2.348303333995764e+31,13.387896455528535,1.5268089970858385,0.4,0.376580465282231,0.376580465282231,RAD
1.7422755312829408e+30,1714784756.8129368,82.10065847722437,13370367.39283159,1.4679155473510138e+17,2.3726510486633636e+31,13.383859998439723,1.5269152882666739,0.4,0.3765642611310685,0.3765642611310685,RAD
1.7604646381668586e+30,1720759801.7713463,82.09388551805944,13369700.8800679,1.4677212269090774e+17,2.3969914351906664e+31,13.379838696797501,1.5270212179366471,0.4,0.3765481139833125,0.3765481139833125,RAD
1.7786537450507764e+30,1726694124.8273475,82.08713577761885,13369036.67623178,1.4675275872967334e+17,2.4213245209569227e+31,13.375832345639093,1.5271267910947564,0.4,0.3765320230563332,0.3765320230563332,RAD
1.796842851934694e+30,1732588417.748604,82.08040893964757,13368374.749950001,1.467334619289638e+17,2.4456503329730155e+31,13.371840744856804,1.527232012620729,0.4,0.3765159875861244,0.3765159875861244,RAD
1.815031958818612e+30,1738443353.6909597,82.07370469534985,13367715.070588758,1.467142313880678e+17,2.4699688978901408e+31,13.36786369903491,1.5273368872790474,0.4,0.3765000068266755,0.3765000068266755,RAD
1.8369433226629242e+30,1745445121.9390688,82.06565805535266,13366923.334361995,1.4669115220915728e+17,2.499254478749358e+31,13.36309183934547,1.527462769693388,0.4,0.37648082734936467,0.37648082734936467,RAD
1.8588546865072365e+30,1752391838.9534795,82.05764325136053,13366134.764427524,1.4666816640965712e+17,2.528529626352375e+31,13.358340499253345,1.527588163420209,0.4,0.3764617249684425,0.3764617249684425,RAD
1.8807660503515488e+30,1759284582.1520157,82.04965978366235,13365349.31120893,1.4664527253180413e+17,2.5577943853122214e+31,13.353609362377599,1.5277130761688962,0.4,0.3764426984765525,0.3764426984765525,RAD
1.902677414195861e+30,1766124395.6074073,82.04170716610867,13364566.926474197,1.466224691573342e+17,2.5870487995581053e+31,13.348898120871564,1.5278375154393224,0.4,0.3764237466990594,0.3764237466990594,RAD
1.9245887780401734e+30,1772912291.4500256,82.03378492559209,13363787.563284215,1.4659975490596992e+17,2.6162929123537505e+31,13.34420647509682,1.5279614885298904,0.4,0.3764048684927977,0.3764048684927977,RAD
1.9465001418844856e+30,1779649251.1963637,82.0258926015532,13363011.175943812,1.4657712843398253e+17,2.645526766315041e+31,13.339534133313224,1.5280850025451753,0.4,0.37638606274488223,0.37638606274488223,RAD
1.968411505728798e+30,1786336227.0079877,82.01802974551039,13362237.71995518,1.4655458843282397e+17,2.6747504034270003e+31,13.334880811383774,1.5282080644031797,0.4,0.3763673283715715,0.3763673283715715,RAD
1.9903228695731102e+30,1792974142.8853245,82.01019592061256,13361467.151973533,1.465321336278247e+17,2.7039638650601416e+31,13.33024623249417,1.5283306808422554,0.4,0.3763486643171903,0.3763486643171903,RAD
2.0122342334174225e+30,1799563895.800337,82.002390701213,13360699.429764884,1.4650976277695363e+17,2.733167191986217e+31,13.325630126885006,1.5284528584277084,0.4,0.3763300695531074,0.3763300695531074,RAD
2.0341455972617348e+30,1806106356.7718472,81.99461367246334,13359934.512165813,1.4648747466963622e+17,2.762360424393396e+31,13.321032231597314,1.5285746035580314,0.4,0.37631154307674497,0.37631154307674497,RAD
2.056056961106047e+30,1812602371.8869927,81.98686442992647,13359172.3590451,1.4646526812562787e+17,2.7915436019008936e+31,13.31645229022924,1.52869592247092,0.4,0.3762930839106529,0.3762930839106529,RAD
2.0779683249503594e+30,1819052763.27206,81.97914257920726,13358412.93126713,1.4644314199393907e+17,2.820716763573087e+31,13.311890052704477,1.528816821248984,0.4,0.3762746911016207,0.3762746911016207,RAD
2.0998796887946717e+30,1825458330.0157087,81.97144773560017,13357656.19065697,1.4642109515180957e+17,2.8498799479331275e+31,13.307345275050803,1.528937305825163,0.4,0.37625636371981863,0.37625636371981863,RAD
2.121791052638984e+30,1831819849.0473921,81.96377952375278,13356902.09996702,1.4639912650372893e+17,2.8790331929760854e+31,13.302817719188953,1.5290573819879683,0.4,0.3762381008579972,0.3762381008579972,RAD
2.1437024164832962e+30,1838138075.9735873,81.95613757734424,13356150.622845158,1.4637723498050074e+17,2.9081765361816365e+31,13.298307152730729,1.529177055386403,0.4,0.37621990163069857,0.37621990163069857,RAD
2.1656137803276085e+30,1844413745.874271,81.94852153877804,13355401.723804284,1.4635541953834813e+17,2.937310014526321e+31,13.293813348785873,1.529296331534756,0.4,0.37620176517352805,0.37620176517352805,RAD
2.1875251441719208e+30,1850647574.0619109,81.94093105888831,13354655.368193205,1.4633367915805866e+17,2.9664336644953853e+31,13.28933608577774,1.5294152158171181,0.4,0.37618369064243906,0.37618369064243906,RAD
2.2139379177434902e+30,1858107431.7159524,81.9318147022076,13353759.016223423,1.463075708588535e+17,3.001527382876442e+31,13.283960706425173,1.529558009924475,0.4,0.3761619840761755,0.3761619840761755,RAD
2.2403506913150596e+30,1865508685.0479314,81.9227344070561,13352866.253148595,1.4628156848577578e+17,3.036606934308842e+31,13.278608678576113,1.5297002512296485,0.4,0.3761403648892028,0.3761403648892028,RAD
2.266763464886629e+30,1872852481.2310448,81.91368960726922,13351977.022778742,1.4625567038596474e+17,3.0716723799934773e+31,13.273279642760002,1.5298419484618044,0.4,0.3761188317127617,0.3761188317127617,RAD
2.2931762384581985e+30,1880139931.928493,81.90467975205061,13351091.270447774,1.4622987495134445e+17,3.10672378019466e+31,13.267973249197368,1.5299831101127903,0.4,0.37609738321518965,0.37609738321518965,RAD
2.319589012029768e+30,1887372114.7875338,81.89570430538315,13350208.942955114,1.4620418061690886e+17,3.141761194265227e+31,13.262689157429687,1.5301237444462796,0.4,0.3760760181005095,0.3760760181005095,RAD
2.3460017856013373e+30,1894550074.8544383,81.88676274546897,13349329.988510188,1.4617858585909126e+17,3.1767846806706895e+31,13.257427035967396,1.5302638595063698,0.4,0.37605473510706516,0.37605473510706516,RAD
2.3724145591729067e+30,1901674825.9153767,81.87785456419664,13348454.35667962,1.4615308919421312e+17,3.211794297012478e+31,13.252186561955158,1.5304034631258552,0.4,0.37603353300624737,0.37603353300624737,RAD
2.398827332744476e+30,1908747351.767889,81.86897926663404,13347581.998336976,1.4612768917700755e+17,3.2467901000503215e+31,13.246967420852872,1.530542562934046,0.4,0.376012410601265,0.376012410601265,RAD
2.4252401063160455e+30,1915768607.4272578,81.86013637054569,13346712.865614891,1.4610238439921325e+17,3.2817721457238084e+31,13.241769306132403,1.5306811663642215,0.4,0.3759913667259791,0.3759913667259791,RAD
2.451652879887615e+30,1922739520.2717855,81.85132540593216,13345846.91185946,1.4607717348823443e+17,3.3167404891731614e+31,13.236591918987871,1.5308192806607674,0.4,0.3759704002437986,0.3759704002437986,RAD
2.4780656534591843e+30,1929660991.1306932,81.84254591459175,13344984.091586748,1.4605205510586323e+17,3.3516951847592676e+31,13.231434968060071,1.53095691288592,0.4,0.3759495100466138,0.3759495100466138,RAD
2.5044784270307537e+30,1936533895.318095,81.83379744970175,13344124.360441307,1.4602702794706112e+17,3.3866362860829976e+31,13.226298169173164,1.5310940699262587,0.4,0.37592869505379345,0.37592869505379345,RAD
2.530891200602323e+30,1943359083.6162581,81.82507957541912,13343267.675156584,1.4600209073879574e+17,3.421563846003842e+31,13.221181245083484,1.5312307584988734,0.4,0.37590795421122,0.37590795421122,RAD
2.557303974173893e+30,1950137383.2111402,81.81639186649905,13342413.993517125,1.4597724223893027e+17,3.456477916657906e+31,13.216083925239559,1.5313669851572331,0.4,0.37588728649036346,0.37588728649036346,RAD
2.5837167477454625e+30,1956869598.5829847,81.8077339079308,13341563.27432245,1.459524812351625e+17,3.4913785494752754e+31,13.21100594555312,1.5315027562968448,0.4,0.37586669088741076,0.37586669088741076,RAD
2.610129521317032e+30,1963556512.354572,81.79910529458931,13340715.477352543,1.4592780654401056e+17,3.5262657951968004e+31,13.205947048179864,1.531638078160625,0.4,0.3758461664224227,0.3758461664224227,RAD
2.636542294888602e+30,1970198886.099544,81.79050563090236,13339870.56333484,1.459032170098433e+17,3.5611397038903075e+31,13.200906981309952,1.5317729568440308,0.4,0.3758257121385276,0.3758257121385276,RAD
2.668383020685662e+30,1978148140.8570027,81.78017663167968,13338855.793517208,1.458736858120082e+17,3.603162709090491e+31,13.194855840205237,1.531934973040186,0.4,0.3758011463716992,0.3758011463716992,RAD
2.7002237464827224e+30,1986035005.4433079,81.76988848272535,13337845.092142014,1.4584427480176608e+17,3.645166489457287e+31,13.188831287164806,1.5320963639950513,0.4,0.375776679642256,0.375776679642256,RAD
2.7320644722797827e+30,1993860701.4087915,81.75964054253036,13336838.395515058,1.4581498210470592e+17,3.6871511289955255e+31,13.18283291358105,1.5322571395924747,0.4,0.3757523103982188,0.3757523103982188,RAD
2.763905198076843e+30,2001626412.4840822,81.74943218700304,13335835.64166974,1.4578580589720384e+17,3.72911671042664e+31,13.176860321855177,1.5324173094475007,0.4,0.3757280371296786,0.3757280371296786,RAD
2.795745923873903e+30,2009333286.1716433,81.7392628088015,13334836.770300867,1.4575674440447824e+17,3.7710633152230485e+31,13.17091312497705,1.5325768829166542,0.4,0.37570385836717757,0.37570385836717757,RAD
2.8275866496709635e+30,2016982435.253036,81.7291318166987,13333841.722701715,1.4572779589874054e+17,3.8129910236412227e+31,13.164990946125231,1.53273586910778,0.4,0.3756797726801848,0.3756797726801848,RAD
2.859427375468024e+30,2024574939.2172658,81.71903863497859,13332850.441704161,1.45698958697436e+17,3.8548999147535235e+31,13.15909341828685,1.5328942768893692,0.4,0.37565577867564004,0.37565577867564004,RAD
2.891268101265084e+30,2032111845.6151736,81.7089827028612,13331862.871621696,1.4567023116156918e+17,3.896790066478848e+31,13.153220183895606,1.533052114899409,0.4,0.3756318749965579,0.3756318749965579,RAD
2.9231088270621443e+30,2039594171.3444684,81.69896347395556,13330878.95819515,1.456416116941093e+17,3.938661555612156e+31,13.147370894486711,1.5332093915538503,0.4,0.3756080603207114,0.3756080603207114,RAD
2.9549495528592046e+30,2047022903.8696713,81.68898041573763,13329898.648540976,1.4561309873847046e+17,3.980514457852922e+31,13.141545210368596,1.5333661150546865,0.4,0.3755843333593778,0.3755843333593778,RAD
2.986790278656265e+30,2054399002.3809285,81.67903300905341,13328921.891101945,1.4558469077706285e+17,4.0223488478325683e+31,13.13574280030933,1.5335222933976012,0.4,0.3755606928561307,0.3755606928561307,RAD
3.018631004453325e+30,2061723398.8953738,81.66912074764429,13327948.635600118,1.4555638632991062e+17,4.064164799140919e+31,13.129963341237893,1.5336779343793125,0.4,0.37553713758569846,0.37553713758569846,RAD
3.0504717302503854e+30,2068996999.3044631,81.65924313769447,13326978.83299195,1.4552818395333286e+17,4.10596238435173e+31,13.124206517958724,1.533833045604559,0.4,0.375513666352872,0.375513666352872,RAD
3.0823124560474457e+30,2076220684.3704674,81.64939969739876,13326012.435425434,1.455000822386841e+17,4.147741675047326e+31,13.118472022879438,1.5339876344927765,0.4,0.37549027799146073,0.37549027799146073,RAD
3.114153181844506e+30,2083395310.675087,81.63958995654934,13325049.39619916,1.454720798111509e+17,4.189502741842392e+31,13.112759555750246,1.5341417082844657,0.4,0.3754669713632927,0.3754669713632927,RAD
3.145993907641566e+30,2090521711.522955,81.62981345614148,13324089.669723168,1.4544417532860205e+17,4.231245654406956e+31,13.107068823415423,1.5342952740473157,0.4,0.3754437453572708,0.3754437453572708,RAD
3.1778346334386265e+30,2097600697.802607,81.62006974799577,13323133.211481543,1.4541636748048854e+17,4.272970481488593e+31,13.101399539575166,1.534448338681993,0.4,0.3754205988884503,0.3754205988884503,RAD
3.216221402857453e+30,2106073114.0373318,81.60836583547689,13321984.401200151,1.453829693570768e+17,4.323249447688047e+31,13.094592843138264,1.5346322147422122,0.4,0.3753927980456241,0.3753927980456241,RAD
3.2524549937614316e+30,2114009334.8130813,81.59736088518285,13320904.26281266,1.4535156977248307e+17,4.370684262116964e+31,13.088195743159162,1.5348051280045552,0.4,0.37536665961517457,0.37536665961517457,RAD
3.28868858466541e+30,2121887468.500629,81.5863965552868,13319828.173463272,1.4532028993204432e+17,4.418095945856059e+31,13.081825239480098,1.534977420719637,0.4,0.375340619717237,0.375340619717237,RAD
3.3249221755693887e+30,2129708578.0301688,81.57547224966588,13318756.0739345,1.4528912809218534e+17,4.465484594579818e+31,13.075480950957047,1.5351491020642138,0.4,0.37531467690845866,0.37531467690845866,RAD
3.361155766473367e+30,2137473695.5527067,81.56458738733353,13317687.906510746,1.4525808255349936e+17,4.512850302599189e+31,13.069162506039891,1.535320180981563,0.4,0.37528882978206585,0.37528882978206585,RAD
3.397389357377346e+30,2145183823.6523964,81.55374140189663,13316623.614924459,1.4522715165916512e+17,4.560193162895726e+31,13.062869542429679,1.5354906661898833,0.4,0.37526307696655503,0.37526307696655503,RAD
3.4336229482813244e+30,2152839936.4987454,81.54293374103734,13315563.144304756,1.451963337934372e+17,4.607513267154505e+31,13.05660170675185,1.5356605661902831,0.4,0.37523741712444114,0.37523741712444114,RAD
3.469856539185303e+30,2160442980.9422746,81.53216386601896,13314506.441128407,1.4516562738020496e+17,4.654810705795893e+31,13.05035865424411,1.5358298892744247,0.4,0.37521184895106624,0.37521184895106624,RAD
3.5060901300892815e+30,2167993877.556967,81.52143125121357,13313453.453173013,1.451350308816167e+17,4.702085568006214e+31,13.044140048458463,1.5359986435317996,0.4,0.37518637117345716,0.37518637117345716,RAD
3.54232372099326e+30,2175493521.632609,81.51073538365148,13312404.1294723,1.4510454279676528e+17,4.749337941767348e+31,13.037945560976672,1.5361668368566956,0.4,0.3751609825492381,0.3751609825492381,RAD
3.5785573118972386e+30,2182942784.119924,81.50007576259,13311358.420273367,1.450741616604317e+17,4.796567913885335e+31,13.031774871137905,1.5363344769548344,0.4,0.37513568186558666,0.37513568186558666,RAD
3.614790902801217e+30,2190342512.531192,81.48945189910154,13310316.276995827,1.4504388604188397e+17,4.843775570018002e+31,13.025627665778732,1.5365015713497732,0.4,0.3751104679382481,0.3751104679382481,RAD
3.6584413159710903e+30,2199192313.5810113,81.47670019675955,13309065.480849572,1.4500755131291885e+17,4.900616865270352e+31,13.018252914099099,1.5367021547948698,0.4,0.37508020642763984,0.37508020642763984,RAD
3.7020917291409635e+30,2207972822.8835387,81.4639988829583,13307819.710237863,1.449713653132877e+17,4.957426041894233e+31,13.010911280217679,1.5369019694396286,0.4,0.37505006717739675,0.37505006717739675,RAD
3.7457421423108367e+30,2216685397.067908,81.45134716640668,13306578.886529658,1.44935325727012e+17,5.014203243338179e+31,13.0036022569395,1.5371010274583146,0.4,0.3750200482705954,0.3750200482705954,RAD
3.78939255548071e+30,2225331350.765175,81.43874427729723,13305342.933226103,1.4489943030083293e+17,5.070948610866767e+31,12.996325350711782,1.5372993406939643,0.4,0.37499014784225476,0.37499014784225476,RAD
3.833042968650583e+30,2233911958.375533,81.42618946648224,13304111.775878849,1.448636768418103e+17,5.127662283619016e+31,12.989080081103271,1.5374969206710882,0.4,0.37496036407734507,0.37496036407734507,RAD
3.876693381820456e+30,2242428455.7419543,81.41368200469107,13302885.342012389,1.448280632150395e+17,5.184344398664577e+31,12.981865980309593,1.537693778607777,0.4,0.37493069520890243,0.37493069520890243,RAD
3.9203437949903294e+30,2250882041.736212,81.40122118178515,13301663.561050184,1.4479258734147946e+17,5.240995091057814e+31,12.974682592682239,1.537889925427149,0.4,0.37490113951621745,0.37490113951621745,RAD
3.9639942081602026e+30,2259273879.762791,81.38880630604913,13300446.364244338,1.447572471958855e+17,5.297614493889878e+31,12.967529474280475,1.538085371768345,0.4,0.37487169532313697,0.37487169532313697,RAD
4.007644621330076e+30,2267605099.185793,81.3764367035157,13299233.684608622,1.447220408048402e+17,5.35420273833887e+31,12.960406192444244,1.5382801279969098,0.4,0.3748423609964231,0.3748423609964231,RAD
4.051295034499949e+30,2275876796.6835666,81.36411171732209,13298025.45685466,1.446869662448772e+17,5.410759953718193e+31,12.953312325387419,1.5384742042147517,0.4,0.3748131349442073,0.3748131349442073,RAD
4.094945447669822e+30,2284090037.5354705,81.35183070709691,13296821.617331082,1.4465202164069235e+17,5.467286267523155e+31,12.946247461809746,1.5386676102695687,0.4,0.3747840156144995,0.3747840156144995,RAD
4.1385958608396953e+30,2292245856.844842,81.33959304837502,13295622.103965487,1.4461720516343734e+17,5.523781805475934e+31,12.939211200526717,1.5388603557639047,0.4,0.3747550014937803,0.3747550014937803,RAD
4.1822462740095685e+30,2300345260.7019825,81.32739813203892,13294426.856209047,1.4458251502909094e+17,5.580246691568954e+31,12.932203150116301,1.539052450063769,0.4,0.3747260911056543,0.3747260911056543,RAD
4.2258966871794417e+30,2308389227.2906885,81.31524536378598,13293235.814983616,1.4454794949690397e+17,5.636681048106752e+31,12.925222928581455,1.5392439023068378,0.4,0.37469728300955524,0.37469728300955524,RAD
4.269547100349315e+30,2316378707.941622,81.30313416361872,13292048.9226312,1.4451350686791357e+17,5.693084995746417e+31,12.91827016302787,1.5394347214103379,0.4,0.3746685757995216,0.3746685757995216,RAD
4.313197513519188e+30,2324314628.1355934,81.29106396535828,13290866.122865668,1.444791854835232e+17,5.749458653536642e+31,12.911344489355766,1.5396249160785382,0.4,0.3746399681030158,0.3746399681030158,RAD
4.356847926689061e+30,2332197888.4596176,81.27903421617874,13289687.360726561,1.444449837241447e+17,5.805802138955465e+31,12.904445551965194,1.539814494809946,0.4,0.37461145857980316,0.37461145857980316,RAD
4.409469496470348e+30,2341632576.0410995,81.26458508600427,13288271.627530364,1.4440390950788586e+17,5.873685550476655e+31,12.896163775867636,1.5400422292458913,0.4,0.37457721835336105,0.37457721835336105,RAD
4.4620910662516345e+30,2350993497.79099,81.25019303402782,13286861.592556736,1.443630041427919e+17,5.941525481592112e+31,12.887919757507388,1.5402690947714262,0.4,0.37454311666481194,0.37454311666481194,RAD
4.514712636032921e+30,2360282098.2860475,81.23585716369239,13285457.16666282,1.443222650016831e+17,6.009322129463474e+31,12.879712919718717,1.5404951051666183,0.4,0.37450915134023516,0.37450915134023516,RAD
4.5673342058142077e+30,2369499777.373525,81.22157660278808,13284058.263123183,1.4428168952852054e+17,6.077075688256318e+31,12.871542700846334,1.5407202738364079,0.4,0.37447532026461494,0.37447532026461494,RAD
4.619955775595494e+30,2378647892.053675,81.20735050251874,13282664.79753719,1.4424127523568246e+17,6.144786349220205e+31,12.863408554153924,1.5409446138250131,0.4,0.3744416213795866,0.3744416213795866,RAD
4.672577345376781e+30,2387727758.2625623,81.1931780366144,13281276.687740948,1.4420101970137446e+17,6.2124543007657005e+31,12.855309947261766,1.5411681378296374,0.4,0.374408052681295,0.374408052681295,RAD
4.7251989151580675e+30,2396740652.561523,81.1790584004869,13279893.853723526,1.4416092056716598e+17,6.280079728538498e+31,12.847246361611514,1.541390858213451,0.4,0.3743746122183451,0.3743746122183451,RAD
4.777820484939354e+30,2405687813.7391434,81.16499081042646,13278516.217547223,1.4412097553564525e+17,6.347662815490796e+31,12.839217291956722,1.5416127870180283,0.4,0.3743412980898696,0.3743412980898696,RAD
4.8304420547206407e+30,2414570444.331191,81.15097450283628,13277143.703271627,1.4408118236818595e+17,6.415203741950067e+31,12.831222245877882,1.5418339359751265,0.4,0.3743081084436736,0.3743081084436736,RAD
4.8830636245019273e+30,2423389712.063554,81.13700873350328,13275776.23688125,1.4404153888281898e+17,6.482702685685321e+31,12.8232607433196,1.5420543165179446,0.4,0.37427504147447505,0.37427504147447505,RAD
4.935685194283214e+30,2432146751.222865,81.12309277690294,13274413.746216541,1.4400204295220331e+17,6.550159821971002e+31,12.815332316149872,1.5422739397918188,0.4,0.3742420954222172,0.3742420954222172,RAD
4.9883067640645005e+30,2440842663.959174,81.10922592553607,13273056.160908073,1.4396269250169056e+17,6.6175753236486145e+31,12.807436507739297,1.5424928166644916,0.4,0.3742092685704768,0.3742092685704768,RAD
5.040928333845787e+30,2449478521.524706,81.09540748929594,13271703.41231374,1.4392348550747757e+17,6.6849493611861865e+31,12.799572872559546,1.542710957735847,0.4,0.3741765592449274,0.3741765592449274,RAD
5.093549903627074e+30,2458055365.4524803,81.08163679486394,13270355.433458785,1.4388441999484248e+17,6.75228210273567e+31,12.791740975799897,1.5429283733472279,0.4,0.374143965811878,0.374143965811878,RAD
5.146171473408362e+30,2466574208.6783004,81.06791318513235,13269012.158978498,1.4384549403645958e+17,6.819573714188368e+31,12.783940393000707,1.543145073590344,0.4,0.3741114866768802,0.3741114866768802,RAD
5.19879304318965e+30,2475036036.6093774,81.05423601865247,13267673.525063474,1.4380670575078864e+17,6.88682435922847e+31,12.776170709703345,1.5433610683157732,0.4,0.3740791202833914,0.3740791202833914,RAD
5.251414612970937e+30,2483441808.1426454,81.04060466910713,13266339.469407242,1.4376805330053464e+17,6.954034199384797e+31,12.768431521115057,1.5435763671411011,0.4,0.37404686511150076,0.37404686511150076,RAD
5.314854855933801e+30,2493502550.696333,81.02423084421355,13264737.140623135,1.437216321929932e+17,7.035007947173159e+31,12.759141185007778,1.5438350181996905,0.4,0.37400812423888097,0.37400812423888097,RAD
5.378295098896664e+30,2503484761.065726,81.00792167934553,13263141.273841823,1.436754028455016e+17,7.115922893823639e+31,12.749893921842228,1.544092687475808,0.4,0.37396954033095486,0.37396954033095486,RAD
5.441735341859528e+30,2513389977.6034656,80.99167615859973,13261551.767988293,1.4362936227717558e+17,7.196779310497948e+31,12.740689074443692,1.544349390566128,0.4,0.3739311109219294,0.3739311109219294,RAD
5.505175584822391e+30,2523219691.0184712,80.97549329366842,13259968.52472878,1.4358350758784094e+17,7.277577464244996e+31,12.73152600328125,1.5446051426424998,0.4,0.3738928336128325,0.3738928336128325,RAD
5.568615827785254e+30,2532975346.3815227,80.95937212278103,13258391.448365733,1.4353783595494323e+17,7.358317618110672e+31,12.722404085795123,1.5448599584682507,0.4,0.37385470606894955,0.37385470606894955,RAD
5.632056070748118e+30,2542658345.0246134,80.94331170969816,13256820.445737926,1.4349234463060963e+17,7.439000031243466e+31,12.713322715757199,1.5451138524137127,0.4,0.37381672601739574,0.37381672601739574,RAD
5.695496313710981e+30,2552270046.3408294,80.9273111427544,13255255.426125467,1.4344703093885387e+17,7.519624958996129e+31,12.704281302662546,1.5453668384709724,0.4,0.3737788912447995,0.3737788912447995,RAD
5.758936556673845e+30,2561811769.4910035,80.91136953394721,13253696.30115936,1.4340189227291565e+17,7.60019265302357e+31,12.69527927115013,1.5456189302678929,0.4,0.3737411995950949,0.3737411995950949,RAD
5.822376799636708e+30,2571284795.0229516,80.89548601806956,13252142.984735385,1.4335692609272683e+17,7.680703361377165e+31,12.686316060451079,1.5458701410815108,0.4,0.3737036489674294,0.3737036489674294,RAD
5.885817042599571e+30,2580690366.4086637,80.87965975188305,13250595.392932035,1.4331212992249685e+17,7.761157328595649e+31,12.677391123862892,1.5461204838507483,0.4,0.3736662373141573,0.3736662373141573,RAD
5.949257285562435e+30,2590029691.5044456,80.8638899133299,13249053.44393227,1.4326750134841066e+17,7.841554795792748e+31,12.668503928247867,1.5463699711886143,0.4,0.3736289626389469,0.3736289626389469,RAD
6.012697528525298e+30,2599303943.9386497,80.84817570078117,13247517.057948893,1.432230380164328e+17,7.921896000741709e+31,12.6596539535548,1.546618615393711,0.4,0.37359182299494276,0.37359182299494276,RAD
6.076137771488162e+30,2608514264.4313145,80.8325163323192,13245986.157153316,1.431787376302116e+17,8.00218117795686e+31,12.650840692362427,1.5468664284613614,0.4,0.37355481648304745,0.37355481648304745,RAD
6.139578014451025e+30,2617661762.0497184,80.81691104505275,13244460.665607557,1.4313459794907787e+17,8.082410558772337e+31,12.642063649443179,1.5471134220941272,0.4,0.3735179412502547,0.3735179412502547,RAD
6.203018257413888e+30,2626747515.403598,80.80135909446244,13242940.509199264,1.4309061678613314e+17,8.162584371418117e+31,12.633322341346634,1.5473596077119025,0.4,0.3734811954880702,0.3734811954880702,RAD
6.266458500376752e+30,2635772573.7835073,80.78585975377537,13241425.615579618,1.4304679200642224e+17,8.242702841093453e+31,12.62461629600117,1.5476049964615457,0.4,0.3734445774309949,0.3734445774309949,RAD
6.329898743339615e+30,2644737958.245577,80.77041231336707,13239915.914103955,1.43003121525186e+17,8.322766190037844e+31,12.615945052333046,1.5478495992260992,0.4,0.3734080853550815,0.3734080853550815,RAD
6.406387217822599e+30,2655469384.3846426,80.75185570841204,13238102.506891238,1.4295067128392523e+17,8.419223788814501e+31,12.605535964245409,1.5481434812628172,0.4,0.37336425280327773,0.37336425280327773,RAD
6.478585742962834e+30,2665522188.881735,80.73440710039696,13236397.533245692,1.4290136271240451e+17,8.51019856750925e+31,12.595755802401946,1.5484198628490295,0.4,0.37332304183419973,0.37332304183419973,RAD
6.55078426810307e+30,2675501877.900979,80.71702279134105,13234698.99351883,1.4285224540145397e+17,8.601102891111228e+31,12.586018815684147,1.548695271237101,0.4,0.3732819869356595,0.3732819869356595,RAD
6.622982793243305e+30,2685409790.1357436,80.69970183719327,13233006.793711243,1.4280331657656738e+17,8.691937069111792e+31,12.576324389883991,1.5489697209006454,0.4,0.3732410858135802,0.3732410858135802,RAD
6.69518131838354e+30,2695247225.501142,80.6824433178857,13231320.842207292,1.4275457353346442e+17,8.782701406623742e+31,12.566671926193937,1.5492432259444273,0.4,0.373200336232016,0.373200336232016,RAD
6.767379843523776e+30,2705015446.6619525,80.66524633647288,13229641.049689619,1.4270601363557474e+17,8.873396204490512e+31,12.557060840657922,1.5495158001176048,0.4,0.3731597360110638,0.3731597360110638,RAD
6.839578368664011e+30,2714715680.484733,80.64811001831055,13227967.329057612,1.4265763431163795e+17,8.964021759391485e+31,12.547490563647697,1.5497874568263752,0.4,0.3731192830248754,0.3731192830248754,RAD
6.911776893804247e+30,2724349119.418645,80.63103351027223,13226299.595349588,1.426094330534132e+17,9.05457836394363e+31,12.53796053936284,1.5500582091460653,0.4,0.3730789751997671,0.3730789751997671,RAD
6.983975418944482e+30,2733916922.8091974,80.61401598000096,13224637.765668487,1.4256140741349205e+17,9.145066306799588e+31,12.528470225353319,1.5503280698326223,0.4,0.3730388105124007,0.3730388105124007,RAD
7.056173944084717e+30,2743420218.148824,80.59705661519452,13222981.759110898,1.4251355500320917e+17,9.235485872742408e+31,12.519019092063438,1.550597051333654,0.4,0.37299878698806077,0.37299878698806077,RAD
7.128372469224953e+30,2752860102.2679462,80.5801546229225,13221331.496699214,1.4246587349064534e+17,9.325837342777056e+31,12.509606622395689,1.5508651657989119,0.4,0.37295890269899296,0.37295890269899296,RAD
7.200570994365188e+30,2762237642.4699216,80.5633092289731,13219686.901316764,1.4241836059871795e+17,9.416120994218843e+31,12.500232311293695,1.5511324250903982,0.4,0.37291915576283574,0.37291915576283574,RAD
7.287552233592628e+30,2773453916.2681665,80.54308882129217,13217712.993108872,1.4236134019009198e+17,9.52480062492376e+31,12.488988580143337,1.5514532866351594,0.4,0.3728714504166277,0.3728714504166277,RAD
7.374533472820068e+30,2784582972.7956834,80.52294817678529,13215747.072585156,1.4230455750581331e+17,9.633382690962644e+31,12.477798676587954,1.5517729434967602,0.4,0.37282393862842245,0.37282393862842245,RAD
7.461514712047507e+30,2795626520.690713,80.50288604232694,13213789.014907492,1.4224800885910677e+17,9.741867656959312e+31,12.466661782273059,1.5520914148696905,0.4,0.37277661735080425,0.37277661735080425,RAD
7.548495951274947e+30,2806586215.676591,80.48290119883212,13211838.698622433,1.421916906629489e+17,9.850255980515387e+31,12.455577100765398,1.5524087194252447,0.4,0.37272948361891384,0.37272948361891384,RAD
7.635477190502387e+30,2817463662.789096,80.46299245995097,13209896.005531529,1.4213559942625011e+17,9.958548112397316e+31,12.44454385671852,1.552724875331618,0.4,0.37268253454728767,0.37268253454728767,RAD
7.722458429729827e+30,2828260418.485824,80.44315867082747,13207960.82056804,1.4207973175022472e+17,1.0066744496716304e+32,12.433561295079066,1.5530399002729898,0.4,0.37263576732684645,0.37263576732684645,RAD
7.809439668957266e+30,2838977992.645095,80.42339870691902,13206033.031679653,1.4202408432493763e+17,1.0174845571101511e+32,12.422628680331908,1.5533538114677163,0.4,0.37258917922204055,0.37258917922204055,RAD
7.896420908184706e+30,2849617850.4613357,80.4037114728724,13204112.52971684,1.4196865392601726e+17,1.0282851766866854e+32,12.411745295781161,1.5536666256856373,0.4,0.37254276756813076,0.37254276756813076,RAD
7.983402147412146e+30,2860181414.243381,80.38409590145386,13202199.208326545,1.4191343741152494e+17,1.039076350917169e+32,12.400910442865577,1.5539783592645229,0.4,0.37249652976858966,0.37249652976858966,RAD
8.070383386639586e+30,2870670065.1216617,80.36455095252917,13200292.963850867,1.4185843171897163e+17,1.04985812171757e+32,12.390123440505757,1.5542890281257957,0.4,0.372450463292639,0.372450463292639,RAD
8.157364625867025e+30,2881085144.669829,80.34507561209152,13198393.695230475,1.4180363386247366e+17,1.0606305304188212e+32,12.379383624482019,1.5545986477894813,0.4,0.3724045656728913,0.3724045656728913,RAD
8.244345865094465e+30,2891427956.445965,80.32566889133415,13196501.303912468,1.4174904093003949e+17,1.0713936177812253e+32,12.368690346840506,1.55490723338847,0.4,0.37235883450310214,0.37235883450310214,RAD
8.331327104321905e+30,2901699767.458171,80.30632982576529,13194615.693762448,1.4169465008098011e+17,1.082147424008354e+32,12.3580429753265,1.555214799682171,0.4,0.37231326743603316,0.37231326743603316,RAD
8.418308343549345e+30,2911901809.558992,80.28705747436324,13192736.77098055,1.416404585434364e+17,1.0928919887604675e+32,12.347440892842963,1.5555213610694638,0.4,0.37226786218139424,0.37226786218139424,RAD
8.505289582776785e+30,2922035280.772832,80.26785091876908,13190864.444021238,1.4158646361201678e+17,1.1036273511674702e+32,12.336883496933526,1.5558269316011781,0.4,0.3722226165039002,0.3722226165039002,RAD
8.592270822004224e+30,2932101346.560227,80.24870926251509,13188998.623516634,1.4153266264553936e+17,1.1143535498414306e+32,12.326370199287839,1.5561315249919236,0.4,0.3721775282213937,0.3721775282213937,RAD
8.679252061231664e+30,2942101141.02259,80.22963163028707,13187139.222203217,1.4147905306487272e+17,1.1250706228886771e+32,12.315900425268877,1.5564351546314386,0.4,0.37213259520305486,0.37213259520305486,RAD
8.784117181732869e+30,2954070410.46595,80.2067154286397,13184905.930141898,1.4141467190420597e+17,1.1379791129588097e+32,12.303335070921738,1.5567999496067753,0.4,0.3720786271557222,0.3720786271557222,RAD
8.888982302234073e+30,2965946836.6663747,80.1838895836562,13182681.698953878,1.4135056095917174e+17,1.1508744586765928e+32,12.290831203101584,1.557163385100023,0.4,0.3720248782059113,0.3720248782059113,RAD
8.993847422735278e+30,2977732239.085764,80.16115267554312,13180466.387070866,1.4128671604487072e+17,1.1637567240284252e+32,12.278387888615477,1.5575254828232643,0.4,0.3719713448965674,0.3719713448965674,RAD
9.098712543236482e+30,2989428380.827063,80.13850332308542,13178259.856762974,1.4122313308960462e+17,1.176625972035288e+32,12.266004219237228,1.5578862638963211,0.4,0.3719180238643016,0.3719180238643016,RAD
9.203577663737687e+30,3001036971.0070605,80.11594018216648,13176061.973991636,1.4115980813054378e+17,1.1894822647784235e+32,12.253679310757537,1.5582457488694705,0.4,0.37186491183579234,0.37186491183579234,RAD
9.308442784238891e+30,3012559667.003485,80.09346194436137,13173872.608269786,1.4109673730960776e+17,1.2023256634240423e+32,12.241412302080885,1.5586039577451134,0.4,0.37181200562438305,0.37181200562438305,RAD
9.413307904740095e+30,3023998076.584398,80.07106733559837,13171691.63252883,1.4103391686954675e+17,1.2151562282471084e+32,12.229202354365961,1.5589609099983526,0.4,0.37175930212683717,0.37175930212683717,RAD
9.5181730252413e+30,3035353759.927282,80.04875511488532,13169518.922992036,1.4097134315021131e+17,1.2279740186542433e+32,12.217048650207534,1.5593166245965746,0.4,0.3717067983202493,0.3717067983202493,RAD
9.623038145742504e+30,3046628231.5346937,80.02652407309635,13167354.359053953,1.409090125849998e+17,1.2407790932057922e+32,12.204950392857095,1.5596711200181261,0.4,0.3716544912591078,0.3716544912591078,RAD
9.727903266243709e+30,3057822962.0528393,80.00437303181614,13165197.82316551,1.4084692169747309e+17,1.2535715096370941e+32,12.192906805479891,1.5600244142700495,0.4,0.37160237807248525,0.37160237807248525,RAD
9.832768386744913e+30,3068939379.9989843,79.98230084223788,13163049.200724473,1.4078506709812685e+17,1.2663513248789897e+32,12.18091713044657,1.560376524905084,0.4,0.37155045596137953,0.37155045596137953,RAD
9.937633507246118e+30,3079978873.40319,79.96030638411209,13160908.379970947,1.4072344548131269e+17,1.2791185950776038e+32,12.168980628657284,1.5607274690377688,0.4,0.37149872219615193,0.37149872219615193,RAD
1.0042498627747322e+31,3090942791.369481,79.93838856474356,13158775.251887655,1.4066205362229957e+17,1.2918733756134356e+32,12.157096578896468,1.5610772633598993,0.4,0.371447174114102,0.371447174114102,RAD
1.0147363748248527e+31,3101832445.5611906,79.91654631803351,13156649.71010471,1.406008883744678e+17,1.3046157211197871e+32,12.14526427721669,1.5614259241552582,0.4,0.3713958091171478,0.3713958091171478,RAD
1.0252228868749732e+31,3112649111.614919,79.89477860356462,13154531.650808651,1.4053994666662845e+17,1.3173456855005615e+32,12.133483036349817,1.5617734673136519,0.4,0.3713446246695993,0.3713446246695993,RAD
1.0357093989250938e+31,3123394030.4872193,79.87308440572649,13152420.9726555,1.4047922550046102e+17,1.330063321947455e+32,12.1217521851441,1.5621199083443753,0.4,0.3712936182960433,0.3712936182960433,RAD
1.0461959109752144e+31,3134068409.737862,79.85146273287955,13150317.576687617,1.4041872194806344e+17,1.342768682956574e+32,12.110071068025803,1.5624652623890554,0.4,0.3712427875793134,0.3712427875793134,RAD
1.0588391206378452e+31,3146845999.1830134,79.82548931925916,13147791.133534066,1.4034606028599213e+17,1.3580708304460149e+32,12.09605278578686,1.5628802189925162,0.4,0.37118173302688895,0.37118173302688895,RAD
1.071482330300476e+31,3159524757.553763,79.79961826909827,13145274.970488038,1.4027370591408459e+17,1.3733552988629589e+32,12.082104773544899,1.5632936422523558,0.4,0.3711209263521992,0.3711209263521992,RAD
1.0841255399631068e+31,3172106622.404858,79.77384797372201,13142768.92698688,1.4020165408073e+17,1.3886221763749974e+32,12.068225966408633,1.5637055567233291,0.4,0.37106036363309225,0.37106036363309225,RAD
1.0967687496257377e+31,3184593471.2604628,79.74817686817865,13140272.846821472,1.4012990016281011e+17,1.4038715498214616e+32,12.054415327940037,1.5641159862897631,0.4,0.37100004105368894,0.37100004105368894,RAD
1.1094119592883685e+31,3196987124.142078,79.72260342956206,13137786.577969387,1.4005843966078173e+17,1.4191035047487067e+32,12.040671849072924,1.5645249541913648,0.4,0.3709399549003198,0.3709399549003198,RAD
1.1220551689509993e+31,3209289345.962518,79.69712617541676,13135309.97243629,1.399872681940012e+17,1.4343181254440634e+32,12.026994547084144,1.5649324830476945,0.4,0.3708801015576472,0.3708801015576472,RAD
1.1346983786136301e+31,3221501848.794465,79.67174366222079,13132842.88610504,1.3991638149627656e+17,1.4495154949685193e+32,12.013382464614818,1.5653385948815068,0.4,0.37082047750499375,0.37082047750499375,RAD
1.147341588276261e+31,3233626294.021485,79.64645448394174,13130385.17859208,1.3984577541163371e+17,1.4646956951881946e+32,11.999834668738606,1.5657433111409116,0.4,0.37076107931283125,0.37076107931283125,RAD
1.1599847979388918e+31,3245664294.378826,79.62125727066152,13127936.71311066,1.3977544589028416e+17,1.4798588068046665e+32,11.986350250073894,1.566146652720512,0.4,0.3707019036394482,0.3707019036394482,RAD
1.1726280076015226e+31,3257617415.89078,79.59615068726622,13125497.356340503,1.397053889847826e+17,1.495004909384198e+32,11.972928321937806,1.5665486399815352,0.4,0.37064294722777047,0.37064294722777047,RAD
1.1852712172641534e+31,3269487179.7108994,79.57113343219672,13123066.97830356,1.3963560084636346e+17,1.5101340813859225e+32,11.959568019539162,1.5669492927709956,0.4,0.3705842069023235,0.3705842069023235,RAD
1.1979144269267843e+31,3281275063.870933,79.54620423625734,13120645.452245472,1.3956607772144632e+17,1.5252464001890318e+32,11.946268499208868,1.5673486304400386,0.4,0.370525679566352,0.370525679566352,RAD
1.210557636589415e+31,3292982504.943911,79.5213618614787,13118232.65452247,1.3949681594830056e+17,1.5403419421190123e+32,11.933028937664961,1.5677466718613489,0.4,0.3704673621990456,0.3704673621990456,RAD
1.223200846252046e+31,3304610899.6264477,79.49660510003201,13115828.464493351,1.3942781195386056e+17,1.5554207824729747e+32,11.91984853131059,1.568143435445877,0.4,0.3704092518529174,0.3704092518529174,RAD
1.2358440559146767e+31,3316161606.244975,79.47193277319198,13113432.764416311,1.3935906225068314e+17,1.5704829955441143e+32,11.906726495563488,1.5685389391587319,0.4,0.3703513456512775,0.3703513456512775,RAD
1.2484872655773076e+31,3327635946.1903067,79.44734373034541,13111045.43935032,1.3929056343403934e+17,1.5855286546453436e+32,11.893662064214626,1.568933200534406,0.4,0.3702936407858284,0.3702936407858284,RAD
1.2611304752399384e+31,3339035205.2846274,79.42283684804359,13108666.377060827,1.392223121791336e+17,1.6005578321321315e+32,11.880654488815162,1.5693262366913403,0.4,0.3702361345143663,0.3702361345143663,RAD
1.2763746908435733e+31,3352681497.85557,79.39339601850122,13105808.717460895,1.3914034461927083e+17,1.618657050372967e+32,11.865045514983933,1.5697985241346426,0.4,0.3701670581272214,0.3701670581272214,RAD
1.2907639763321227e+31,3365465921.9173536,79.36571272953894,13103122.027695192,1.3906329484868694e+17,1.6357194473340705e+32,11.850385659759306,1.5702427384732855,0.4,0.37010211288668987,0.37010211288668987,RAD
1.3051532618206722e+31,3378158350.0689464,79.33813123711036,13100445.578492224,1.3898655205028485e+17,1.65276080069802e+32,11.83579636522002,1.5706854362555636,0.4,0.37003741359160874,0.37003741359160874,RAD
1.3195425473092216e+31,3390760468.275081,79.31065004653324,13097779.220489183,1.3891011179801674e+17,1.669781211275771e+32,11.821276633692632,1.5711266402443442,0.4,0.3699729565924471,0.3699729565924471,RAD
1.333931832797771e+31,3403273913.644226,79.28326770111977,13095122.808109745,1.3883396977769534e+17,1.686780778460712e+32,11.806825492391328,1.5715663726208169,0.4,0.3699087383321527,0.3699087383321527,RAD
1.3483211182863205e+31,3415700276.3542547,79.25598278081226,13092476.199428288,1.3875812178298867e+17,1.7037596002638352e+32,11.792441992533327,1.5720046550054403,0.4,0.3698447553428391,0.3698447553428391,RAD
1.36271040377487e+31,3428041101.4825435,79.22879390088175,13089839.25604038,1.3868256371159942e+17,1.7207177733476643e+32,11.778125208495117,1.5724415084779093,0.4,0.36978100424262444,0.36978100424262444,RAD
1.3770996892634194e+31,3440297890.7461953,79.20169971068619,13087211.842939174,1.3860729156161864e+17,1.7376553930589926e+32,11.76387423700683,1.572876953596202,0.4,0.36971748173261165,0.36971748173261165,RAD
1.391488974751969e+31,3452472104.1576934,79.17469889248449,13084593.828397395,1.3853230142804397e+17,1.7545725534604924e+32,11.74968819638276,1.5733110104147878,0.4,0.36965418459401195,0.36965418459401195,RAD
1.4058782602405184e+31,3464565161.6009254,79.14779016030394,13081985.083854593,1.3845758949945334e+17,1.7714693473612393e+32,11.735566225786343,1.5737436985020123,0.4,0.36959110968539355,0.36959110968539355,RAD
1.4202675457290678e+31,3476578444.3321795,79.12097225885782,13079385.483809391,1.3838315205482586e+17,1.7883458663462042e+32,11.721507484527205,1.5741750369566818,0.4,0.36952825394004724,0.36952825394004724,RAD
1.4346568312176173e+31,3488513296.4104066,79.09424396251008,13076794.905716449,1.3830898546050165e+17,1.8052022008047533e+32,11.707511151388823,1.574605044423955,0.4,0.36946561436347386,0.36946561436347386,RAD
1.45199239959623e+31,3502789563.179579,79.06216021298148,13073685.70536148,1.3821998754631806e+17,1.82548327910054e+32,11.690730741337049,1.5751213563332849,0.4,0.3693904319480607,0.3693904319480607,RAD
1.469327967974843e+31,3516956111.113959,79.03020274382638,13070589.22223841,1.3813137155753765e+17,1.8457353441162205e+32,11.67403838094791,1.575635793825373,0.4,0.3693155540618301,0.3693155540618301,RAD
1.4866635363534557e+31,3531015091.8625526,78.99836957132109,13067505.25795993,1.3804313161016211e+17,1.8659585473318177e+32,11.65743273903086,1.5761483870644795,0.4,0.36924097585691545,0.36924097585691545,RAD
1.5039991047320686e+31,3544968590.416245,78.96665876566024,13064433.619515333,1.3795526197912766e+17,1.8861530379506043e+32,11.6409125198654,1.5766591653902864,0.4,0.3691666926168104,0.3691666926168104,RAD
1.5213346731106814e+31,3558818627.9145203,78.93506844888796,13061374.119064532,1.3786775709222618e+17,1.9063189629594155e+32,11.624476461855174,1.5771681573495628,0.4,0.3690926997513285,0.3690926997513285,RAD
1.5386702414892942e+31,3572567164.3034844,78.90359679293135,13058326.573742244,1.3778061152432555e+17,1.9264564671866862e+32,11.608123336248115,1.5776753907263696,0.4,0.3690189927918319,0.3690189927918319,RAD
1.556005809867907e+31,3586216100.854638,78.87224201772948,13055290.805471694,1.3769381999187125e+17,1.946565693358325e+32,11.591851945918304,1.5781808925707128,0.4,0.36894556738667766,0.36894556738667766,RAD
1.5733413782465199e+31,3599767282.55317,78.84100238945285,13052266.6407873,1.3760737734765232e+17,1.9666467821515245e+32,11.575661124206357,1.5786846892258548,0.4,0.3688724192968905,0.3688724192968905,RAD
1.5906769466251327e+31,3613222500.363883,78.80987621880756,13049253.910665797,1.3752127857581658e+17,1.9866998722466145e+32,11.559549733814418,1.5791868063543169,0.4,0.36879954439204243,0.36879954439204243,RAD
1.6080125150037455e+31,3626583493.382281,78.77886185941958,13046252.450365327,1.3743551878712027e+17,2.0067251003770387e+32,11.54351666575328,1.5796872689626376,0.4,0.3687269386463205,0.3687269386463205,RAD
1.6253480833823583e+31,3639851950.877816,78.74795770629424,13043262.099272018,1.3735009321439898e+17,2.0267226013775545e+32,11.527560838337847,1.5801861014249725,0.4,0.3686545981347795,0.3686545981347795,RAD
1.6426836517609712e+31,3653029514.2357845,78.7171621943471,13040282.700753639,1.3726499720824709e+17,2.0466925082307268e+32,11.511681196228846,1.5806833275056305,0.4,0.36858251902977224,0.36858251902977224,RAD
1.660019220139584e+31,3666117778.803911,78.68647379700148,13037314.102019938,1.371802262328942e+17,2.0666349521118028e+32,11.49587670951804,1.5811789703805568,0.4,0.3685106975975381,0.3685106975975381,RAD
1.6773547885181968e+31,3679118295.649251,78.65589102484982,13034356.153989278,1.370957758622675e+17,2.0865500624320336e+32,11.480146372854216,1.581673052657842,0.4,0.36843913019494484,0.36843913019494484,RAD
1.6946903568968096e+31,3692032573.230633,78.62541242437464,13031408.711161233,1.3701164177622982e+17,2.1064379668805176e+32,11.464489204608213,1.5821655963973351,0.4,0.36836781326638207,0.36836781326638207,RAD
1.7120259252754225e+31,3704862078.9915338,78.59503657672619,13028471.631494824,1.3692781975698397e+17,2.1262987914646245e+32,11.448904246074603,1.582656623129335,0.4,0.36829674334077805,0.36829674334077805,RAD
1.7293614936540353e+31,3717608240.877928,78.56476209655362,13025544.776292073,1.3684430568563422e+17,2.14613266054907e+32,11.433390560707847,1.5831461538725444,0.4,0.3682259170287686,0.3682259170287686,RAD
1.7502607504612655e+31,3732865810.017229,78.52839691111504,13022029.645894581,1.3674402725509822e+17,2.1700081333071003e+32,11.414781171246522,1.5837343581172851,0.4,0.36814085007169906,0.36814085007169906,RAD
1.7711600072684957e+31,3748006629.8823,78.49217477825094,13018528.947686251,1.366441836825884e+17,2.1938448193164493e+32,11.396272477873412,1.5843204529351136,0.4,0.36805612672249344,0.36805612672249344,RAD
1.7920592640757259e+31,3763032991.0916357,78.45609345116287,13015042.45666691,1.3654476828435048e+17,2.21764292742743e+32,11.377862959157305,1.5849044723971148,0.4,0.36797174148288003,0.36797174148288003,RAD
1.812958520882956e+31,3777947113.289785,78.42015074413477,13011569.953933584,1.3644577455706211e+17,2.2414026633532526e+32,11.3595511341468,1.5854864496419132,0.4,0.36788768900361984,0.36788768900361984,RAD
1.8338577776901863e+31,3792751148.1361895,78.38434453018884,13008111.226446932,1.3634719617093338e+17,2.2651242297530046e+32,11.341335560835647,1.5860664169115513,0.4,0.3678039640787966,0.3678039640787966,RAD
1.8547570344974164e+31,3807447182.1356564,78.34867273885713,13004666.066809172,1.3624902696314694e+17,2.2888078263115077e+32,11.323214834703576,1.5866444055855955,0.4,0.3677205616403916,0.3677205616403916,RAD
1.8756562913046466e+31,3822037239.320531,78.31313335406186,13001234.273052827,1.3615126093161722e+17,2.3124536498161963e+32,11.305187587327561,1.5872204462136175,0.4,0.36763747675312775,0.36763747675312775,RAD
1.8965555481118768e+31,3836523283.793906,78.27772441209791,12997815.648439644,1.3605389222904976e+17,2.3360618942311656e+32,11.28725248505938,1.587794568546047,0.4,0.3675547046095532,0.3675547046095532,RAD
1.917454804919107e+31,3850907222.1425104,78.24244399971133,12994410.001269098,1.359569151572834e+17,2.3596327507685218e+32,11.269408227765876,1.5883668015636123,0.4,0.3674722405253681,0.3674722405253681,RAD
1.9383540617263372e+31,3865190905.727298,78.20729025226878,12991017.14469591,1.3586032416189845e+17,2.3831664079571597e+32,11.251653547628122,1.5889371735053446,0.4,0.36739007993496453,0.36739007993496453,RAD
1.9592533185335674e+31,3879376132.859188,78.17226135201209,12987636.896556068,1.3576411382707613e+17,2.406663051709093e+32,11.23398720799613,1.589505711895277,0.4,0.36730821838717365,0.36730821838717365,RAD
1.9801525753407976e+31,3893464650.8668685,78.13735552639366,12984269.07920088,1.3566827887069451e+17,2.4301228653834428e+32,11.216408002296046,1.5900724435679423,0.4,0.36722665154121703,0.36722665154121703,RAD
2.0010518321480278e+31,3907458158.063099,78.10257104648764,12980913.519338591,1.355728141396481e+17,2.453546029848196e+32,11.198914752986713,1.590637394692658,0.4,0.3671453751628314,0.3671453751628314,RAD
2.021951088955258e+31,3921358305.6155005,78.06790622547302,12977570.047883147,1.3547771460537837e+17,2.476932723539833e+32,11.181506310563181,1.5912005907967708,0.4,0.36706438512058237,0.36706438512058237,RAD
2.042850345762488e+31,3935166699.3274097,78.03335941718474,12974238.499809723,1.3538297535960384e+17,2.5002831225209173e+32,11.16418155260431,1.5917620567877684,0.4,0.3669836773823224,0.3669836773823224,RAD
2.0637496025697184e+31,3948884901.333988,77.99892901472857,12970918.71401664,1.3528859161023869e+17,2.5235974005357408e+32,11.14693938286213,1.5923218169745226,0.4,0.3669032480118294,0.3669032480118294,RAD
2.0846488593769486e+31,3962514431.71844,77.9646134491571,12967610.533193324,1.3519455867748984e+17,2.5468757290641077e+32,11.129778730390978,1.5928798950874996,0.4,0.3668230931655714,0.3668230931655714,RAD
2.109843805301099e+31,3978829627.700511,77.92339506498617,12963637.590128696,1.3508165786741917e+17,2.574891195151042e+32,11.109197718875025,1.593550478731092,0.4,0.36672682271466966,0.36672682271466966,RAD
2.1350387512252494e+31,3995020619.582799,77.88233873579655,12959681.027475443,1.3496925246610523e+17,2.602854952938896e+32,11.088731871626926,1.5942186909642424,0.4,0.3666309393777692,0.3666309393777692,RAD
2.1602336971493998e+31,4011089845.5863395,77.84144191724667,12955740.59005441,1.3485733487974728e+17,2.6307672903817684e+32,11.06837944880745,1.5948845702471863,0.4,0.36653543692052054,0.36653543692052054,RAD
2.18542864307355e+31,4027039668.376461,77.80070213417933,12951816.029600324,1.3474589771939688e+17,2.6586284911088464e+32,11.04813875679986,1.5955481539861867,0.4,0.3664403092776384,0.3664403092776384,RAD
2.2106235889977005e+31,4042872378.244867,77.76011697796658,12947907.104496958,1.3463493379312734e+17,2.6864388345386424e+32,11.028008146460017,1.596209478574118,0.4,0.36634555054642626,0.36634555054642626,RAD
2.235818534921851e+31,4058590196.1230946,77.71968410398526,12944013.57952533,1.345244360985882e+17,2.7141985959889265e+32,11.007986011451484,1.5968685794290596,0.4,0.36625115498062594,0.36625115498062594,RAD
2.2610134808460013e+31,4074195276.438079,77.679401229216,12940135.22562417,1.344143978159219e+17,2.7419080467825685e+32,10.988070786661563,1.5975254910310028,0.4,0.3661571169845643,0.3661571169845643,RAD
2.2862084267701517e+31,4089689709.819753,77.63926612995755,12936271.819661928,1.3430481230102125e+17,2.769567454349486e+32,10.968260946692736,1.5981802469567508,0.4,0.36606343110757494,0.36606343110757494,RAD
2.311403372694302e+31,4105075525.669895,77.59927663965045,12932423.144219633,1.3419567307910746e+17,2.7971770823248807e+32,10.948555004425508,1.5988328799132017,0.4,0.3659700920386972,0.3659700920386972,RAD
2.3365983186184524e+31,4120354694.60076,77.55943064680335,12928588.987383984,1.3408697383861046e+17,2.82473719064394e+32,10.928951509648364,1.5994834217690397,0.4,0.3658770946016196,0.3658770946016196,RAD
2.361793264542603e+31,4135529130.7514277,77.51972609301585,12924769.142550085,1.33978708425334e+17,2.852248035633168e+32,10.909449047751238,1.6001319035848975,0.4,0.36578443374984965,0.36578443374984965,RAD
2.386988210466753e+31,4150600693.989231,77.48016097109276,12920963.408233277,1.3387087083688939e+17,2.8797098700985013e+32,10.890046238478522,1.6007783556422306,0.4,0.36569210456212947,0.36569210456212947,RAD
2.4121831563909036e+31,4165571192.0031176,77.44073332324466,12917171.587889552,1.3376345521738291e+17,2.9071229434103513e+32,10.870741734738829,1.6014228074707269,0.4,0.36560010223802847,0.36560010223802847,RAD
2.437378102315054e+31,4180442382.2953143,77.40144123936946,12913393.489744073,1.3365645585234267e+17,2.9344875015857192e+32,10.851534221467535,1.6020652878746033,0.4,0.365508422093764,0.365508422093764,RAD
2.4625730482392044e+31,4195215974.077241,77.36228285541115,12909628.92662736,1.3354986716387184e+17,2.9618037873675088e+32,10.832422414540405,1.6027058249576656,0.4,0.36541705955819503,0.36541705955819503,RAD
2.4877679941633548e+31,4209893630.075195,77.323256351791,12905877.715818718,1.3344368370601597e+17,2.9890720403011603e+32,10.813405059734334,1.6033444461472357,0.4,0.3653260101689898,0.3653260101689898,RAD
2.512962940087505e+31,4224476968.2509775,77.28435995190769,12902139.678896517,1.3333790016033274e+17,3.0162924968087257e+32,10.794480931733478,1.60398117821708,0.4,0.3652352695689706,0.3652352695689706,RAD
2.5433347337265865e+31,4241933624.8575377,77.23764193124745,12897650.846313437,1.3321090533213538e+17,3.0490427807405613e+32,10.77179066073205,1.6047462665390304,0.4,0.3651262887874404,0.3651262887874404,RAD
2.5720028983677423e+31,4258289861.8496165,77.19371291285023,12893430.866529774,1.3309155220344624e+17,3.07989297290938e+32,10.750493994256667,1.605465995633517,0.4,0.365023820467393,0.365023820467393,RAD
2.600671063008898e+31,4274530592.7907224,77.14994503271072,12889227.208994094,1.3297269495687387e+17,3.1106822776198443e+32,10.729312982621726,1.6061833889533514,0.4,0.36492173401369504,0.36492173401369504,RAD
2.629339227650054e+31,4290657937.737162,77.10633592880237,12885039.636394694,1.328543265149478e+17,3.1414110240822377e+32,10.70824599261174,1.6068984820611965,0.4,0.3648200236320484,0.3648200236320484,RAD
2.65800739229121e+31,4306673955.311643,77.06288329915614,12880867.917429825,1.3273643997853238e+17,3.1720795368831242e+32,10.687291431515597,1.6076113096070377,0.4,0.36471868367515875,0.36471868367515875,RAD
2.6866755569323657e+31,4322580645.124465,77.01958489970359,12876711.826592322,1.3261902862045147e+17,3.202688136099397e+32,10.666447745693402,1.6083219053611533,0.4,0.3646177086374848,0.3646177086374848,RAD
2.7153437215735215e+31,4338379950.074569,76.97643854221967,12872571.143964183,1.325020858794067e+17,3.2332371374083125e+32,10.645713419208894,1.609030302245445,0.4,0.3645170931502013,0.3645170931502013,RAD
2.7440118862146774e+31,4354073758.537588,76.9334420923597,12868445.655020492,1.3238560535417283e+17,3.263726852193694e+32,10.625086972523638,1.6097365323634278,0.4,0.36441683197641644,0.36441683197641644,RAD
2.772680050855833e+31,4369663906.447584,76.8905934677846,12864335.15044223,1.3226958079805477e+17,3.294157587648475e+32,10.60456696124972,1.6104406270287885,0.4,0.3643169200065857,0.3643169200065857,RAD
2.801348215496989e+31,4385152179.278666,76.84789063637072,12860239.42593742,1.3215400611359206e+17,3.324529646873751e+32,10.58415197495779,1.611142616792699,0.4,0.36421735225414115,0.36421735225414115,RAD
2.830016380138145e+31,4400540313.932284,76.80533161449829,12856158.282070203,1.3203887534749709e+17,3.354843328974482e+32,10.563840636037293,1.611842531469927,0.4,0.364118123851315,0.364118123851315,RAD
2.8586845447793007e+31,4415830000.535602,76.76291446541536,12852091.524097387,1.3192418268581462e+17,3.385098929152007e+32,10.543631598606027,1.612540400163752,0.4,0.3640192300451346,0.3640192300451346,RAD
2.8932146229853813e+31,4434117669.205106,76.71200975732114,12847212.046665179,1.3178661187030216e+17,3.421464335655679e+32,10.519424279139564,1.613378289295638,0.4,0.3639005526015273,0.3639005526015273,RAD
2.927744701191462e+31,4452267688.95289,76.66130490979849,12842352.840049313,1.3164965873280254e+17,3.457746403809977e+32,10.495361226895177,1.6142132997638672,0.4,0.36378234594309605,0.36378234594309605,RAD
2.9622747793975425e+31,4470282763.575506,76.61079679039538,12837513.589174205,1.3151331386292965e+17,3.4939456279880856e+32,10.47144026075215,1.615045478601851,0.4,0.3636646023814495,0.3636646023814495,RAD
2.996804857603623e+31,4488165513.124829,76.56048235180728,12832693.98749262,1.3137756810361322e+17,3.530062495132155e+32,10.447659257365302,1.6158748715512816,0.4,0.36354731443684263,0.36354731443684263,RAD
3.0313349358097037e+31,4505918477.433237,76.51035862861059,12827893.736659257,1.312424125414286e+17,3.566097484949002e+32,10.42401614898298,1.6167015231118909,0.4,0.3634304748301918,0.3634304748301918,RAD
3.0658650140157843e+31,4523544119.452074,76.46042273415722,12823112.546220403,1.3110783849740174e+17,3.602051070098464e+32,10.400508921371372,1.6175254765887201,0.4,0.36331407647547354,0.36331407647547354,RAD
3.100395092221865e+31,4541044828.415283,76.41067185762057,12818350.133318689,1.3097383751826088e+17,3.6379237163747534e+32,10.377135611839046,1.6183467741371806,0.4,0.36319811247251665,0.36319811247251665,RAD
3.1349251704279455e+31,4558422922.839193,76.3611032611837,12813606.222412055,1.3084040136810867e+17,3.673715882881164e+32,10.353894307355691,1.6191654568058333,0.4,0.3630825761001173,0.3630825761001173,RAD
3.169455248634026e+31,4575680653.368656,76.31171427736174,12808880.54500609,1.3070752202049e+17,3.709428022198428e+32,10.330783142759469,1.6199815645771871,0.4,0.36296746080949654,0.36296746080949654,RAD
3.2039853268401067e+31,4592820205.478988,76.26250230645033,12804172.839398976,1.3057519165083264e+17,3.745060580547037e+32,10.307800299048218,1.6207951364065347,0.4,0.36285276021805757,0.36285276021805757,RAD
3.2385154050461873e+31,4609843702.042484,76.21346481409336,12799482.850438308,1.304434026292394e+17,3.780613997943789e+32,10.284944001749276,1.6216062102589939,0.4,0.3627384681034381,0.3627384681034381,RAD
3.273045483252268e+31,4626753205.767671,76.16459932896261,12794810.329289118,1.3031214751361178e+17,3.816088708352848e+32,10.262212519363882,1.6224148231448368,0.4,0.3626245783978385,0.3626245783978385,RAD
3.3075755614583485e+31,4643550721.518865,76.11590344054365,12790155.033212477,1.3018141904308664e+17,3.851485139831546e+32,10.239604161881694,1.6232210111531722,0.4,0.3625110851825996,0.3625110851825996,RAD
3.342105639664429e+31,4660238198.52311,76.06737479702157,12785516.725354085,1.3005121013176848e+17,3.886803714671177e+32,10.217117279361826,1.624024809484132,0.4,0.3623979826830339,0.3623979826830339,RAD
3.3766357178705097e+31,4676817532.471057,76.0190111032613,12780895.174542295,1.2992151386274102e+17,3.922044849532994e+32,10.194750260576653,1.6248262524795816,0.4,0.362285265263479,0.362285265263479,RAD
3.4111657960765903e+31,4693290567.517904,75.97081011887738,12776290.155095072,1.2979232348234307e+17,3.957208955579634e+32,10.172501531714802,1.6256253736525372,0.4,0.3621729274225851,0.3621729274225851,RAD
3.445695874282671e+31,4709659098.190133,75.92276965638828,12771701.44663539,1.2966363239469429e+17,3.992296438602156e+32,10.150369555140593,1.6264222057151825,0.4,0.3620609637887849,0.3620609637887849,RAD
3.487302365633182e+31,4729245761.430956,75.86509424276896,12766193.714757713,1.2950922215828771e+17,4.034473348321108e+32,10.123854931235202,1.6273793407753232,0.4,0.3619265445760978,0.3619265445760978,RAD
3.5289088569836933e+31,4748686198.79652,75.80764514444654,12760708.985011227,1.2935551649369141e+17,4.076540283635403e+32,10.097505072748463,1.62833325311393,0.4,0.3617926521082906,0.3617926521082906,RAD
3.5705153483342046e+31,4767983284.507824,75.75041881929066,12755246.900417242,1.292025047113486e+17,4.118497924862275e+32,10.071317484619149,1.629283995650512,0.4,0.3616592776867956,0.3616592776867956,RAD
3.612121839684716e+31,4787139803.787768,75.69341182143789,12749807.113654004,1.2905017640904243e+17,4.16034694207605e+32,10.04528973777639,1.6302316198484665,0.4,0.36152641284930065,0.36152641284930065,RAD
3.653728331035227e+31,4806158456.6063795,75.63662079759965,12744389.28668728,1.288985214609364e+17,4.202087995377486e+32,10.019419466650998,1.6311761757712149,0.4,0.3613940493607113,0.3613940493607113,RAD
3.6953348223857383e+31,4825041861.22772,75.58004248355195,12738993.090419106,1.2874753000715307e+17,4.2437217351530206e+32,9.993704366808087,1.632117712135502,0.4,0.36126217920454395,0.36126217920454395,RAD
3.7369413137362495e+31,4843792557.571112,75.52367370079651,12733618.204353636,1.2859719244385882e+17,4.285248802324397e+32,9.968142192693664,1.633056276362203,0.4,0.3611307945747624,0.3611307945747624,RAD
3.7785478050867608e+31,4862413010.398329,75.46751135338222,12728264.316279046,1.284474994138246e+17,4.326669828589151e+32,9.942730755488562,1.6339919146245496,0.4,0.3609998878679792,0.3609998878679792,RAD
3.820154296437272e+31,4880905612.337594,75.4115524248787,12722931.121964594,1.2829844179743515e+17,4.3679854366523746e+32,9.917467921063539,1.6349246718941635,0.4,0.3608694516760517,0.3608694516760517,RAD
3.8617607877877832e+31,4899272686.754406,75.355793975492,12717618.324871918,1.2815001070412026e+17,4.409196240450173e+32,9.892351608029587,1.6358545919848513,0.4,0.36073947877901447,0.36073947877901447,RAD
3.9033672791382945e+31,4917516490.478522,75.30023313931501,12712325.63587978,1.2800219746418437e+17,4.4503028453652e+32,9.867379785878045,1.636781717594336,0.4,0.3606099621383364,0.3606099621383364,RAD
3.9449737704888057e+31,4935639216.395755,75.24486712170484,12707052.773021484,1.2785499362101173e+17,4.491305848434631e+32,9.842550473205607,1.6377060903441223,0.4,0.3604808948905022,0.3604808948905022,RAD
3.986580261839317e+31,4953642995.912628,75.18969319677964,12701799.461234273,1.2770839092362598e+17,4.532205838550922e+32,9.8178617360194,1.6386277508174631,0.4,0.3603522703408704,0.3603522703408704,RAD
4.028186753189828e+31,4971529901.301401,75.1347087050288,12696565.432120007,1.2756238131958478e+17,4.573003396655671e+32,9.793311686117555,1.6395467385956712,0.4,0.3602240819578235,0.3602240819578235,RAD
4.069793244540339e+31,4989301947.932421,75.07991105102965,12691350.42371653,1.274169569481908e+17,4.613699095926897e+32,9.768898479541525,1.6404630922927452,0.4,0.360096323367165,0.360096323367165,RAD
4.111399735890851e+31,5006961096.400326,75.02529770126557,12686154.180279149,1.2727211013400214e+17,4.654293501960015e+32,9.744620315096045,1.6413768495885057,0.4,0.3599689883467755,0.3599689883467755,RAD
4.153006227241362e+31,5024509254.550157,74.97086618203943,12680976.452071644,1.2712783338062587e+17,4.6947871729427985e+32,9.720475432932908,1.6422880472602248,0.4,0.3598420708214912,0.3598420708214912,RAD
4.203122427084659e+31,5045501776.47431,74.90553986785002,12674763.968767501,1.2695479443657149e+17,4.7434299831381145e+32,9.691566760703099,1.6433822631458042,0.4,0.35968974096704565,0.35968974096704565,RAD
4.253238626927956e+31,5066339106.8902235,74.84046975268268,12668577.57988175,1.2678255949413885e+17,4.791928386236497e+32,9.662846041618941,1.644472878480196,0.4,0.3595379981455893,0.3595379981455893,RAD
4.303354826771253e+31,5087024298.538516,74.77565183491116,12662416.881265165,1.2661111641507754e+17,4.840283317006361e+32,9.634310422611406,1.6455599526880997,0.4,0.35938683252988857,0.35938683252988857,RAD
4.35347102661455e+31,5107560309.686213,74.71108222161945,12656281.47969234,1.2644045338682096e+17,4.8884956961076254e+32,9.605957125950592,1.646643543555401,0.4,0.3592362345598535,0.3592362345598535,RAD
4.403587226457847e+31,5127950008.100196,74.64675712443477,12650170.992444122,1.2627055891007941e+17,4.9365664304621155e+32,9.57778344640922,1.6477237072923367,0.4,0.35908619493231325,0.35908619493231325,RAD
4.453703426301144e+31,5148196174.8103895,74.58267285556549,12644085.046910595,1.2610142178704173e+17,4.9844964136101e+32,9.549786748563905,1.648800498593603,0.4,0.3589367045913084,0.3589367045913084,RAD
4.503819626144441e+31,5168301507.676031,74.5188258240322,12638023.280213347,1.2593303111014942e+17,5.032286526053632e+32,9.521964464226535,1.6498739706954189,0.4,0.3587877547188312,0.3587877547188312,RAD
4.553935825987738e+31,5188268624.767411,74.45521253208028,12631985.338845907,1.2576537625140926e+17,5.079937635587327e+32,9.49431408999742,1.6509441754299052,0.4,0.35863933672602666,0.35863933672602666,RAD
4.604052025831035e+31,5208100067.574535,74.39182957176328,12625970.878331268,1.2559844685221293e+17,5.127450597617169e+32,9.466833184933913,1.6520111632768621,0.4,0.3584914422448123,0.3584914422448123,RAD
4.654168225674332e+31,5227798304.053361,74.32867362168741,12619979.562895518,1.2543223281363437e+17,5.1748262554679056e+32,9.439519368327268,1.6530749834130491,0.4,0.3583440631198806,0.3583440631198806,RAD
4.704284425517629e+31,5247365731.519477,74.26574144390743,12614011.065156652,1.2526672428717757e+17,5.2220654406795624e+32,9.412370317581708,1.6541356837592338,0.4,0.35819719140108863,0.35819719140108863,RAD
4.754400625360926e+31,5266804679.398405,74.20302988096611,12608065.065827712,1.2510191166594925e+17,5.2691689732935725e+32,9.385383766190444,1.655193311024978,0.4,0.3580508193361808,0.3580508193361808,RAD
4.804516825204223e+31,5286117411.841066,74.1405358530685,12602141.25343344,1.2493778557623267e+17,5.31613766212899e+32,9.358557501802322,1.6562479107514276,0.4,0.3579049393638536,0.3579049393638536,RAD
4.85463302504752e+31,5305306130.212347,74.07825635538373,12596239.324039696,1.2477433686944034e+17,5.3629723050492374e+32,9.331889364375202,1.6572995273521816,0.4,0.3577595441071376,0.3577595441071376,RAD
4.904749224890817e+31,5324372975.460164,74.01618845546773,12590358.980994953,1.246115566144248e+17,5.4096736892197976e+32,9.305377244410245,1.658348204152263,0.4,0.35761462636706,0.35761462636706,RAD
4.916257436353529e+31,5328734319.56712,74.00196534244208,12589011.6911121,1.2457427074497342e+17,5.420379022803076e+32,9.299311059679928,1.658593122579483,0.4,0.35758239019411775,0.35758239019411775,RAD
4.927765647816241e+31,5333089372.133465,73.98775328085868,12587665.507275207,1.2453701955834109e+17,5.4310773799377096e+32,9.293252936278474,1.6588584777151392,0.4,0.35755461761294277,0.35755461761294277,RAD
4.979013691167632e+31,5352407418.01921,73.92459832064577,12581683.976339826,1.2437155204890331e+17,5.4786345359377045e+32,9.266372119543183,1.660038196454555,0.4,0.3574312110611694,0.3574312110611694,RAD
5.030261734519022e+31,5371603320.992835,73.8616596768349,12575723.879245507,1.242067612813938e+17,5.526054336052414e+32,9.239648244792715,1.661214760212668,0.4,0.3573082398213065,0.3573082398213065,RAD
5.081509777870413e+31,5390679162.322532,73.79893444086647,12569784.927486563,1.2404263845830614e+17,5.5733375792658686e+32,9.213079246608778,1.6623882155329788,0.4,0.3571856974354751,0.3571856974354751,RAD
5.132757821221803e+31,5409636967.472281,73.73641977253764,12563866.839316748,1.238791749862697e+17,5.620485054098872e+32,9.186663106779413,1.663558607845809,0.4,0.3570635776059412,0.3570635776059412,RAD
5.1946317323477855e+31,5432371041.222668,73.66121982860271,12556749.092681551,1.2368268532780418e+17,5.6772283724899846e+32,9.154970671960832,1.6649676531771918,0.4,0.3569166915355133,0.3569166915355133,RAD
5.253029520417647e+31,5453675735.539221,73.59051824066225,12550058.331065675,1.2349809205861464e+17,5.730604523679197e+32,9.125257450070178,1.6662935693566097,0.4,0.35677860496789143,0.35677860496789143,RAD
5.311427308487509e+31,5474835468.307345,73.52007833962804,12543393.49651143,1.2331431942705883e+17,5.783807712733156e+32,9.095734364094566,1.6676156957555945,0.4,0.356641041140971,0.356641041140971,RAD
5.369825096557371e+31,5495852906.123526,73.44989633132244,12536754.21251482,1.231313559380442e+17,5.836839042075715e+32,9.066398710223616,1.6689340929509782,0.4,0.35650399168828517,0.35650399168828517,RAD
5.428222884627233e+31,5516730638.504295,73.37996851771904,12530140.112081863,1.2294919038394782e+17,5.889699598536755e+32,9.037247851264157,1.6702488199563947,0.4,0.3563674484664404,0.3563674484664404,RAD
5.486620672697095e+31,5537471180.916623,73.31029129350121,12523550.837388633,1.2276781183439266e+17,5.942390453734322e+32,9.008279214298241,1.6715599342787235,0.4,0.3562314035467239,0.3562314035467239,RAD
5.545018460766957e+31,5558076977.658291,73.24086114277884,12516986.039456932,1.2258720962649238e+17,5.994912664443401e+32,8.979490288447577,1.6728674919719766,0.4,0.3560958492071315,0.3560958492071315,RAD
5.603416248836819e+31,5578550404.597185,73.17167463595497,12510445.377844732,1.2240737335553907e+17,6.047267272951935e+32,8.950878622738555,1.6741715476886374,0.4,0.3559607779247606,0.3559607779247606,RAD
5.661814036906681e+31,5598893771.777804,73.1027284267332,12503928.520350566,1.222282928661088e+17,6.099455307404651e+32,8.922441824062233,1.675472154728736,0.4,0.3558261823685777,0.3558261823685777,RAD
5.720211824976543e+31,5619109325.902721,73.03401924925903,12497435.142731087,1.2204995824356261e+17,6.151477782135243e+32,8.894177555224296,1.6767693650866973,0.4,0.3556920553925204,0.3556920553925204,RAD
5.778609613046405e+31,5639199252.696207,72.96554391538731,12490964.928431101,1.2187235980592112e+17,6.203335697987412e+32,8.866083533079838,1.6780632294961202,0.4,0.3555583900289212,0.3555583900289212,RAD
5.837007401116267e+31,5659165679.156747,72.89729931206881,12484517.56832539,1.2169548809609301e+17,6.255030042625255e+32,8.83815752674886,1.679353797472541,0.4,0.3554251794822235,0.3554251794822235,RAD
5.907252602108116e+31,5683022081.505532,72.81551102675459,12476792.056983432,1.2148368343484776e+17,6.3169965074614525e+32,8.804785572262663,1.680901889459219,0.4,0.35526553715024395,0.35526553715024395,RAD
5.977497803099965e+31,5706706282.470195,72.73404703393528,12469098.664777733,1.2127290124414171e+17,6.3787293822409206e+32,8.771649867627945,1.6824453636512955,0.4,0.35510653208061854,0.35510653208061854,RAD
6.047743004091815e+31,5730221672.084853,72.65290231723723,12461436.893442629,1.2106312626803152e+17,6.4402303137950905e+32,8.73874681007704,1.6839842997166756,0.4,0.35494815336374574,0.35494815336374574,RAD
6.117988205083664e+31,5753571535.748617,72.5720719960713,12453806.25814973,1.2085434365761523e+17,6.50150092398263e+32,8.70607289160164,1.6855187751240392,0.4,0.3547903903991796,0.3547903903991796,RAD
6.188233406075513e+31,5776759058.615155,72.49155132044591,12446206.286995392,1.2064653895559117e+17,6.562542810342498e+32,8.67362469539931,1.687048865227642,0.4,0.35463323288331017,0.35463323288331017,RAD
6.258478607067363e+31,5799787329.750571,72.41133566603506,12438636.520513313,1.2043969808157163e+17,6.623357546722654e+32,8.641398892492374,1.6885746433479967,0.4,0.354476670797691,0.354476670797691,RAD
6.328723808059212e+31,5822659346.074269,72.33142052948553,12431096.51121077,1.202338073181065e+17,6.683946683885579e+32,8.609392238508491,1.690096180848518,0.4,0.3543206943979394,0.3543206943979394,RAD
6.398969009051061e+31,5845378016.096413,72.25180152394927,12423585.823127113,1.2002885329737486e+17,6.744311750091732e+32,8.577601570614016,1.6916135472085374,0.4,0.35416529420320547,0.35416529420320547,RAD
6.469214210042911e+31,5867946163.464584,72.17247437482828,12416104.031413198,1.1982482298850586e+17,6.804454251661975e+32,8.54602380459081,1.6931268100928132,0.4,0.35401046098616196,0.35401046098616196,RAD
6.53945941103476e+31,5890366530.331346,72.09343491571887,12408650.721930543,1.1962170368549222e+17,6.864375673519936e+32,8.514655932048708,1.6946360354177392,0.4,0.35385618576347894,0.35385618576347894,RAD
6.609704612026609e+31,5912641780.553561,72.0146790845447,12401225.490869118,1.1941948299566314e+17,6.924077479715254e+32,8.48349501776557,1.6961412874144894,0.4,0.35370245978676584,0.35370245978676584,RAD
6.679949813018459e+31,5934774502.733582,71.93620291986741,12393827.944382664,1.1921814882868438e+17,6.983561113928557e+32,8.452538197148154,1.6976426286891613,0.4,0.3535492745339318,0.3535492745339318,RAD
6.750195014010308e+31,5956767213.111682,71.85800255736517,12386457.6982406,1.1901768938605677e+17,7.042827999959023e+32,8.421782673806849,1.6991401202803065,0.4,0.35339662170098246,0.35339662170098246,RAD
6.820440215002157e+31,5978622358.318495,71.78007422646952,12379114.377495583,1.1881809315108502e+17,7.101879542195263e+32,8.391225717238058,1.700633821713693,0.4,0.35324449319416723,0.35324449319416723,RAD
6.890685415994007e+31,6000342317.9955845,71.70241424715243,12371797.61616586,1.1861934887929168e+17,7.160717126070311e+32,8.360864660608476,1.7021237910547595,0.4,0.3530928811225212,0.3530928811225212,RAD
6.960930616985856e+31,6021929407.291747,71.62501902685463,12364507.056931617,1.184214455892516e+17,7.21934211850137e+32,8.330696898635804,1.703610084958614,0.4,0.35294177779072194,0.35294177779072194,RAD
7.031175817977705e+31,6043385879.242134,71.5478850575483,12357242.350844577,1.1822437255382488e+17,7.277755868315007e+32,8.300719885560643,1.7050927587179263,0.4,0.3527911756922879,0.3527911756922879,RAD
7.115583960601362e+31,6068998753.683047,71.4555399636037,12348546.640782466,1.1798864880753133e+17,7.347669540083165e+32,8.264947668769924,1.7068696588900891,0.4,0.3526108616591386,0.3526108616591386,RAD
7.199992103225019e+31,6094429889.60076,71.36356135119712,12339887.191702807,1.1775409100764693e+17,7.417282397603611e+32,8.22944307256863,1.7086415010504235,0.4,0.35243124841578943,0.35243124841578943,RAD
7.284400245848676e+31,6119682867.326131,71.271943584438,12331263.442804582,1.175206818986339e+17,7.486596682434621e+32,8.19420199774753,1.7104083738757223,0.4,0.3522523239423833,0.3522523239423833,RAD
7.368808388472333e+31,6144761156.945531,71.18068117968693,12322674.84836868,1.1728840468347632e+17,7.555614601990438e+32,8.159220452607242,1.7121703635927628,0.4,0.35207407655742,0.35207407655742,RAD
7.45321653109599e+31,6169668122.915313,71.08976879975293,12314120.87718407,1.1705724300634128e+17,7.624338330431643e+32,8.124494548938396,1.713927554072672,0.4,0.35189649490442043,0.35189649490442043,RAD
7.537624673719647e+31,6194407028.433264,70.99920124837504,12305601.012002075,1.1682718093608539e+17,7.69277000952241e+32,8.09002049819595,1.7156800269206736,0.4,0.3517195679392714,0.3517195679392714,RAD
7.622032816343304e+31,6218981039.58242,70.90897346497117,12297114.749017026,1.1659820295055614e+17,7.760911749456262e+32,8.055794607856576,1.7174278615614267,0.4,0.3515432849181996,0.3515432849181996,RAD
7.706440958966961e+31,6243393229.26147,70.81908051963853,12288661.597371789,1.1637029392164163e+17,7.828765629651803e+32,8.021813277947569,1.7191711353202919,0.4,0.35136763538634797,0.35136763538634797,RAD
7.790849101590618e+31,6267646580.914943,70.72951760839092,12280241.078686677,1.1614343910102507e+17,7.896333699519843e+32,7.988072997738362,1.7209099235006629,0.4,0.35119260916689915,0.35119260916689915,RAD
7.875257244214275e+31,6291743992.075449,70.64028004861922,12271852.72661043,1.1591762410660358e+17,7.963617979203258e+32,7.954570342584626,1.722644299457715,0.4,0.3510181963507394,0.3510181963507394,RAD
7.9596653868379315e+31,6315688277.72933,70.55136327476225,12263496.086391974,1.1569283490953354e+17,8.030620460290815e+32,7.921301970916763,1.7243743346686422,0.4,0.3508443872866014,0.3508443872866014,RAD
8.0440735294615885e+31,6339482173.516299,70.4627628341764,12255170.714471823,1.1546905782186706e+17,8.097343106506162e+32,7.888264621364571,1.726100098799702,0.4,0.3506711725716847,0.3506711725716847,RAD
8.128481672085246e+31,6363128338.772922,70.37447438319255,12246876.178091984,1.15246279484747e+17,8.163787854373099e+32,7.855455110010572,1.7278216597701543,0.4,0.35049854304270645,0.35049854304270645,RAD
8.212889814708903e+31,6386629359.429072,70.28649368335032,12238612.05492339,1.1502448685712947e+17,8.229956613858176e+32,7.822870327764969,1.7295390838133713,0.4,0.35032648976737873,0.35032648976737873,RAD
8.29729795733256e+31,6409987750.765931,70.19881659779958,12230377.932709854,1.1480366720500507e+17,8.29585126899163e+32,7.790507237855608,1.7312524355351067,0.4,0.3501550040362555,0.3501550040362555,RAD
8.381706099956217e+31,6433205960.043451,70.11143908786043,12222173.408927703,1.1458380809109221e+17,8.361473678467602e+32,7.758362873426955,1.732961777969315,0.4,0.34998407735497455,0.34998407735497455,RAD
8.466114242579874e+31,6456286369.004734,70.02435720973298,12213998.090460196,1.1436489736497691e+17,8.426825676224509e+32,7.726434335242098,1.7346671726313672,0.4,0.34981370143681695,0.34981370143681695,RAD
8.550522385203531e+31,6479231296.264241,69.93756711134914,12205851.593285985,1.1414692315367589e+17,8.491909072006457e+32,7.694718789482384,1.7363686795691156,0.4,0.3496438681956288,0.3496438681956288,RAD
8.652769502591575e+31,6506847223.0505085,69.83282003612575,12196021.464518353,1.1388411956398638e+17,8.570390122519688e+32,7.656581723989882,1.7384246631119766,0.4,0.34943885761045557,0.34943885761045557,RAD
8.75501661997962e+31,6534271558.664392,69.72848906530807,12186232.426275613,1.1362265303737286e+17,8.648482789029526e+32,7.618748326525641,1.7404751294806131,0.4,0.34923461809004214,0.34923461809004214,RAD
8.857263737367664e+31,6561508080.355862,69.62456785543719,12176483.845899021,1.1336250399362032e+17,8.726190152435033e+32,7.581213919619749,1.7425201773604455,0.4,0.3490311363599252,0.3490311363599252,RAD
8.959510854755708e+31,6588560449.518953,69.52105023387446,12166775.107671835,1.1310365336980262e+17,8.803515246438042e+32,7.543973947971416,1.7445599027088656,0.4,0.34882839951750416,0.34882839951750416,RAD
9.061757972143753e+31,6615432216.523685,69.417930192315,12157105.612177234,1.1284608260081373e+17,8.880461058768841e+32,7.5070239738997735,1.7465943988601347,0.4,0.3486263950175274,0.3486263950175274,RAD
9.164005089531797e+31,6642126825.294432,69.31520188061774,12147474.775687547,1.1258977360084374e+17,8.957030532366488e+32,7.470359673013581,1.7486237566250709,0.4,0.34842511065829296,0.34842511065829296,RAD
9.266252206919841e+31,6668647617.650732,69.21285960093324,12137882.029582916,1.1233470874574418e+17,9.033226566515911e+32,7.433976830086908,1.7506480643858644,0.4,0.3482245345685274,0.3482245345685274,RAD
9.368499324307886e+31,6694997837.425335,69.11089780211199,12128326.819797667,1.1208087085623011e+17,9.109052017943834e+32,7.397871335128801,1.7526674081864009,0.4,0.348024655194922,0.348024655194922,RAD
9.47074644169593e+31,6721180634.373207,69.00931107437637,12118808.606292797,1.1182824318187106e+17,9.184509701875467e+32,7.362039179635726,1.75468187181823,0.4,0.3478254612902572,0.3478254612902572,RAD
9.572993559083974e+31,6747199067.884256,68.90809414424177,12109326.862553056,1.1157680938582517e+17,9.259602393053762e+32,7.3264764530166175,1.756691536902493,0.4,0.3476269419020987,0.3476269419020987,RAD
9.675240676472018e+31,6773056110.5116,68.80724186967217,12099881.075107237,1.1132655353027483e+17,9.334332826722968e+32,7.291179339180628,1.7586964829680798,0.4,0.3474290863620367,0.3474290863620367,RAD
9.777487793860063e+31,6798754651.326395,68.70674923545732,12090470.743070375,1.110774600625243e+17,9.408703699578078e+32,7.256144113278562,1.7606967875261328,0.4,0.3472318842754166,0.3472318842754166,RAD
9.879734911248107e+31,6824297499.109481,68.60661134879892,12081095.377706623,1.1082951380172254e+17,9.48271767068171e+32,7.221367138589658,1.7626925261411686,0.4,0.34703532551155003,0.34703532551155003,RAD
9.981982028636151e+31,6849687385.389351,68.50682343509462,12071754.502011672,1.1058269992617715e+17,9.556377362349871e+32,7.18684486354564,1.764683772498987,0.4,0.34683940019437315,0.34683940019437315,RAD
1.0084229146024196e+32,6874926967.335368,68.40738083390869,12062447.650313662,1.1033700396122715e+17,9.62968536100796e+32,7.152573818884739,1.7666705984715918,0.4,0.3466440986935359,0.3466440986935359,RAD
1.018647626341224e+32,6900018830.514505,68.30827899511948,12053174.367891563,1.1009241176764459e+17,9.702644218018299e+32,7.118550614928718,1.768653074179142,0.4,0.34644941161587367,0.34644941161587367,RAD
1.0288723380800284e+32,6924965491.519345,68.20951347523429,12043934.210610108,1.0984890953053685e+17,9.775256450480438e+32,7.084771938976413,1.7706312680492924,0.4,0.3462553297972757,0.3462553297972757,RAD
1.0390970498188329e+32,6949769400.474576,68.11107993386251,12034726.744570415,1.0960648374872318e+17,9.847524542005364e+32,7.051234552807661,1.7726052468738978,0.4,0.34606184429489856,0.34606184429489856,RAD
1.0514488411324068e+32,6979546357.668096,67.99260566246407,12023646.815802874,1.0931504221010166e+17,9.934371312479285e+32,7.011037571853278,1.7749843501726246,0.4,0.34582889024947333,0.34582889024947333,RAD
1.0631015505593338e+32,7007453904.196357,67.88126864251046,12013236.495951947,1.090414975739826e+17,1.0015849483547842e+33,6.973429306384481,1.77722335099655,0.4,0.345609893438992,0.345609893438992,RAD
1.0747542599862609e+32,7035186102.82935,67.77034485514078,12002866.841321472,1.0876929517084874e+17,1.0096891168494107e+33,6.936121021606768,1.7794571530018333,0.4,0.3453916342319229,0.3453916342319229,RAD
1.0864069694131879e+32,7062746186.026709,67.6598284926028,11992537.270913487,1.084984168949341e+17,1.0177499837475739e+33,6.899108370731284,1.7816858452779687,0.4,0.3451741007117788,0.3451741007117788,RAD
1.098059678840115e+32,7090137294.137782,67.54971389261199,11982247.218178222,1.0822884508388736e+17,1.0257678910616615e+33,6.86238711243096,1.7839095146121848,0.4,0.3449572812727225,0.3449572812727225,RAD
1.109712388267042e+32,7117362478.975446,67.43999553321409,11971996.130504955,1.0796056250327018e+17,1.033743175921431e+33,6.825953107189444,1.7861282455718246,0.4,0.344741164608287,0.344741164608287,RAD
1.121365097693969e+32,7144424707.21533,67.33066802788132,11961783.468735958,1.0769355233175514e+17,1.0416761706905989e+33,6.7898023138132375,1.7883421205830563,0.4,0.3445257397006387,0.3445257397006387,RAD
1.133017807120896e+32,7171326863.630731,67.22172612082882,11951608.706702268,1.0742779814698509e+17,1.0495672030794574e+33,6.753930786098417,1.790551220005878,0.4,0.3443109958103071,0.3443109958103071,RAD
1.144670516547823e+32,7198071754.172733,67.11316468253962,11941471.330780083,1.071632839120576e+17,1.057416596253692e+33,6.718334669643461,1.7927556222058998,0.4,0.3440969224664077,0.3440969224664077,RAD
1.15632322597475e+32,7224662108.904467,67.00497870548668,11931370.839466667,1.0689999396260088e+17,1.0652246689395663e+33,6.683010198800363,1.7949554036228117,0.4,0.3438835094572797,0.3438835094572797,RAD
1.1679759354016771e+32,7251100584.797779,66.89716330004138,11921306.742974719,1.0663791299440955e+17,1.072991735525632e+33,6.647953693756651,1.7971506388359466,0.4,0.34367074682156,0.34367074682156,RAD
1.1796286448286041e+32,7277389768.400093,66.78971369055883,11911278.562844226,1.063770260516107e+17,1.0807181061611106e+33,6.613161557741538,1.7993414006268884,0.4,0.34345862483963163,0.34345862483963163,RAD
1.1912813542555312e+32,7303532178.378686,66.68262521163015,11901285.831570877,1.0611731851533235e+17,1.0884040868510893e+33,6.578630274349791,1.8015277600394242,0.4,0.34324713402545337,0.34324713402545337,RAD
1.2053517994582215e+32,7334906565.1338,66.55379253249775,11889266.375417618,1.0580527766444118e+17,1.0976313759955483e+33,6.537277103388774,1.8041619826894322,0.4,0.3429925905321747,0.3429925905321747,RAD
1.2194222446609118e+32,7366074723.852187,66.42547192001366,11877297.154085351,1.0549491103271771e+17,1.1068007399589332e+33,6.496293342161318,1.8067900066186986,0.4,0.3427389379208763,0.3427389379208763,RAD
1.2334926898636022e+32,7397040722.695113,66.29765575923878,11865377.40402482,1.0518619471473034e+17,1.1159126944516098e+33,6.455673236986154,1.8094119474744839,0.4,0.34248616075700966,0.34248616075700966,RAD
1.2475631350662925e+32,7427808506.621888,66.17033663822548,11853506.381867524,1.048791054265814e+17,1.1249677471933282e+33,6.415411182597321,1.812027917710857,0.4,0.3422342440343607,0.3422342440343607,RAD
1.2616335802689829e+32,7458381902.469796,66.04350734039953,11841683.363670062,1.0457362048283528e+17,1.1339663981181765e+33,6.375501716684621,1.8146380267102409,0.4,0.34198317315850096,0.34198317315850096,RAD
1.2757040254716732e+32,7488764623.770516,65.91716083730951,11829907.6441949,1.042697177745518e+17,1.1429091395720386e+33,6.335939514693282,1.8172423808991565,0.4,0.34173293393107185,0.34173293393107185,RAD
1.2897744706743636e+32,7518960275.319457,65.7912902817221,11818178.536225384,1.0396737574836091e+17,1.1517964565029074e+33,6.296719384868352,1.8198410838582437,0.4,0.3414835125348048,0.3414835125348048,RAD
1.303844915877054e+32,7548972357.51322,65.66588900104335,11806495.369913043,1.036665733865178e+17,1.1606288266443898e+33,6.257836263529325,1.8224342364271897,0.4,0.3412348955192901,0.3412348955192901,RAD
1.3179153610797443e+32,7578804270.46933,65.54095049104707,11794857.492155315,1.033672901878828e+17,1.169406720692717e+33,6.219285210562153,1.8250219368045697,0.4,0.340987069787393,0.340987069787393,RAD
1.3319858062824346e+32,7608459317.941359,65.41646840989272,11783264.266001962,1.0306950614977374e+17,1.1781306024775572e+33,6.181061405116407,1.8276042806431472,0.4,0.34074002258233144,0.34074002258233144,RAD
1.346056251485125e+32,7637940711.041654,65.29243657241693,11771715.070088578,1.0277320175064165e+17,1.1868009291269121e+33,6.143160141496115,1.8301813611406994,0.4,0.3404937414753399,0.3404937414753399,RAD
1.3601266966878153e+32,7667251571.783027,65.16884894468309,11760209.298095679,1.0247835793352448e+17,1.1954181512263612e+33,6.105576825233727,1.8327532691267077,0.4,0.34024821435390284,0.34024821435390284,RAD
1.3741971418905057e+32,7696394936.449984,65.04569963877478,11748746.358231954,1.021849560902361e+17,1.2039827129729052e+33,6.068306969337122,1.835320093145157,0.4,0.34000342941052947,0.34000342941052947,RAD
1.388267587093196e+32,7725373758.8093605,64.92298290781999,11737325.672740387,1.0189297804625064e+17,1.2124950523236453e+33,6.031346190700504,1.8378819195335783,0.4,0.33975937513202364,0.33975937513202364,RAD
1.4023380322958864e+32,7754190913.169548,64.80069314123342,11725946.677425982,1.0160240604624488e+17,1.2209556011395216e+33,5.994690206670261,1.840438832498638,0.4,0.3395160402892432,0.3395160402892432,RAD
1.4164084774985767e+32,7782849197.2969,64.6788248601655,11714608.821203982,1.0131322274026371e+17,1.229364785324325e+33,5.958334831757718,1.842990914188404,0.4,0.3392734139273068,0.3392734139273068,RAD
1.430478922701267e+32,7811351335.197335,64.55737271314676,11703311.565667452,1.0102541117047586e+17,1.2377230249591814e+33,5.922275974491129,1.8455382447614097,0.4,0.3390314853562207,0.3390314853562207,RAD
1.4445493679039574e+32,7839699979.77062,64.43633147191771,11692054.384673256,1.0073895475848909e+17,1.2460307344327015e+33,5.886509634399584,1.8480809024528377,0.4,0.3387902441419244,0.3387902441419244,RAD
1.4586198131066477e+32,7867897715.344351,64.31569602743457,11680836.763945442,1.004538372931961e+17,1.2542883225669743e+33,5.851031899122259,1.8506189636378176,0.4,0.3385496800977098,0.3385496800977098,RAD
1.4756389579890754e+32,7901806697.335597,64.1703145252267,11667320.447920045,1.0011073524781485e+17,1.2642100265746892e+33,5.808499404844316,1.8536828825862994,0.4,0.33825959249544496,0.33825959249544496,RAD
1.492658102871503e+32,7935502904.172737,64.02551080575482,11653860.407556143,9.976954158573251e+16,1.2740596937644034e+33,5.766376948573415,1.8567403141969783,0.4,0.33797046393433205,0.33797046393433205,RAD
1.5096772477539307e+32,7968990536.844285,63.88127647973207,11640455.797672471,9.943022962917672e+16,1.2838380164810153e+33,5.724658089317125,1.8597913834665418,0.4,0.33768227773681647,0.33768227773681647,RAD
1.5266963926363584e+32,8002273670.770515,63.737603379327446,11627105.795140233,9.909277338384066e+16,1.2935456762479571e+33,5.683336550233527,1.8628362119441901,0.4,0.3373950176825156,0.3373950176825156,RAD
1.543715537518786e+32,8035356260.923101,63.59448354995073,11613809.59806711,9.875714751384192e+16,1.303183344041447e+33,5.642406212665125,1.8658749178614875,0.4,0.33710866799063993,0.33710866799063993,RAD
1.5607346824012137e+32,8068242146.6821995,63.45190924242941,11600566.425020142,9.842332731786651e+16,1.3127516805548278e+33,5.601861110453213,1.868907616255993,0.4,0.33682321330327236,0.33682321330327236,RAD
1.5777538272836414e+32,8100935056.447157,63.30987290555442,11587375.514285188,9.809128870642946e+16,1.322251336453459e+33,5.561695424516367,1.87193441908897,0.4,0.33653863866944633,0.33653863866944633,RAD
1.594772972166069e+32,8133438612.015848,63.16836717897393,11574236.12316092,9.776100818018827e+16,1.3316829526205917e+33,5.521903477678341,1.8749554353574966,0.4,0.3362549295299704,0.3362549295299704,RAD
1.6117921170484967e+32,8165756332.74659,63.02738488641505,11561147.527285328,9.743246280924981e+16,1.341047160394647e+33,5.4824797297312236,1.8779707712014508,0.4,0.3359720717029852,0.3359720717029852,RAD
1.6288112619309242e+32,8197891639.515599,62.88691902921526,11548109.019992974,9.710563021341498e+16,1.3503445817982822e+33,5.443418772720682,1.8809805300053877,0.4,0.33569005137016267,0.33569005137016267,RAD
1.6458304068133517e+32,8229847858.482074,62.74696278014626,11535119.911701227,9.678048854330931e+16,1.3595758297596115e+33,5.404715326441404,1.8839848124959075,0.4,0.33540885506356494,0.33540885506356494,RAD
1.6628495516957792e+32,8261628224.672111,62.607509477514114,11522179.529323937,9.6457016462351e+16,1.368741508325933e+33,5.366364234130974,1.886983716834494,0.4,0.33512846965307935,0.33512846965307935,RAD
1.6798686965782067e+32,8293235885.391962,62.46855261952054,11509287.215711024,9.613519312951096e+16,1.3778422128702878e+33,5.328360458351633,1.8899773387062666,0.4,0.33484888233443344,0.33484888233443344,RAD
1.6968878414606342e+32,8324673903.480382,62.33008585887149,11496442.329112578,9.581499818282237e+16,1.3868785302911625e+33,5.290699077050029,1.8929657714047545,0.4,0.33457008061773597,0.33457008061773597,RAD
1.7139069863430617e+32,8355945260.409185,62.192102997619706,11483644.24266621,9.54964117236001e+16,1.3958510392056303e+33,5.253375279785245,1.8959491059129463,0.4,0.33429205231652276,0.33429205231652276,RAD
1.730926131225489e+32,8387052859.240538,62.05459798222868,11470892.343906358,9.517941430133237e+16,1.404760310136211e+33,5.216384364116761,1.8989274309808324,0.4,0.33401478553728586,0.33401478553728586,RAD
1.7479452761079167e+32,8417999527.448931,61.91756489884667,11458186.034294466,9.486398689920997e+16,1.413606905691711e+33,5.1797217321435784,1.901900833199567,0.4,0.3337382686694472,0.3337382686694472,RAD
1.764964420990344e+32,8448788019.615291,61.78099796877995,11445524.728768904,9.455011092025995e+16,1.4223913807423e+33,5.143382887187177,1.904869397072496,0.4,0.3334624903757674,0.3334624903757674,RAD
1.7819835658727716e+32,8479421020.000186,61.64489154415476,11432907.855313648,9.423776817405306e+16,1.4311142825890552e+33,5.107363430610821,1.9078332050831663,0.4,0.3331874395831588,0.3331874395831588,RAD
1.802415453870904e+32,8515994959.848193,61.48209305157863,11417818.901308902,9.386479346350502e+16,1.4415057624452485e+33,5.064537035776228,1.9113851584253891,0.4,0.332858180291004,0.332858180291004,RAD
1.821671000610703e+32,8550265480.4938,61.329259326256796,11403655.70370277,9.351526446615283e+16,1.4512192777170334e+33,5.024585445749789,1.9147265665699855,0.4,0.33254880676042753,0.33254880676042753,RAD
1.840926547350502e+32,8584347796.249875,61.176992139915804,11389547.057092264,9.316762410280939e+16,1.460856241347735e+33,4.985024796179318,1.9180622209782023,0.4,0.33224031956545863,0.33224031956545863,RAD
1.860182094090301e+32,8618245387.14655,61.02528407757103,11375492.209316209,9.282184840793283e+16,1.4704174005118827e+33,4.945849290761231,1.9213922293173433,0.4,0.3319327042067397,0.3319327042067397,RAD
1.8794376408301e+32,8651961637.957035,60.87412790459153,11361490.426207924,9.247791397781822e+16,1.4799034913542663e+33,4.90705326885917,1.924716696477217,0.4,0.3316259465458788,0.3316259465458788,RAD
1.8986931875698992e+32,8685499841.770685,60.72351656055007,11347540.9909835,9.213579795170878e+16,1.48931523924678e+33,4.868631200976768,1.9280357246661601,0.4,0.33132003279247985,0.33132003279247985,RAD
1.9179487343096983e+32,8718863203.397453,60.573443153343085,11333643.203656869,9.17954779937286e+16,1.4986533590367388e+33,4.830577684426046,1.9313494135028182,0.4,0.3310149494917548,0.3310149494917548,RAD
1.9372042810494974e+32,8752054842.613293,60.42390095356587,11319796.380480256,9.14569322755933e+16,1.5079185552870335e+33,4.792887439181312,1.9346578601038098,0.4,0.3307106835126733,0.3307106835126733,RAD
1.9564598277892965e+32,8785077797.255453,60.27488338912986,11305999.853408644,9.11201394600575e+16,1.5171115225084746e+33,4.755555303908633,1.9379611591676253,0.4,0.3304072220366388,0.3304072220366388,RAD
1.9757153745290955e+32,8817935026.175997,60.1263840401089,11292252.969587024,9.07850786850611e+16,1.5262329453846503e+33,4.718576232162091,1.9412594030548824,0.4,0.33010455254665305,0.33010455254665305,RAD
1.9949709212688946e+32,8850629412.06137,59.978396633803015,11278555.09085923,9.045172954853784e+16,1.535283498989616e+33,4.681945288737946,1.9445526818650956,0.4,0.32980266281693615,0.32980266281693615,RAD
2.0142264680086937e+32,8883163764.125313,59.83091504000818,11264905.593297256,9.01200720938527e+16,1.5442638489987072e+33,4.645657646178912,1.9478410835102378,0.4,0.3295015409029969,0.3295015409029969,RAD
2.0334820147484927e+32,8915540820.681955,59.68393326648173,11251303.866750019,8.979008679583618e+16,1.5531746518927612e+33,4.609708581420881,1.9511246937851832,0.4,0.3292011751321134,0.3292011751321134,RAD
2.052737561488292e+32,8947763251.605526,59.53744545459369,11237749.314410578,8.946175454738552e+16,1.562016555156012e+33,4.574093472575048,1.954403596435222,0.4,0.3289015540942148,0.3289015540942148,RAD
2.0758807643592345e+32,8986290394.154991,59.362027590141246,11221519.723783493,8.90692936567184e+16,1.5725533523234536e+33,4.5317232628100825,1.9583383889989294,0.4,0.3285424098855896,0.3285424098855896,RAD
2.0990239672301772e+32,9024602327.917297,59.187305304801455,11205356.446437638,8.867916197652021e+16,1.5829926345170152e+33,4.489821269163385,1.9622666374162836,0.4,0.3281843064832007,0.3281843064832007,RAD
2.12216717010112e+32,9062703324.166193,59.01326914268024,11189258.517708236,8.829132857521784e+16,1.593335476645071e+33,4.448380010006762,1.9661884761129262,0.4,0.32782722547759485,0.32782722547759485,RAD
2.1453103729720626e+32,9100597531.435827,58.83990989090267,11173224.997213485,8.790576328323432e+16,1.6035829365159988e+33,4.407392188308633,1.9701040357921227,0.4,0.32747114893245016,0.32747114893245016,RAD
2.1684535758430053e+32,9138288980.371586,58.66721857088719,11157254.967985954,8.7522436666048e+16,1.6137360552578394e+33,4.366850685155986,1.974013443569688,0.4,0.32711605936634425,0.32711605936634425,RAD
2.191596778713948e+32,9175781588.34008,58.49518643002266,11141347.535644032,8.714131999848378e+16,1.6237958577233107e+33,4.326748553571007,1.9779168231024753,0.4,0.32676193973536294,0.32676193973536294,RAD
2.2147399815848907e+32,9213079163.81264,58.3238049337258,11125501.82760118,8.676238524016771e+16,1.633763352880836e+33,4.287079012606109,1.9818142947109587,0.4,0.32640877341652846,0.32640877341652846,RAD
2.2378831844558333e+32,9250185410.535704,58.15306575785725,11109716.992310889,8.638560501208053e+16,1.6436395341922114e+33,4.247835441701919,1.9857059754961521,0.4,0.3260565441919863,0.3260565441919863,RAD
2.261026387326776e+32,9287103931.500555,57.982960781477274,11093992.198545383,8.601095257415002e+16,1.6534253799775105e+33,4.209011375294051,1.989591979451085,0.4,0.3257052362338929,0.3257052362338929,RAD
2.2841695901977187e+32,9323838232.723982,57.813482079921975,11078326.634706212,8.563840180382608e+16,1.6631218537677772e+33,4.170600497655037,1.9934724175674126,0.4,0.32535483409001204,0.32535483409001204,RAD
2.3073127930686614e+32,9360391726.850725,57.644621918183134,11062719.508165047,8.526792717558574e+16,1.672729904646045e+33,4.132596637959205,1.9973473979370724,0.4,0.3250053226699217,0.3250053226699217,RAD
2.330455995939604e+32,9396767736.587788,57.47637274457509,11047170.044633042,8.489950374131882e+16,1.6822504675771805e+33,4.094993765558414,2.001217025849542,0.4,0.3246566872318473,0.3246566872318473,RAD
2.3535991988105468e+32,9432969497.980055,57.308727184673906,11031677.487557266,8.453310711154792e+16,1.6916844637270243e+33,4.057785985457798,2.0050814038848,0.4,0.3243089133700644,0.3243089133700644,RAD
2.3767424016814895e+32,9469000163.536028,57.141678035514246,11016241.097542787,8.416871343743952e+16,1.7010328007712864e+33,4.020967533981133,2.008940632002191,0.4,0.3239619870028368,0.3239619870028368,RAD
2.399885604552432e+32,9504862805.211945,56.975218260030545,11000860.151799077,8.380629939356523e+16,1.7102963731946173e+33,3.984532774616054,2.012794807625511,0.4,0.3236158943608801,0.3236158943608801,RAD
2.423028807423375e+32,9540560417.261978,56.80934098173038,10985533.9436095,8.344584216137515e+16,1.719476062580264e+33,3.9484761940300888,2.0166440257244265,0.4,0.3232706219763075,0.3232706219763075,RAD
2.4461720102943176e+32,9576095918.961758,56.64403947958772,10970261.781822693,8.308731941334722e+16,1.7285727378906946e+33,3.912792398248845,2.020488378892428,0.4,0.3229261566720369,0.3229261566720369,RAD
2.4693152131652602e+32,9611472157.21199,56.47930718314516,10955042.990364762,8.273070929777875e+16,1.7375872557395578e+33,3.8774761089882173,2.0243279574215634,0.4,0.32258248555164526,0.32258248555164526,RAD
2.492458416036203e+32,9646691909.028517,56.31513766781484,10939876.907771243,8.237599042418848e+16,1.7465204606553254e+33,3.842522160133232,2.028162849373953,0.4,0.3222395959896235,0.3222395959896235,RAD
2.5156016189071456e+32,9681757883.92478,56.15152465036814,10924762.886737838,8.202314184929891e+16,1.7553731853369483e+33,3.8079254943560636,2.031993140650498,0.4,0.3218974756220513,0.3218974756220513,RAD
2.5387448217780883e+32,9716672726.192295,55.98846198460473,10909700.293689048,8.167214306357099e+16,1.7641462509018392e+33,3.773681159866732,2.0358189150566313,0.4,0.3215561123376242,0.3215561123376242,RAD
2.561888024649031e+32,9751439017.08437,55.82594365719254,10894688.508363783,8.132297397826424e+16,1.7728404671264836e+33,3.73978430728998,2.0396402543654677,0.4,0.3212154942690498,0.3212154942690498,RAD
2.5898081751617027e+32,9793187228.260126,55.63059631525403,10876644.924657978,8.0904140727632e+16,1.7832254347319922e+33,3.6993465843152933,2.0442445602136536,0.4,0.3208055451160791,0.3208055451160791,RAD
2.6177283256743744e+32,9834727210.970654,55.43602256654661,10858673.362129686,8.04879080498488e+16,1.7934981864603307e+33,3.6593995321647137,2.048842663590275,0.4,0.3203966436662856,0.3203966436662856,RAD
2.645648476187046e+32,9876063156.68968,55.242212575847624,10840772.804201856,8.007424296544882e+16,1.8036600811196105e+33,3.6199351945172076,2.0534346970062645,0.4,0.3199887703995488,0.3199887703995488,RAD
2.673568626699718e+32,9917199141.567383,55.04915675441484,10822942.259017522,7.966311327743565e+16,1.813712455571455e+33,3.5809458056975094,2.0580207891964943,0.4,0.3195819062403772,0.3195819062403772,RAD
2.7014887772123896e+32,9958139130.855722,54.856845751414596,10805180.758585934,7.92544875445587e+16,1.823656625254203e+33,3.5424237842193977,2.062601065248968,0.4,0.3191760325402229,0.3191760325402229,RAD
2.7294089277250613e+32,9998886983.121077,54.66527044573317,10787487.357966868,7.884833505577157e+16,1.8334938846884868e+33,3.5043617266131735,2.06717564672798,0.4,0.3187711310605858,0.3187711310605858,RAD
2.757329078237733e+32,10039446454.25644,54.4744219381503,10769861.134491026,7.84446258058083e+16,1.8432255079659536e+33,3.4667524015220055,2.071744651791575,0.4,0.3183671839568645,0.3183671839568645,RAD
2.7852492287504047e+32,10079821201.304668,54.28429154385553,10752301.18701458,7.804333047181798e+16,1.8528527492218642e+33,3.429588744052802,2.0763081953037696,0.4,0.3179641737629363,0.3179641737629363,RAD
2.8131693792630764e+32,10120014786.10349,54.09487078528902,10734806.635206055,7.764442039100138e+16,1.8623768430922574e+33,3.3928638503682103,2.0808663889416192,0.4,0.31756208337639646,0.31756208337639646,RAD
2.841089529775748e+32,10160030678.76225,53.906151385289725,10717376.618863838,7.724786753919722e+16,1.8717990051563385e+33,3.356570972507111,2.0854193412974777,0.4,0.3171608960444326,0.3171608960444326,RAD
2.8690096802884198e+32,10199872260.979767,53.71812526053464,10700010.297262711,7.68536445103688e+16,1.88112043236471e+33,3.320703513421854,2.0899671579768255,0.4,0.3167605953503169,0.3167605953503169,RAD
2.8969298308010915e+32,10239542829.212017,53.530784515254375,10682706.848527912,7.646172449694446e+16,1.890342303454037e+33,3.2852550222209396,2.0945099416916477,0.4,0.3163611652004497,0.3163611652004497,RAD
2.9248499813137632e+32,10279045597.697855,53.3441214352106,10665465.4690353,7.607208127096869e+16,1.8994657793487045e+33,3.2502191896070074,2.099047792349857,0.4,0.31596258981196196,0.31596258981196196,RAD
2.952770131826435e+32,10318383701.350403,53.158128481922134,10648285.372836327,7.568468916602277e+16,1.908492003549998e+33,3.215589843500059,2.1035808071407063,0.4,0.31556485370081067,0.31556485370081067,RAD
2.9806902823391066e+32,10357560198.521305,52.97279828712733,10631165.791106543,7.529952305987667e+16,1.9174221025133132e+33,3.181360944836818,2.108109080616655,0.4,0.3151679416703813,0.3151679416703813,RAD
3.0086104328517784e+32,10396578073.64459,52.78812364747049,10614105.971616475,7.49165583578359e+16,1.926257186013871e+33,3.147526583537525,2.11263270477163,0.4,0.3147718388005341,0.3147718388005341,RAD
3.03653058336445e+32,10435440239.766432,52.604097519402,10597105.178223776,7.453577097674928e+16,1.9349983475013984e+33,3.114080974631984,2.1171517691160364,0.4,0.3143765304371011,0.3143765304371011,RAD
3.0644507338771218e+32,10474149540.966772,52.420713014280864,10580162.690385604,7.415713732964555e+16,1.9436466644442047e+33,3.0810184545370953,2.1216663607485504,0.4,0.31398200218179007,0.31398200218179007,RAD
3.0923708843897935e+32,10512708754.678352,52.23796339367051,10563277.802690255,7.378063431096859e+16,1.9522031986630682e+33,3.048333477478741,2.126176564424937,0.4,0.3135882398824874,0.3135882398824874,RAD
3.1202910349024652e+32,10551120593.908401,52.055842064818286,10546449.824407108,7.340623928238256e+16,1.960668996655327e+33,3.016020612050961,2.1306824626240153,0.4,0.3131952296239418,0.3131952296239418,RAD
3.148211185415137e+32,10589387709.367916,51.87434257630966,10529678.07905405,7.30339300591202e+16,1.9690450899095447e+33,2.984074537906153,2.1351841356108063,0.4,0.31280295771878824,0.31280295771878824,RAD
3.1761313359278086e+32,10627512691.513144,51.693458613889526,10512961.903981509,7.266368489684866e+16,1.9773324952111137e+33,2.9524900425700866,2.1396816614972436,0.4,0.3124114106989387,0.3124114106989387,RAD
3.2040514864404803e+32,10665498072.503664,51.51318399644204,10496300.649972357,7.229548247902909e+16,1.985532214939132e+33,2.9212620183758573,2.1441751163002185,0.4,0.31202057530726746,0.31202057530726746,RAD
3.231971636953152e+32,10703346328.081156,51.333512672122254,10479693.680856934,7.192930190474701e+16,1.9936452373548788e+33,2.890385459511578,2.1486645739974404,0.4,0.3116304384896316,0.3116304384896316,RAD
3.265564264123051e+32,10748705809.709227,51.11812913412303,10459783.776934514,7.1491375968254504e+16,2.003293035202864e+33,2.8536946687422993,2.154060949129758,0.4,0.31116194611730336,0.31116194611730336,RAD
3.2971568389657904e+32,10791190408.445606,50.91634923327503,10441129.208702013,7.108213577704424e+16,2.012254681655312e+33,2.8196386812249803,2.1591309566756,0.4,0.3107222330989635,0.3107222330989635,RAD
3.3287494138085295e+32,10833509512.27746,50.715317069632825,10422541.543966716,7.067539871686309e+16,2.0211094167439834e+33,2.786012224790244,2.164196144251623,0.4,0.31028336053475397,0.31028336053475397,RAD
3.3603419886512685e+32,10875666378.083622,50.51502463791032,10404019.93810827,7.027113696254198e+16,2.0298585869251742e+33,2.7528086493698756,2.169256606917019,0.4,0.3098453106785843,0.3098453106785843,RAD
3.3919345634940076e+32,10917664185.050867,50.315464113999816,10385563.564837594,6.9869323273419096e+16,2.038503517873682e+33,2.7200214483602414,2.174312436826405,0.4,0.30940806605343024,0.30940806605343024,RAD
3.423527138336747e+32,10959506037.357914,50.11662784934302,10367171.615637228,6.946993097558005e+16,2.047045514929187e+33,2.6876442543075383,2.1793637233092222,0.4,0.30897160943965113,0.30897160943965113,RAD
3.455119713179486e+32,11001194966.744434,49.918508365526854,10348843.299224105,6.907293394479838e+16,2.0554858635292687e+33,2.655670834762179,2.184410552945408,0.4,0.3085359238637296,0.3085359238637296,RAD
3.486712288022225e+32,11042733934.971027,49.72109834909294,10330577.841033675,6.8678306590142456e+16,2.0638258296295854e+33,2.624095088294063,2.189453009637828,0.4,0.30810099258745577,0.30810099258745577,RAD
3.518304862864964e+32,11084125836.17573,49.52439064655045,10312374.482724369,6.828602383821687e+16,2.0720666601117052e+33,2.5929110406611766,2.194491174681521,0.4,0.3076667990975183,0.3076667990975183,RAD
3.549897437707703e+32,11125373499.132345,49.32837825958271,10294232.481701404,6.789606111800844e+16,2.0802095831790672e+33,2.562112841124166,2.199525126829831,0.4,0.30723332709547235,0.30723332709547235,RAD
3.581490012550442e+32,11166479689.415516,49.13305434043831,10276151.110659044,6.750839434630817e+16,2.0882558087415217e+33,2.531694758900135,2.2045549423577397,0.4,0.3068005604880888,0.3068005604880888,RAD
3.613082587393181e+32,11207447111.4772,48.93841218749798,10258129.65714043,6.712299991368258e+16,2.0962065287888758e+33,2.501651179749129,2.2095806951222854,0.4,0.306368483378034,0.306368483378034,RAD
3.64467516223592e+32,11248278410.63895,48.744445241009295,10240167.423114179,6.673985467096887e+16,2.1040629177538587e+33,2.471976602687307,2.214602456620487,0.4,0.3059370800549009,0.3059370800549009,RAD
3.676267737078659e+32,11288976175.00411,48.55114707898115,10222263.724566974,6.635893591627013e+16,2.1118261328648955e+33,2.4426656368208723,2.2196202960446536,0.4,0.3055063349865464,0.3055063349865464,RAD
3.707860311921398e+32,11329542937.293833,48.35851141323094,10204417.891111424,6.598022138242769e+16,2.11949731448906e+33,2.41371299829547,2.2246342803352794,0.4,0.30507623281072693,0.30507623281072693,RAD
3.7394528867641374e+32,11369981176.610588,48.16653208557737,10186629.265608493,6.560368922494942e+16,2.1270775864655674e+33,2.3851135073557055,2.2296444742316828,0.4,0.304646758327031,0.304646758327031,RAD
3.7710454616068764e+32,11410293320.132654,47.97520306417251,10168897.203803852,6.5229318010373464e+16,2.1345680564301447e+33,2.3568620855100924,2.2346509403203902,0.4,0.30421789648907616,0.30421789648907616,RAD
3.8026380364496155e+32,11450481744.742826,47.78451843996661,10151221.07397754,6.4857086705048184e+16,2.141969816130603e+33,2.328953752796535,2.2396537390814073,0.4,0.3037896323969679,0.3037896323969679,RAD
3.840576542112658e+32,11498582517.262611,47.556374816199785,10130067.419033421,6.441288487527042e+16,2.150742638786125e+33,2.2958860390891145,2.245656674932954,0.4,0.3032761129454231,0.3032761129454231,RAD
3.8785150477757004e+32,11546512173.738594,47.32914231836533,10108992.479598762,6.3971704190033176e+16,2.1593909195351586e+33,2.263297769681383,2.251654503651281,0.4,0.30276340890278153,0.30276340890278153,RAD
3.916453553438743e+32,11594274561.632507,47.102811374435916,10087995.229284164,6.353351037956462e+16,2.167916461908237e+33,2.2311808520067595,2.257647318459394,0.4,0.3022514952155166,0.3022514952155166,RAD
3.954392059101785e+32,11641873437.242767,46.87737263840217,10067074.664860716,6.309826991225328e+16,2.1763210390812465e+33,2.1995273756490805,2.2636352085751428,0.4,0.3017403470715661,0.3017403470715661,RAD
3.992330564764828e+32,11689312468.996351,46.65281698302689,10046229.80554356,6.266594997158919e+16,2.1846063945557297e+33,2.1683296067142583,2.269618259301391,0.4,0.3012299398845683,0.3012299398845683,RAD
4.03026907042787e+32,11736595240.59616,46.42913549289712,10025459.692305304,6.2236518434040264e+16,2.192774242818265e+33,2.137579982428334,2.2755965521114248,0.4,0.30072024927867774,0.30072024927867774,RAD
4.0682075760909125e+32,11783725254.031563,46.206319457759264,10004763.387217807,6.180994384781718e+16,2.2008262699797674e+33,2.1072711059507316,2.2815701647296756,0.4,0.30021125107391144,0.30021125107391144,RAD
4.106146081753955e+32,11830705932.45935,45.98436036612304,9984139.972820934,6.138619541248335e+16,2.2087641343954998e+33,2.077395741392106,2.287539171208065,0.4,0.2997029212720096,0.2997029212720096,RAD
4.1440845874169974e+32,11877540622.961908,45.7632498991211,9963588.551516969,6.096524295936856e+16,2.2165894672665574e+33,2.0479468090269215,2.2935036419982215,0.4,0.29919523604278897,0.29919523604278897,RAD
4.18202309308004e+32,11924232599.188965,45.54297992461192,9943108.244989429,6.054705693274767e+16,2.2243038732235423e+33,2.0189173806913576,2.299463644019613,0.4,0.298688171710947,0.298688171710947,RAD
4.219961598743082e+32,11970785063.888918,45.32354249151432,9922698.193645133,6.01316083717477e+16,2.2319089308931166e+33,1.9903006753577097,2.305419240723853,0.4,0.29818170474330313,0.29818170474330313,RAD
4.257900104406125e+32,12017201151.335365,45.10492982436217,9902357.556078404,5.9718868892948696e+16,2.2394061934480872e+33,1.962090054876977,2.3113704921552967,0.4,0.2976758117364466,0.2976758117364466,RAD
4.295838610069167e+32,12063483929.654144,44.88713431806935,9882085.508556379,5.930881067364598e+16,2.246797189141645e+33,1.9342790198817303,2.3173174550082223,0.4,0.29717046940479086,0.29717046940479086,RAD
4.3337771157322096e+32,12109636403.055872,44.67014853289466,9861881.244524427,5.890140643574278e+16,2.2540834218263512e+33,1.9068612058418393,2.3232601826805106,0.4,0.2966656545689825,0.2966656545689825,RAD
4.371715621395252e+32,12155661513.97868,44.45396518959761,9841743.974130765,5.8496629430244264e+16,2.261266371458441e+33,1.8798303792660813,2.3291987253241255,0.4,0.2961613441446667,0.2961613441446667,RAD
4.4096541270582944e+32,12201562145.145573,44.238577164776274,9821672.923769383,5.809445342232546e+16,2.26834749458798e+33,1.8531804340428883,2.335133129892465,0.4,0.2956575151315872,0.2956575151315872,RAD
4.447592632721337e+32,12247341121.54059,44.0239774863787,9801667.335640458,5.769485267694696e+16,2.2753282248353947e+33,1.8269053879140311,2.3410634401847497,0.4,0.2951541446030044,0.2951541446030044,RAD
4.485531138384379e+32,12293001212.307705,43.81015932938028,9781726.467327468,5.729780194499391e+16,2.2822099733548643e+33,1.8009993790752734,2.346989696887462,0.4,0.2946512096954078,0.2946512096954078,RAD
4.523469644047422e+32,12338545132.576174,43.59711601161939,9761849.591390258,5.690327644991481e+16,2.2889941292850512e+33,1.7754566628983188,2.352911937613052,0.4,0.2941486875985192,0.2941486875985192,RAD
4.561408149710464e+32,12383975545.21587,43.38484098978435,9742035.994973363,5.651125187483807e+16,2.2956820601876138e+33,1.7502716087687653,2.358830196935962,0.4,0.29364655554556707,0.29364655554556707,RAD
4.5993466553735066e+32,12429295062.525879,43.17332785554499,9722284.979428936,5.612170435014554e+16,2.3022751124739367e+33,1.7254386970349835,2.364744506426005,0.4,0.29314479080380956,0.29314479080380956,RAD
4.637285161036549e+32,12474506247.859528,42.96257033182256,9702595.859953612,5.573461044148283e+16,2.3087746118204875e+33,1.7009525160630987,2.370654894679337,0.4,0.2926433706653141,0.2926433706653141,RAD
4.6752236666995915e+32,12519611617.188793,42.752562269191806,9682967.965238752,5.534994713818795e+16,2.3151818635731942e+33,1.676807759393572,2.3765613873469196,0.4,0.29214227243795804,0.29214227243795804,RAD
4.713162172362634e+32,12564613640.610897,42.5432976424097,9663400.637133475,5.496769184212005e+16,2.321498153141223e+33,1.6529992229950115,2.382464007160719,0.4,0.2916414734366576,0.2916414734366576,RAD
4.751100678025676e+32,12609514743.799753,42.334770547065276,9643893.230319947,5.458782235687154e+16,2.3277247463805123e+33,1.629521802611144,2.3883627739575846,0.4,0.29114095097480125,0.29114095097480125,RAD
4.789039183688719e+32,12654317309.404758,42.12697519634558,9624445.112000413,5.4210316877347336e+16,2.3338628899674146e+33,1.6063704911970191,2.39425770470099,0.4,0.2906406823558877,0.2906406823558877,RAD
4.826977689351761e+32,12699023678.399342,41.91990591791262,9605055.661595495,5.383515397969594e+16,2.3399138117627742e+33,1.5835403764407774,2.400148813500607,0.4,0.2901406448653499,0.2901406448653499,RAD
4.864916195014804e+32,12743636151.381506,41.71355715088698,9585724.270453291,5.3462312611577736e+16,2.3458787211667592e+33,1.5610266383674036,2.406036111629803,0.4,0.2896408157625574,0.2896408157625574,RAD
4.902854700677846e+32,12788156989.82851,41.50792344293343,9566450.341568828,5.309177208275676e+16,2.351758809464753e+33,1.5388245470211817,2.4119196075411513,0.4,0.2891411722729932,0.2891411722729932,RAD
4.9407932063408885e+32,12832588417.307732,41.302999447444556,9547233.289313467,5.2723512056002616e+16,2.3575552501645983e+33,1.5169294602236243,2.4177993068800188,0.4,0.2886416915805979,0.2886416915805979,RAD
4.986431242010778e+32,12885921718.048204,41.057419580933114,9524190.73219908,5.228350796889487e+16,2.3644188646355733e+33,1.4909911631268877,2.424867250609955,0.4,0.28804102582146607,0.28804102582146607,RAD
5.032069277680667e+32,12939132534.976913,40.81285020883611,9501228.670195,5.184674088300597e+16,2.3711650857257452e+33,1.4654827656644327,2.431929703978847,0.4,0.2874405226402357,0.2874405226402357,RAD
5.077707313350556e+32,12992224534.933826,40.569282599039944,9478346.14613034,5.141317731952657e+16,2.3777958580009904e+33,1.4403966654111655,2.4389866607933346,0.4,0.28684014198830193,0.28684014198830193,RAD
5.1233453490204454e+32,13045201315.54543,40.32670821709563,9455542.2243893,5.098278446205166e+16,2.384313091709239e+33,1.4157254248025504,2.446038109060187,0.4,0.28623984366306804,0.28623984366306804,RAD
5.168983384690335e+32,13098066407.748034,40.085118720314455,9432815.990350803,5.05555301374362e+16,2.3907186635220066e+33,1.391461766405697,2.4530840309953996,0.4,0.28563958729057504,0.28563958729057504,RAD
5.214621420360224e+32,13150823278.211872,39.844505952090365,9410166.549851354,5.0131382797370536e+16,2.397014417254749e+33,1.3675985683659038,2.460124403028364,0.4,0.2850393323085018,0.2850393323085018,RAD
5.260259456030113e+32,13203475331.670996,39.60486193643878,9387593.028670043,4.971031150064264e+16,2.4032021645668187e+33,1.3441288600205876,2.467159195800919,0.4,0.28443903794948316,0.28443903794948316,RAD
5.305897491700002e+32,13256025913.163683,39.366178872741926,9365094.572034748,4.929228589605563e+16,2.4092836856417722e+33,1.321045817673097,2.4741883741617245,0.4,0.28383866322476176,0.28383866322476176,RAD
5.3515355273698916e+32,13308478310.187832,39.12844913069112,9342670.34414859,4.887727620597101e+16,2.415260729848743e+33,1.2983427605191271,2.481211897155877,0.4,0.2832381669081376,0.2832381669081376,RAD
5.397173563039781e+32,13360835754.77552,38.89166524541745,9320319.527735759,4.846525321044945e+16,2.4211350163855566e+33,1.2760131467189786,2.4882297180098845,0.4,0.2826375075201973,0.2826375075201973,RAD
5.44281159870967e+32,13413101425.490719,38.65581991280212,9298041.323605893,4.8056188231962616e+16,2.4269082349042405e+33,1.254050569609226,2.495241784112094,0.4,0.2820366433128144,0.2820366433128144,RAD
5.488449634379559e+32,13465278449.35389,38.420905984958765,9275834.950236222,4.7650053120650744e+16,2.432582046119553e+33,1.2324487540476603,2.50224803698872,0.4,0.28143553225390644,0.28143553225390644,RAD
5.5340876700494485e+32,13517369903.697039,38.18691646588004,9253699.643370716,4.724682024010211e+16,2.4381580824011233e+33,1.2112015528857534,2.5092484122754204,0.4,0.2808341320124283,0.2808341320124283,RAD
5.579725705719338e+32,13569378817.952553,37.95384450724156,9231634.65563556,4.6846462453631784e+16,2.4436379483497724e+33,1.1903029435630879,2.516242839684638,0.4,0.2802323999436024,0.2802323999436024,RAD
5.625363741389227e+32,13621308175.37901,37.7216834043562,9209639.256170273,4.644895311103811e+16,2.449023221358561e+33,1.1697470248186603,2.5232312429686137,0.4,0.27963029307435605,0.27963029307435605,RAD
5.671001777059116e+32,13673160914.726961,37.490426592272385,9187712.730273835,4.605426603581658e+16,2.454315452159086e+33,1.149528013513958,2.530213539878237,0.4,0.27902776808897195,0.27902776808897195,RAD
5.7166398127290054e+32,13724939931.847534,37.26006764201065,9165854.379065244,4.5662375512811656e+16,2.4595161653535216e+33,1.12964024156329,2.5371896421177578,0.4,0.2784247813149339,0.2784247813149339,RAD
5.7622778483988946e+32,13776648081.246552,37.03060025693199,9144063.519157903,4.527325627628825e+16,2.464626859932892e+33,1.110078152966714,2.5441594552953632,0.4,0.2778212887089584,0.2778212887089584,RAD
5.807915884068784e+32,13828288177.58673,36.802018269233336,9122339.48234733,4.488688349840524e+16,2.4696490097820232e+33,1.090836300941501,2.551122878869739,0.4,0.27721724584321084,0.27721724584321084,RAD
5.853553919738673e+32,13879862997.140375,36.574315636564336,9100681.615311654,4.450323277807454e+16,2.4745840641716258e+33,1.0719093451479864,2.558079806092517,0.4,0.2766126078916835,0.2766126078916835,RAD
5.899191955408562e+32,13931375279.194908,36.34748643876074,9079089.279324437,4.412228013018981e+16,2.479433448237922e+33,1.053292049006012,2.565030123946808,0.4,0.27600732961674845,0.27600732961674845,RAD
5.9448299910784515e+32,13982827727.41336,36.12152487468978,9057561.849979328,4.374400197520978e+16,2.484198563450226e+33,1.0349792770983015,2.5719737130817206,0.4,0.2754013653558647,0.2754013653558647,RAD
5.990468026748341e+32,14034223011.151972,35.896425259202864,9036098.716926144,4.336837512908193e+16,2.4888807880668653e+33,1.0169659926572925,2.5789104477429423,0.4,0.27479466900844063,0.27479466900844063,RAD
6.03610606241823e+32,14085563766.736837,35.67218202019157,9014699.283617938,4.29953767934928e+16,2.4934814775798172e+33,0.999247255132123,2.5858401956993493,0.4,0.2741871940228404,0.2741871940228404,RAD
6.081744098088119e+32,14136852598.70149,35.448789695742654,8993362.96706867,4.2624984546432024e+16,2.4980019651484182e+33,0.9818182178325998,2.5927628181657685,0.4,0.2735788933835429,0.2735788933835429,RAD
6.1273821337580084e+32,14188092080.98722,35.22624293138846,8972089.197621105,4.225717633305759e+16,2.5024435620224903e+33,0.9646741256471507,2.599678169721761,0.4,0.27296971959843314,0.27296971959843314,RAD
6.1730201694278976e+32,14239284758.107826,35.00453647744889,8950877.41872457,4.18919304568507e+16,2.506807557955216e+33,0.9478103128318965,2.6065860982265816,0.4,0.27235962468624064,0.27235962468624064,RAD
6.218658205097787e+32,14290433146.280422,34.78366518646162,8929727.086722238,4.15292255710488e+16,2.511095221606081e+33,0.9312222008681023,2.6134864447301713,0.4,0.2717485601641061,0.2717485601641061,RAD
6.264296240767676e+32,14341539734.523869,34.56362401069705,8908637.670647614,4.116904067034611e+16,2.5153078009341887e+33,0.9149052963853951,2.6203790433803547,0.4,0.2711364770352904,0.2711364770352904,RAD
6.309934276437565e+32,14392606985.726267,34.344407999755006,8887608.652029915,4.081135508285148e+16,2.5194465235822423e+33,0.8988551891482595,2.6272637213260506,0.4,0.27052332577700905,0.27052332577700905,RAD
6.3555723121074545e+32,14443637337.682972,34.126012298240084,8866639.524708042,4.0456148462293656e+16,2.5235125972514775e+33,0.8830675501034464,2.6341402986166282,0.4,0.26990905632840206,0.26990905632840206,RAD
6.401210347777344e+32,14494633204.106432,33.90843214351275,8845729.794652876,4.01034007804647e+16,2.5275072100678193e+33,0.8675381294859832,2.641008588097485,0.4,0.26929361807864927,0.26929361807864927,RAD
6.446848383447233e+32,14545596975.609161,33.69166286351356,8824878.979797618,3.975309231989264e+16,2.531431530939523e+33,0.8522627549816615,2.6478683953015123,0.4,0.26867695985519857,0.26867695985519857,RAD
6.492486419117122e+32,14596531020.661076,33.47569987465776,8804086.609875936,3.940520366673472e+16,2.5352867099065555e+33,0.8372373299438874,2.654719518336844,0.4,0.26805902991214914,0.26805902991214914,RAD
6.538124454787011e+32,14647437686.522345,33.26053867979791,8783352.22626765,3.905971570388327e+16,2.5390738784819593e+33,0.822457831662932,2.661561747770591,0.4,0.26743977591876267,0.26743977591876267,RAD
6.583762490456899e+32,14698319300.15292,33.04617486625203,8762675.381851753,3.8716609604276216e+16,2.5427941499854313e+33,0.8079203096856781,2.6683948665086827,0.4,0.2668191449481199,0.2668191449481199,RAD
6.638700470626339e+32,14759539411.964167,32.789180353917246,8737860.794160543,3.83067197744821e+16,2.547185340606046e+33,0.7907358599777513,2.676608008283887,0.4,0.26607014183360217,0.26607014183360217,RAD
6.690225028513696e+32,14816929377.68387,32.549191223273546,8714662.531564638,3.792538110240529e+16,2.5512187176461614e+33,0.7749267466755467,2.684298192690997,0.4,0.2653657080901145,0.2653657080901145,RAD
6.741749586401054e+32,14874297123.58,32.31020044068245,8691535.813124383,3.7547000954635576e+16,2.5551713941949474e+33,0.7594099162218706,2.691975769571442,0.4,0.26465928873089584,0.26465928873089584,RAD
6.793274144288411e+32,14931645884.495203,32.07220215923319,8668480.065930545,3.7171553966721896e+16,2.559044862644821e+33,0.744180114071133,2.699640375845847,0.4,0.263950803632608,0.263950803632608,RAD
6.844798702175769e+32,14988978869.765339,31.83519065347238,8645494.734646726,3.679901519144126e+16,2.562840588582929e+33,0.7292321894843459,2.7072916348083447,0.4,0.2632401716070333,0.2632401716070333,RAD
6.896323260063126e+32,15046299264.65332,31.59916031647829,8622579.28131823,3.642936008866846e+16,2.5665600113193937e+33,0.7145610929758426,2.7149291558584197,0.4,0.2625273103821524,0.2625273103821524,RAD
6.947847817950484e+32,15103610231.749405,31.364105657040266,8599733.185193097,3.606256451556758e+16,2.5702045444026097e+33,0.7001618738396713,2.7225525342245795,0.4,0.26181213658361985,0.26181213658361985,RAD
6.999372375837841e+32,15160914912.339808,31.13002129693946,8576955.94255492,3.5698604717092944e+16,2.573775576121996e+33,0.6860296777526301,2.7301613506793614,0.4,0.26109456571661654,0.26109456571661654,RAD
7.050896933725199e+32,15218216427.745361,30.89690196832749,8554247.066567129,3.5337457316787424e+16,2.5772744699985858e+33,0.6721597444510163,2.7377551712460857,0.4,0.26037451214814417,0.26037451214814417,RAD
7.102421491612556e+32,15275517880.631948,30.664742511199613,8531606.087128364,3.497909930786676e+16,2.5807025652638331e+33,0.658547405478303,2.7453335468969384,0.4,0.25965188908974823,0.25965188908974823,RAD
7.153946049499914e+32,15332822356.294306,30.433537870959253,8509032.550738668,3.462350804457891e+16,2.5840611773269888e+33,0.6451880820010693,2.7528960132425944,0.4,0.25892660858072253,0.25892660858072253,RAD
7.205470607387271e+32,15390132923.914766,30.20328309607088,8486526.020376159,3.427066123382809e+16,2.587351598231395e+33,0.6320772826906701,2.7604420902131364,0.4,0.2581985814718017,0.2581985814718017,RAD
7.256995165274629e+32,15447452637.798431,29.973973335798302,8464086.075383913,3.39205369270535e+16,2.5905750971000294e+33,0.6192106016681669,2.7679712817304565,0.4,0.2574677174093932,0.2574677174093932,RAD
7.308519723161986e+32,15504784538.586226,29.74560383802583,8441712.311366774,3.3573113512353316e+16,2.593732920570616e+33,0.6065837165102547,2.775483075371899,0.4,0.256733924820364,0.256733924820364,RAD
7.360044281049344e+32,15562131654.447206,29.51816994715952,8419404.340097824,3.3228369706844748e+16,2.596826293220618e+33,0.5941923863138973,2.7829769420251607,0.4,0.2559971108974187,0.2559971108974187,RAD
7.411568838936701e+32,15619497002.251476,29.291667102106253,8397161.789434258,3.2886284549251556e+16,2.599856417982403e+33,0.5820324498176277,2.790452335534546,0.4,0.2552571815851208,0.2552571815851208,RAD
7.463093396824059e+32,15676883588.724985,29.066090834328108,8374984.303242428,3.2546837392710692e+16,2.60282447654887e+33,0.5700998235773912,2.7979086923383,0.4,0.25451404156656904,0.25451404156656904,RAD
7.514617954711416e+32,15734294411.587475,28.841436765970098,8352871.541331809,3.221000789779011e+16,2.605731629769813e+33,0.5583905001950568,2.805345431097324,0.4,0.2537675942508068,0.2537675942508068,RAD
7.566142512598774e+32,15791732460.674765,28.617700608059003,8330823.179397658,3.1875776025710132e+16,2.608579018039294e+33,0.546900546597693,2.812761952314879,0.4,0.2530177417609686,0.2530177417609686,RAD
7.617667070486131e+32,15849200719.04655,28.394878158771274,8308838.908972169,3.1544122031761056e+16,2.6113677616742665e+33,0.5356261023658431,2.820157637947574,0.4,0.2522643849232407,0.2522643849232407,RAD
7.669191628373489e+32,15906702164.080854,28.172965301768386,8286918.437383877,3.12150264589101e+16,2.614098961284721e+33,0.5245633781090876,2.8275318510075134,0.4,0.25150742325667663,0.25150742325667663,RAD
7.720716186260846e+32,15964239768.556213,27.951958004597603,8265061.487725138,3.088847013159089e+16,2.6167736981355676e+33,0.5137086538872305,2.8348839351555806,0.4,0.25074675496391374,0.25074675496391374,RAD
7.772240744148204e+32,16021816501.722681,27.73185231715662,8243267.798827465,3.0564434149669136e+16,2.6193930345005046e+33,0.5030582776755957,2.8422132142859,0.4,0.24998227692285144,0.24998227692285144,RAD
7.823765302035561e+32,16079435330.362686,27.51264437022051,8221537.125244533,3.0242899882578384e+16,2.621958014008089e+33,0.4926086638728627,2.849518992101494,0.4,0.24921388467934838,0.24921388467934838,RAD
7.875289859922919e+32,16137099219.842743,27.294330374029357,8199869.23724266,2.9923848963619844e+16,2.624469661980223e+33,0.4823562918500404,2.85680055168117,0.4,0.24844147244099907,0.24844147244099907,RAD
7.926814417810276e+32,16194811135.157019,27.07690661693531,8178263.920798578,2.960726328442074e+16,2.6269289857632676e+33,0.4722977045391763,2.8640571550377123,0.4,0.2476649330720586,0.2476649330720586,RAD
7.978338975697634e+32,16252574041.963707,26.860369464107624,8156720.977604316,2.929312498954571e+16,2.629336975051989e+33,0.46242950706048563,2.8712880426673055,0.4,0.24688415808957126,0.24688415808957126,RAD
8.029863533584991e+32,16310390907.615156,26.644715356294455,8135240.225079003,2.8981416471256052e+16,2.631694602206519e+33,0.4527483653865955,2.878492433090465,0.4,0.2460990376607904,0.2460990376607904,RAD
8.081388091472349e+32,16368264702.182673,26.429940808640232,8113821.496387431,2.867212036441179e+16,2.6340028225625317e+33,0.44325100504271947,2.885669522384306,0.4,0.2453094606019443,0.2453094606019443,RAD
8.132912649359706e+32,16426198399.476898,26.21604240955745,8092464.640465183,2.8365219541511816e+16,2.636262574734814e+33,0.4339342098415334,2.8928184837064514,0.4,0.2445153143784431,0.2445153143784431,RAD
8.184437207247063e+32,16484194978.064648,26.003016819651936,8071169.522050159,2.8060697107867416e+16,2.638474780914401e+33,0.42479482065168234,2.8999384668106454,0.4,0.24371648510660074,0.24371648510660074,RAD
8.246346760984645e+32,16553968398.473127,25.74820481480867,8045663.770370648,2.769791912243232e+16,2.6410712581238055e+33,0.414043616857208,2.908453949639126,0.4,0.24275029161955877,0.24275029161955877,RAD
8.308256314722226e+32,16623842101.755432,25.49464266284855,8020246.802761028,2.7338522359352696e+16,2.643601940438923e+33,0.40353878343695165,2.916924769253969,0.4,0.24177696818002223,0.24177696818002223,RAD
8.370165868459807e+32,16693821294.727747,25.242324972218963,7994918.475632012,2.69824787875808e+16,2.6460683370738346e+33,0.39327515243815664,2.925349310444468,0.4,0.2407963095608448,0.2407963095608448,RAD
8.432075422197389e+32,16763911203.410048,24.99124649326262,7969678.6787716495,2.6629760820137068e+16,2.648471925585018e+33,0.3832476643128214,2.933725904571822,0.4,0.23980810778115494,0.23980810778115494,RAD
8.49398497593497e+32,16834117075.56235,24.741402116221526,7944527.335504549,2.628034130367293e+16,2.650814152534177e+33,0.3734513652503689,2.9420528282482112,0.4,0.2388121521356013,0.2388121521356013,RAD
8.496461358084473e+32,16836927796.968697,24.73143393967487,7943523.120886105,2.6266432751310784e+16,2.6509065854242836e+33,0.37306425306773244,2.9423848470741327,0.4,0.23877214962016638,0.23877214962016638,RAD
8.497451910944274e+32,16838052139.919497,24.727447222839757,7943121.473615957,2.6260870795701468e+16,2.650943531745997e+33,0.3729095093334625,2.942562161111031,0.4,0.2387597582995267,0.2387597582995267,RAD
8.498442463804075e+32,16839176513.980871,24.723460859985646,7942719.836340232,2.6255309677263908e+16,2.650980462742293e+33,0.37275482115970554,2.9428061305029574,0.4,0.23875277453076052,0.23875277453076052,RAD
8.508347992402083e+32,16850421969.970232,24.6836171304649,7938703.8728109,2.6199744513472036e+16,2.651348931007323e+33,0.3712109658531667,2.945246954011634,0.4,0.23868296399266561,0.23868296399266561,RAD
8.573587452374364e+32,16924565579.511406,24.422102026010972,7912272.405785601,2.5835866512597212e+16,2.6537378399209477e+33,0.3611792307285226,2.96137424220083,0.4,0.238224407479193,0.238224407479193,RAD
8.638826912346645e+32,16998850656.795786,24.162148889953702,7885871.978869361,2.5475584119341616e+16,2.656062065800052e+33,0.3513807318578952,2.977592162245597,0.4,0.23776796328226646,0.23776796328226646,RAD
8.704066372318926e+32,17073282808.774326,23.903751126882334,7859501.481776478,2.5118867070455364e+16,2.658323114455063e+33,0.3418106391195765,2.99390213296919,0.4,0.2373136053643416,0.2373136053643416,RAD
8.769305832291207e+32,17147867667.03573,23.64690226605308,7833159.810076011,2.4765685536253284e+16,2.660522460509765e+33,0.3324642215672591,3.0103055984212896,0.4,0.23686130777424294,0.23686130777424294,RAD
8.834545292263488e+32,17222610890.432137,23.39159595855884,7806845.864819587,2.441601011073704e+16,2.662661548040573e+33,0.3233368450680587,3.0268040285664393,0.4,0.23641104462180465,0.23641104462180465,RAD
8.899784752235769e+32,17297518167.714214,23.137825974585265,7780558.552175689,2.4069811802007036e+16,2.6647417912006225e+33,0.3144239700107161,3.0433989199892624,0.4,0.2359627900528546,0.2359627900528546,RAD
8.96502421220805e+32,17372595220.17883,22.885586200750367,7754296.783070035,2.3727062022953676e+16,2.666764574829133e+33,0.30572114908140824,3.060091796617069,0.4,0.23551651822447908,0.23551651822447908,RAD
9.030263672180331e+32,17447847804.33252,22.634870637524877,7728059.47283166,2.338773258221792e+16,2.6687312550464756e+33,0.2972240251047231,3.0768842104602596,0.4,0.23507220328048825,0.23507220328048825,RAD
9.095503132152612e+32,17523281714.573948,22.385673396730805,7701845.540844307,2.3051795675411496e+16,2.6706431598353575e+33,0.2889283289474758,3.0937777423717288,0.4,0.2346298193270646,0.2346298193270646,RAD
9.160742592124893e+32,17598902785.898567,22.137988699115493,7675653.910202788,2.2719223876587536e+16,2.6725015896085337e+33,0.2808298774831061,3.110774002825578,0.4,0.23418934040850628,0.23418934040850628,RAD
9.225982052097174e+32,17674716896.628716,21.891810871998853,7649483.507373945,2.2389990129952788e+16,2.674307817763429e+33,0.2729245716145316,3.1278746327160145,0.4,0.23375074048302036,0.23375074048302036,RAD
9.291221512069455e+32,17750729971.17242,21.647134346991415,7623333.261861881,2.206406774181297e+16,2.676063091224046e+33,0.2652083943533882,3.1450813041773946,0.4,0.2333139933985236,0.2333139933985236,RAD
9.356460972041736e+32,17826947982.814236,21.40395365778105,7597202.105877148,2.174143037274328e+16,2.6777686309705226e+33,0.25767740895371277,3.1623957214257845,0.4,0.23287907286836645,0.23287907286836645,RAD
9.419520068455943e+32,17900819157.330997,21.170316932401796,7571961.419353684,2.1432673584651764e+16,2.679371025544907e+33,0.25057050066358333,3.1792355116144995,0.4,0.2324603989412031,0.2324603989412031,RAD
9.48257916487015e+32,17974892917.470676,20.93806795577486,7546736.612013765,2.1126938450493652e+16,2.680929129762535e+33,0.24362959124043135,3.1961791875980707,0.4,0.23204338276747044,0.23204338276747044,RAD
9.545638261284357e+32,18049174802.595192,20.70720205240185,7521526.725091013,2.082420208887713e+16,2.682443979798679e+33,0.2368513300012527,3.2132283784531297,0.4,0.2316280001218235,0.2316280001218235,RAD
9.608697357698564e+32,18123670404.63761,20.47771462883057,7496330.801073821,2.0524441902538096e+16,2.683916590902228e+33,0.2302324303267426,3.2303847443473375,0.4,0.23121422657672022,0.23121422657672022,RAD
9.671756454112771e+32,18198385370.631332,20.24960117204687,7471147.883438846,2.0227635572577092e+16,2.6853479577953236e+33,0.22376966829055764,3.2476499773502323,0.4,0.23080203748101363,0.23080203748101363,RAD
9.734815550526978e+32,18273325405.28214,20.022857247913134,7445977.016386308,1.99337610528458e+16,2.6867390550644726e+33,0.2174598813247737,3.2650258022660728,0.4,0.23039140793822208,0.23039140793822208,RAD
9.797874646941186e+32,18348496273.586082,19.797478499651916,7420817.244576876,1.9642796564478304e+16,2.6880908375433507e+33,0.21129996692036626,3.2825139774894905,0.4,0.22998231278443232,0.22998231278443232,RAD
9.860933743355393e+32,18423903803.49626,19.57346064637354,7395667.61286994,1.935472059056248e+16,2.689404240687521e+33,0.20528688136159481,3.3001162958845742,0.4,0.22957472656577727,0.22957472656577727,RAD
9.9239928397696e+32,18499553888.64154,19.35079948164641,7370527.166063064,1.9069511870947068e+16,2.6906801809412757e+33,0.19941763849322247,3.3178345856883835,0.4,0.2291686235154485,0.2291686235154485,RAD
9.945e+32,18524810430.121628,19.276923912687213,7362153.890581761,1.8975132065560924e+16,2.69109707734852e+33,0.1974938248818222,3.3237632323570434,0.4,0.22903366143036766,0.22903366143036766,RAD
9.945e+32,18524810429.751602,19.276923913650528,7362153.890809673,1.8975132067096892e+16,2.69109707734218e+33,0.19749382492296608,3.3237632321186092,0.4,0.22903366140357645,0.22903366140357645,RAD
9.985396261801155e+32,18573456475.896866,19.13528427770951,7346054.721110307,1.8794526875096348e+16,2.691887475145537e+33,0.1938379340808599,3.3352008851235655,0.4,0.22877458344999035,0.22877458344999035,RAD
1.0049043964439005e+33,18650314851.039394,18.913241665497775,7320695.10665384,1.8512319266459068e+16,2.693103169206483e+33,0.18819248162907415,3.3533217240985396,0.4,0.22836757346262268,0.22836757346262268,RAD
1.0112691667076856e+33,18727438667.364666,18.69256884078636,7295341.943497297,1.8232969582933896e+16,2.694283371323033e+33,0.182684831244533,3.371566489268529,0.4,0.2279619940211915,0.2279619940211915,RAD
1.0176339369714706e+33,18804834283.370667,18.473261769769678,7269994.246538591,1.7956456965798614e+16,2.695428949486152e+33,0.1773121364183509,3.389937215360019,0.4,0.22755781710078796,0.22755781710078796,RAD
1.0239987072352556e+33,18882508140.731297,18.25531648913377,7244651.029273051,1.7682760797863952e+16,2.6965407537413194e+33,0.17207160446769812,3.4084359789026557,0.4,0.22715501422336767,0.22715501422336767,RAD
1.0303634774990407e+33,18960466767.545017,18.038729104802723,7219311.30352386,1.7411860698797512e+16,2.697619616527584e+33,0.16696049542928426,3.427064899348179,0.4,0.2267535564295176,0.2267535564295176,RAD
1.0367282477628257e+33,19038716781.66452,17.82349579072253,7193974.079172406,1.7143736520562742e+16,2.6986663530096626e+33,0.16197612098070815,3.4458261402218096,0.4,0.22635341424929117,0.22635341424929117,RAD
1.0430930180266107e+33,19117264894.111736,17.609612787681332,7168638.363888392,1.687836834296944e+16,2.699681761403263e+33,0.15711584338881845,3.4647219103072104,0.4,0.2259545576720414,0.2259545576720414,RAD
1.0494577882903958e+33,19196117912.58267,17.397076402165325,7143303.162859521,1.6615736469332424e+16,2.7006666232937965e+33,0.15237707448427124,3.483754464866384,0.4,0.22555695611519105,0.22555695611519105,RAD
1.0558225585541808e+33,19275282745.046665,17.185883005249277,7117967.478520601,1.6355821422235078e+16,2.701621703948643e+33,0.14775727466150249,3.5029261068954316,0.4,0.22516057839184436,0.22516057839184436,RAD
1.0621873288179659e+33,19354766403.444996,16.97602903152097,7092630.310281912,1.6098603939394656e+16,2.7025477526231316e+33,0.14325395190334814,3.522239188417401,0.4,0.22476539267715914,0.22476539267715914,RAD
1.0685520990817509e+33,19434576007.49375,16.76751097803866,7067290.65425667,1.5844064969626276e+16,2.7034455028603906e+33,0.1388646608295837,3.541696111813538,0.4,0.22437136647339487,0.22437136647339487,RAD
1.074916869345536e+33,19514718788.596302,16.56032540332087,7041947.50298745,1.5592185668902718e+16,2.7043156727852134e+33,0.13458700176867655,3.561299331194189,0.4,0.2239784665735458,0.2239784665735458,RAD
1.081281639609321e+33,19595202093.87084,16.354468926367723,7016599.845171414,1.5342947396507172e+16,2.7051589653920897e+33,0.13041861985207187,3.5810513538106323,0.4,0.2235866590234571,0.2235866590234571,RAD
1.087646409873106e+33,19676033390.29864,16.149938225713147,6991246.665384214,1.5096331711276232e+16,2.705976068827544e+33,0.12635720413035154,3.6009547415090295,0.4,0.2231959090823135,0.2231959090823135,RAD
1.094011180136891e+33,19757220268.999138,15.946730038507303,6965886.943802422,1.4852320367930504e+16,2.7067676566669124e+33,0.12240048671063262,3.6210121122281773,0.4,0.22280618118141063,0.22280618118141063,RAD
1.1003759504006761e+33,19838770449.637913,15.744841159628567,6940519.655924373,1.4610895313490304e+16,2.707534388185697e+33,0.11854624191459542,3.6412261415421274,0.4,0.22241743888107152,0.22241743888107152,RAD
1.1067407206644611e+33,19920691784.974277,15.544268440824426,6915143.772289293,1.4372038683773988e+16,2.7082769086256286e+33,0.11479228545654432,3.6615995642493857,0.4,0.22202964482560555,0.22202964482560555,RAD
1.1131054909282462e+33,20002992265.555214,15.345008789880831,6889758.258194587,1.4135732799976554e+16,2.708995849455554e+33,0.11113647364093777,3.682135176009835,0.4,0.22164276069615793,0.22164276069615793,RAD
1.1194702611920312e+33,20085680024.562874,15.147059169819284,6864362.073411197,1.3901960165326254e+16,2.709691828627282e+33,0.10757670257882576,3.7028358350312205,0.4,0.22125674716133484,0.22125674716133484,RAD
1.1258350314558162e+33,20168763342.823174,14.950416598121285,6838954.171896914,1.3670703461816996e+16,2.710365450826496e+33,0.10411090742267277,3.723704463806457,0.4,0.22087156382543996,0.22087156382543996,RAD
1.1321998017196013e+33,20252250653.983356,14.755078145979576,6813533.5015075505,1.3441945547014422e+16,2.7110173077188594e+33,0.10073706161904021,3.7447440509034493,0.4,0.220487169174178,0.220487169174178,RAD
1.1385645719833863e+33,20336150549.866867,14.56104093757569,6788099.003705903,1.321566945093361e+16,2.711647978191413e+33,0.09745317617863788,3.7659576528089254,0.4,0.2201035205176522,0.2201035205176522,RAD
1.1449293422471714e+33,20420471786.01418,14.368302149383432,6762649.613268415,1.2991858372986414e+16,2.7122580285893866e+33,0.09425729896325961,3.7873483958279377,0.4,0.21972057393048558,0.21972057393048558,RAD
1.1512941125109564e+33,20505223287.41881,14.176859009497791,6737184.257989488,1.277049567899653e+16,2.712848012948522e+33,0.09114751398913884,3.808919478040675,0.4,0.2193382841888774,0.2193382841888774,RAD
1.1576588827747414e+33,20590414154.468113,13.986708796988982,6711701.85838337,1.255156489828044e+16,2.713418473223011e+33,0.08812194074626854,3.830674171317993,0.4,0.21895660470438502,0.21895660470438502,RAD
1.1640236530385265e+33,20676053669.098995,13.79784884128115,6686201.327383613,1.233504972079244e+16,2.7139699395091566e+33,0.08517873353326046,3.85261582339778,0.4,0.21857548745424044,0.21857548745424044,RAD
1.1699361135937025e+33,20756017484.192234,13.623563822770722,6662495.778781355,1.2136071179146646e+16,2.714465652502658e+33,0.08251689305832184,3.8731686981906965,0.4,0.21822191456179077,0.21822191456179077,RAD
1.1758485741488786e+33,20836384357.792267,13.450387869127391,6638772.755411073,1.1939150345123024e+16,2.714945829442775e+33,0.07992313821860435,3.8938886670358115,0.4,0.21786874318112961,0.21786874318112961,RAD
1.1817610347040546e+33,20917162180.75378,13.27831895379197,6615031.366929308,1.1744274504796934e+16,2.715410868727521e+33,0.07739606735202631,3.91477859924074,0.4,0.21751593114896775,0.21751593114896775,RAD
1.1876734952592306e+33,20998358998.44911,13.107355086083397,6591270.716467126,1.1551431056081724e+16,2.715861160539123e+33,0.07493430290791797,3.935841427014409,0.4,0.21716343500632598,0.21716343500632598,RAD
1.1935859558144067e+33,21079983015.854103,12.937494310848445,6567489.900414001,1.136060750695165e+16,2.716297086985354e+33,0.07253649103481888,3.9570801471211947,0.4,0.21681120993632266,0.21681120993632266,RAD
1.1994984163695827e+33,21162042602.81741,12.768734708126269,6543688.008200185,1.117179147370008e+16,2.716719022238459e+33,0.07020130117680293,3.9784978225801306,0.4,0.21645920969873383,0.21645920969873383,RAD
1.2054108769247588e+33,21244546299.521675,12.601074392827593,6519864.122077613,1.0984970679232028e+16,2.717127332671712e+33,0.06792742567812546,4.0000975844099464,0.4,0.21610738656111783,0.21610738656111783,RAD
1.2113233374799348e+33,21327502822.146107,12.434511514428653,6496017.316899415,1.0800132951390398e+16,2.71752237699367e+33,0.06571357939598121,4.021882633421061,0.4,0.21575569122630625,0.21575569122630625,RAD
1.2172357980351109e+33,21410921068.739754,12.26904425667955,6472146.65989811,1.061726622131495e+16,2.7179045063801466e+33,0.06355849932118582,4.043856242055248,0.4,0.21540407275602533,0.21540407275602533,RAD
1.2231482585902869e+33,21494810125.31577,12.1046708373271,6448251.210462588,1.043635852183331e+16,2.718274064603982e+33,0.0614609442065821,4.066021756273828,0.4,0.21505247849040926,0.21505247849040926,RAD
1.229060719145463e+33,21579179272.177357,11.941389507852069,6424330.019913998,1.025739798588327e+16,2.7186313881626243e+33,0.059419694202989246,4.08838259749502,0.4,0.21470085396314154,0.21470085396314154,RAD
1.234973179700639e+33,21664037990.48667,11.779198553220747,6400382.131280684,1.0080372844965652e+16,2.718976806403589e+33,0.057433550502511095,4.110942264581516,0.4,0.2143491428119705,0.2143491428119705,RAD
1.240885640255815e+33,21749395969.088604,11.618096291650858,6376406.579072331,9905271427627036.0,2.719310641647827e+33,0.05550133498903232,4.133704335878478,0.4,0.21399728668428114,0.21399728668428114,RAD
1.2467981008109911e+33,21835263111.602005,11.458081074391758,6352402.38905352,9732082157971692.0,2.719633209311048e+33,0.053621889895727144,4.156672471302613,0.4,0.21364522513741985,0.21364522513741985,RAD
1.2527105613661671e+33,21921649543.791683,11.29915128551896,6328368.5780169,9560793554202030.0,2.719944818023041e+33,0.051794077469418234,4.179850414483024,0.4,0.21329289553344993,0.21329289553344993,RAD
1.2586230219213432e+33,22008565621.235188,11.14130534174299,6304304.153556242,9391394227186980.0,2.720245769745026e+33,0.05001677964162168,4.203241994953667,0.4,0.21294023292795722,0.21294023292795722,RAD
1.2645354824765192e+33,22096021937.299255,10.984541692232602,6280208.1138396375,9223872879057654.0,2.720536359885084e+33,0.04828889770612517,4.226851130397967,0.4,0.21258716995254337,0.21258716995254337,RAD
1.2704479430316953e+33,22184029331.441643,10.828858818452442,6256079.4473831905,9058218301829716.0,2.7208168774116986e+33,0.046609352002942646,4.2506818289452415,0.4,0.21223363669058165,0.21223363669058165,RAD
1.2763604035868713e+33,22272598897.854958,10.674255234015195,6231917.132825542,8894419376051890.0,2.721087604965446e+33,0.04497708160849998,4.274738191519003,0.4,0.21187956054580884,0.21187956054580884,RAD
1.2822728641420473e+33,22361741994.470142,10.520729484548365,6207720.138703647,8732465069480049.0,2.7213488189688724e+33,0.043391044031906696,4.29902441423653,0.4,0.21152486610327811,0.21152486610327811,RAD
1.2873776781829855e+33,22439178364.86981,10.389041415215692,6186799.775147461,8594109299698645.0,2.7215669056755355e+33,0.04205806440744593,4.320181321099148,0.4,0.21121806570927906,0.21121806570927906,RAD
1.2924824922239237e+33,22517058599.39831,10.258154869503711,6165852.106143155,8457113460621414.0,2.7217782724054493e+33,0.04075813693010274,4.341515601878988,0.4,0.2109106937063933,0.2109106937063933,RAD
1.2975873062648619e+33,22595390515.43815,10.128068968559568,6144876.4488887,8321470604106287.0,2.7219830862490326e+33,0.03949062278494697,4.363030136981491,0.4,0.2106026959677387,0.2106026959677387,RAD
1.3026921203058e+33,22674182097.51096,9.99878285111769,6123872.114514775,8187173827846752.0,2.722181511060341e+33,0.03825489279958826,4.384727864923513,0.4,0.21029401647002555,0.21029401647002555,RAD
1.3077969343467383e+33,22753441502.527763,9.870295673469439,6102838.407983291,8054216274789657.0,2.7223737075059505e+33,0.037050327311195036,4.406611783592764,0.4,0.20998459720631804,0.20998459720631804,RAD
1.3129017483876765e+33,22833177065.237877,9.74260660943916,6081774.627987833,7922591132562475.0,2.722559833113167e+33,0.03587631603573063,4.428684951525009,0.4,0.2096743780942508,0.2096743780942508,RAD
1.3180065624286146e+33,22913397303.885803,9.615714850366784,6060680.066856284,7792291632909880.0,2.722740042317575e+33,0.034732257939361286,4.450950489198406,0.4,0.20936329687945432,0.20936329687945432,RAD
1.3231113764695528e+33,22994110926.085854,9.48961960509705,6039554.010455981,7663311051139481.0,2.722914486509934e+33,0.033617561111995056,4.47341158034332,0.4,0.20905128903388348,0.20905128903388348,RAD
1.328216190510491e+33,23075326834.924854,9.364320099975524,6018395.738101746,7535642705576573.0,2.7230833140824343e+33,0.03253164264290813,4.496071473266788,0.4,0.2087382876487775,0.2087382876487775,RAD
1.3333210045514292e+33,23157054135.303806,9.239815578851411,5997204.522467184,7409279957027766.0,2.7232466704743246e+33,0.031473928498423176,4.518933482189441,0.4,0.20842422332190122,0.20842422332190122,RAD
1.3384258185923674e+33,23239302140.53,9.116105303087405,5975979.62949967,7284216208253358.0,2.723404698216921e+33,0.030443853401593488,4.542000988593723,0.4,0.20810902403876275,0.20810902403876275,RAD
1.3435306326333056e+33,23322080379.17174,8.993188551576687,5954720.318339496,7160444903448326.0,2.723557536978005e+33,0.029440860713860876,4.565277442580674,0.4,0.20779261504741262,0.20779261504741262,RAD
1.3486354466742438e+33,23405398602.18852,8.871064620767182,5933425.841243669,7037959527731810.0,2.72370532360562e+33,0.02846440231864579,4.588766364233435,0.4,0.2074749187264661,0.2074749187264661,RAD
1.353740260715182e+33,23489266790.350147,8.749732824693305,5912095.443514927,6916753606644977.0,2.723848192171285e+33,0.027513938506833605,4.61247134498445,0.4,0.20715585444592458,0.20715585444592458,RAD
1.35884507475612e+33,23573695161.95931,8.629192495015342,5890728.363436558,6796820705657150.0,2.7239862740126255e+33,0.02658893786412198,4.63639604898348,0.4,0.20683533842036447,0.20683533842036447,RAD
1.3639498887970583e+33,23658694180.89252,8.509442981066657,5869323.832213683,6678154429680082.0,2.724119697775429e+33,0.02568887716019373,4.660544214462814,0.4,0.20651328355402326,0.20651328355402326,RAD
1.3690547028379965e+33,23744274564.975838,8.390483649908981,5847881.07392172,6560748422590315.0,2.724248589455146e+33,0.024813241239679863,4.684919655096147,0.4,0.2061895992772997,0.2061895992772997,RAD
1.3741595168789347e+33,23830447294.712067,8.272313886395963,5826399.305462793,6444596366759482.0,2.7243730724378386e+33,0.02396152291488107,4.709526261346328,0.4,0.20586419137412185,0.20586419137412185,RAD
1.379264330919873e+33,23917223622.37768,8.154933093245258,5804877.736530948,6329691982592483.0,2.7244932675405806e+33,0.023133222860212604,4.734368001797376,0.4,0.20553696179962952,0.20553696179962952,RAD
1.384369144960811e+33,24004615081.50846,8.038340691119405,5783315.569587068,6216029028073450.0,2.724609293051327e+33,0.022327849508341928,4.759448924465282,0.4,0.20520780848757075,0.20520780848757075,RAD
1.3894739590017492e+33,24092633496.794197,7.922536118715805,5761711.999844515,6103601298319421.0,2.7247212647682594e+33,0.021544918947987053,4.784773158081292,0.4,0.20487662514676172,0.20487662514676172,RAD
1.3945787730426874e+33,24181290994.40395,7.8075188328660845,5740066.215266581,5992402625141645.0,2.724829296038607e+33,0.020783954823344473,4.810344913341059,0.4,0.20454330104593313,0.20454330104593313,RAD
1.3996835870836256e+33,24270600012.76467,7.6932883086452,5718377.396576919,5882426876614455.0,2.724933497796967e+33,0.02004448823511782,4.836168484111901,0.4,0.20420772078622826,0.20420772078622826,RAD
1.4047884011245638e+33,24360573313.817524,7.579844039490634,5696644.717284266,5773667956651647.0,2.725033978603117e+33,0.019326057643115527,4.862248248589672,0.4,0.20386976406057034,0.20386976406057034,RAD
1.409893215165502e+33,24451223994.777603,7.467185537332077,5674867.343722843,5666119804590302.0,2.7251308446793353e+33,0.018628208770391376,4.888588670395778,0.4,0.2035293053990658,0.2035293053990658,RAD
1.4149631499708678e+33,24541939024.10923,7.356074055950985,5653193.699076962,5560498924371687.0,2.7252235737681363e+33,0.017955057750278478,4.915011603304702,0.4,0.2031885673498891,0.2031885673498891,RAD
1.419173202616983e+33,24617795950.308647,7.264395909662531,5635161.265674814,5473690685118754.0,2.725298015298662e+33,0.017410860088159726,4.937155157314402,0.4,0.20290355048549752,0.20290355048549752,RAD
1.4233832552630984e+33,24694140003.58041,7.173251348432913,5617096.809163023,5387694480098101.0,2.725370193503131e+33,0.01687981663694868,4.959484873567125,0.4,0.2026165710069574,0.2026165710069574,RAD
1.4275933079092137e+33,24770979295.420883,7.0826401379182276,5598999.847256349,5302506981732473.0,2.72544016325496e+33,0.016361687310675645,4.982003439345847,0.4,0.20232754632988445,0.20232754632988445,RAD
1.431803360555329e+33,24848322121.11449,6.9925620526773615,5580869.894553828,5218124877982875.0,2.725507978423462e+33,0.01585623518658778,5.004713583294302,0.4,0.20203639083778221,0.20203639083778221,RAD
1.4360134132014443e+33,24926176965.49675,6.903016876246991,5562706.462599514,5134544872205297.0,2.7255736918870936e+33,0.015363226471652107,5.027618075622501,0.4,0.20174301574847647,0.20174301574847647,RAD
1.4402234658475597e+33,25004552508.942364,6.8140044012209255,5544509.059952122,5051763683009720.0,2.7256373555465594e+33,0.014882430469490988,5.050719728264292,0.4,0.20144732897396697,0.20144732897396697,RAD
1.444433518493675e+33,25083457633.589012,6.7255244293340155,5526277.192264243,4969778044121395.0,2.725699020337782e+33,0.014413619547740356,5.074021394981807,0.4,0.20114923497334886,0.20114923497334886,RAD
1.4486435711397903e+33,25162901429.80815,6.637576771550764,5508010.36237186,4888584704244402.0,2.725758736244733e+33,0.013956569105827632,5.097525971411026,0.4,0.20084863459843405,0.20084863459843405,RAD
1.4528536237859056e+33,25242893202.934635,6.550161248158894,5489708.070394956,4808180426927488.0,2.725816552312129e+33,0.013511057543161124,5.1212363950417785,0.4,0.2005454249316622,0.2005454249316622,RAD
1.457063676432021e+33,25323442480.26778,6.463277688868076,5471369.813850038,4728561990432192.0,2.725872516657997e+33,0.013076866227725062,5.145155645126047,0.4,0.20023949911591465,0.20023949911591465,RAD
1.4612737290781362e+33,25404559018.357113,6.376925932914007,5452995.087775497,4649726187603249.0,2.725926676486107e+33,0.012653779465075623,5.169286742506274,0.4,0.19993074617575884,0.19993074617575884,RAD
1.4654837817242515e+33,25486252810.586845,6.29110582916816,5434583.384870743,4571669825741300.0,2.725979078098272e+33,0.0122415844677304,5.193632749356263,0.4,0.19961905082968692,0.19961905082968692,RAD
1.4696938343703668e+33,25568534095.07392,6.2058172362534,5416134.195650182,4494389726477899.5,2.7260297669065254e+33,0.011840071324946678,5.218196768825485,0.4,0.19930429329284396,0.19930429329284396,RAD
1.473903887016482e+33,25651413362.89535,6.121060022665794,5397647.0086131105,4417882725652840.5,2.72607878744517e+33,0.011449032972882597,5.242981944577218,0.4,0.1989863490697299,0.1989863490697299,RAD
1.4781139396625974e+33,25734901366.66145,6.036834066902899,5379121.310430761,4342145673193810.5,2.726126183382698e+33,0.011068265165135692,5.267991460210276,0.4,0.19866508873633393,0.19866508873633393,RAD
1.4823239923087127e+33,25819009129.452633,5.9531392575988535,5360556.586151742,4267175432998387.5,2.726171997533595e+33,0.010697566443653021,5.293228538552525,0.4,0.19834037771111054,0.19834037771111054,RAD
1.486534044954828e+33,25903747954.13843,5.869975493666624,5341952.319427273,4192968882818403.5,2.726216271870014e+33,0.01033673811000822,5.3186964408145805,0.4,0.19801207601421128,0.19801207601421128,RAD
1.4907440976009433e+33,25989129433.09844,5.787342684447773,5323307.992757669,4119522914146680.0,2.7262590475333395e+33,0.009985584197039592,5.344398465589477,0.4,0.1976800380143035,0.1976800380143035,RAD
1.4949541502470586e+33,26075165458.366394,5.70524074987016,5304623.087761681,4046834432106178.5,2.726300364845622e+33,0.009643911440844333,5.370337947684237,0.4,0.19734411216231326,0.19734411216231326,RAD
1.499164202893174e+33,26161868232.21948,5.623669620613989,5285897.085470376,3974900355341573.5,2.726340263320904e+33,0.009311529253124095,5.396518256767198,0.4,0.19700414071136851,0.19700414071136851,RAD
1.5033742555392893e+33,26249250278.236603,5.542629238286663,5267129.4666473875,3903717615913282.0,2.726378781676424e+33,0.008988249693876233,5.422942795813909,0.4,0.19665995942218806,0.19665995942218806,RAD
1.5075843081854046e+33,26337324452.85079,5.462119555606951,5248319.712137506,3833283159193979.0,2.7264159578437126e+33,0.008673887444426686,5.449614999333012,0.4,0.19631139725312688,0.19631139725312688,RAD
1.51179436083152e+33,26426103957.422394,5.382140536598991,5229467.303245705,3763593943767632.0,2.726451828979568e+33,0.008368259780798745,5.4765383313512945,0.4,0.19595827603402294,0.19595827603402294,RAD
1.5160044134776352e+33,26515602350.861565,5.302692156796693,5210571.722148872,3694646941331092.0,2.726486431476928e+33,0.008071186547414035,5.503716283136054,0.4,0.19560041012297316,0.19560041012297316,RAD
1.5202144661237505e+33,26605833562.83017,5.223774403459171,5191632.452342687,3626439136598274.5,2.7265198009756265e+33,0.007782490131120287,5.531152370630438,0.4,0.1952376060450996,0.1952376060450996,RAD
1.5244245187698658e+33,26696811907.555386,5.145387275797831,5172648.979126241,3558967527206978.5,2.7265519723730433e+33,0.0075019954355416306,5.558850131575764,0.4,0.19486966211233342,0.19486966211233342,RAD
1.5286412929749555e+33,26788699183.225147,5.0674069077281505,5153590.374649987,3492123157083911.5,2.7265830284269176e+33,0.007229101179449507,5.5868579805686265,0.4,0.1944957676470627,0.1944957676470627,RAD
1.5328580671800451e+33,26881365939.940853,4.989958896443146,5134486.399579741,3426011344791577.5,2.7266129504291196e+33,0.006964090745282316,5.615135495364965,0.4,0.19411628552966423,0.19411628552966423,RAD
1.5370748413851348e+33,26974827810.846584,4.9130432787079865,5115336.545535733,3360629112017936.0,2.7266417712678333e+33,0.006706795637598454,5.643686275462777,0.4,0.19373098582425444,0.19373098582425444,RAD
1.5412916155902245e+33,27069100878.657497,4.83666010436454,5096140.308346026,3295973493109680.0,2.726669523125874e+33,0.0064570497936678045,5.672513926931656,0.4,0.19333962858434822,0.19333962858434822,RAD
1.5455083897953142e+33,27164201693.23657,4.760809436631169,5076897.188772464,3232041534992359.0,2.726696237490893e+33,0.006214689559177755,5.701622057445533,0.4,0.19294196335709898,0.19294196335709898,RAD
1.5497251640004038e+33,27260147290.034496,4.68549135241956,5057606.693295284,3168830297093492.0,2.7267219451654845e+33,0.005979553664238681,5.731014270783751,0.4,0.19253772866129581,0.19253772866129581,RAD
1.5539419382054935e+33,27356955209.444054,4.610705942669734,5038268.334960778,3106336851268740.0,2.72674667627719e+33,0.005751483199685426,5.760694160751848,0.4,0.1921266514377021,0.1921266514377021,RAD
1.5581587124105832e+33,27454643517.123623,4.536453312704444,5018881.6342967255,3044558281731211.5,2.726770460288403e+33,0.005530321593670552,5.790665304470624,0.4,0.1917084464703107,0.1917084464703107,RAD
1.5594588145406936e+33,27484942895.983387,4.513667456462214,5012894.566294725,3025654644826623.5,2.7267776067665985e+33,0.005463503198819438,5.799965204732177,0.4,0.19157802340344887,0.19157802340344887,RAD
1.5595888247537047e+33,27487977555.22187,4.511391657114907,5012295.603756646,3023768000240003.0,2.726778316645675e+33,0.005456856500679161,5.800896740086867,0.4,0.19156494193353937,0.19156494193353937,RAD
1.5597188349667157e+33,27491013075.11965,4.509116365785358,5011696.593106334,3021882031514776.5,2.7267790256610264e+33,0.005450216165782977,5.801913691416457,0.4,0.19155466432979917,0.19155466432979917,RAD
1.5597838400732212e+33,27492531157.98925,4.507978916736979,5011397.062957893,3020939300573688.5,2.726779379845063e+33,0.005446898347516171,5.802524851981888,0.4,0.19155290983299217,0.19155290983299217,RAD
1.560108865605749e+33,27500124804.26008,4.5022936726185,5009899.125004209,3016228179659584.5,2.726781147532891e+33,0.005430332523157266,5.80558276095112,0.4,0.19154414583452029,0.19154414583452029,RAD
1.560271378372013e+33,27503923649.148933,4.499452301274616,5009149.976359821,3013874202540643.0,2.7267820293592614e+33,0.005422064139064708,5.807113033304433,0.4,0.1915397691477044,0.1915397691477044,RAD
1.5643341975286083e+33,27599336058.34896,4.428689030147893,4990382.043860314,2955367329229393.5,2.7268036426322183e+33,0.005218477808302242,5.8456581386997355,0.4,0.19143151920812995,0.19143151920812995,RAD
1.5683970166852035e+33,27695608616.99756,4.358447025132989,4971537.669853397,2897517458807588.0,2.726824440841259e+33,0.0050208126306753266,5.884767514859162,0.4,0.19132557245846185,0.19132557245846185,RAD
1.5724598358417987e+33,27792758634.94117,4.288726424006674,4952615.313738163,2840322013093099.5,2.7268444477906526e+33,0.0048289446846455295,5.924456071991125,0.4,0.19122201878528092,0.19122201878528092,RAD
1.575837326389043e+33,27874201796.751865,4.231163504730149,4936824.3402838465,2793270769301359.5,2.726860494355375e+33,0.0046737665978479215,5.957901822769988,0.4,0.19113782269934218,0.19113782269934218,RAD
1.5792148169362874e+33,27956274161.202583,4.1739611147699325,4920977.444675907,2746668537393403.0,2.7268760233329224e+33,0.004522441037522999,5.991767739605559,0.4,0.19105540379665362,0.19105540379665362,RAD
1.5825923074835317e+33,28038986486.68901,4.117119350443223,4905073.668887797,2700513844824371.5,2.726891047619148e+33,0.004374899433753808,6.026063334046328,0.4,0.1909748226024733,0.1909748226024733,RAD
1.585969798030776e+33,28122349795.335197,4.060638313490481,4889112.031044065,2654805221590138.5,2.726905579879634e+33,0.00423107399892388,6.060798430965945,0.4,0.1908961426653209,0.1908961426653209,RAD
1.5893472885780204e+33,28206375381.64359,4.004518111188198,4873091.524529706,2609541200191134.5,2.7269196325523234e+33,0.004090897722277437,6.095983182340439,0.4,0.19081943072954458,0.19081943072954458,RAD
1.5927247791252647e+33,28291074821.49883,3.948758856465897,4857011.117055951,2564720315596150.5,2.726933217850137e+33,0.003954304364528542,6.131628081788444,0.4,0.19074475691934792,0.19074475691934792,RAD
1.596102269672509e+33,28376459981.542667,3.8933606680275816,4840869.749679846,2520341105206103.0,2.726946347763566e+33,0.003821228452518615,6.167743979926732,0.4,0.19067219493518836,0.19067219493518836,RAD
1.5994797602197534e+33,28462543028.93836,3.838323670477861,4824666.335774779,2476402108817756.5,2.7269590340632544e+33,0.003691605273921662,6.204342100594835,0.4,0.19060182226345318,0.19060182226345318,RAD
1.6028572507669977e+33,28549336441.543957,3.7836479944529806,4808399.759948907,2432901868587394.0,2.7269712883025585e+33,0.0035653708719969915,6.241434058009765,0.4,0.1905337204004929,0.1905337204004929,RAD
1.606234741314242e+33,28636853018.515064,3.7293337767570103,4792068.876908203,2389838928994422.5,2.726983121820089e+33,0.0034424620403886524,6.279031874914462,0.4,0.19046797509211416,0.19046797509211416,RAD
1.6096122318614864e+33,28725105891.358765,3.6753811605034725,4775672.510260607,2347211836804906.0,2.726994545742239e+33,0.003322816317971223,6.317148001790155,0.4,0.19040467658977592,0.19040467658977592,RAD
1.6129897224087307e+33,28814108535.461784,3.621790295262693,4759209.451257498,2305019141035013.5,2.7270055709856896e+33,0.003206371983741624,6.355795337207757,0.4,0.19034391992482003,0.19034391992482003,RAD
1.616367212955975e+33,28903874782.1173,3.568561337215172,4742678.457468391,2263259392914371.0,2.7270162082599033e+33,0.003093068051756028,6.394987249400373,0.4,0.19028580520220806,0.19028580520220806,RAD
1.6197447035032194e+33,28994418831.076206,3.5156944493113373,4726078.251384484,2221931145849303.8,2.727026468069598e+33,0.00298284426611192,6.434737599145302,0.4,0.19023043791535588,0.19023043791535588,RAD
1.6230229881846968e+33,29083061035.44245,3.4647268370099407,4709898.20054142,2182228126913489.8,2.727036075282675e+33,0.0028787474314316765,6.473868061811937,0.4,0.19017942976855015,0.19017942976855015,RAD
1.6263012728661742e+33,29172463446.17885,3.414100659083185,4693650.469817064,2142928952815349.0,2.7270453458277584e+33,0.002777442579282505,6.513551817261334,0.4,0.19013122196814616,0.19013122196814616,RAD
1.6295795575476516e+33,29262640116.143143,3.3638160837535556,4677333.788034024,2104032306410900.8,2.727054288770462e+33,0.00267887655588657,6.55380300680579,0.4,0.19008592743810593,0.19008592743810593,RAD
1.632857842229129e+33,29353605474.15593,3.3138732858726265,4660946.847294582,2065536872358411.2,2.727062913003181e+33,0.0025829968382654893,6.594636302038588,0.4,0.19004366520070035,0.19004366520070035,RAD
1.6361361269106064e+33,29445374338.413338,3.264272447090634,4644488.301409404,2027441337086084.2,2.727071227247155e+33,0.0024897515301020895,6.636066931461972,0.4,0.19000456076221517,0.19000456076221517,RAD
1.6394144115920838e+33,29537961930.496067,3.2150137560335037,4627956.764238142,1989744388759584.2,2.7270792400545134e+33,0.002399089357637186,6.67811070880186,0.4,0.18996874652727785,0.18996874652727785,RAD
1.6426926962735612e+33,29631383890.006496,3.1660974084877656,4611350.807935821,1952444717249376.0,2.727086959810311e+33,0.0023109596656014433,6.720784063137305,0.4,0.18993636224422428,0.18993636224422428,RAD
1.6459709809550386e+33,29725656289.86759,3.1175236075938404,4594668.961098365,1915541014097862.8,2.727094394734548e+33,0.002225312413181762,6.764104070986039,0.4,0.18990755548421473,0.18990755548421473,RAD
1.649249265636516e+33,29820795652.319412,3.0692925640482245,4577909.7068000985,1879031972486305.5,2.727101552884179e+33,0.002142098170021908,6.808088490499651,0.4,0.1898824821570557,0.1898824821570557,RAD
1.6525275503179934e+33,29916818965.651245,3.0214044963151476,4561071.480515422,1842916287201504.8,2.727108442155106e+33,0.002061268112256859,6.852755797936341,0.4,0.18986130706698917,0.18986130706698917,RAD
1.6558058349994708e+33,30013743701.709873,2.9738596308482794,4544152.667916208,1807192654602220.2,2.7271150702841625e+33,0.001982774018580868,6.898125226594346,0.4,0.1898442045120241,0.1898442045120241,RAD
1.657138117529693e+33,30053395257.445267,2.9546357096868068,4537253.516390916,1792786446179123.8,2.727117691045264e+33,0.0019515309430514945,6.916768405184529,0.4,0.18983845985352057,0.18983845985352057,RAD
1.657271345782715e+33,30057368811.45457,2.952716437857689,4536562.849723474,1791349371428383.2,2.7271179508375344e+33,0.0019484272995744733,6.91863933539194,0.4,0.18983792454313658,0.18983792454313658,RAD
1.6574045740357373e+33,30061343897.393677,2.950797733001078,4535872.046597362,1789912941072317.2,2.727118210216561e+33,0.0019453274019404555,6.920487037991624,0.4,0.1898367260057779,0.1898367260057779,RAD
1.657537839801976e+33,30065321636.421547,2.9488790528080986,4535180.915879027,1788476750838595.2,2.7271184692557033e+33,0.0019422303834268674,6.922313039988053,0.4,0.1898348914317889,0.1898348914317889,RAD
1.6576705447888432e+33,30069284162.815666,2.946969007443757,4534492.561643428,1787047244581480.5,2.7271187267949366e+33,0.001939150124057205,6.924132402179404,0.4,0.1898330672717862,0.1898330672717862,RAD
1.658334069723178e+33,30089119673.802,2.9374271791873356,4531048.814534658,1779909297819760.2,2.727120008373169e+33,0.001923804504440515,6.933244876206559,0.4,0.1898239869318385,0.1898239869318385,RAD
1.6589820091061554e+33,30108526175.117283,2.9281229882580893,4527682.771056024,1772954422679462.0,2.727121250051303e+33,0.0019089086171901438,6.942168591360721,0.4,0.18981518529141517,0.18981518529141517,RAD
1.6622217060210435e+33,30206110823.737297,2.881802301886986,4510804.920271454,1738408071457858.0,2.727127315227338e+33,0.0018357397663516552,6.98716626110657,0.4,0.1897721625686565,0.1897721625686565,RAD
1.6654614029359316e+33,30304629294.796574,2.835815502351505,4493846.61323332,1704240842012850.8,2.7271331468555506e+33,0.001764722368289993,7.032807322697196,0.4,0.18973082542858852,0.18973082542858852,RAD
1.66815156457565e+33,30387159755.028095,2.7978830819633544,4479702.659528346,1676156461910324.8,2.7271378167566727e+33,0.0017073545005950829,7.071207063745525,0.4,0.18969782507281494,0.18969782507281494,RAD
1.6708417262153687e+33,30470358324.929016,2.760181077198895,4465501.329793039,1648331915404275.0,2.727142334255009e+33,0.0016514143910843564,7.110071233763605,0.4,0.18966606640095154,0.18966606640095154,RAD
1.6735318878550872e+33,30554236435.130314,2.7227095811721895,4451241.728837618,1620766487380111.8,2.727146703157968e+33,0.0015968771830888542,7.14940974148293,0.4,0.18963558830387509,0.18963558830387509,RAD
1.6762220494948057e+33,30638805803.118137,2.6854686904312093,4436922.939839975,1593459463504896.5,2.727150927206436e+33,0.0015437182771567024,7.189232805873252,0.4,0.1896064315781289,0.1896064315781289,RAD
1.6789122111345243e+33,30724078442.872128,2.6484585050376106,4422544.0235811,1566410130222715.8,2.727155010075467e+33,0.0014919133298083283,7.229550969223347,0.4,0.18957863903613803,0.18957863903613803,RAD
1.6816023727742428e+33,30810066674.90996,2.611679128649362,4408104.017644832,1539617774750254.0,2.7271589553749694e+33,0.001441438252300849,7.270375110922999,0.4,0.18955225562386252,0.18955225562386252,RAD
1.6842925344139613e+33,30896783136.75874,2.5751306686063353,4393601.935579875,1513081685072573.8,2.727162766650392e+33,0.001392269209401457,7.311716461994185,0.4,0.1895273285465162,0.1895273285465162,RAD
1.68698269605368e+33,30984240793.8751,2.538813236019032,4379036.766021827,1486801149939111.0,2.727166447383401e+33,0.0013443826181697605,7.353586620419384,0.4,0.18950390740293682,0.18950390740293682,RAD
1.6896728576933984e+33,31072452951.03725,2.502726945860565,4364407.471772856,1460775458859896.5,2.72717000099256e+33,0.0012977551467491047,7.395997567321316,0.4,0.18948204432931556,0.18948204432931556,RAD
1.692363019333117e+33,31161433264.23347,2.4668719170620808,4349712.988836442,1435003902102010.8,2.727173430834001e+33,0.0012523637131666237,7.4389616840524795,0.4,0.18946179415304534,0.18946179415304534,RAD
1.6950531809728355e+33,31251195753.073185,2.431248272611782,4334952.225404455,1409485770686283.2,2.7271767402020984e+33,0.0012081854841421945,7.482491770255758,0.4,0.18944321455747593,0.18944321455747593,RAD
1.697743342612554e+33,31341754813.74832,2.395856139657728,4320124.060793613,1384220356384245.5,2.7271799323301325e+33,0.0011651978739060107,7.52660106296467,0.4,0.1894263662584911,0.1894263662584911,RAD
1.7004335042522725e+33,31433125232.574314,2.360695649614622,4305227.344328147,1359206951715350.2,2.727183010390957e+33,0.0011233785430248761,7.5713032568160585,0.4,0.18941131319387391,0.18941131319387391,RAD
1.703123665891991e+33,31525322200.142044,2.3257669382747728,4290260.894165285,1334444849944466.2,2.7271859774976593e+33,0.0010827053972371247,7.616612525454366,0.4,0.18939812272652023,0.18939812272652023,RAD
1.7055750600571351e+33,31610069096.784542,2.2941403055256395,4276561.053485148,1312098767800283.5,2.727188587218829e+33,0.0010466218643051658,7.658441368596298,0.4,0.18938778488050034,0.18938778488050034,RAD
1.7080264542222792e+33,31695527413.014847,2.2627063598400037,4262801.357338413,1289960239127340.2,2.7271911096126306e+33,0.0010114555802307691,7.70079796939118,0.4,0.18937910911164316,0.18937910911164316,RAD
1.7104778483874233e+33,31781709583.59904,2.231465213957533,4248980.838525331,1268028730771592.2,2.7271935469077226e+33,0.0009771903540640005,7.743694189983924,0.4,0.18937215477545477,0.18937215477545477,RAD
1.7129292425525674e+33,31868628363.649357,2.200416983958094,4235098.504850904,1246303710088266.0,2.727195901293278e+33,0.0009438101608855543,7.787142287880276,0.4,0.18936698422771417,0.18936698422771417,RAD
1.7153806367177115e+33,31956296839.661526,2.1695617893461088,4221153.338180233,1224784644941224.8,2.7271981749193897e+33,0.0009112991411000373,7.831154933801501,0.4,0.18936366300512267,0.18936366300512267,RAD
1.7178320308828555e+33,32044728441.02896,2.1388997531381544,4207144.293446622,1203471003702536.2,2.727200369897472e+33,0.0008796415997339769,7.875745230568082,0.4,0.1893622600187009,0.1893622600187009,RAD
1.7202834250479996e+33,32133936952.058517,2.108431001953995,4193070.2976094987,1182362255252250.5,2.7272024883006684e+33,0.0008488220057385991,7.920926733084701,0.4,0.18936284776096576,0.18936284776096576,RAD
1.7227348192131437e+33,32223936524.514183,2.078155666111196,4178930.248558954,1161457868978395.5,2.727204532164248e+33,0.0008188249912972255,7.966713469505238,0.4,0.18936550252802287,0.18936550252802287,RAD
1.7251862133782878e+33,32314741690.716595,2.048073879723536,4164723.0139634907,1140757314777200.8,2.727206503486007e+33,0.0007896353511373602,8.013119963662124,0.4,0.18937030465779306,0.18937030465779306,RAD
1.727637607543432e+33,32406367377.22805,2.018185780803414,4150447.4300573044,1120260063053557.4,2.7272084042266664e+33,0.0007612380418474271,8.0601612588533,0.4,0.189377338785746,0.189377338785746,RAD
1.730089001708576e+33,32498828919.154526,1.9884915113684734,4136102.300363116,1099965584721722.8,2.727210236310268e+33,0.0007336181811980655,8.107852943086769,0.4,0.18938669411961348,0.18938669411961348,RAD
1.73254039587372e+33,32592142075.098152,1.9589912175526838,4121686.394346282,1079873351206282.2,2.727212001624568e+33,0.0007067610474680547,8.156211175891226,0.4,0.18939846473469227,0.18939846473469227,RAD
1.734991790038864e+33,32686323042.795773,1.929685049722124,4107198.445995552,1059982834443376.0,2.7272137020214287e+33,0.0006806520787747571,8.205252716812813,0.4,0.1894127498915475,0.1894127498915475,RAD
1.7374431842040082e+33,32781388475.48149,1.9005731625957538,4092637.1523254784,1040293506882202.0,2.7272153393172123e+33,0.0006552768724091027,8.25499495572623,0.4,0.18942965437804687,0.18942965437804687,RAD
1.7398945783691523e+33,32877355499.013493,1.8716557153714541,4078001.1717950697,1020804841486807.6,2.727216915293168e+33,0.0006306211841750834,8.305455945101503,0.4,0.1894492888778803,0.1894492888778803,RAD
1.7423459725342963e+33,32974241729.808147,1.8429328718576594,4063289.1226368304,1001516311738179.0,2.727218431695821e+33,0.0006066709277337057,8.356654434381523,0.4,0.1894717703679561,0.1894717703679561,RAD
1.7447973666994404e+33,33072065293.627113,1.8144048006109197,4048499.5810898403,982427391636642.4,2.7272198902373574e+33,0.0005834121739514257,8.40860990663725,0.4,0.1894972225472469,0.1894972225472469,RAD
1.7472487608645845e+33,33170844845.266296,1.7860716750797525,4033631.0795299853,963537555704587.4,2.72722129259601e+33,0.0005608311502529865,8.46134261768633,0.4,0.18952577629999526,0.18952577629999526,RAD
1.749285932463828e+33,33253674293.7445,1.7626745646224304,4021213.8132124953,947990705469940.9,2.727222416429166e+33,0.0005425715848667008,8.50577129351961,0.4,0.18955196416835887,0.18955196416835887,RAD
1.7513231040630716e+33,33337188524.322803,1.739412312743291,4008740.07877598,932580679967285.4,2.727223503525044e+33,0.0005247629228182374,8.550763811168482,0.4,0.18958047336992492,0.18958047336992492,RAD
1.753360275662315e+33,33421399139.248337,1.7162850271502428,3996208.958795435,917307178452500.9,2.727224554794397e+33,0.0005073975047971036,8.596333140991657,0.4,0.18961139188278195,0.18961139188278195,RAD
1.7553974472615587e+33,33506318031.531403,1.6932928181642317,3983619.511184236,902169900436620.1,2.7272255711324514e+33,0.0004904677450481863,8.642492701813431,0.4,0.18964481208566383,0.18964481208566383,RAD
1.7574346188608022e+33,33591957394.669144,1.670435798789869,3970970.768224689,887168545687560.5,2.7272265534190524e+33,0.000473966131123169,8.689256382037698,0.4,0.18968083102199457,0.18968083102199457,RAD
1.7594717904600458e+33,33678329732.775944,1.6477140847890102,3958261.735548192,872302814231987.5,2.7272275025188166e+33,0.0004578852236333807,8.736638562027712,0.4,0.18971955068253105,0.18971955068253105,RAD
1.7615089620592893e+33,33765447871.14094,1.62512779475742,3945491.391061759,857572406357312.5,2.727228419281279e+33,0.00044221765600406597,8.784654137845454,0.4,0.18976107830815206,0.18976107830815206,RAD
1.763546133658533e+33,33853324967.234276,1.6026770502047403,3932658.683817386,842977022613830.2,2.727229304541042e+33,0.0004269561342300339,8.833318546449927,0.4,0.18980552671442785,0.18980552671442785,RAD
1.7655833052577764e+33,33941974522.18492,1.5803619756379195,3919762.532820471,828516363816999.2,2.7272301591179235e+33,0.00041209343663274573,8.88264779246408,0.4,0.18985301463979617,0.18985301463979617,RAD
1.76762047685702e+33,34031410392.754333,1.5581826986483396,3906801.8257731968,814190131049870.0,2.727230983817101e+33,0.00039762241361876216,8.932658476628582,0.4,0.18990366711931997,0.18990366711931997,RAD
1.7696576484562635e+33,34121646803.831573,1.5361393500028497,3893775.4177484605,799998025665665.0,2.727231779429262e+33,0.0003835359874396087,8.983367826072483,0.4,0.18995761588621812,0.18995761588621812,RAD
1.771694820055507e+33,34212698361.477108,1.514232063738952,3880682.1297895703,785939749290514.6,2.727232546730747e+33,0.00036982715195300577,9.034793726540162,0.4,0.190014999803524,0.190014999803524,RAD
1.7737319916547506e+33,34304580066.54417,1.4924609772644053,3867520.74743054,772015003826353.6,2.7272332864836975e+33,0.0003564889723854881,9.086954756730318,0.4,0.19007596532853505,0.19007596532853505,RAD
1.7754319112765555e+33,34381897344.504295,1.4743984214318548,3856485.1984573673,760497474257785.0,2.7272338832275003e+33,0.0003456376437314771,9.131057167169912,0.4,0.19012969086211787,0.19012969086211787,RAD
1.7771318308983603e+33,34459812562.43532,1.4564308844347436,3845400.616262592,749072543093551.1,2.7272344617374196e+33,0.0003350356751760809,9.175696512089134,0.4,0.19018611213799017,0.19018611213799017,RAD
1.7788317505201652e+33,34538335111.0161,1.4385584518192804,3834266.2336119036,737740037578593.1,2.7272350224340144e+33,0.0003246791507785475,9.22088480750293,0.4,0.19024532795020582,0.19024532795020582,RAD
1.78053167014197e+33,34617474599.19977,1.4207812109634328,3823081.263048765,726499785097422.2,2.727235565731216e+33,0.00031456418878434046,9.26663447657918,0.4,0.19030744176007083,0.19030744176007083,RAD
1.782231589763775e+33,34697240860.96608,1.4030992511270202,3811844.896116487,715351613175611.0,2.727236092036386e+33,0.0003046869415316239,9.312958368416636,0.4,0.1903725619615917,0.1903725619615917,RAD
1.7839315093855798e+33,34777643962.33411,1.3855126635039323,3800556.3025408937,704295349481346.2,2.727236601750374e+33,0.0002950435953582162,9.359869777921125,0.4,0.19044080216470174,0.19044080216470174,RAD
1.7856314290073846e+33,34858694208.647255,1.3680215412765928,3789214.6293710903,693330821827045.5,2.7272370952675754e+33,0.00028563037050898877,9.407382466858486,0.4,0.1905122814976576,0.1905122814976576,RAD
1.7873313486291895e+33,34940402152.14317,1.3506259796728046,3777819.0000756867,682457858171036.8,2.72723757297599e+33,0.00027644352104372083,9.455510686168207,0.4,0.19058712493010407,0.19058712493010407,RAD
1.7890312682509943e+33,35022778599.82193,1.3333260760251198,3766368.513591604,671676286619303.4,2.727238035257276e+33,0.000267479334745407,9.504269199629352,0.4,0.1906654636184496,0.1906654636184496,RAD
1.7907311878727992e+33,35105834621.62635,1.3161219298328806,3754862.2433223864,660985935427294.9,2.727238482486813e+33,0.0002587341330290225,9.553673308977439,0.4,0.1907474352753284,0.1907474352753284,RAD
1.792431107494604e+33,35189581558.94933,1.2990136428271106,3743299.236082698,650386633001803.5,2.727238915033754e+33,0.000250204270850723,9.60373888058019,0.4,0.19083318456510645,0.19083318456510645,RAD
1.794131027116409e+33,35274031033.48368,1.2820013190384199,3731678.5109854243,639878207902908.9,2.727239333261085e+33,0.00024188613661749962,9.654482373789023,0.4,0.1909228635275581,0.1909228635275581,RAD
1.7958309467382138e+33,35359194956.43084,1.2650850648681289,3719999.05826751,629460488845989.2,2.727239737525679e+33,0.0002337761520972859,9.705920871093515,0.4,0.19101663203204303,0.19101663203204303,RAD
1.7975308663600186e+33,35445085538.08589,1.2482649891628135,3708259.838050365,619133304703801.8,2.7272401281783574e+33,0.00022587077232950014,9.758072110217189,0.4,0.1911146582647287,0.1911146582647287,RAD
1.7992307859818235e+33,35531715297.81702,1.231541203292496,3696459.7790303207,608896484508629.9,2.7272405055639413e+33,0.0002181664855360364,9.810954518305827,0.4,0.19121711925165674,0.19121711925165674,RAD
1.8009307056036283e+33,35619097074.458725,1.214913821232732,3684597.777094254,598749857454499.8,2.727240870021312e+33,0.0002106598130326981,9.864587248373082,0.4,0.19132420142071488,0.19132420142071488,RAD
1.8026306252254332e+33,35707244037.13921,1.1983829596508517,3672672.6938550896,588693252899464.4,2.727241221883464e+33,0.00020334730914107053,9.918990218182945,0.4,0.19143610120587343,0.19143610120587343,RAD
1.804330544847238e+33,35796169696.56337,1.1819487379966482,3660683.355101446,578726500367954.9,2.727241561477563e+33,0.000196225561100836,9.974184151766064,0.4,0.19155302569738658,0.19155302569738658,RAD
1.806030464469043e+33,35885887916.77409,1.1656112785978188,3648628.5491551966,568849429553198.6,2.727241889125001e+33,0.00018929118898252062,10.030190623785614,0.4,0.19167519334203417,0.19167519334203417,RAD
1.8077303840908478e+33,35976412927.41596,1.149370706760509,3636507.0251301914,559061870319703.1,2.727242205141453e+33,0.0001825408456006863,10.087032106987511,0.4,0.19180283469786347,0.19180283469786347,RAD
1.8094303037126526e+33,36067759336.52661,1.1332271508753184,3624317.491084782,549363652705803.25,2.727242509836931e+33,0.000175971216427552,10.144732022994832,0.4,0.19193619324839173,0.19193619324839173,RAD
1.8111302233344575e+33,36159942143.88269,1.117180742529183,3612058.612060148,539754606926270.75,2.72724280351584e+33,0.00016957901950705146,10.203314796730025,0.4,0.19207552628171368,0.19207552628171368,RAD
1.8128301429562623e+33,36252976754.9287,1.101231616623569,3599729.0079957023,530234563374983.8,2.7272430864770344e+33,0.00016336100536931973,10.26280591477736,0.4,0.19222110584054558,0.19222110584054558,RAD
1.8145300625780672e+33,36346878995.31871,1.0853799114994567,3587327.2515120693,520803352627650.44,2.7272433590138724e+33,0.00015731395694561562,10.323231988029692,0.4,0.19237321974987684,0.19237321974987684,RAD
1.816229982199872e+33,36441665126.10286,1.06962576906966,3574851.865551228,511460805444588.06,2.72724362141427e+33,0.00015143468948366622,10.38462081899843,0.4,0.19253217272962903,0.19253217272962903,RAD
1.817929901821677e+33,36537351859.59208,1.0539693349590429,3562301.320862481,502206752773548.75,2.727243873960757e+33,0.00014572005046344382,10.447001474204699,0.4,0.19269828760051416,0.19269828760051416,RAD
1.819343850375512e+33,36617640003.04485,1.0410212663374703,3551803.712853552,494576769120493.1,2.727244076714978e+33,0.00014108993451943732,10.499665473291817,0.4,0.19284215907347596,0.19284215907347596,RAD
1.820757798929347e+33,36698573245.1685,1.0281409884664385,3541252.069614686,487007796281828.0,2.7272442730004005e+33,0.00013656977823000245,10.553054922784517,0.4,0.19299142973560532,0.19299142973560532,RAD
1.8221717474831818e+33,36780161966.7758,1.0153285914697694,3530645.420409568,479499737279490.44,2.727244462971253e+33,0.0001321578181627404,10.60718878735371,0.4,0.19314631801521182,0.19314631801521182,RAD
1.8235856960370168e+33,36862416795.534546,1.0025841675312495,3519982.7643838376,472052495230239.06,2.727244646779283e+33,0.00012785230616734315,10.662086788054143,0.4,0.1933070535725622,0.1933070535725622,RAD
1.8249996445908518e+33,36945348613.713326,0.9899078109684952,3509263.0692125154,464665973346833.25,2.727244824573774e+33,0.00012365150934282826,10.717769443063773,0.4,0.19347387800262802,0.19347387800262802,RAD
1.8264135931446868e+33,37028968566.225746,0.9772996183108976,3498485.2696682164,457340074939214.4,2.7272449965015725e+33,0.0001195537100049151,10.774258111177815,0.4,0.1936470455901359,0.1936470455901359,RAD
1.8278275416985218e+33,37113288068.98643,0.9647596883819328,3487648.266104452,450074703415685.2,2.727245162707106e+33,0.00011555720565353162,10.831575038279063,0.4,0.19382682412142624,0.19382682412142624,RAD
1.8292414902523568e+33,37198318817.5928,0.9522881223861756,3476750.9228478232,442869762284083.4,2.7272453233324063e+33,0.00011166030894046315,10.889743407030466,0.4,0.1940134957581428,0.1940134957581428,RAD
1.8306554388061917e+33,37284072796.3473,0.939885024001362,3465792.0664923787,435725155152945.56,2.727245478517129e+33,0.00010786134763713119,10.948787390056829,0.4,0.19420735797823477,0.19420735797823477,RAD
1.8320693873600267e+33,37370562287.63552,0.9275504994758951,3454770.484088818,428640785732656.4,2.727245628398577e+33,0.00010415866460251107,11.008732206910507,0.4,0.19440872459034847,0.19440872459034847,RAD
1.8334833359138617e+33,37457799881.676285,0.9152846577322176,3443684.921220573,421616557836577.56,2.727245773111719e+33,0.00010055061775118056,11.069604185143437,0.4,0.19461792682829476,0.19461792682829476,RAD
1.8347702950957284e+33,37537863720.07749,0.9041802353818712,3433538.260677522,415275389942252.5,2.727245900446929e+33,9.734751266585393e-05,11.12583830052212,0.4,0.1948154464965197,0.1948154464965197,RAD
1.836057254277595e+33,37618567977.84893,0.8931328915848931,3423336.509764751,408983893863504.4,2.727246023708802e+33,9.422024403586202e-05,11.182884914363852,0.4,0.1950200251872595,0.1950200251872595,RAD
1.8373442134594617e+33,37699922856.80221,0.8821427147243655,3413078.624163488,402741997298893.3,2.727246142994161e+33,9.116760606176344e-05,11.240766557696624,0.4,0.19523195547586836,0.19523195547586836,RAD
1.8386311726413283e+33,37781938798.14133,0.8712097953326541,3402763.525225508,396549628020407.44,2.72724625839828e+33,8.818840319407987e-05,11.299506712621596,0.4,0.19545154536794473,0.19545154536794473,RAD
1.839918131823195e+33,37864626489.817604,0.860334226177996,3392390.0983500876,390406713874047.44,2.7272463700149053e+33,8.528145011372521e-05,11.359129866179009,0.4,0.19567911929460252,0.19567911929460252,RAD
1.8412050910050617e+33,37947996874.15788,0.8495161023563366,3381957.191261407,384313182780373.44,2.727246477936261e+33,8.244557171250428e-05,11.41966156802431,0.4,0.19591501918441406,0.19591501918441406,RAD
1.8424920501869283e+33,38032061155.77744,0.8387555213888254,3371463.6121789077,378268962735008.4,2.7272465822530667e+33,7.967960307368496e-05,11.481128492234852,0.4,0.19615960561890555,0.19615960561890555,RAD
1.843779009368795e+33,38116830809.78949,0.8280525833254292,3360908.1278724493,372273981809091.2,2.727246683054549e+33,7.69823894526355e-05,11.543558503603677,0.4,0.19641325907927876,0.19641325907927876,RAD
1.8450659685506616e+33,38202317590.32358,0.8174073908551514,3350289.461593374,366328168149672.3,2.727246780428456e+33,7.435278625753615e-05,11.606980728807796,0.4,0.19667638129275877,0.19667638129275877,RAD
1.8463529277325283e+33,38288533539.36591,0.8068200494234098,3339606.2908717655,360431449980044.3,2.727246874461068e+33,7.178965903015269e-05,11.671425632881666,0.4,0.19694939668793834,0.19694939668793834,RAD
1.847639886914395e+33,38375490995.93482,0.7962906673571682,3328857.2451693,354583755599997.56,2.7272469652372127e+33,6.92918834266793e-05,11.73692510146793,0.4,0.19723275396944642,0.19723275396944642,RAD
1.8489268460962616e+33,38463202605.6054,0.7858193559984844,3318040.9033760773,348785013385992.9,2.7272470528402763e+33,6.68583451986459e-05,11.803512529368515,0.4,0.197526927823445,0.197526927823445,RAD
1.8502138052781283e+33,38551681330.397514,0.7754062298471912,3307155.7911387277,343035151791236.1,2.7272471373522184e+33,6.448794017388592e-05,11.871222915972504,0.4,0.19783242076669186,0.19783242076669186,RAD
1.851500764459995e+33,38640940459.04261,0.7650514067135327,3296200.3780058436,337334099345649.9,2.727247218853584e+33,6.217957423757003e-05,11.940092968200469,0.4,0.19814976515338756,0.19814976515338756,RAD
1.852566943965526e+33,38715487845.20925,0.7565172126928615,3287070.0033093547,332647987019868.75,2.727247284149657e+33,6.031342498567373e-05,11.99805403352692,0.4,0.1984220467686337,0.1984220467686337,RAD
1.853633123471057e+33,38790588117.60055,0.7480231876344715,3277889.353220536,327995284178964.25,2.72724734747811e+33,5.848849944528969e-05,12.056860322470815,0.4,0.19870318773517012,0.19870318773517012,RAD
1.854699302976588e+33,38866249373.04848,0.7395694041790686,3268657.4608673216,323375950304976.8,2.727247408882571e+33,5.6704191146529334e-05,12.116535705795703,0.4,0.1989935439045516,0.1989935439045516,RAD
1.855765482482119e+33,38942479881.59237,0.7311559368363424,3259373.3271860187,318789944915498.56,2.7272474684060244e+33,5.495989832451396e-05,12.177105071544297,0.4,0.1992934893959999,0.1992934893959999,RAD
1.85683166198765e+33,39019288091.24001,0.7227828620672435,3250035.9193963585,314237227563395.6,2.727247526090815e+33,5.325502391207247e-05,12.238594382607987,0.4,0.19960341775073964,0.19960341775073964,RAD
1.857897841493181e+33,39096682632.88055,0.7144502583714778,3240644.169383483,309717757836466.2,2.727247581978653e+33,5.158897553245234e-05,12.301030738338424,0.4,0.19992374317384173,0.19992374317384173,RAD
1.858964020998712e+33,39174672325.354,0.706158206380638,3231196.971979923,305231495357027.4,2.727247636110621e+33,4.996116549204638e-05,12.36444244053885,0.4,0.2002549018713543,0.2002549018713543,RAD
1.860030200504243e+33,39253266180.682304,0.6979067889574303,3221693.183140013,300778399781424.8,2.727247688527177e+33,4.8371010773134156e-05,12.42885906420761,0.4,0.20059735349132668,0.20059735349132668,RAD
1.861096380009774e+33,39332473409.4669,0.6896960913014946,3212131.6179985106,296358430799456.9,2.7272477392681586e+33,4.68179330266343e-05,12.494311533441833,0.4,0.20095158267821203,0.20095158267821203,RAD
1.862162559515305e+33,39412303426.4578,0.6815262010623722,3202511.0488044512,291971548133706.06,2.727247788372791e+33,4.5301358564869526e-05,12.560832202950577,0.4,0.20131810075114032,0.20131810075114032,RAD
1.863228739020836e+33,39492765856.29919,0.6733972084602244,3192830.2027204293,287617711538768.25,2.7272478358796897e+33,4.382071835434081e-05,12.62845494567135,0.4,0.20169744751766186,0.20169744751766186,RAD
1.8642949185263671e+33,39573870539.45671,0.6653092064149684,3183087.7594766007,283296880800370.75,2.727247881826865e+33,4.237544800851305e-05,12.697215247037038,0.4,0.2020901932358575,0.2020901932358575,RAD
1.8653610980318982e+33,39655627538.331345,0.6572622906845617,3173282.34886768,279009015734367.97,2.7272479262517295e+33,4.096498778060399e-05,12.767150306494408,0.4,0.2024969407390821,0.2024969407390821,RAD
1.8664272775374292e+33,39738047143.5649,0.6492565600132503,3163412.548080096,274754076185603.78,2.7272479691911e+33,3.958878255638216e-05,12.838299146940466,0.4,0.20291832773922308,0.20291832773922308,RAD
1.8665338954879823e+33,39746325950.59619,0.6484582560189766,3162421.970124308,274330391589036.1,2.7272479734047346e+33,3.945302482531227e-05,12.845482348583598,0.4,0.20296129726454554,0.20296129726454554,RAD
1.8665445572830376e+33,39747154201.92089,0.6483784483312088,3162322.87604566,274288041214798.16,2.7272479738253025e+33,3.9439467568378986e-05,12.846201360381999,0.4,0.20296560266506147,0.20296560266506147,RAD
1.866555219078093e+33,39747982520.673996,0.6482986447178645,3162223.775633204,274245694128657.75,2.727247974245726e+33,3.9425913695788676e-05,12.846790820666985,0.4,0.20296786074722808,0.20296786074722808,RAD
1.8666085280533697e+33,39752125126.25281,0.6478996831158499,3161728.2011476466,274034008018013.56,2.7272479763456754e+33,3.935819675412302e-05,12.849194826860444,0.4,0.2029705576018527,0.2029705576018527,RAD
1.8666617140992e+33,39756259860.61058,0.6475017349751618,3161233.6506623095,273822891963699.53,2.7272479784371874e+33,3.929072309387113e-05,12.851594467555309,0.4,0.20297325036606098,0.20297325036606098,RAD
1.8668909589297814e+33,39774100829.4516,0.6457875499250688,3159100.6575290486,272913866495607.8,2.72724798741113e+33,3.900088929647779e-05,12.861950997187831,0.4,0.2029848812338463,0.2029848812338463,RAD
1.8680371830826887e+33,39863778044.99612,0.6372426556160318,3148402.3598484593,268391524255783.97,2.727248031294314e+33,3.757574019249041e-05,12.914064939781873,0.4,0.20304363665888683,0.20304363665888683,RAD
1.869183407235596e+33,39954252988.96039,0.6287411828692006,3137647.859876654,263907120864639.78,2.7272480735666575e+33,3.6190074617601544e-05,12.966739223181937,0.4,0.20310341502090265,0.20310341502090265,RAD
1.8703296313885034e+33,40045540214.9495,0.6202831825503252,3126836.2542245453,259460607054100.47,2.727248114272991e+33,3.484314909057616e-05,13.01998528424914,0.4,0.20316424620530957,0.20316424620530957,RAD
1.8714758555414108e+33,40137654680.50494,0.6118687066427174,3115966.615686979,255051933885755.56,2.727248153457296e+33,3.353422760022045e-05,13.073814919457892,0.4,0.20322616151139486,0.20322616151139486,RAD
1.872622079694318e+33,40230611762.28331,0.6034978082763884,3105037.9923530314,250681052759828.8,2.727248191162716e+33,3.2262581590821533e-05,13.12824030055773,0.4,0.20328919373925755,0.20328919373925755,RAD
1.8737683038472255e+33,40324427271.9578,0.5951705417582821,3094049.406672861,246347915424489.9,2.7272482274315626e+33,3.102748994764859e-05,13.183273991120878,0.4,0.20335337728320224,0.20335337728320224,RAD
1.8749145280001328e+33,40419117472.88403,0.586886962603657,3082999.8544784766,242052473985523.38,2.727248262305326e+33,2.982823898252002e-05,13.238928964037951,0.4,0.20341874823214942,0.20341874823214942,RAD
1.8760607521530402e+33,40514699097.57504,0.5786471275686773,3071888.303955583,237794680916371.7,2.727248295824682e+33,2.8664122419433716e-05,13.295218620029345,0.4,0.20348534447767486,0.20348534447767486,RAD
1.8770317804761168e+33,40596381681.841125,0.5717009877132377,3062425.8151041665,234217096194459.62,2.7272483231906615e+33,2.7704906883281752e-05,13.3434114780303,0.4,0.20354274994115218,0.20354274994115218,RAD
1.8780028087991935e+33,40678727116.80277,0.5647863193327362,3052917.409808136,230666468280533.9,2.727248349637044e+33,2.6769983803674547e-05,13.392078440739366,0.4,0.20360108864552293,0.20360108864552293,RAD
1.8789738371222702e+33,40761746425.2475,0.5579031591332304,3043362.4106683843,227142768932551.75,2.7272483751872145e+33,2.5858936222284948e-05,13.441228440159072,0.4,0.20366038704833236,0.20366038704833236,RAD
1.8799448654453469e+33,40845450908.86465,0.5510515445278331,3033760.12384619,223645970118757.3,2.7272483998641567e+33,2.497135097138085e-05,13.49087066902904,0.4,0.20372067278108227,0.20372067278108227,RAD
1.8809158937684235e+33,40929852157.79278,0.5442315136537482,3024109.838497253,220176044022924.03,2.727248423690454e+33,2.4106818667690387e-05,13.541014591408283,0.4,0.2037819747160452,0.2037819747160452,RAD
1.8818869220915002e+33,41014962060.580734,0.5374431053899033,3014410.826180234,216732963049776.5,2.7272484466882944e+33,2.3264933706290957e-05,13.591669953815101,0.4,0.2038443230376246,0.2038443230376246,RAD
1.882857950414577e+33,41100792814.58416,0.5306863593752038,3004662.3402383677,213316699830599.3,2.7272484688794733e+33,2.2445294254524158e-05,13.642846796963584,0.4,0.20390774931865915,0.20390774931865915,RAD
1.8838289787376536e+33,41187356936.8206,0.5239613160274428,2994863.6151526216,209927227229040.84,2.7272484902853986e+33,2.1647502245936468e-05,13.694555468133021,0.4,0.20397228660201905,0.20397228660201905,RAD
1.8848000070607302e+33,41274667275.30768,0.5172680165628937,2985013.8658647686,206564518347120.12,2.7272485109270925e+33,2.0871163374245448e-05,13.746806634216378,0.4,0.20403796948797417,0.20403796948797417,RAD
1.885771035383807e+33,41362737020.91044,0.5106065030166227,2975112.2870686236,203228546531445.75,2.727248530825197e+33,2.011588708733244e-05,13.799611295490605,0.4,0.20410483422775968,0.20410483422775968,RAD
1.8867420637068836e+33,41451579719.72567,0.5039768182635542,2965158.052467582,199919285379655.75,2.7272485499999764e+33,1.93812865812613e-05,13.852980800161127,0.4,0.20417291882388547,0.20417291882388547,RAD
1.8877130920299603e+33,41541209286.03266,0.4973790060403282,2955150.3139964547,196636708747088.38,2.7272485684713215e+33,1.8666978794324058e-05,13.906926859732144,0.4,0.2042422631377209,0.2042422631377209,RAD
1.888684120353037e+33,41631640015.84191,0.49081311096799035,2945088.2010054607,193380790753693.62,2.7272485862587524e+33,1.7972584401113022e-05,13.961461565263182,0.4,0.20431290900499824,0.20431290900499824,RAD
1.8896551486761136e+33,41722886601.07527,0.4842791785755562,2934970.8194040763,190151505791196.6,2.7272486033814226e+33,1.7297727806620842e-05,14.01659740457376,0.4,0.204384900359887,0.204384900359887,RAD
1.8906261769991903e+33,41814964144.41319,0.47777725532449655,2924797.2507622736,186948828530523.56,2.727248619858123e+33,1.6642037140367778e-05,14.072347280465307,0.4,0.20445828336838487,0.20445828336838487,RAD
1.891597205322267e+33,41907888174.84729,0.47130738863419336,2914566.5513665006,183772733929502.88,2.7272486357072854e+33,1.6005144250556412e-05,14.12872453003506,0.4,0.20453310657183574,0.20453310657183574,RAD
1.8925682336453436e+33,42001674663.97879,0.4648696269084158,2904277.75122755,180623197240853.25,2.727248650946986e+33,1.538668469825503e-05,14.18574294516298,0.4,0.2046094210414642,0.2046094210414642,RAD
1.8935392619684203e+33,42096340043.10632,0.4584640195628763,2893929.8530372554,177500194020472.47,2.727248665594948e+33,1.4786297751609854e-05,14.243416794260696,0.4,0.2046872805449147,0.2046872805449147,RAD
1.894510290291497e+33,42191901221.14953,0.4520906170539224,2883521.8310707067,174403700136040.72,2.727248679668547e+33,1.4203626380085424e-05,14.301760845377677,0.4,0.2047667417258569,0.2047667417258569,RAD
1.8954813186145737e+33,42288375603.457985,0.4457494709084312,2873052.6300304346,171333691775952.9,2.7272486931848144e+33,1.363831724873476e-05,14.360790390770942,0.4,0.2048478642978634,0.2048478642978634,RAD
1.8964523469376503e+33,42385781111.5587,0.43944063375497355,2862521.163828714,168290145458595.97,2.7272487061604387e+33,1.3090020712499412e-05,14.42052127305316,0.4,0.20493071125387086,0.20493071125387086,RAD
1.897423375260727e+33,42484136203.898926,0.43316415935632346,2851926.314303843,165273038041987.22,2.727248718611771e+33,1.2558390810539215e-05,14.480969913043657,0.4,0.2050153490926582,0.2050153490926582,RAD
1.8983944035838037e+33,42583459897.645256,0.4269201026433895,2841266.929865917,162282346733791.44,2.7272487305548287e+33,1.204308526059302e-05,14.542153339461608,0.4,0.20510184806396783,0.20510184806396783,RAD
1.8993654319068804e+33,42683771791.6043,0.42070851975065665,2830541.82406724,159318049101734.78,2.7272487420052986e+33,1.154376545337006e-05,14.604089220611929,0.4,0.20519028243403928,0.20519028243403928,RAD
1.900336460229957e+33,42785092090.335075,0.4145294680532285,2819749.7740921155,156380123084435.44,2.727248752978541e+33,1.1060096446973569e-05,14.66679589822813,0.4,0.20528073077350412,0.20528073077350412,RAD
1.9011438728887385e+33,42870122994.90553,0.4094163829533407,2810724.2760152905,153957294775767.62,2.727248761750252e+33,1.0669603470819711e-05,14.71953726132878,0.4,0.2053575319849674,0.2053575319849674,RAD
1.90195128554752e+33,42955877824.76416,0.4043258647584841,2801650.8763420465,151552672462496.16,2.727248770210886e+33,1.0289513768882663e-05,14.772836054060122,0.4,0.20543583349335662,0.20543583349335662,RAD
1.9027586982063013e+33,43042369228.99952,0.3992579485297472,2792528.80979389,149166244081217.22,2.7272487783687686e+33,9.919640559679246e-06,14.826703995216652,0.4,0.20551568823042923,0.20551568823042923,RAD
1.9035661108650828e+33,43129610193.92409,0.39421266999342147,2783357.2906900602,146797997766641.28,2.7272487862320725e+33,9.55979880521513e-06,14.881153195006718,0.4,0.20559715179832597,0.20559715179832597,RAD
1.9043735235238642e+33,43217614055.242424,0.38919006555918995,2774135.5121686524,144447921856767.66,2.727248793808824e+33,9.209805208828358e-06,14.93619617347034,0.4,0.20568028263733268,0.20568028263733268,RAD
1.9051809361826456e+33,43306394510.77486,0.38419017233906105,2764862.645368522,142116004898239.66,2.727248801106901e+33,8.869478213043911e-06,14.991845880024961,0.4,0.20576514220612407,0.20576514220612407,RAD
1.905988348841427e+33,43395965633.76746,0.3792130281670902,2755537.838569499,139802235651887.9,2.7272488081340353e+33,8.538637997440426e-06,15.048115714227349,0.4,0.20585179517560542,0.20585179517560542,RAD
1.9067957615002085e+33,43486341886.82112,0.3742586716199323,2746160.2162882453,137506603098470.16,2.727248814897815e+33,8.217106476528384e-06,15.105019547841819,0.4,0.20594030963749277,0.20594030963749277,RAD
1.90760317415899e+33,43577538136.47449,0.3693271420382777,2736728.8783268887,135229096444616.19,2.727248821405684e+33,7.904707297640308e-06,15.162571748318891,0.4,0.20603075732896864,0.20603075732896864,RAD
1.9084105868177713e+33,43669569668.47815,0.36441847954921813,2727242.8987713424,132969705128986.97,2.727248827664947e+33,7.6012658388333215e-06,15.220787203793,0.4,0.20612321387480828,0.20612321387480828,RAD
1.9092179994765528e+33,43762452203.7996,0.3595327250896032,2717701.3249359704,130728418828657.42,2.7272488336827655e+33,7.306609206803949e-06,15.279681349722386,0.4,0.20621775904857903,0.20621775904857903,RAD
1.9100254121353342e+33,43856201915.40152,0.35466992043044493,2708103.1762509947,128505227465733.06,2.7272488394661633e+33,7.020566234815643e-06,15.33927019730268,0.4,0.20631447705462866,0.20631447705462866,RAD
1.9108251829079614e+33,43949935575.840485,0.34987580746621283,2698539.1044580657,126320907050039.89,2.727248844970488e+33,6.745555798805912e-06,15.39899625574838,0.4,0.20641250913246956,0.20641250913246956,RAD
1.9114864072273375e+33,44028098176.98796,0.3459292574693783,2690588.4586030464,124528375520410.6,2.727248849357369e+33,6.5243266851962445e-06,15.448914754606625,0.4,0.2064952994865291,0.2064952994865291,RAD
1.9121476315467136e+33,44106874553.6288,0.34199818096417334,2682597.9158897074,122747961582272.92,2.7272488535997785e+33,6.308558100643109e-06,15.499331568516864,0.4,0.20657972336096275,0.20657972336096275,RAD
1.9128088558660897e+33,44186274600.00529,0.3380826027242441,2674566.8748786715,120979660234997.12,2.727248857701297e+33,6.0981595508752895e-06,15.550256822133324,0.4,0.2066658376262727,0.2066658376262727,RAD
1.9134700801854658e+33,44266308453.721756,0.3341825479562571,2666494.718884416,119223466603448.16,2.727248861665445e+33,5.893041313981747e-06,15.601700970607746,0.4,0.20675370188122136,0.20675370188122136,RAD
1.914131304504842e+33,44346986503.83629,0.33029804231151455,2658380.8154192762,117479375940976.39,2.7272488654956854e+33,5.6931144396757105e-06,15.653674814795377,0.4,0.20684337861405666,0.20684337861405666,RAD
1.914792528824218e+33,44428319399.29229,0.3264291118980459,2650224.5156106376,115747383632502.98,2.7272488691954215e+33,5.498290748562848e-06,15.706189517366607,0.4,0.20693493337499247,0.20693493337499247,RAD
1.915453753143594e+33,44510318057.70712,0.3225757832931989,2642025.1535896994,114027485197703.4,2.7272488727679983e+33,5.308482831413679e-06,15.759256619890495,0.4,0.20702843496085432,0.20702843496085432,RAD
1.9161149774629702e+33,44592993674.53609,0.31873808355676025,2633782.045850071,112319676294293.02,2.7272488762167036e+33,5.123604048440767e-06,15.812888060962093,0.4,0.20712395561288618,0.20712395561288618,RAD
1.9167762017823463e+33,44676357732.631165,0.314916040244637,2625494.4905743357,110623952721418.84,2.727248879544769e+33,4.9435685285800665e-06,15.867096195450655,0.4,0.2072215712287879,0.2072215712287879,RAD
1.9174374261017224e+33,44760422012.21508,0.3111096814231297,2617161.766926574,108940310423161.66,2.727248882755368e+33,4.768291168777108e-06,15.921893814954856,0.4,0.20732136159018674,0.20732136159018674,RAD
1.9180986504210985e+33,44845198601.292435,0.30731903568383473,2608783.134308693,107268745492152.9,2.7272488858516196e+33,4.597687633277727e-06,15.977294169555826,0.4,0.2074234106068198,0.2074234106068198,RAD
1.9187598747404746e+33,44930699906.521194,0.30354413215921217,2600357.8315782347,105609254173311.16,2.727248888836586e+33,4.4316743529235314e-06,16.033310990969674,0.4,0.20752780657886147,0.20752780657886147,RAD
1.9194210990598507e+33,45016938664.56897,0.2997850005388611,2591885.0762251685,103961832867702.75,2.727248891713275e+33,4.2701685244524e-06,16.089958517208313,0.4,0.2076346424789402,0.2076346424789402,RAD
1.9200823233792267e+33,45103927953.98036,0.296041671086546,2583364.0635049623,102326478136532.08,2.72724889448464e+33,4.11308810980366e-06,16.14725151886916,0.4,0.20774401625556477,0.20774401625556477,RAD
1.9207435476986028e+33,45191681207.58309,0.29231417465802284,2574793.9655250227,100703186705266.7,2.72724889715358e+33,3.9603518354285065e-06,16.205205327184526,0.4,0.20785603115983506,0.20785603115983506,RAD
1.921404772017979e+33,45280212225.46237,0.28860254271971325,2566173.930281369,99091955467902.44,2.727248899722941e+33,3.8118791916053637e-06,16.263835863973785,0.4,0.2079707960974956,0.2079707960974956,RAD
1.922065996337355e+33,45369535188.535255,0.2849068073682877,2557503.0806421144,97492781491375.58,2.727248902195516e+33,3.6675904317607173e-06,16.323159673655304,0.4,0.2080884260086126,0.2080884260086126,RAD
1.922727220656731e+33,45459664672.75817,0.28122700135121353,2548780.513274095,95905662020127.14,2.7272489045740457e+33,3.527406571794877e-06,16.383193957491653,0.4,0.20820904227738926,0.20820904227738926,RAD
1.9233884449761072e+33,45550615664.003426,0.2775631580883344,2540005.297508646,94330594480826.31,2.7272489068612177e+33,3.3912493894135775e-06,16.443956610255327,0.4,0.20833277317486273,0.20833277317486273,RAD
1.9240496692954833e+33,45642403573.642746,0.273915311694553,2531176.4741421947,92767576487259.75,2.727248909059669e+33,3.259041423464922e-06,16.505466259524677,0.4,0.2084597543375598,0.2084597543375598,RAD
1.9247108936148594e+33,45735044254.878334,0.2702834970036927,2522293.054166978,91216605845393.95,2.727248911171986e+33,3.130705973282045e-06,16.567742307837733,0.4,0.20859012928547468,0.20859012928547468,RAD
1.9253721179342355e+33,45828554019.864815,0.26666774959362394,2513354.017426764,89677680558618.28,2.7272489132007036e+33,3.006167098031383e-06,16.630804977957155,0.4,0.20872404998312005,0.20872404998312005,RAD
1.9260333422536116e+33,45922949657.66821,0.2630681058127441,2504358.3111920296,88150798833176.42,2.7272489151483074e+33,2.8853496160671745e-06,16.694675361524393,0.4,0.20886167744779657,0.20886167744779657,RAD
1.9266945665729877e+33,46018248453.11135,0.2594846028079138,2495304.8486485295,86635959083794.8,2.727248917017234e+33,2.768179104291688e-06,16.759375471409427,0.4,0.2090031824096682,0.2090031824096682,RAD
1.9273557908923638e+33,46114468206.55842,0.2559172785539553,2486192.5072926544,85133159939516.56,2.7272489188098696e+33,2.6545818975217035e-06,16.82492829809782,0.4,0.20914874602877695,0.20914874602877695,RAD
1.92801701521174e+33,46211627254.6952,0.2523661718848349,2477020.127226361,83642400249750.39,2.7272489205285534e+33,2.5444850878613526e-06,16.891357870491145,0.4,0.20929856067468086,0.20929856067468086,RAD
1.9285663385296733e+33,46293071628.47774,0.24942839126223776,2469353.5000506123,82413081331806.16,2.727248921901786e+33,2.455630447553427e-06,16.947230103085605,0.4,0.20942640081675895,0.20942640081675895,RAD
1.9291156618476067e+33,46375188446.90879,0.2465018542551249,2461643.899837649,81192070679699.25,2.727248923226849e+33,2.3691009063026046e-06,17.003739791633528,0.4,0.20955743974892468,0.20955743974892468,RAD
1.92966498516554e+33,46457989134.02503,0.24358658458250979,2453890.597148393,79979367999446.17,2.727248924505009e+33,2.2848558512461897e-06,17.06090254974222,0.4,0.20969180803284948,0.20969180803284948,RAD
1.9302143084834734e+33,46541485410.07857,0.24068260643488676,2446092.841288267,78774973113526.11,2.727248925737509e+33,2.202855029180246e-06,17.118734612926506,0.4,0.20982964323419823,0.20982964323419823,RAD
1.9307636318014068e+33,46625689301.89344,0.2377899444903559,2438249.859406199,77578885963715.56,2.727248926925572e+33,2.12305854632342e-06,17.177252873057068,0.4,0.20997109038111983,0.20997109038111983,RAD
1.9313129551193402e+33,46710613153.67739,0.2349086239315946,2430360.8555429387,76391106614013.2,2.727248928070397e+33,2.0454268680833544e-06,17.23647491523022,0.4,0.21011630245821464,0.21011630245821464,RAD
1.9318622784372735e+33,46796269638.31286,0.23203867046373722,2422425.009625136,75211635253658.66,2.727248929173162e+33,1.969920818825274e-06,17.296419057262614,0.4,0.21026544093914035,0.21026544093914035,RAD
1.932411601755207e+33,46882671769.15276,0.22918011033322655,2414441.4764012927,74040472200248.6,2.7272489302350254e+33,1.8965015816431977e-06,17.357104392036938,0.4,0.2104186763613835,0.2104186763613835,RAD
1.9329609250731403e+33,46969832912.34808,0.2263329703477101,2406409.384315404,72877617902954.22,2.727248931257122e+33,1.825130698133539e-06,17.418550832944312,0.4,0.21057618894704033,0.21057618894704033,RAD
1.9335102483910737e+33,47057766799.73601,0.22349727789705587,2398327.834313714,71723072945843.83,2.727248932240567e+33,1.755770068171246e-06,17.48077916269612,0.4,0.2107381692738934,0.2107381692738934,RAD
1.934059571709007e+33,47146487542.3192,0.22067306097557485,2390195.898579622,70576838051314.88,2.7272489331864543e+33,1.6883819496886243e-06,17.543811085805658,0.4,0.21090481900151462,0.21090481900151462,RAD
1.9346414685882803e+33,47241343578.90045,0.21769392299072912,2381525.7365473807,69371698950501.945,2.727248934148659e+33,1.6191077286423266e-06,17.611482380562578,0.4,0.21108668130263822,0.21108668130263822,RAD
1.935125902370909e+33,47321010659.261154,0.21522363876356757,2374262.963974105,68375525527148.14,2.727248934919375e+33,1.563061030796715e-06,17.668546813012416,0.4,0.21124245620993704,0.21124245620993704,RAD
1.9356103361535374e+33,47401323764.53133,0.21276234599621546,2366958.7446940583,67385817149945.49,2.7272489356632923e+33,1.5084636352587223e-06,17.726290420260725,0.4,0.21140237960281938,0.21140237960281938,RAD
1.936094769936166e+33,47482293677.59628,0.21031006565880886,2359612.356567958,66402574706357.6,2.7272489363811064e+33,1.4552906091481164e-06,17.78473093639411,0.4,0.21156662481320904,0.21156662481320904,RAD
1.9365792037187945e+33,47563931455.65686,0.20786681916403535,2352223.055648008,65425799178536.62,2.727248937073502e+33,1.4035172355223749e-06,17.843886844212943,0.4,0.21173537457109926,0.21173537457109926,RAD
1.937063637501423e+33,47646248439.609055,0.20543262838380807,2344790.0752172726,64455491645538.16,2.727248937741151e+33,1.3531190132672788e-06,17.90377741856983,0.4,0.21190882162572552,0.21190882162572552,RAD
1.9375480712840517e+33,47729256263.82474,0.20300751566689185,2337312.624772996,63491653285603.1,2.7272489383847134e+33,1.3040716569889353e-06,17.96442277285484,0.4,0.2120871694153531,0.2120871694153531,RAD
1.9380325050666802e+33,47812966866.353935,0.2005915038575516,2329789.8889497863,62534285378508.74,2.727248939004838e+33,1.2563510969072064e-06,18.025843908897965,0.4,0.21227063279007016,0.21227063279007016,RAD
1.9385169388493088e+33,47897392499.57021,0.1981846163153024,2322221.0263782316,61583389307991.59,2.7272489396021616e+33,1.2099334787506261e-06,18.088062770590973,0.4,0.21245943879248527,0.21245943879248527,RAD
1.9390013726319373e+33,47982545741.282104,0.1957868769358454,2314605.1684741233,60638966564244.6,2.72724894017731e+33,1.1647951636528176e-06,18.15110230155695,0.4,0.21265382750169443,0.21265382750169443,RAD
1.939485806414566e+33,48068439506.33475,0.1933983101732834,2306941.4181530257,59701018746491.26,2.7272489407308965e+33,1.1209127280504427e-06,18.214986507233675,0.4,0.21285405294649665,0.21285405294649665,RAD
1.9399702401971944e+33,48155087058.72744,0.19101894106371878,2299228.8484644573,58769547565639.44,2.727248941263525e+33,1.0782629635826826e-06,18.279740521773228,0.4,0.21306038409446343,0.21306038409446343,RAD
1.940454673979823e+33,48242502024.274216,0.1886487952503452,2291466.501139425,57844554847017.77,2.727248941775786e+33,1.0368228769923583e-06,18.3453906802018,0.4,0.21327310592417387,0.21327310592417387,RAD
1.9409391077624515e+33,48330698403.8363,0.18628789901015655,2283653.3850444574,56926042533197.52,2.7272489422682603e+33,9.965696900286086e-07,18.411964596334258,0.4,0.21349252058877974,0.21349252058877974,RAD
1.94142354154508e+33,48419690587.157005,0.1839362792824102,2275788.474534647,56014012686902.96,2.727248942741518e+33,9.574808393513103e-07,18.47949124698907,0.4,0.2137189486799398,0.2137189486799398,RAD
1.9419079753277086e+33,48509493367.33124,0.18159396369899092,2267870.707697492,55108467494013.42,2.727248943196117e+33,9.195339764371109e-07,18.54800106310975,0.4,0.21395273060220568,0.21395273060220568,RAD
1.9423924091103372e+33,48600121955.9442,0.17926098061684415,2259898.9844785114,54209409266660.23,2.7272489436326057e+33,8.827069674872272e-07,18.61752602846847,0.4,0.2141942280691236,0.2141942280691236,RAD
1.942794869805897e+33,48676054135.628716,0.1773298896531776,2253234.339707173,53467419535889.555,2.727248943981847e+33,8.529475203882571e-07,18.676082486635348,0.4,0.21440100365532705,0.21440100365532705,RAD
1.9431973305014568e+33,48752576290.77935,0.1754052772232893,2246530.99185331,52729910293576.164,2.7272489443192615e+33,8.239334134545456e-07,18.73538301369852,0.4,0.21461360305299887,0.21461360305299887,RAD
1.9435997911970165e+33,48829697850.52694,0.17348716083479662,2239788.243974627,51996883073855.77,2.727248944645147e+33,7.956522927527607e-07,18.795448723540535,0.4,0.21483227225074894,0.21483227225074894,RAD
1.9440022518925763e+33,48907428472.76017,0.1715755584071245,2233005.3771315287,51268339476819.52,2.727248944959796e+33,7.680919064871017e-07,18.85630167870331,0.4,0.21505727059245425,0.21505727059245425,RAD
1.944404712588136e+33,48985778051.52544,0.16967048828912504,2226181.6493750676,50544281169928.85,2.7272489452634956e+33,7.41240104966129e-07,18.917964947510153,0.4,0.21528887166254335,0.21528887166254335,RAD
1.944807173283696e+33,49064756724.72196,0.1677719692777959,2219316.2946735616,49824709889467.95,2.727248945556529e+33,7.150848405702179e-07,18.980462665439088,0.4,0.21552736424098878,0.21552736424098878,RAD
1.9452096339792556e+33,49144374882.10586,0.16588002063818463,2212408.5217732685,49109627442034.87,2.727248945839174e+33,6.896141677196434e-07,19.043820101126105,0.4,0.2157730533344478,0.2157730533344478,RAD
1.9456120946748154e+33,49224643173.617516,0.1639946621245757,2205457.5129880966,48399035706072.25,2.727248946111704e+33,6.648162428433593e-07,19.10806372740731,0.4,0.2160262612905738,0.2160262612905738,RAD
1.9460145553703752e+33,49305572518.047386,0.1621159140030643,2198462.4229128803,47692936633438.87,2.7272489463743874e+33,6.406793243484223e-07,19.173221297860874,0.4,0.21628732900338132,0.21628732900338132,RAD
1.946417016065935e+33,49387174112.056046,0.1602437970756329,2191422.3770542378,46991332251022.93,2.7272489466274876e+33,6.171917725900919e-07,19.23932192934989,0.4,0.21655661721830727,0.21655661721830727,RAD
1.9468428372919388e+33,49474256871.79526,0.1582702579574586,2183923.7464009626,46253899700382.53,2.727248946885133e+33,5.930350989703682e-07,19.310320032096794,0.4,0.21685091047054925,0.21685091047054925,RAD
1.947195761993831e+33,49547021945.21853,0.15664023248522674,2177669.1082670554,45646525482829.89,2.7272489470909765e+33,5.735452713430996e-07,19.370017143110534,0.4,0.21710246441793493,0.21710246441793493,RAD
1.9475486866957231e+33,49620330536.976944,0.15501535580644174,2171377.7865517293,45042612527815.625,2.7272489472900255e+33,5.545289772163483e-07,19.430511871990493,0.4,0.21736125250442292,0.21736125250442292,RAD
1.9479016113976153e+33,49694190985.1394,0.15339564352253018,2165049.105723111,44442162408893.734,2.727248947482445e+33,5.359786336753721e-07,19.491828024640842,0.4,0.21762757957560397,0.21762757957560397,RAD
1.9482545360995075e+33,49768611821.001495,0.15178111163531255,2158682.3683396033,43845176748941.23,2.7272489476683994e+33,5.178867180118564e-07,19.553990509015144,0.4,0.21790176695131372,0.21790176695131372,RAD
1.9486074608013997e+33,49843601774.999825,0.15017177656546904,2152276.8540177112,43251657221130.14,2.727248947848048e+33,5.002457677105217e-07,19.617025402480177,0.4,0.2181841535154232,0.2181841535154232,RAD
1.948960385503292e+33,49919169782.845535,0.14856765517220694,2145831.8183361567,42661605549921.74,2.7272489480215496e+33,4.830483804361477e-07,19.68096002423226,0.4,0.218475096891524,0.218475096891524,RAD
1.949313310205184e+33,49995324991.8863,0.14696876477422924,2139346.4916714304,42075023512083.36,2.7272489481890587e+33,4.662872140208789e-07,19.745823013218093,0.4,0.2187749747124663,0.2187749747124663,RAD
1.9496662349070763e+33,50072076767.70604,0.14537512317211085,2132820.0779594867,41491912937728.15,2.727248948350728e+33,4.49954986451932e-07,19.8116444120531,0.4,0.21908418599249038,0.21908418599249038,RAD
1.9500191596089685e+33,50149434700.97234,0.14378674867220181,2126251.753377802,40912275711378.15,2.727248948506709e+33,4.3404447585962755e-07,19.878455757483966,0.4,0.21940315261166074,0.21940315261166074,RAD
1.9503720843108607e+33,50227408614.54165,0.14220366011218646,2119640.6649414822,40336113773050.97,2.727248948657147e+33,4.1854852050580544e-07,19.94629017799716,0.4,0.2197323209233374,0.2197323209233374,RAD
1.950725009012753e+33,50306008570.83286,0.14062587688844286,2112985.929006501,39763429119370.36,2.7272489488021887e+33,4.034600187725887e-07,20.015182499244407,0.4,0.22007216349666697,0.22007216349666697,RAD
1.951077933714645e+33,50385244879.48036,0.13905341898535878,2106286.629672503,39194223804700.89,2.7272489489419764e+33,3.8877192915153516e-07,20.085169358022117,0.4,0.22042318100733502,0.22042318100733502,RAD
1.9514308584165372e+33,50465128105.277664,0.1374863070067805,2099541.8170768544,38628499942306.97,2.72724894907665e+33,3.74477270233141e-07,20.156289325628087,0.4,0.22078590429138994,0.22078590429138994,RAD
1.9517837831184294e+33,50545669076.4236,0.13592456220978505,2092750.5055708205,38066259705536.29,2.7272489492063465e+33,3.6056912069674055e-07,20.22858304150634,0.4,0.22116089657861046,0.22116089657861046,RAD
1.9521367078203216e+33,50626878893.083,0.13436820654099033,2085911.6717678308,37507505329027.8,2.727248949331202e+33,3.4704061930076296e-07,20.30209335819814,0.4,0.2215487559238524,0.2215487559238524,RAD
1.952428112009275e+33,50694444710.60718,0.1330872269273408,2080228.3859132337,37048779910748.34,2.7272489494307385e+33,3.361516733573523e-07,20.36373863399953,0.4,0.22187915317300194,0.22187915317300194,RAD
1.9527195161982285e+33,50762480824.95932,0.1318099499747158,2074511.3574596874,36592433881169.82,2.727248949527138e+33,3.2551311850278154e-07,20.42627087131042,0.4,0.2222191334829801,0.2222191334829801,RAD
1.953010920387182e+33,50830993929.776505,0.13053638921681965,2068759.9459306188,36138468596246.06,2.727248949620474e+33,3.1512118504456467e-07,20.489718076369318,0.4,0.22256909516295686,0.22256909516295686,RAD
1.9533023245761354e+33,50899990860.95739,0.12926655858128105,2062973.489408851,35686885442564.09,2.727248949710817e+33,3.0497213119925737e-07,20.55410958329958,0.4,0.2229294577740124,0.2229294577740124,RAD
1.9535937287650888e+33,50969478600.56075,0.12800047240933857,2057151.303503009,35237685837850.05,2.7272489497982374e+33,2.950622430893831e-07,20.619476135830464,0.4,0.2233006635240484,0.2233006635240484,RAD
1.9538851329540422e+33,51039464280.826454,0.1267381454768571,2051292.6802491809,34790871231482.477,2.727248949882805e+33,2.85387834740503e-07,20.685849975153907,0.4,0.22368317877234192,0.22368317877234192,RAD
1.9541765371429957e+33,51109955188.32253,0.12547959301678532,2045396.8869428474,34346443105012.758,2.7272489499645866e+33,2.759452480783973e-07,20.75326493446138,0.4,0.22407749565385277,0.22407749565385277,RAD
1.954467941331949e+33,51180958768.22199,0.12422483074317611,2039463.1648956516,33904402972692.516,2.72724895004365e+33,2.6673085292637143e-07,20.821756540759917,0.4,0.22448413383446417,0.22448413383446417,RAD
1.9547593455209025e+33,51252482628.71294,0.12297387487690331,2033490.7281110685,33464752382007.67,2.727248950120061e+33,2.5774104700267685e-07,20.89136212463025,0.4,0.2249036424095541,0.2249036424095541,RAD
1.955050749709856e+33,51324534545.54568,0.12172674217322141,2027478.7618724802,33027492914218.895,2.727248950193885e+33,2.489722559180639e-07,20.96212093866035,0.4,0.22533660195965854,0.22533660195965854,RAD
1.9553421538988094e+33,51397122466.72033,0.12048344995132988,2021426.42123655,32592626184907.99,2.727248950265185e+33,2.404209331734391e-07,21.034074285361893,0.4,0.22578362677846572,0.22578362677846572,RAD
1.9556335580877628e+33,51470254517.31842,0.11924401612612129,2015332.8294240963,32160153844529.867,2.727248950334025e+33,2.3208356015764987e-07,21.10726565547144,0.4,0.22624536729017003,0.22624536729017003,RAD
1.9559249622767162e+33,51543939004.48184,0.11800845924230964,2009197.0760999112,31730077578969.52,2.727248950400466e+33,2.239566461453764e-07,21.181740877629185,0.4,0.22672251267506463,0.22672251267506463,RAD
1.9562163664656697e+33,51618184422.54236,0.11677679851115792,2003018.215532118,31302399110103.41,2.727248950464569e+33,2.160367282951387e-07,21.25754828054638,0.4,0.22721579372452294,0.22721579372452294,RAD
1.956507770654623e+33,51692999458.30466,0.11554905385004577,1996795.2646207178,30877120196364.605,2.727248950526394e+33,2.083203716474158e-07,21.334738868890614,0.4,0.22772598594891166,0.22772598594891166,RAD
1.956568672299573e+33,51708708116.85062,0.11529295957728786,1995489.0423985093,30788542891558.195,2.7272489505390327e+33,2.0673310124108402e-07,21.351050919423876,0.4,0.22783482509950798,0.22783482509950798,RAD
1.956574762464068e+33,51710280375.57063,0.11526735961453775,1995358.3114416585,30779690930498.883,2.727248950540291e+33,2.0657485383553448e-07,21.352685595662997,0.4,0.22784575190840894,0.22784575190840894,RAD
1.956580852628563e+33,51711852887.8683,0.11524176135798932,1995227.560941689,30770840018491.75,2.727248950541549e+33,2.0641669371088157e-07,21.354044785112237,0.4,0.22785374014780743,0.22785374014780743,RAD
1.9565838977108103e+33,51712639239.13488,0.11522896278781648,1995162.179768828,30766414955887.953,2.727248950542177e+33,2.0633764742200653e-07,21.354343147656714,0.4,0.22785366624746659,0.22785366624746659,RAD
1.956595978261948e+33,51715759502.97302,0.11517819120791445,1994902.7642593961,30748862285161.594,2.727248950544668e+33,2.0602427842229155e-07,21.35552707640468,0.4,0.2278533728410803,0.2278533728410803,RAD
1.9566020185375166e+33,51717320009.45423,0.11515280741368002,1994773.0366372415,30740087497779.137,2.727248950545912e+33,2.0586772926967456e-07,21.35611919357601,0.4,0.22785322600204802,0.22785322600204802,RAD
1.9566171192264384e+33,51721222368.81621,0.1150893537493328,1994448.659602523,30718155044397.53,2.727248950549018e+33,2.0547675086593968e-07,21.357599932443584,0.4,0.2278528585075331,0.2278528585075331,RAD
1.9566926226710466e+33,51740757633.331276,0.1147722101932829,1992825.5299754932,30608589537244.008,2.7272489505644586e+33,2.0353029419514652e-07,21.365013200123137,0.4,0.22785101248294898,0.22785101248294898,RAD
1.9567681261156548e+33,51760332133.95696,0.11445527465138576,1991200.3203977032,30499185319830.473,2.7272489505797527e+33,2.0159784567538646e-07,21.37244247368719,0.4,0.22784915207152143,0.22784915207152143,RAD
1.9568432651958708e+33,51779851292.0339,0.11414007518397414,1989580.8808730743,30390469221132.805,2.727248950594829e+33,1.9968856121368874e-07,21.37985185362354,0.4,0.22784728617281194,0.22784728617281194,RAD
1.957154606833727e+33,51861149210.47267,0.11283623263906342,1982848.461134111,29941703163558.633,2.7272489506557856e+33,1.919229977468481e-07,21.410724048245267,0.4,0.2278393969217658,0.2278393969217658,RAD
1.957465948471583e+33,51943132195.12158,0.11153593731968585,1976079.824542018,29495683039872.938,2.7272489507143603e+33,1.8438849107262689e-07,21.441875698052243,0.4,0.22783124316244915,0.22783124316244915,RAD
1.957777290109439e+33,52025812719.96626,0.11023919623083707,1969274.3804250057,29052411250686.035,2.7272489507706246e+33,1.7708029874104122e-07,21.473311872182595,0.4,0.22782281057935344,0.22782281057935344,RAD
1.958088631747295e+33,52109203612.5245,0.10894601646878188,1962431.5226369076,28611890275050.215,2.727248950824648e+33,1.6999373205294468e-07,21.505037771339587,0.4,0.22781408402879147,0.22781408402879147,RAD
1.9583999733851512e+33,52193318067.546455,0.10765640522248646,1955550.6289981166,28174122672553.28,2.727248950876499e+33,1.6312415591396817e-07,21.537058731953866,0.4,0.22780504748372635,0.22780504748372635,RAD
1.9587113150230073e+33,52278169661.39184,0.10637036977506652,1948631.0607108022,27739111085490.03,2.727248950926245e+33,1.5646698868857903e-07,21.569380230481748,0.4,0.22779568397438646,0.22779568397438646,RAD
1.9590226566608634e+33,52363772367.124886,0.10508791750524828,1941672.161746975,27306858241115.383,2.7272489509739504e+33,1.5001770205428617e-07,21.60200788783989,0.4,0.227785975524277,0.227785975524277,RAD
1.9593339982987194e+33,52450140570.37094,0.10380905588884227,1934673.2582078658,26877366953983.14,2.72724895101968e+33,1.43771820855985e-07,21.63494747397964,0.4,0.22777590308120083,0.22777590308120083,RAD
1.9596453399365755e+33,52537289085.98146,0.10253379250022779,1927633.6576529935,26450640128374.53,2.7272489510634955e+33,1.3772492296044394e-07,21.668204912602246,0.4,0.2277654464428375,0.2277654464428375,RAD
1.9599566815744316e+33,52625233175.55789,0.10126213501384562,1920552.6483971826,26026680760820.984,2.727248951105459e+33,1.318726391109321e-07,21.70178628601544,0.4,0.2277545841763911,0.2277545841763911,RAD
1.9602680232122876e+33,52713988565.88841,0.09999409120569792,1913429.4987736754,25605491942725.83,2.72724895114563e+33,1.2621065278199323e-07,21.735697840132563,0.4,0.2277432935317756,0.2277432935317756,RAD
1.9605793648501437e+33,52803571468.355675,0.09872966895485162,1906263.45636136,25187076863089.926,2.7272489511840675e+33,1.2073470003436643e-07,21.76994598961252,0.4,0.22773155034773385,0.22773155034773385,RAD
1.9609094512483768e+33,52899470210.95516,0.09739308446566783,1898618.2655225266,24746503443309.777,2.7272489512229895e+33,1.1512754033512453e-07,21.806631043262165,0.4,0.2277185772918223,0.2277185772918223,RAD
1.961184012541754e+33,52979975163.18833,0.09628444699269105,1892221.0264424982,24382421514336.305,2.7272489512539766e+33,1.1061571638844256e-07,21.837444838315438,0.4,0.22770735359244293,0.22770735359244293,RAD
1.9614585738351312e+33,53061163084.72774,0.09517864445544168,1885788.609282734,24020504439090.43,2.7272489512837433e+33,1.0623904753091304e-07,21.868535873594436,0.4,0.22769571555551632,0.22769571555551632,RAD
1.9617331351285084e+33,53143046523.56804,0.09407568254168928,1879320.437241587,23660754683641.207,2.7272489513123265e+33,1.0199474859286178e-07,21.89990903280128,0.4,0.22768364213996625,0.22768364213996625,RAD
1.9620076964218856e+33,53225638386.92386,0.09297556700589543,1872815.918363284,23303174782024.78,2.7272489513397626e+33,9.788006578650809e-08,21.93156931783941,0.4,0.2276711111036711,0.2276711111036711,RAD
1.9622822577152628e+33,53308951955.2994,0.09187830366999136,1866274.4449909164,22947767338078.453,2.727248951366086e+33,9.389227662905681e-08,21.963521851952073,0.4,0.22765809892364985,0.22765809892364985,RAD
1.96255681900864e+33,53393000897.26107,0.09078389842414471,1859695.3931943998,22594535027343.707,2.727248951391332e+33,9.002868986586911e-08,21.99577188291026,0.4,0.2276445807101418,0.2276445807101418,RAD
1.9628313803020172e+33,53477799284.95604,0.08969235722751184,1853078.1221720218,22243480599041.51,2.7272489514155343e+33,8.628664539370633e-08,22.0283247862421,0.4,0.22763053011402087,0.22763053011402087,RAD
1.9631059415953944e+33,53563361610.4227,0.08860368610897358,1846421.9736241058,21894606878123.473,2.7272489514387253e+33,8.266351418405677e-08,22.061186068498394,0.4,0.22761591922697896,0.22761591922697896,RAD
1.9633805028887717e+33,53649702802.742386,0.08751789116785065,1839726.2710972289,21547916767402.55,2.7272489514609375e+33,7.915669820653889e-08,22.094361370543925,0.4,0.22760071847381036,0.22760071847381036,RAD
1.963655064182149e+33,53736838246.08543,0.08643497857459506,1832990.3192973258,21203413249767.332,2.7272489514822026e+33,7.576363035238537e-08,22.127856470866824,0.4,0.22758489649611455,0.22758489649611455,RAD
1.963929625475526e+33,53824783798.708466,0.08535495457145376,1826213.4033699017,20861099390484.086,2.727248951502551e+33,7.248177435801131e-08,22.161677288891337,0.4,0.2275684200266056,0.2275684200266056,RAD
1.9642041867689033e+33,53913555812.96434,0.08427782547309953,1819394.7881454616,20520978339591.06,2.7272489515220135e+33,6.930862472866486e-08,22.195829888282102,0.4,0.22755125375319007,0.22755125375319007,RAD
1.9644787480622805e+33,54003171156.39053,0.08320359766722452,1812533.7173481348,20183053334389.82,2.7272489515406194e+33,6.624170666216268e-08,22.230320480221806,0.4,0.227533360171844,0.227533360171844,RAD
1.9647533093556577e+33,54093647233.947205,0.08213227761509043,1805629.412765338,19847327702038.676,2.7272489515583974e+33,6.327857597271423e-08,22.265155426644533,0.4,0.22751469942725785,0.22751469942725785,RAD
1.965027870649035e+33,54185002011.48151,0.08106387185202976,1798681.0733761769,19513804862253.582,2.727248951575376e+33,6.041681901483275e-08,22.3003412433997,0.4,0.22749522914005765,0.22749522914005765,RAD
1.965302431942412e+33,54277254040.5008,0.07999838698789044,1791687.8744361228,19182488330122.28,2.7272489515915826e+33,5.7654052607338695e-08,22.335884603323343,0.4,0.22747490421935165,0.22747490421935165,RAD
1.9655769932357893e+33,54370422484.34417,0.07893582970741696,1784648.9665153415,18853381719037.812,2.727248951607044e+33,5.4987923957453957e-08,22.371792339183333,0.4,0.2274536766591427,0.2274536766591427,RAD
1.9658515545291665e+33,54464527145.84872,0.07787620677055886,1777563.4744878581,18526488743757.89,2.727248951621786e+33,5.241611058499227e-08,22.408071446464664,0.4,0.22743149531704596,0.22743149531704596,RAD
1.966079103565018e+33,54543242656.036316,0.07700024828458965,1771655.2628008374,18257248874877.184,2.727248951633478e+33,5.03544956756658e-08,22.43842514161736,0.4,0.22741235037308108,0.22741235037308108,RAD
1.9663066526008695e+33,54622627286.39082,0.07612631392053236,1765713.9072866498,17989534326502.844,2.7272489516447075e+33,4.835479845668172e-08,22.46904299776189,0.4,0.2273924800100262,0.2273924800100262,RAD
1.966534201636721e+33,54702693396.10954,0.0752544076444654,1759738.8664745959,17723347381057.42,2.727248951655489e+33,4.6415743959389854e-08,22.499929258279685,0.4,0.22737184948332442,0.22737184948332442,RAD
1.9667617506725726e+33,54783453700.627396,0.07438453345811592,1753729.584806865,17458690374622.03,2.727248951665836e+33,4.4536071385699406e-08,22.53108824714564,0.4,0.22735042210209203,0.22735042210209203,RAD
1.966989299708424e+33,54864921285.677795,0.07351669539879815,1747685.4921392277,17195565698395.07,2.727248951675762e+33,4.2714534078615675e-08,22.562524369485505,0.4,0.22732815910101742,0.22732815910101742,RAD
1.9672168487442756e+33,54947109622.06206,0.07265089753930652,1741606.003219535,16933975800206.244,2.72724895168528e+33,4.0949899492815426e-08,22.594242111977927,0.4,0.2273050195025026,0.2273050195025026,RAD
1.967444397780127e+33,55030032581.17096,0.07178714398775954,1735490.517142857,16673923186088.516,2.7272489516944024e+33,3.924094916525473e-08,22.62624604307643,0.4,0.22728095996819697,0.22728095996819697,RAD
1.9676719468159786e+33,55113704451.305275,0.07092543888738934,1729338.416782014,16415410421910.902,2.727248951703142e+33,3.758647868581477e-08,22.658540813024263,0.4,0.22725593463899235,0.22725593463899235,RAD
1.96789949585183e+33,55198139954.8456,0.0700657864162714,1723149.0681921917,16158440135075.14,2.727248951711512e+33,3.598529766798568e-08,22.69113115363271,0.4,0.22722989496247153,0.22722989496247153,RAD
1.9681270448876816e+33,55283354266.32539,0.06920819078698881,1716921.8199882358,15903015016279.438,2.727248951719523e+33,3.443622971958702e-08,22.72402187778624,0.4,0.22720278950666337,0.22720278950666337,RAD
1.968354593923533e+33,55369363031.465546,0.06835265624622443,1710656.0026931546,15649137821352.736,2.7272489517271875e+33,3.293811241352786e-08,22.757217878637306,0.4,0.22717456375888626,0.22717456375888626,RAD
1.9685821429593846e+33,55456182387.232735,0.06749918707427395,1704350.9280562515,15396811373163.135,2.7272489517345166e+33,3.1489797258609096e-08,22.790724128446733,0.4,0.2271451599083138,0.2271451599083138,RAD
1.968823390030306e+33,55549131919.27943,0.06659660103570213,1697622.6374010409,15130992142616.764,2.7272489517419333e+33,3.000742184933715e-08,22.826591845713295,0.4,0.22711263098141843,0.22711263098141843,RAD
1.9690243333096086e+33,55627277452.49625,0.06584658455487269,1691983.487896748,14910917450671.828,2.7272489517478426e+33,2.881349406353909e-08,22.856742283647336,0.4,0.22708441705965204,0.22708441705965204,RAD
1.9692252765889113e+33,55706094519.20042,0.06509818867094214,1686312.0547557906,14692058865861.152,2.7272489517535156e+33,2.7655829812928765e-08,22.88714641751721,0.4,0.22705513504574257,0.22705513504574257,RAD
1.969426219868214e+33,55785595691.491806,0.06435141641708121,1680607.8089267435,14474418524950.734,2.7272489517589597e+33,2.6533675287071252e-08,22.917807869850943,0.4,0.22702473464660988,0.22702473464660988,RAD
1.9696271631475165e+33,55865793909.21777,0.06360627084463391,1674870.2076469685,14257998611788.117,2.727248951764182e+33,2.5446285064977532e-08,22.948730303774784,0.4,0.22699316275436607,0.22699316275436607,RAD
1.969828106426819e+33,55946702494.71599,0.06286275502251633,1669098.6939631498,14042801358601.857,2.727248951769189e+33,2.43929220995594e-08,22.97991742065638,0.4,0.22696036326052596,0.22696036326052596,RAD
1.9700290497061217e+33,56028335168.31235,0.06212087203654569,1663292.6962310951,13828829047351.035,2.7272489517739874e+33,2.337285770210768e-08,23.01137295735196,0.4,0.22692627685601754,0.22692627685601754,RAD
1.9702299929854243e+33,56110706064.62127,0.06138062498869295,1657451.6275937685,13616084011127.287,2.727248951778584e+33,2.238537152679213e-08,23.043100683010184,0.4,0.22689084081574404,0.22689084081574404,RAD
1.970430936264727e+33,56193829749.69918,0.06064201699625268,1651574.8854364539,13404568635612.012,2.727248951782986e+33,2.142975155518719e-08,23.07510439538252,0.4,0.2268539887663557,0.2268539887663557,RAD
1.9706318795440295e+33,56277721239.10581,0.05990505119092307,1645661.8508178943,13194285360591.535,2.727248951787199e+33,2.0505294080820703e-08,23.10738791658027,0.4,0.22681565043572047,0.22681565043572047,RAD
1.970832822823332e+33,56362396016.932144,0.05916973071778807,1639711.8878761888,12985236681533.238,2.727248951791229e+33,1.9611303693748303e-08,23.139955088215846,0.4,0.22677575138247066,0.22677575138247066,RAD
1.9710337661026347e+33,56447870055.858215,0.0584360587341932,1633724.3432081586,12777425151225.807,2.7272489517950824e+33,1.8747093265153902e-08,23.172809765853362,0.4,0.22673421270379338,0.22673421270379338,RAD
1.9712347093819373e+33,56534159838.3091,0.057704038408505805,1627698.545220829,12570853381486.973,2.727248951798765e+33,1.791198393197659e-08,23.205955812691002,0.4,0.2266909507195028,0.2266909507195028,RAD
1.97143565266124e+33,56621282378.782585,0.056973672918749316,1621633.8034536003,12365524044942.346,2.7272489518022824e+33,1.710530508156447e-08,23.23939709238218,0.4,0.22664587663017194,0.22664587663017194,RAD
1.9716365959405426e+33,56709255247.42811,0.056244965451100706,1615529.4078696005,12161439876879.158,2.727248951805641e+33,1.6326394336356787e-08,23.273137460894766,0.4,0.22659889614690207,0.22659889614690207,RAD
1.9718375392198452e+33,56798096594.96267,0.05551791919823871,1609384.6281146398,11958603677179.012,2.7272489518088454e+33,1.557459753859531e-08,23.307180757297214,0.4,0.22654990909007144,0.22654990909007144,RAD
1.9720384824991478e+33,56887825179.016716,0.05479253735752965,1603198.7127420972,11757018312333.98,2.727248951811902e+33,1.4849268735064744e-08,23.341530793340763,0.4,0.22649880895406174,0.22649880895406174,RAD
1.9722394257784504e+33,56978460392.010445,0.05406882312903617,1596970.8884019882,11556686717550.72,2.727248951814815e+33,1.4149770161864306e-08,23.376191341698537,0.4,0.2264454824347111,0.2264454824347111,RAD
1.972440369057753e+33,57070022290.66948,0.053346779713333015,1590700.3589923687,11357611898947.566,2.7272489518175903e+33,1.3475472229210503e-08,23.411166122697967,0.4,0.226389808915824,0.226389808915824,RAD
1.9726072480153082e+33,57146781647.11855,0.052748410851008856,1585459.7761011755,11193242120439.256,2.7272489518197936e+33,1.2934191431800955e-08,23.440453372135156,0.4,0.22634169747728228,0.22634169747728228,RAD
1.9727741269728633e+33,57224206699.351395,0.05215119837363634,1580188.69249938,11029743058126.758,2.727248951821908e+33,1.2409510942019483e-08,23.46996191585505,0.4,0.2262918008531562,0.2262918008531562,RAD
1.9729410059304185e+33,57302310074.67587,0.05155514410784512,1574886.613752199,10867116552245.121,2.727248951823936e+33,1.1901082957379805e-08,23.49969375555796,0.4,0.22624003674246393,0.22624003674246393,RAD
1.9731078848879737e+33,57381104775.34967,0.05096024987578539,1569553.0329575003,10705364481003.682,2.727248951825881e+33,1.1408563537306983e-08,23.529650837395792,0.4,0.22618631827401595,0.22618631827401595,RAD
1.973274763845529e+33,57460604193.85975,0.05036651749381737,1564187.4303322178,10544488761651.115,2.7272489518277447e+33,1.0931612597196747e-08,23.55983504296144,0.4,0.22613055370646623,0.22613055370646623,RAD
1.973441642803084e+33,57540822128.99828,0.04977394877109832,1558789.2727825334,10384491351582.27,2.72724895182953e+33,1.0469893902485993e-08,23.590248179354194,0.4,0.22607264610558886,0.22607264610558886,RAD
1.9736085217606392e+33,57621772802.78571,0.04918254550805887,1553358.0134571558,10225374249488.87,2.72724895183124e+33,1.0023075062736756e-08,23.62089196822632,0.4,0.22601249299679788,0.22601249299679788,RAD
1.9737754007181944e+33,57703470878.29571,0.048592309494760066,1547893.0912829996,10067139496556.354,2.7272489518328763e+33,9.590827525732634e-09,23.65176803370671,0.4,0.22594998599075825,0.22594998599075825,RAD
1.9739422796757496e+33,57785931478.44084,0.048003242509121975,1542393.930482554,9909789177709.248,2.727248951834442e+33,9.17282657158889e-09,23.682877889087354,0.4,0.22588501037972464,0.22588501037972464,RAD
1.9741091586333048e+33,57869170205.78239,0.047415346315013464,1536859.9400722012,9753325422907.605,2.727248951835939e+33,8.768751306876305e-09,23.714222922143747,0.4,0.22581744470200008,0.22581744470200008,RAD
1.97427603759086e+33,57953203163.43265,0.0468286226601922,1531290.5133407346,9597750408497.24,2.72724895183737e+33,8.378284658758855e-09,23.745804378946325,0.4,0.22574716027164213,0.22574716027164213,RAD
1.974442916548415e+33,58038046977.12362,0.04624307327408308,1525685.0273073027,9443066358616.637,2.7272489518387366e+33,8.001113369146224e-09,23.777623346007346,0.4,0.22567402067029332,0.22567402067029332,RAD
1.9746198797797567e+33,58128922771.650345,0.04562342467206079,1519700.702186464,9280010842487.533,2.7272489518401184e+33,7.615330074907284e-09,23.81162557134968,0.4,0.2255931807424409,0.2255931807424409,RAD
1.9747667327095377e+33,58205058152.55398,0.04511021477689551,1514702.715906838,9145463846481.959,2.7272489518412137e+33,7.306013941290611e-09,23.840046477673773,0.4,0.2255234033683185,0.2255234033683185,RAD
1.9749135856393186e+33,58281861825.880905,0.044597918066340794,1509675.3099951406,9011612097373.441,2.7272489518422646e+33,7.006297367725853e-09,23.868652919450586,0.4,0.2254510655688243,0.2254510655688243,RAD
1.9750604385690996e+33,58359346661.89275,0.04408653565384183,1504618.0131265165,8878457247046.41,2.727248951843272e+33,6.715976930178505e-09,23.897445075362523,0.4,0.2253760501082151,0.2253760501082151,RAD
1.9752072914988805e+33,58437525919.47716,0.04357606863380201,1499530.3424647741,8746000980650.924,2.727248951844238e+33,6.434851475491997e-09,23.926422959099092,0.4,0.22529823325410936,0.22529823325410936,RAD
1.9753541444286615e+33,58516413262.27151,0.04306651807976549,1494411.8033056129,8614245017552.637,2.7272489518451625e+33,6.162722118350959e-09,23.955586402709436,0.4,0.2252174843521762,0.2252174843521762,RAD
1.9755009973584425e+33,58596022775.64314,0.04255788504247217,1489261.8887078145,8483191112320.766,2.727248951846048e+33,5.899392238252627e-09,23.98493503841949,0.4,0.22513366536865792,0.22513366536865792,RAD
1.9756478502882234e+33,58676368984.581726,0.0420501705477762,1484080.0791120885,8352841055756.017,2.7272489518468953e+33,5.644667476486865e-09,24.0144682787681,0.4,0.2250466303979982,0.2250466303979982,RAD
1.9757947032180044e+33,58757466872.56385,0.0415433755944174,1478865.8419472766,8223196675960.574,2.727248951847706e+33,5.398355733125115e-09,24.044185294893268,0.4,0.22495622513251431,0.22495622513251431,RAD
1.9759415561477853e+33,58839331901.45461,0.04103750115163507,1473618.6312236346,8094259839452.381,2.727248951848481e+33,5.1602671640180565e-09,24.074084992791835,0.4,0.22486228629085234,0.22486228629085234,RAD
1.9760884090775663e+33,58921980032.515976,0.04053254815661193,1468337.8871129386,7966032452326.078,2.727248951849222e+33,4.9302141778029166e-09,24.10416598734783,0.4,0.22476464100155585,0.22476464100155585,RAD
1.9762352620073472e+33,59005427748.59748,0.0400285175117356,1463023.0355151861,7838516461463.148,2.72724895184993e+33,4.708011432920225e-09,24.134426573908062,0.4,0.22466310613777352,0.22466310613777352,RAD
1.9763821149371282e+33,59089692077.590775,0.03952541008166365,1457673.4876117047,7711713855793.965,2.7272489518506054e+33,4.493475834640458e-09,24.164864697157874,0.4,0.2245574875987185,0.2245574875987185,RAD
1.9765289678669092e+33,59174790617.23632,0.03902322669017719,1452288.6394045197,7585626667614.628,2.72724895185125e+33,4.286426532100881e-09,24.195477917023016,0.4,0.22444757953305644,0.22444757953305644,RAD
1.97667582079669e+33,59260741561.37782,0.0385219681168066,1446867.8712418918,7460256973961.682,2.7272489518518644e+33,4.086684915352811e-09,24.226263371294007,0.4,0.2243331634989197,0.2243331634989197,RAD
1.976822673726471e+33,59347563727.76811,0.03802163509321195,1441410.5473299988,7335606898048.006,2.72724895185245e+33,3.8940746124199645e-09,24.257217734633592,0.4,0.22421400755468596,0.22421400755468596,RAD
1.976969526656252e+33,59435276587.538895,0.03752222829929862,1435916.0152308173,7211678610763.427,2.727248951853008e+33,3.708421486367639e-09,24.288337173591962,0.4,0.22408986527407895,0.22408986527407895,RAD
1.977116379586033e+33,59523900296.45663,0.037023748359047676,1430383.605346351,7088474332243.818,2.7272489518535396e+33,3.5295536323837206e-09,24.31961729721091,0.4,0.2239604746784758,0.2239604746784758,RAD
1.977263232515814e+33,59613455728.097336,0.03652619583603822,1424812.630389471,6965996333512.766,2.727248951854045e+33,3.3573013748714177e-09,24.351053102750242,0.4,0.22382555707855897,0.22382555707855897,RAD
1.977410085445595e+33,59703964509.085075,0.03602957122863722,1419202.384841764,6844246938200.142,2.727248951854526e+33,3.191497264554483e-09,24.382638916014585,0.4,0.22368481581661326,0.22368481581661326,RAD
1.977531515079975e+33,59779540336.472115,0.0356196238316974,1414533.213291123,6744126902543.855,2.727248951854905e+33,3.059149943165496e-09,24.408865331099058,0.4,0.2235638168891237,0.2235638168891237,RAD
1.9776529447143552e+33,59855796409.69131,0.03521031137478512,1409836.2769485512,6644508032691.345,2.727248951855269e+33,2.9310061332746704e-09,24.43518590261288,0.4,0.22343843114330034,0.22343843114330034,RAD
1.9777743743487353e+33,59932746233.90042,0.03480163402312872,1405111.1470827532,6545391729152.078,2.727248951855617e+33,2.806974606419303e-09,24.4615961826398,0.4,0.22330845889645445,0.22330845889645445,RAD
1.9778958039831154e+33,60010403735.870674,0.03439359190173415,1400357.3854672427,6446779420303.731,2.727248951855951e+33,2.6869651700166285e-09,24.48809128149029,0.4,0.2231736894492781,0.2231736894492781,RAD
1.9780172336174956e+33,60088783282.10994,0.033986185092794774,1395574.544151738,6348672563217.322,2.72724895185627e+33,2.5708886662686342e-09,24.51466583183607,0.4,0.22303390037092924,0.22303390037092924,RAD
1.9781386632518757e+33,60167899697.98483,0.03357941363293831,1390762.165231269,6251072644516.649,2.727248951856576e+33,2.4586569710716007e-09,24.54131394979133,0.4,0.2228888567309264,0.2228888567309264,RAD
1.9782600928862558e+33,60247768287.90926,0.033173277510300025,1385919.78061353,6153981181273.8955,2.7272489518568675e+33,2.3501829929305253e-09,24.568029192657207,0.4,0.22273831027340424,0.22273831027340424,RAD
1.978381522520636e+33,60328404856.67235,0.03276777666141034,1381046.9117851092,6057399721943.359,2.7272489518571465e+33,2.245380671878585e-09,24.594804513017102,0.4,0.22258199852887936,0.22258199852887936,RAD
1.978502952155016e+33,60409825731.98452,0.03236291096788421,1376143.069577338,5961329847335.427,2.727248951857413e+33,2.1441649784017485e-09,24.62163220884086,0.4,0.22241964385823898,0.22241964385823898,RAD
1.9786243817893962e+33,60492047788.32732,0.03195868025289874,1371207.7539326185,5865773171633.033,2.727248951857667e+33,2.0464519123686355e-09,24.648503869216412,0.4,0.22225095242314205,0.22225095242314205,RAD
1.9787458114237764e+33,60575088472.19917,0.031555084277444516,1366240.4536722386,5770731343453.017,2.72724895185791e+33,1.9521585019660337e-09,24.67541031529117,0.4,0.22207561307650117,0.22207561307650117,RAD
1.9788672410581565e+33,60658965828.85765,0.031152122736335084,1361240.6462668313,5676206046954.942,2.7272489518581415e+33,1.8612028026399114e-09,24.702341535962578,0.4,0.22189329616612866,0.22189329616612866,RAD
1.9789886706925366e+33,60743698530.666824,0.03074979525395793,1356207.797610829,5582199003000.147,2.727248951858362e+33,1.7735038960423355e-09,24.72928661780278,0.4,0.22170365224391764,0.22170365224391764,RAD
1.979117479529037e+33,60834536844.617,0.03032371110754563,1350832.3828595956,5483047622646.065,2.727248951858585e+33,1.683946183638677e-09,24.757871006357473,0.4,0.22149406166021232,0.22149406166021232,RAD
1.979224243939757e+33,60910592073.56602,0.029971087192759035,1346347.7992688695,5401310097999.821,2.7272489518587606e+33,1.6123575716444073e-09,24.781554077549682,0.4,0.22131344015081875,0.22131344015081875,RAD
1.9793310083504767e+33,60987353983.70008,0.029618952230515493,1341836.4062423143,5319977288776.757,2.727248951858929e+33,1.543107265643182e-09,24.805218450179108,0.4,0.2211262614061192,0.2211262614061192,RAD
1.9794377727611965e+33,61064837124.47608,0.029267305748925145,1337297.8088723787,5239050469522.304,2.7272489518590903e+33,1.476142966255527e-09,24.82885379277312,0.4,0.22093222606319168,0.22093222606319168,RAD
1.9795445371719163e+33,61143056517.59401,0.028916147219254205,1332731.6047512859,5158530940532.301,2.727248951859244e+33,1.4114129843775958e-09,24.852448972801646,0.4,0.220731018249956,0.220731018249956,RAD
1.979651301582636e+33,61222027678.138405,0.028565476052707182,1328137.3838847151,5078420028647.816,2.727248951859392e+33,1.3488662406475562e-09,24.875991995561908,0.4,0.22052230452218774,0.22052230452218774,RAD
1.979758065993356e+33,61301766636.93458,0.028215291597022227,1323514.7286146895,4998719088084.477,2.7272489518595325e+33,1.2884522649152695e-09,24.89946993800617,0.4,0.220305732722877,0.220305732722877,RAD
1.9798648304040758e+33,61382289964.20522,0.027865593132868762,1318863.2135532338,4919429501298.24,2.727248951859667e+33,1.2301211957154045e-09,24.92286887705851,0.4,0.22008093075771248,0.22008093075771248,RAD
1.9799715948147956e+33,61463614794.62018,0.02751637987003533,1314182.4055285638,4840552679889.695,2.7272489518597953e+33,1.1738237797441405e-09,24.94617381191344,0.4,0.21984750527985103,0.21984750527985103,RAD
1.9800783592255154e+33,61545758853.84001,0.02716765094339523,1309471.8635457885,4762090065549.1045,2.7272489518599175e+33,1.119511371339491e-09,24.969368579764357,0.4,0.21960504027659075,0.21960504027659075,RAD
1.9801851236362352e+33,61628740486.66268,0.026819405408636893,1304731.1387643488,4684043131044.578,2.727248951860034e+33,1.067135931965395e-09,24.992435764350866,0.4,0.21935309554989293,0.21935309554989293,RAD
1.980291888046955e+33,61712578686.89212,0.026471642237745112,1299959.7744946969,4606413381255.928,2.727248951860145e+33,1.0166500296996868e-09,25.0153565966558,0.4,0.2190912050820195,0.2190912050820195,RAD
1.980398652457675e+33,61797293129.05791,0.02612436031421869,1295157.3062170271,4529202354256.941,2.7272489518602513e+33,9.680068387260646e-10,25.038110847011016,0.4,0.21881887527676094,0.21881887527676094,RAD
1.9805054168683947e+33,61882904202.12693,0.025777558428009356,1290323.2616252175,4452411622449.0205,2.727248951860352e+33,9.211601388301989e-10,25.06067670779826,0.4,0.2185355830659199,0.2185355830659199,RAD
1.9806121812791145e+33,61969433045.360405,0.025431235270166278,1285457.1606995324,4376042793749.339,2.727248951860448e+33,8.760643149000626e-10,25.083030665844387,0.4,0.21824077386978227,0.21824077386978227,RAD
1.9807189456898343e+33,62056901586.483986,0.0250853894271697,1280558.5158120724,4300097512836.9277,2.727248951860539e+33,8.326743564306981e-10,25.105147363522658,0.4,0.21793385939937468,0.21793385939937468,RAD
1.9808257101005541e+33,62145332582.35394,0.024740019374936667,1275626.8318694553,4224577462460.3467,2.7272489518606254e+33,7.909458570334639e-10,25.12699944745918,0.4,0.21761421528715333,0.21761421528715333,RAD
1.980932474511274e+33,62234749662.319885,0.024395123472481704,1270661.6064977583,4149484364810.8926,2.727248951860708e+33,7.508350139500076e-10,25.14855740363939,0.4,0.2172811785317099,0.2172811785317099,RAD
1.9810392389219938e+33,62325177374.50343,0.02405069995521422,1265662.3302753838,4074819982965.601,2.7272489518607857e+33,7.122986275710185e-10,25.169789377571462,0.4,0.21693404474072886,0.21693404474072886,RAD
1.9811460033327136e+33,62416641235.233604,0.023706746927854853,1260628.4870202013,4000586122404.644,2.7272489518608595e+33,6.752941009600201e-10,25.190660978028898,0.4,0.21657206515514363,0.21657206515514363,RAD
1.9811780729520797e+33,62444321223.04057,0.023603522788126403,1259109.6050056664,3978372303574.0425,2.727248951860881e+33,6.644716469044408e-10,25.196854467801092,0.4,0.2164603172920179,0.2164603172920179,RAD
1.9811812799140163e+33,62447094523.28599,0.023593202696697825,1258957.5421264467,3976153069254.876,2.727248951860883e+33,6.633967512200796e-10,25.197471804734707,0.4,0.21644906404033892,0.21644906404033892,RAD
1.981184486875953e+33,62449868790.395546,0.02358288307046754,1258805.445141857,3973934225606.0327,2.7272489518608854e+33,6.623231768516455e-10,25.19904664974432,0.4,0.21644602565529492,0.21644602565529492,RAD
1.981264660924367e+33,62519541842.92151,0.023325074563413165,1254990.2235313663,3918590252512.624,2.7272489518609373e+33,6.359027105349652e-10,25.245122465781005,0.4,0.21642512277571552,0.21642512277571552,RAD
1.981344834972781e+33,62589831209.874626,0.02306761709532351,1251150.08752047,3863491288177.0205,2.7272489518609875e+33,6.102768262044739e-10,25.291771944570996,0.4,0.2164042000800422,0.2164042000800422,RAD
1.9814250090211951e+33,62660748773.503456,0.022810511549691777,1247284.591535381,3808638153476.216,2.7272489518610353e+33,5.85429552474624e-10,25.33900869132449,0.4,0.2163832630072886,0.2163832630072886,RAD
1.9815051830696092e+33,62732306772.897255,0.022553758817218026,1243393.277088238,3754031683875.3086,2.7272489518610814e+33,5.613450780850724e-10,25.386846790946535,0.4,0.21636231742449552,0.21636231742449552,RAD
1.9815853571180233e+33,62804517818.62813,0.022297359795839116,1239475.6722560725,3699672729833.7056,2.727248951861125e+33,5.38007751875228e-10,25.435300830656995,0.4,0.21634136965896475,0.21634136965896475,RAD
1.9816655311664374e+33,62877394908.15854,0.022041315390754667,1235531.2911326874,3645562157227.12,2.7272489518611673e+33,5.154020827603881e-10,25.484385923955777,0.4,0.2163204265331659,0.2163204265331659,RAD
1.9817457052148515e+33,62950951442.06309,0.021785626514448566,1231559.6332517075,3591700847786.171,2.7272489518612077e+33,4.935127397095359e-10,25.53411773602635,0.4,0.21629949540253224,0.21629949540253224,RAD
1.9818258792632655e+33,63025201241.11695,0.021530294086705818,1227560.1829789418,3538089699552.4146,2.727248951861246e+33,4.72324551724863e-10,25.584512510685286,0.4,0.21627858419643917,0.21627858419643917,RAD
1.9819098262063306e+33,63103703642.66983,0.021263329034417022,1223342.1597005448,3482224767568.469,2.727248951861285e+33,4.508743602068535e-10,25.638007647630616,0.4,0.21625671959981613,0.21625671959981613,RAD
1.9819937731493957e+33,63182998635.6684,0.02099675685745013,1219092.454505661,3426636168928.541,2.727248951861322e+33,4.3015936841863294e-10,25.692268185536317,0.4,0.2162348968211141,0.2162348968211141,RAD
1.9820635397366455e+33,63249514688.33072,0.02077551388376895,1215536.0389193124,3380648663293.6396,2.727248951861351e+33,4.134908602085165e-10,25.737960374181643,0.4,0.21621680037880678,0.21621680037880678,RAD
1.9821333063238953e+33,63316600590.930565,0.020554543638820828,1211956.9076373023,3334853411330.0854,2.7272489518613794e+33,3.97308935137304e-10,25.78420808368613,0.4,0.21619874779278855,0.21619874779278855,RAD
1.982203072911145e+33,63384266990.82987,0.020333846752286198,1208354.665389851,3289251062198.2573,2.7272489518614065e+33,3.8160411303144646e-10,25.831024180658186,0.4,0.21618074661346684,0.21618074661346684,RAD
1.982272839498395e+33,63452524845.233444,0.02011342385801797,1204728.9057613986,3243842276164.471,2.7272489518614325e+33,3.663670054320391e-10,25.878421975045892,0.4,0.21616280490381085,0.21616280490381085,RAD
1.9823426060856447e+33,63521385433.50471,0.01989327559402656,1201079.2107530632,3198627724900.6953,2.727248951861457e+33,3.5158831559096225e-10,25.926415240577448,0.4,0.21614493127537776,0.21614493127537776,RAD
1.9824123726728945e+33,63590860370.10488,0.019673402602460706,1197405.1503229612,3153608091795.5664,2.7272489518614815e+33,3.3725883846794424e-10,25.975018236386294,0.4,0.21612713492714658,0.21612713492714658,RAD
1.9824821392601443e+33,63660961618.19405,0.019453805529583944,1193706.2819030103,3108784072277.2505,2.7272489518615045e+33,3.2336946072854575e-10,26.024245729908753,0.4,0.21610942568744382,0.21610942568744382,RAD
1.982551905847394e+33,63731701503.93543,0.019234485025746133,1189982.149890736,3064156374148.7334,2.7272489518615264e+33,3.099111607431089e-10,26.074113021140796,0.4,0.21609181405920808,0.21609181405920808,RAD
1.9826216724346438e+33,63803092731.547165,0.019015441745349908,1186232.2851144895,3019725717936.1597,2.727248951861548e+33,2.968750085866645e-10,26.124635968355665,0.4,0.2160743112689226,0.2160743112689226,RAD
1.9826914390218936e+33,63875148399.14928,0.018796676346811515,1182456.204270368,2975492837250.8716,2.727248951861568e+33,2.8425216603985795e-10,26.175831015385594,0.4,0.21605692931952605,0.21605692931952605,RAD
1.9827612056091434e+33,63947882015.457054,0.018578189492515586,1178653.40932899,2931458479165.846,2.7272489518615876e+33,2.7203388659089753e-10,26.227715220585367,0.4,0.21603968104768745,0.21603968104768745,RAD
1.9828309721963932e+33,64021307517.37601,0.01835998184876353,1174823.3869101421,2887623404607.2695,2.727248951861606e+33,2.60211515438552e-10,26.28030628760183,0.4,0.21602258018583853,0.21602258018583853,RAD
1.982900738783643e+33,64095439288.557755,0.018142054085714926,1170965.607623155,2843988388762.034,2.727248951861624e+33,2.487764894962249e-10,26.33362259808709,0.4,0.21600564142942255,0.21600564142942255,RAD
1.9829705053708928e+33,64170292178.98097,0.017924406877321393,1167079.525370693,2800554221501.9937,2.7272489518616406e+33,2.377203373971597e-10,26.387683246503265,0.4,0.21598888050984577,0.21598888050984577,RAD
1.9830402719581426e+33,64245881525.62643,0.01770704090125242,1163164.5766134616,2757321707825.8657,2.727248951861657e+33,2.2703467950074928e-10,26.44250807718187,0.4,0.21597231427368993,0.21597231427368993,RAD
1.9831100385453924e+33,64322223174.320755,0.017489956838812562,1159220.1795931251,2714291668319.7344,2.7272489518616723e+33,2.1671122790004652e-10,26.498117723814172,0.4,0.21595596076878848,0.21595596076878848,RAD
1.9831798051326422e+33,64399333502.82958,0.01727315537484923,1155245.7335105147,2671464939637.1562,2.727248951861687e+33,2.0674178643044963e-10,26.55453365156673,0.4,0.2159398393378452,0.2159398393378452,RAD
1.9832377581214544e+33,64463983305.0304,0.01709328033669678,1151920.9894311966,2636045271703.2705,2.727248951861699e+33,1.9872382494986005e-10,26.602025701509323,0.4,0.21592663904331963,0.21592663904331963,RAD
1.9832957111102665e+33,64529185190.43929,0.016913601166044772,1148574.7165488645,2600766977116.1597,2.7272489518617103e+33,1.9093994389113092e-10,26.65010278303616,0.4,0.2159136258393753,0.2159136258393753,RAD
1.9833536640990787e+33,64594949457.44316,0.016734118260687797,1145206.5379027606,2565630562213.1445,2.7272489518617213e+33,1.8338558986848674e-10,26.69877864473478,0.4,0.21590081316428159,0.21590081316428159,RAD
1.983411617087891e+33,64661286703.6911,0.016554832019903338,1141816.0658280281,2530636541906.1655,2.7272489518617317e+33,1.7605625319647247e-10,26.748067516789824,0.4,0.2158882152725764,0.2158882152725764,RAD
1.983469570076703e+33,64728207837.972374,0.01637574284439454,1138402.9015321543,2495785439913.0244,2.7272489518617415e+33,1.6894746789573526e-10,26.79798413358156,0.4,0.2158758472900577,0.2158758472900577,RAD
1.9835275230655152e+33,64795724092.69469,0.01619685113622846,1134966.6346497904,2461077788997.333,2.727248951861751e+33,1.6205481169926966e-10,26.848543757620575,0.4,0.21586372527299777,0.21586372527299777,RAD
1.9835854760543274e+33,64863847036.99984,0.01601815729876944,1131506.8427745905,2426514131217.596,2.7272489518617605e+33,1.5537390605911927e-10,26.89976220491507,0.4,0.21585186627195652,0.21585186627195652,RAD
1.9836434290431396e+33,64932588590.55635,0.015839661736607332,1128023.0909666081,2392095018185.8784,2.727248951861769e+33,1.4890041615356808e-10,26.951655871874,0.4,0.21584028840059497,0.21584028840059497,RAD
1.9837013820319518e+33,65001961038.071686,0.015661364855480267,1124514.931233679,2357821011336.5244,2.727248951861778e+33,1.426300508948239e-10,27.004241763859618,0.4,0.2158290109099425,0.2158290109099425,RAD
1.983759335020764e+33,65071977044.56992,0.015483267062191596,1120981.9019850981,2323692682205.443,2.727248951861786e+33,1.3655856293719913e-10,27.0575375255108,0.4,0.21581805426860004,0.21581805426860004,RAD
1.983817288009576e+33,65142649671.48405,0.015305368764520714,1117423.527455768,2289710612720.4897,2.7272489518617933e+33,1.3068174868581147e-10,27.111561472971015,0.4,0.21580744024942944,0.21580744024942944,RAD
1.9838786762360097e+33,65218242659.88746,0.015117143356124088,1113626.0365014754,2253874393051.998,2.7272489518618014e+33,1.246642778240375e-10,27.169603139141742,0.4,0.21579659655439384,0.21579659655439384,RAD
1.983929587571702e+33,65281516666.22813,0.0149612121474002,1110454.228044804,2224279710048.43,2.727248951861808e+33,1.198324428854537e-10,27.21839185422524,0.4,0.2157879358293631,0.2157879358293631,RAD
1.983980498907394e+33,65345328923.987366,0.014805435827804551,1107261.7130593464,2194799270943.8364,2.7272489518618135e+33,1.1514151183113309e-10,27.267787319759567,0.4,0.21577959540131117,0.21577959540131117,RAD
1.9840314102430862e+33,65409689444.67855,0.01464981467571314,1104048.1276369374,2165433499594.9229,2.7272489518618193e+33,1.1058874977669524e-10,27.317803951708857,0.4,0.21577159410839014,0.21577159410839014,RAD
1.9840823215787783e+33,65474608529.9287,0.014494348969768568,1100813.0974896692,2136182826984.5166,2.727248951861825e+33,1.0617144792523523e-10,27.368456677253636,0.4,0.21576395188063383,0.21576395188063383,RAD
1.9841332329144705e+33,65540096782.96025,0.014339038988810615,1097556.2375369817,2107047691413.3113,2.72724895186183e+33,1.0188692357356751e-10,27.41976095908993,0.4,0.21575668981202828,0.21575668981202828,RAD
1.9841841442501626e+33,65606165120.65129,0.014183885011802544,1094277.1514715455,2078028538698.8174,2.7272489518618354e+33,9.773252011875629e-11,27.471732821183984,0.4,0.21574983023805863,0.21574983023805863,RAD
1.9842350555858548e+33,65672824786.20998,0.014028887317753013,1090975.4313025961,2049125822381.8672,2.72724895186184e+33,9.370560706492075e-11,27.524388876089137,0.4,0.21574339681921645,0.21574339681921645,RAD
1.984285966921547e+33,65740087362.5011,0.013874046185633315,1087650.656875275,2020340003941.044,2.7272489518618447e+33,8.980358003034409e-11,27.577746353937233,0.4,0.21573741463097335,0.21573741463097335,RAD
1.984336878257239e+33,65807964786.065765,0.013719361894289685,1084302.395364426,1991671553015.427,2.727248951861849e+33,8.602386075488407e-11,27.631823133232626,0.4,0.21573191026082286,0.21573191026082286,RAD
1.9843877895929312e+33,65876469361.878204,0.013564834722350488,1080930.2007411723,1963120947636.069,2.7272489518618533e+33,8.236389710768177e-11,27.686637773580077,0.4,0.2157269119129904,0.2157269119129904,RAD
1.9844387009286233e+33,65945613778.88683,0.013410464948127927,1077533.6132104706,1934688674466.6484,2.7272489518618573e+33,7.882116309519753e-11,27.742209550498945,0.4,0.21572244952154865,0.21572244952154865,RAD
1.9844896122643155e+33,66015411126.39054,0.013256252849514089,1074112.158617696,1906375229053.7632,2.7272489518618614e+33,7.539315886956427e-11,27.798558492478943,0.4,0.2157185548726638,0.2157185548726638,RAD
1.9845405236000076e+33,66085874911.30483,0.013102198703870985,1070665.3478221528,1878181116087.3672,2.7272489518618654e+33,7.207741073727066e-11,27.855705420457593,0.4,0.21571526173685915,0.21571526173685915,RAD
1.9845914349356998e+33,66157019076.37687,0.01294830278791427,1067192.6760352396,1850106849671.878,2.727248951861869e+33,6.887147116818561e-11,27.913671989907353,0.4,0.2157126060122091,0.2157126060122091,RAD
1.984642346271392e+33,66228858019.41301,0.012794565377590406,1063693.6221208088,1822152953608.5203,2.7272489518618723e+33,6.577291880493333e-11,27.97248073574461,0.4,0.21571062587952214,0.21571062587952214,RAD
1.984693257607084e+33,66301406613.587494,0.012640986747946855,1060167.6478550527,1794319961689.5066,2.727248951861876e+33,6.277935847261787e-11,28.032155120286237,0.4,0.21570936197063903,0.21570936197063903,RAD
1.9847441689427762e+33,66374680228.906494,0.012487567172995045,1056614.1971430308,1766608418004.6946,2.7272489518618787e+33,5.988842118891975e-11,28.09271958450822,0.4,0.21570885755114796,0.21570885755114796,RAD
1.9847863310644964e+33,66435921783.58026,0.012360633653481227,1053650.2050295114,1743751488487.0742,2.727248951861881e+33,5.757030901438634e-11,28.143567851812918,0.4,0.2157090475467238,0.2157090475467238,RAD
1.9848284931862166e+33,66497680772.45558,0.012233809559722962,1050666.6383176527,1720978552671.2754,2.727248951861883e+33,5.5319654485009174e-11,28.195059046184827,0.4,0.21570981773718143,0.21570981773718143,RAD
1.9848706553079368e+33,66559966766.845184,0.012107095045305036,1047663.150846507,1698289936569.2324,2.7272489518618856e+33,5.313515292023553e-11,28.24720873856266,0.4,0.21571119740101974,0.21571119740101974,RAD
1.984912817429657e+33,66622789613.892235,0.011980490263057813,1044639.386504623,1675685971618.8372,2.727248951861888e+33,5.101551197837902e-11,28.30003306367638,0.4,0.2157132174384166,0.2157132174384166,RAD
1.984954979551377e+33,66686159447.42414,0.011853995364989213,1041594.9788305245,1653166994829.254,2.72724895186189e+33,4.8959451661250836e-11,28.353548747415868,0.4,0.21571591047602395,0.21571591047602395,RAD
1.9849971416730973e+33,66750086699.35001,0.011727610502213737,1038529.5505924526,1630733348931.6675,2.7272489518618925e+33,4.69657043189257e-11,28.407773135873082,0.4,0.21571931097963784,0.21571931097963784,RAD
1.9850393037948175e+33,66814582111.63489,0.011601335824878434,1035442.7133460431,1608385382535.7239,2.727248951861894e+33,4.5033014654647765e-11,28.46272422618059,0.4,0.21572345537541587,0.21572345537541587,RAD
1.9850814659165377e+33,66879656748.88629,0.01147517148208569,1032334.0669685113,1586123450291.943,2.727248951861896e+33,4.316013972987799e-11,28.51842069928349,0.4,0.2157283821804081,0.2157283821804081,RAD
1.985123628038258e+33,66945322011.59132,0.01134911762181283,1029203.1991678055,1563947913060.3975,2.7272489518618977e+33,4.134584896948589e-11,28.5748819547873,0.4,0.21573413214319365,0.21573413214319365,RAD
1.985165790159978e+33,67011589650.04521,0.011223174390828318,1026049.6849650692,1541859138085.9663,2.7272489518618994e+33,3.9588924167092295e-11,28.632128148045815,0.4,0.2157407483955589,0.2157407483955589,RAD
1.9852079522816983e+33,67078471779.015465,0.011097341934604599,1022873.086148621,1519857499180.4968,2.727248951861901e+33,3.7888159490561325e-11,28.69018022965784,0.4,0.21574827661617701,0.21574827661617701,RAD
1.9852501144034184e+33,67145980893.18876,0.010971620397227445,1019672.9506975187,1497943376912.2249,2.727248951861903e+33,3.624236148764967e-11,28.749059987567165,0.4,0.21575676520741946,0.21575676520741946,RAD
1.9852922765251386e+33,67214129883.45173,0.010846009921301709,1016448.8121726137,1476117158802.8247,2.7272489518619046e+33,3.4650349091814566e-11,28.808790091969655,0.4,0.2157662654864841,0.2157662654864841,RAD
1.9853344386468588e+33,67282932054.06042,0.010720510647853534,1013200.1890728361,1454379239532.4878,2.727248951861906e+33,3.3110953628184884e-11,28.869394143255427,0.4,0.215776831892188,0.215776831892188,RAD
1.985376600768579e+33,67352401140.75756,0.01059512271622886,1009926.5841542544,1432730021153.449,2.727248951861907e+33,3.1623018819698926e-11,28.930896723234024,0.4,0.21578852220890207,0.21578852220890207,RAD
1.9854187628902992e+33,67422551329.90153,0.010469846263988298,1006627.4837092547,1411169913312.4119,2.727248951861908e+33,3.018540079341323e-11,28.993323449916137,0.4,0.2158013978092776,0.2158013978092776,RAD
1.9854609250120194e+33,67493397278.67577,0.010344681426798284,1003302.3568029507,1389699333482.3496,2.727248951861909e+33,2.8796968086986915e-11,29.05670103614687,0.4,0.2158155239175535,0.2158155239175535,RAD
1.9854958584990706e+33,67552634651.73036,0.010241060566220745,1000527.2108833599,1371977976791.5728,2.7272489518619104e+33,2.768303960123152e-11,29.109952795457787,0.4,0.21582822482196734,0.21582822482196734,RAD
1.9855307919861218e+33,67612368936.40967,0.010137516495818916,997733.4992935763,1354318619202.6343,2.7272489518619115e+33,2.660147821985856e-11,29.163892915120268,0.4,0.21584187348527195,0.21584187348527195,RAD
1.985565725473173e+33,67672609268.18227,0.010034049289472841,994920.8907351197,1336721511100.875,2.7272489518619127e+33,2.5551659750370963e-11,29.21853848696189,0.4,0.21585651388558802,0.21585651388558802,RAD
1.9856006589602243e+33,67733365044.13285,0.009930659019967994,992089.0442792785,1319186907000.868,2.727248951861914e+33,2.4532965861032776e-11,29.273907237821444,0.4,0.2158721923683674,0.2158721923683674,RAD
1.9856355924472755e+33,67794645933.188065,0.009827345758946535,989237.6089753911,1301715065656.3977,2.7272489518619144e+33,2.3544784083735247e-11,29.330017561151156,0.4,0.21588895779737102,0.21588895779737102,RAD
1.9856705259343268e+33,67856461886.85079,0.009724109576857595,986366.2234385001,1284306250174.5256,2.727248951861915e+33,2.2586507816929456e-11,29.386888550597025,0.4,0.2159068617169241,0.2159068617169241,RAD
1.985705459421378e+33,67918823150.47374,0.009620950542906582,983474.5154150397,1266960728133.9355,2.7272489518619156e+33,2.1657536328623304e-11,29.444540035705828,0.4,0.21592595852641455,0.21592595852641455,RAD
1.9857403929084292e+33,67981740275.10531,0.009517868725003696,980562.1013251139,1249678771707.7678,2.727248951861916e+33,2.075727475944812e-11,29.502992619922036,0.4,0.21594630566810488,0.21594630566810488,RAD
1.9857753263954805e+33,68045224129.943115,0.009414864189711701,977628.5857798044,1232460657791.161,2.7272489518619167e+33,1.9885134125793657e-11,29.56226772105124,0.4,0.2159679638294251,0.2159679638294251,RAD
1.9858102598825317e+33,68109285915.43314,0.009311937002193111,974673.5610718292,1215306668133.7324,2.727248951861917e+33,1.9040531323013986e-11,29.622387614383808,0.4,0.21599099716104006,0.21599099716104006,RAD
1.985845193369583e+33,68173937177.05528,0.009209087226156935,971696.6066377328,1198217089477.2456,2.727248951861918e+33,1.822288912870542e-11,29.68337547869016,0.4,0.21601547351211384,0.21601547351211384,RAD
1.9858822057128524e+33,68243092160.55758,0.0091002014925041,968518.0874807904,1180181126860.7305,2.7272489518619184e+33,1.738536920918061e-11,29.748966521456612,0.4,0.21604306077048183,0.21604306077048183,RAD
1.985907852448863e+33,68291414939.47639,0.009024803017068704,966300.6108343493,1167726365441.561,2.727248951861919e+33,1.6822052629966562e-11,29.79501921081009,0.4,0.21606322152162102,0.21606322152162102,RAD
1.9859104171224642e+33,68296265622.14247,0.009017265468998186,966078.179148494,1166482821301.207,2.727248951861919e+33,1.6766476959677235e-11,29.799652109957538,0.4,0.21606528609955358,0.21606528609955358,RAD
1.9859129817960653e+33,68301119671.2889,0.00900972833387793,965855.6229153351,1165239628914.2422,2.727248951861919e+33,1.671103795072562e-11,29.80396478712963,0.4,0.21606500094344905,0.21606500094344905,RAD
1.9859142641328658e+33,68303547959.88169,0.009005959907123775,965744.2995320486,1164618164665.9678,2.727248951861919e+33,1.668336987533734e-11,29.805874476887546,0.4,0.21606305871003392,0.21606305871003392,RAD
1.985946322552882e+33,68364530999.043396,0.008911778495263,962951.474474577,1149110192548.1458,2.7272489518619196e+33,1.6002747309176906e-11,29.85387737041582,0.4,0.21601380465206474,0.21601380465206474,RAD
1.9859783809728984e+33,68426051420.87788,0.008817653220022228,960139.6975828673,1133657448455.264,2.72724895186192e+33,1.5343133698489463e-11,29.902387649595028,0.4,0.21596316937110197,0.21596316937110197,RAD
1.9860104393929147e+33,68488119682.14816,0.008723583887280796,957308.6383984578,1118260174469.412,2.727248951861921e+33,1.4704095003478052e-11,29.95141448814289,0.4,0.2159110939576836,0.2159110939576836,RAD
1.986042497812931e+33,68550746558.242256,0.008629570292551328,954457.9573757577,1102918616926.8347,2.7272489518619213e+33,1.4085201596913441e-11,30.00096725875622,0.4,0.2158575163026955,0.2158575163026955,RAD
1.9860745562329473e+33,68613943156.48547,0.008535612220478158,951587.305543987,1087633026539.5397,2.727248951861922e+33,1.3486028266587605e-11,30.051055535725947,0.4,0.21580237088759727,0.21580237088759727,RAD
1.9861066146529636e+33,68677720930.16346,0.008441709444306906,948696.3241534323,1072403658521.78,2.7272489518619225e+33,1.2906154217815685e-11,30.101689097272764,0.4,0.21574558855857004,0.21574558855857004,RAD
1.98613867307298e+33,68742091693.30228,0.008347861725323296,945784.6443051625,1057230772721.661,2.727248951861923e+33,1.234516307598817e-11,30.15287792754197,0.4,0.21568709628311308,0.21568709628311308,RAD
1.9861707314929962e+33,68807067636.25552,0.00825406881225912,942851.8865632911,1042114633758.142,2.7272489518619236e+33,1.1802642889174288e-11,30.204632218206346,0.4,0.21562681688759616,0.21562681688759616,RAD
1.9862027899130125e+33,68872661342.15242,0.008160330440662996,939897.6605488174,1027055511163.7184,2.727248951861924e+33,1.1278186130777215e-11,30.256962369598796,0.4,0.21556466877398636,0.21556466877398636,RAD
1.9862348483330288e+33,68938885804.26505,0.008066646332233455,936921.5645140193,1012053679533.0896,2.727248951861925e+33,1.077138970224314e-11,30.309878991303343,0.4,0.21550056561391098,0.21550056561391098,RAD
1.986266906753045e+33,69005754444.35759,0.007973016194111697,933923.1848963045,997109418678.1367,2.7272489518619254e+33,1.0281854935824653e-11,30.363392902111944,0.4,0.2154344160179464,0.2154344160179464,RAD
1.9862989651730614e+33,69073281132.08557,0.007879439718131086,930902.0958503593,982223013789.5582,2.727248951861926e+33,9.809187597399296e-12,30.41751512924576,0.4,0.2153661231778369,0.2153661231778369,RAD
1.9863310235930777e+33,69141480205.51848,0.007785916580020209,927857.8587573624,967394755605.5331,2.7272489518619265e+33,9.352997889345625e-12,30.47225690672909,0.4,0.21529558447912492,0.21529558447912492,RAD
1.986363082013094e+33,69210366492.86572,0.007692446438556137,924790.0217099522,952624940587.807,2.727248951861927e+33,8.912900453477048e-12,30.52762967277848,0.4,0.2152226910813383,0.2152226910813383,RAD
1.9863951404331103e+33,69279955335.492,0.007599028934664075,921698.118971555,937913871105.6261,2.727248951861927e+33,8.488514374035267e-12,30.58364506606638,0.4,0.21514732746268364,0.21514732746268364,RAD
1.9864271988531266e+33,69350262612.31609,0.007505663690459464,918581.6704085929,923261855627.9696,2.727248951861927e+33,8.079463180744188e-12,30.64031492068257,0.4,0.21506937092574685,0.21506937092574685,RAD
1.986459257273143e+33,69421304765.69463,0.007412350308228052,915440.1808939965,908669208924.5686,2.727248951861927e+33,7.685374851926604e-12,30.69765125960491,0.4,0.21498869106040855,0.21498869106040855,RAD
1.9864857832311338e+33,69480654569.64766,0.007335179336831999,912821.5368641008,896639992466.9402,2.727248951861927e+33,7.370346393381133e-12,30.74560538722106,0.4,0.2149197769923404,0.2149197769923404,RAD
1.9865123091891246e+33,69540529113.51022,0.007258043337131933,910185.1018613857,884651827152.8762,2.727248951861927e+33,7.065104360907071e-12,30.79403116592402,0.4,0.21484882047218987,0.21484882047218987,RAD
1.9865388351471155e+33,69600938668.53691,0.007180942049787117,907530.5702632617,872704901700.3395,2.727248951861927e+33,6.769444927637382e-12,30.8429356728193,0.4,0.2147757338793899,0.2147757338793899,RAD
1.9865653611051063e+33,69661893821.17351,0.007103875204131729,904857.6282709098,860799408163.8138,2.727248951861927e+33,6.483166357459085e-12,30.892326054673248,0.4,0.21470042485479413,0.21470042485479413,RAD
1.9865918870630972e+33,69723405486.33089,0.0070268425176432964,902165.9536182659,848935542030.6173,2.727248951861927e+33,6.2060690063391215e-12,30.942209521466516,0.4,0.21462279599274448,0.21462279599274448,RAD
1.986618413021088e+33,69785484921.37378,0.006949843695380924,899455.2152684152,837113502321.1144,2.727248951861927e+33,5.937955323673097e-12,30.99259333894285,0.4,0.2145427445097928,0.2145427445097928,RAD
1.986644938979079e+33,69848143740.87134,0.006872878429391226,896725.073096781,825333491693.0328,2.727248951861927e+33,5.678629853656748e-12,31.043484820032294,0.4,0.21446016188803446,0.21446016188803446,RAD
1.9866714649370697e+33,69911393932.1605,0.006795946398079803,893975.1775604653,813595716550.1018,2.727248951861927e+33,5.4278992366813815e-12,31.094891315016213,0.4,0.21437493349082912,0.21437493349082912,RAD
1.9866979908950606e+33,69975247871.77678,0.006719047265545842,891205.1693530603,801900387155.2443,2.727248951861927e+33,5.1855722107528255e-12,31.146820200289987,0.4,0.21428693814849276,0.21428693814849276,RAD
1.9867245168530514e+33,70039718342.81169,0.0066421806808772636,888414.679044226,790247717748.5693,2.727248951861927e+33,4.951459612935232e-12,31.199278865552994,0.4,0.21419604771123893,0.21419604771123893,RAD
1.9867510428110423e+33,70104818553.261,0.006565346277403664,885603.326703286,778637926670.4296,2.727248951861927e+33,4.725374380819819e-12,31.25227469924333,0.4,0.21410212656643415,0.21410212656643415,RAD
1.986777568769033e+33,70170562155.43275,0.006488543671903999,882770.7215060662,767071236489.8241,2.727248951861927e+33,4.507131554018979e-12,31.305815072011054,0.4,0.21400503111691846,0.21400503111691846,RAD
1.986805684496952e+33,70240964058.3705,0.006407172353006153,879744.7012824102,754858630156.3658,2.727248951861927e+33,4.284166801660309e-12,31.363166895348712,0.4,0.21389848154546814,0.21389848154546814,RAD
1.9868291088019275e+33,70300195237.58794,0.006339405322977102,877204.6730183563,744721203361.8524,2.727248951861927e+33,4.104822145223878e-12,31.41142863074279,0.4,0.21380671869395973,0.21380671869395973,RAD
1.986852533106903e+33,70359961635.28758,0.006271662128920675,874647.1222925086,734617918150.2318,2.727248951861927e+33,3.931178118255978e-12,31.460131693551283,0.4,0.21371211056449266,0.21371211056449266,RAD
1.9868759574118786e+33,70420273983.04846,0.006203942456854181,872071.7480382151,724548940012.5085,2.727248951861927e+33,3.76311298421075e-12,31.50928097378278,0.4,0.2136145329359834,0.2136145329359834,RAD
1.986899381716854e+33,70481143350.20816,0.006136245979950967,869478.2412512259,714514437439.8083,2.727248951861927e+33,3.600506289416763e-12,31.558881280337374,0.4,0.21351385479213858,0.21351385479213858,RAD
1.9869228060218296e+33,70542581158.46638,0.006068572357935786,866866.2847175398,704514582012.4095,2.727248951861927e+33,3.443238863964091e-12,31.60893732309047,0.4,0.21340993787628681,0.21340993787628681,RAD
1.9869462303268052e+33,70604599197.2965,0.006000921236445458,864235.5527303811,694549548492.4824,2.727248951861927e+33,3.29119282260548e-12,31.65945369299534,0.4,0.2133026362123023,0.2133026362123023,RAD
1.9869696546317807e+33,70667209640.21986,0.005933292246352436,861585.7107958678,684619514920.7384,2.727248951861927e+33,3.144251565671562e-12,31.71043483998489,0.4,0.2131917955886196,0.2131917955886196,RAD
1.9869930789367562e+33,70730425062.00214,0.0058656850030487755,858916.4153269158,674724662717.2007,2.727248951861927e+33,3.002299780000395e-12,31.761885048441926,0.4,0.2130772530021371,0.2130772530021371,RAD
1.9870165032417318e+33,70794258456.83545,0.0057980991056877165,856227.3133249178,664865176786.3256,2.727248951861927e+33,2.8652234398821793e-12,31.81380840997267,0.4,0.21295883605843852,0.21295883605843852,RAD
1.9870399275467073e+33,70858723257.57574,0.00573053413637991,853518.0420487247,655041245626.7169,2.727248951861927e+33,2.7329098080183805e-12,31.866208793193625,0.4,0.21283636232443787,0.21283636232443787,RAD
1.9870633518516828e+33,70923833356.1103,0.005662989659341094,850788.2286704497,645253061445.6942,2.727248951861927e+33,2.605247436496732e-12,31.919089810203282,0.4,0.21270963862913442,0.21270963862913442,RAD
1.9870867761566584e+33,70989603124.93689,0.00559546521998773,848037.4899176117,635500820278.9927,2.727248951861927e+33,2.4821261677814156e-12,31.972454779376914,0.4,0.21257846030775576,0.21257846030775576,RAD
1.987110200461634e+33,71056047440.04263,0.00552796034397683,845265.4317011331,625784722115.8928,2.727248951861927e+33,2.363437135719489e-12,32.02630668407768,0.4,0.21244261038406775,0.21244261038406775,RAD
1.9871336247666094e+33,71123181705.17905,0.0054604745361859315,842471.6487287066,616104971030.1001,2.727248951861927e+33,2.249072766563228e-12,32.08064812683048,0.4,0.2123018586850985,0.2123018586850985,RAD
1.987157049071585e+33,71191021877.63715,0.00539300727962879,839655.7241030551,606461775316.7155,2.727248951861927e+33,2.1389267800093733e-12,32.135481278450165,0.4,0.21215596088191788,0.21215596088191788,RAD
1.9871804733765605e+33,71259584495.6368,0.005325558034301995,836817.2289046175,596855347635.6663,2.727248951861927e+33,2.0328941902549673e-12,32.19080782155667,0.4,0.2120046574494589,0.2120046574494589,RAD
1.987203897681536e+33,71328886707.45403,0.00525812623595734,833955.7217582138,587285905161.9922,2.727248951861927e+33,1.9308713070705825e-12,32.24662888783853,0.4,0.2118476725376041,0.2118476725376041,RAD
1.9872273219865116e+33,71398946302.42169,0.005190711294794301,831070.748383267,577753669743.4105,2.727248951861927e+33,1.8327557368911207e-12,32.30294498835209,0.4,0.21168471274495249,0.21168471274495249,RAD
1.9872468338215918e+33,71457895600.67067,0.005134568832320618,828649.3897417757,569842133761.8478,2.727248951861927e+33,1.7539379870883536e-12,32.35023263328369,0.4,0.21154418567841635,0.21154418567841635,RAD
1.987266345656672e+33,71517394249.13866,0.005078437267260907,826211.1473291664,561956704586.7089,2.727248951861927e+33,1.6777034002761375e-12,32.397863120222894,0.4,0.21139910545921334,0.21139910545921334,RAD
1.9872858574917522e+33,71577453649.29709,0.005022316213854605,823755.7366754792,554097518363.9739,2.727248951861927e+33,1.6039948613501114e-12,32.445835514425816,0.4,0.21124927048237618,0.21124927048237618,RAD
1.9873053693268323e+33,71638085574.81978,0.0049662052713554715,821282.866234013,546264713800.7183,2.727248951861927e+33,1.5327558814479816e-12,32.49414842417379,0.4,0.21109446805249452,0.21109446805249452,RAD
1.9873248811619125e+33,71699302188.301,0.004910104023325802,818792.2371691054,538458432244.2389,2.727248951861927e+33,1.4639305984211282e-12,32.542799955274624,0.4,0.21093447365775417,0.21093447365775417,RAD
1.9873443929969927e+33,71761116058.93568,0.004854012036890241,816283.5431379753,530678817764.61444,2.727248951861927e+33,1.3974637773127232e-12,32.59178766128617,0.4,0.21076905018905953,0.21076905018905953,RAD
1.987363904832073e+33,71823540181.22957,0.004797928861946525,813756.470066644,522926017240.89514,2.727248951861927e+33,1.3333008108426506e-12,32.64110848903517,0.4,0.21059794709953478,0.21059794709953478,RAD
1.987383416667153e+33,71886587994.81279,0.0047418540303302455,811210.6959199928,515200180451.12665,2.727248951861927e+33,1.271387719899027e-12,32.690758718959245,0.4,0.2104208994992542,0.2104208994992542,RAD
1.9874029285022333e+33,71950273405.43678,0.004685787054930524,808645.8904660501,507501460166.43066,2.727248951861927e+33,1.2116711540368578e-12,32.74073389975382,0.4,0.21023762717959715,0.21023762717959715,RAD
1.9874224403373135e+33,72014610807.241,0.004629727428753212,806061.7150346604,499830012249.3781,2.727248951861927e+33,1.1540983919835043e-12,32.79102877673941,0.4,0.21004783356101772,0.21004783356101772,RAD
1.9874419521723937e+33,72079615106.38371,0.0045736746239280575,803457.8222707373,492185995756.91,2.727248951861927e+33,1.0986173421514544e-12,32.841637213307465,0.4,0.20985120455746384,0.20985120455746384,RAD
1.987461464007474e+33,72145301746.13942,0.00451762809065589,800833.8558823785,484569573048.0774,2.727248951861927e+33,1.0451765431582664e-12,32.892552104732445,0.4,0.20964740735002702,0.20964740735002702,RAD
1.987481968541349e+33,72215083155.472,0.004458736221986522,798054.3584205557,476595568527.13574,2.727248951861927e+33,9.911597475465622e-13,32.946378652515385,0.4,0.20942513007099922,0.20942513007099922,RAD
1.987502473075224e+33,72285655067.3761,0.004399849952730235,795251.8536865306,468652416677.8113,2.727248951861927e+33,9.392817190628663e-13,33.0005237300091,0.4,0.20919411159475731,0.20919411159475731,RAD
1.9875082390444568e+33,72305645341.08434,0.0043832917731636166,794459.570957527,466424351083.1181,2.727248951861927e+33,9.250707660699258e-13,33.01580529200877,0.4,0.20912751075379385,0.20912751075379385,RAD
1.98750881564138e+33,72307647910.94528,0.0043816359757818685,794380.2402916886,466201679754.8113,2.727248951861927e+33,9.236586736403543e-13,33.01733476855396,0.4,0.20912081023635642,0.20912081023635642,RAD
1.9875093922383034e+33,72309651126.72943,0.004379980183118362,794300.8907806866,465979033032.17065,2.727248951861927e+33,9.222482107575913e-13,33.01924171354745,0.4,0.20911649158134055,0.20911649158134055,RAD
1.987509680536765e+33,72310652976.98589,0.0043791522919884585,794261.2083368491,465867718899.3985,2.727248951861927e+33,9.215435825088707e-13,33.02055427479026,0.4,0.20911660357660652,0.20911660357660652,RAD
1.987511122029073e+33,72315664654.18321,0.004375012904924994,794062.7161796412,465311240543.92194,2.727248951861927e+33,9.180264310477657e-13,33.02712217537497,0.4,0.2091171686711529,0.2091171686711529,RAD
1.987511842775227e+33,72318172010.48915,0.004372943254245586,793963.4200910245,465033059074.00146,2.727248951861927e+33,9.162715949999265e-13,33.03040931402905,0.4,0.20911745442587404,0.20911745442587404,RAD
1.9875154196649967e+33,72330630422.1415,0.004362672498206982,793470.1430679043,463653080937.2881,2.727248951861927e+33,9.075995630424357e-13,33.04675414365629,0.4,0.2091189043947957,0.2091189043947957,RAD
1.9875189965547664e+33,72343113891.9716,0.004352402444541656,792976.0404453545,462274051709.71185,2.727248951861927e+33,8.989885761945375e-13,33.063151726377825,0.4,0.2091204078174065,0.2091204078174065,RAD
1.987522573444536e+33,72355622529.90753,0.00434213309227051,792481.1086746029,460895972488.31793,2.727248951861927e+33,8.904383529764425e-13,33.079602382394896,0.4,0.20912196532479582,0.20912196532479582,RAD
1.987526046150508e+33,72367791013.72136,0.004332163524759909,791999.7960845995,459558942422.6683,2.727248951861927e+33,8.821950399723064e-13,33.095624964490206,0.4,0.20912352981721566,0.20912352981721566,RAD
1.9875434096803674e+33,72428994439.64262,0.0042823255582010505,789581.3433312834,452887275273.20917,2.727248951861927e+33,8.418246780515902e-13,33.17650337363376,0.4,0.20913214702870184,0.20913214702870184,RAD
1.9875607732102268e+33,72490809141.55847,0.004232503957703889,787142.7641032448,446238174268.98456,2.727248951861927e+33,8.028413440254533e-13,33.25868593672902,0.4,0.20914214600330186,0.20914214600330186,RAD
1.9875752216548784e+33,72542721664.28242,0.0041910590714979625,785097.9329741673,440722656185.39716,2.727248951861927e+33,7.714373411789239e-13,33.32809409232172,0.4,0.2091515784777048,0.2091515784777048,RAD
1.98758967009953e+33,72595074731.61365,0.004149625363116555,783038.6067779216,435222929997.9348,2.727248951861927e+33,7.409539323493219e-13,33.39845696483283,0.4,0.2091620746309599,0.2091620746309599,RAD
1.9876041185441816e+33,72647876561.38622,0.004108202759226498,780964.5193769763,429739073474.94183,2.727248951861927e+33,7.113733042233069e-13,33.46979950330584,0.4,0.2091736874432976,0.2091736874432976,RAD
1.9876185669888332e+33,72701135610.16968,0.004066791184399419,778875.396677003,424271165684.0044,2.727248951861927e+33,6.826778075989036e-13,33.542147630028076,0.4,0.2091864728797868,0.2091864728797868,RAD
1.9876330154334848e+33,72754860582.73077,0.004025390561055872,776770.9562934884,418819287027.29333,2.727248951861927e+33,6.548499575668912e-13,33.61552829131381,0.4,0.20920049008803787,0.20920049008803787,RAD
1.9876474638781365e+33,72809060441.97203,0.0039840008094083465,774650.9072002314,413383519278.24524,2.727248951861927e+33,6.278724336945568e-13,33.68996951161149,0.4,0.20921580161116762,0.20921580161116762,RAD
1.987661912322788e+33,72863744419.3764,0.0039426218474032364,772514.9493585088,407963945619.6472,2.727248951861927e+33,6.017280802118092e-13,33.765500451201405,0.4,0.20923247361740838,0.20923247361740838,RAD
1.9876763607674397e+33,72918922025.98932,0.0039012535906618163,770362.7733255936,402560650683.19434,2.727248951861927e+33,5.763999061996921e-13,33.84215146777085,0.4,0.20925057614785958,0.20925057614785958,RAD
1.9876908092120913e+33,72974603063.9719,0.0038598959524203127,768194.0598412061,397173720590.5927,2.727248951861927e+33,5.518710857813884e-13,33.919954182176696,0.4,0.20927018338400866,0.20927018338400866,RAD
1.987705257656743e+33,73030797638.76126,0.003818548843469156,766008.4793903586,391803242996.28625,2.727248951861927e+33,5.281249583156857e-13,33.998941548746345,0.4,0.2092913739368875,0.2092913739368875,RAD
1.9877197061013945e+33,73087516171.87706,0.00377721217209154,763805.691740926,386449307131.88904,2.727248951861927e+33,5.05145028593055e-13,34.079147930484964,0.4,0.20931423115982478,0.20931423115982478,RAD
1.987734154546046e+33,73144769414.41583,0.0037358858440014347,761585.3454541353,381112003852.4116,2.727248951861927e+33,4.829149670343284e-13,34.160609179610084,0.4,0.20933884348706874,0.20933884348706874,RAD
1.9877486029906977e+33,73202568461.27817,0.0036945697622811978,759347.0773660111,375791425684.3733,2.727248951861927e+33,4.61418609892011e-13,34.24336272386308,0.4,0.20936530480071588,0.20936530480071588,RAD
1.9877630514353493e+33,73260924766.17726,0.0036532638273190066,757090.5120376426,370487666875.9002,2.727248951861927e+33,4.4063995945437577e-13,34.32744765909946,0.4,0.2093937148286992,0.2093937148286992,RAD
1.987777499880001e+33,73319850157.48102,0.003611967936746334,754815.2611719543,365200823448.9143,2.727248951861927e+33,4.205631842522895e-13,34.41290484870672,0.4,0.20942417957685747,0.20942417957685747,RAD
1.9877919483246526e+33,73379356854.94403,0.0035706819853757368,752520.9229944488,359930993253.5252,2.727248951861927e+33,4.0117261926889235e-13,34.499777030457516,0.4,0.2094568117984717,0.2094568117984717,RAD
1.987803872179819e+33,73428912661.02466,0.0035366173740619938,750612.8060263993,355594849661.98413,2.727248951861927e+33,3.8567601898381827e-13,34.57256734810306,0.4,0.20948545952378772,0.20948545952378772,RAD
1.9878157960349856e+33,73478880286.9158,0.003502559396236148,748691.1649392074,351270418200.3818,2.727248951861927e+33,3.7062759132358314e-13,34.646378014868276,0.4,0.20951573647922148,0.20951573647922148,RAD
1.987827719890152e+33,73529267255.32587,0.0034685079882640696,746755.7512234844,346957756846.0448,2.727248951861927e+33,3.560187882872623e-13,34.72123627908658,0.4,0.20954771795457688,0.20954771795457688,RAD
1.9878396437453186e+33,73580081302.79314,0.003434463085102589,744806.3089073545,342656924525.9484,2.727248951861927e+33,3.4184113945029416e-13,34.797170473801465,0.4,0.20958148334069032,0.20958148334069032,RAD
1.987851567600485e+33,73631330387.96915,0.0034004246202781257,742842.5742416203,338367981142.0111,2.727248951861927e+33,3.280862520500132e-13,34.87421007432599,0.4,0.20961711639539019,0.20961711639539019,RAD
1.9878634914556517e+33,73683022700.30954,0.0033663925258662344,740864.2753676788,334090987597.32605,2.727248951861927e+33,3.147458110721898e-13,34.952385759625955,0.4,0.20965470552972834,0.20965470552972834,RAD
1.9878754153108182e+33,73735166669.19695,0.0033323667324722307,738871.131967021,329826005823.37286,2.727248951861927e+33,3.0181157933859064e-13,35.03172947782578,0.4,0.20969434411622703,0.20969434411622703,RAD
1.9878873391659847e+33,73787770973.52168,0.0032983471692131297,736862.8548910489,325573098808.2574,2.727248951861927e+33,2.8927539759560495e-13,35.11227451617501,0.4,0.20973613082113737,0.20973613082113737,RAD
1.9878992630211512e+33,73840844551.7485,0.0032643337637011326,734839.1457698451,321332330626.029,2.727248951861927e+33,2.771291846039115e-13,35.19405557583553,0.4,0.20978016996284046,0.20978016996284046,RAD
1.9879111868763177e+33,73894396612.49915,0.0032303264420289377,732799.6965984133,317103766467.1282,2.727248951861927e+33,2.6536493722924927e-13,35.2771088518922,0.4,0.2098265718987989,0.2098265718987989,RAD
1.9879231107314842e+33,73948436645.68289,0.0031963251287571736,730744.1892987834,312887472670.0205,2.727248951861927e+33,2.5397473053429635e-13,35.36147211902289,0.4,0.2098754534436741,0.2098754534436741,RAD
1.987935732109941e+33,74006180416.4231,0.003160341262441387,728550.5788251603,308437976608.8725,2.727248951861927e+33,2.4231700566829777e-13,35.452241501767425,0.4,0.20993003343724884,0.20993003343724884,RAD
1.987946190125959e+33,74054457682.69614,0.0031305301647878243,726718.766408398,304761675413.8574,2.727248951861927e+33,2.3296171648948177e-13,35.52863291491059,0.4,0.20997757893991326,0.20997757893991326,RAD
1.9879566481419768e+33,74103133082.50743,0.0031007235118687827,724873.8349951718,301094968276.0169,2.727248951861927e+33,2.23876607720751e-13,35.606125020017,0.4,0.21002732766736643,0.21002732766736643,RAD
1.9879671061579948e+33,74152213831.96016,0.0030709212487368405,723015.5405378573,297437903170.1384,2.727248951861927e+33,2.1505653755236657e-13,35.684748056476565,0.4,0.2100793784162661,0.2100793784162661,RAD
1.9879775641740128e+33,74201707350.5185,0.003041123319527127,721143.6315466809,293790528851.3929,2.727248951861927e+33,2.0649641071798432e-13,35.76453349894758,0.4,0.21013383531238897,0.21013383531238897,RAD
1.9879880221900307e+33,74251621268.81064,0.0030113296674614586,719257.8487702849,290152894875.9504,2.727248951861927e+33,1.981911785458556e-13,35.845514124385886,0.4,0.2101908081553957,0.2101908081553957,RAD
1.9879984802060487e+33,74301963436.81152,0.002981540234854967,717357.9248584744,286525051622.3517,2.727248951861927e+33,1.901358390106202e-13,35.92772408360879,0.4,0.21025041278988493,0.21025041278988493,RAD
1.9880089382220666e+33,74352741932.42781,0.002951754963125558,715443.5840059154,282907050313.6705,2.727248951861927e+33,1.8232543678567e-13,36.011198977763016,0.4,0.21031277150506947,0.21031277150506947,RAD
1.9880193962380846e+33,74403965070.50912,0.0029219737928065153,713514.5415754534,279298943040.5043,2.727248951861927e+33,1.747550632961111e-13,36.09597594009652,0.4,0.21037801346561977,0.21037801346561977,RAD
1.9880298542541026e+33,74455641412.31116,0.0028921966635626728,711570.5036996092,275700782784.8337,2.727248951861927e+33,1.674198567723375e-13,36.18209372347666,0.4,0.21044627517650372,0.21044627517650372,RAD
1.9880403122701205e+33,74507779775.43825,0.002862423514210552,709611.16685869,272112623444.79147,2.727248951861927e+33,1.6031500230421702e-13,36.26959279413761,0.4,0.21051770098493025,0.21051770098493025,RAD
1.9880507702861385e+33,74560389244.29483,0.00283265428274297,707636.217433815,268534519860.3868,2.727248951861927e+33,1.5343573189589435e-13,36.35851543219028,0.4,0.21059244362284682,0.21059244362284682,RAD
1.9880612283021565e+33,74613479181.0774,0.002802888906358646,705645.3312330114,264966527840.23065,2.727248951861927e+33,1.4677732452125817e-13,36.448905839474456,0.4,0.2106706647937692,0.2106706647937692,RAD
1.9880716863181744e+33,74667059237.34082,0.0027731273214974153,703638.1729883706,261408704189.3132,2.727248951861927e+33,1.4033510618003328e-13,36.54081025540197,0.4,0.2107525358081899,0.2107525358081899,RAD
1.9880821443341924e+33,74721139366.17557,0.0027433694638817102,701614.3958220787,257861106737.88583,2.727248951861927e+33,1.3410444995455368e-13,36.634277081495604,0.4,0.21083823827221065,0.21083823827221065,RAD
1.9880926023502103e+33,74775729835.03487,0.0027136152685650807,699573.6406789342,254323794371.50394,2.727248951861927e+33,1.2808077606720765e-13,36.72935701540467,0.4,0.21092796483457868,0.21092796483457868,RAD
1.9881030603662283e+33,74830841239.25392,0.0026838646699885766,697515.5357227498,250796827062.29022,2.727248951861927e+33,1.2225955193856372e-13,36.826103195266114,0.4,0.21102191999791622,0.21102191999791622,RAD
1.988111701763615e+33,74876780294.02194,0.002659284591489244,695801.5713025073,247890363657.70648,2.727248951861927e+33,1.1759907275690963e-13,36.90734076050897,0.4,0.21110289920341416,0.21110289920341416,RAD
1.9881203431610018e+33,74923088838.72481,0.002634706886039524,694075.2737180281,244991040212.92404,2.727248951861927e+33,1.1307124924136766e-13,36.98978683777114,0.4,0.21118704317916331,0.21118704317916331,RAD
1.9881289845583885e+33,74969773399.7485,0.0026101315159101587,692336.4115292989,242098892336.75064,2.727248951861927e+33,1.086735973958685e-13,37.073475643893275,0.4,0.21127448827379433,0.21127448827379433,RAD
1.9881376259557752e+33,75016840682.419,0.002585558443220901,690584.7461461136,239213956203.03503,2.727248951861927e+33,1.0440365532822896e-13,37.15844282743221,0.4,0.2113653780464649,0.2113653780464649,RAD
1.988146267353162e+33,75064297577.6683,0.002560987629981407,688820.0315165564,236336268565.18872,2.727248951861927e+33,1.0025898327382191e-13,37.24472554774257,0.4,0.2114598637279638,0.2114598637279638,RAD
1.9881549087505487e+33,75112151169.01468,0.0025364190381368073,687042.0137978416,233465866771.2237,2.727248951861927e+33,9.623716361949183e-14,37.33236255948241,0.4,0.21155810471676262,0.21155810471676262,RAD
1.9881635501479354e+33,75160408739.87503,0.0025118526296184283,685250.4310082762,230602788779.32974,2.727248951861927e+33,9.233580092772023e-14,37.4213943029804,0.4,0.21166026911305927,0.21166026911305927,RAD
1.988172191545322e+33,75209077781.22853,0.0024872883664001757,683445.0126590056,227747073174.0158,2.727248951861927e+33,8.855252196103532e-14,37.51186300095225,0.4,0.21176653429420916,0.21176653429420916,RAD
1.9881808329427088e+33,75258165999.6519,0.002462726210561159,681625.4793640921,224898759182.84167,2.727248951861927e+33,8.488497570668708e-14,37.603812762100084,0.4,0.21187708753528536,0.21187708753528536,RAD
1.9881894743400956e+33,75307681325.74811,0.0024381661243551922,679791.5424273489,222057886693.7673,2.727248951861927e+33,8.133083340157655e-14,37.69728969217842,0.4,0.21199212667888045,0.21199212667888045,RAD
1.9881981157374823e+33,75357631922.9918,0.002413608070287865,677942.9034042169,219224496273.14905,2.727248951861927e+33,7.788778855745425e-14,37.79234201316965,0.4,0.21211186085870223,0.21211186085870223,RAD
1.988206757134869e+33,75408026197.01639,0.002389052011201971,676079.2536368202,216398629184.41333,2.727248951861927e+33,7.455355698638674e-14,37.889020191276025,0.4,0.21223651128199916,0.21223651128199916,RAD
1.9882153985322557e+33,75458872805.36942,0.0023644979103721567,674200.27376017,213580327407.44037,2.727248951861927e+33,7.132587682649993e-14,37.98737707450641,0.4,0.21236631207638684,0.21236631207638684,RAD
1.9882240399296425e+33,75510180667.7647,0.0023399457316097515,672305.6331773016,210769633658.69232,2.727248951861927e+33,6.820250856799693e-14,38.08746804071759,0.4,0.21250151120726016,0.21250151120726016,RAD
1.9882326813270292e+33,75561958976.86188,0.0023153954393788476,670394.9895009293,207966591412.12222,2.727248951861927e+33,6.518123507946641e-14,38.1893511570584,0.4,0.21264237147265613,0.21264237147265613,RAD
1.988241322724416e+33,75614217209.6061,0.0022908469989248214,668467.9879589742,205171244920.90234,2.727248951861927e+33,6.225986163447628e-14,38.293087351862894,0.4,0.21278917158318103,0.21278917158318103,RAD
1.9882484956362562e+33,75657966393.08151,0.0022704716074197656,666855.7660982399,202856806220.1478,2.727248951861927e+33,5.990925547860302e-14,38.38064823951757,0.4,0.21291574796465415,0.21291574796465415,RAD
1.9882556685480966e+33,75702058725.5821,0.002250097449680669,665231.8029228126,200547727168.38617,2.727248951861927e+33,5.762475330697944e-14,38.46956820902023,0.4,0.21304679913410582,0.21304679913410582,RAD
1.988262841459937e+33,75746500109.34969,0.002229724507498018,663595.8741692406,198244034365.6085,2.727248951861927e+33,5.540513516794374e-14,38.55988716461205,0.4,0.21318251307028155,0.21318251307028155,RAD
1.9882700143717772e+33,75791296603.8194,0.0022093527633173338,661947.7484931919,195945754823.0953,2.727248951861927e+33,5.32491917935504e-14,38.651646726975315,0.4,0.21332308759372978,0.21332308759372978,RAD
1.9882771872836175e+33,75836454431.28964,0.0021889822003198583,660287.1871538713,193652915973.67545,2.727248951861927e+33,5.11557246105986e-14,38.74489033002257,0.4,0.21346873099441413,0.21346873099441413,RAD
1.9882843601954578e+33,75881979982.84962,0.002168612802510405,658613.9436801677,191365545682.3368,2.727248951861927e+33,4.9123545751765954e-14,38.839663324423356,0.4,0.21361966270692723,0.21361966270692723,RAD
1.988291533107298e+33,75927879824.57872,0.0021482445548130368,656927.7635172268,189083672257.20456,2.727248951861927e+33,4.7151478066847636e-14,38.93601308842959,0.4,0.21377611403753335,0.21377611403753335,RAD
1.9882987060191384e+33,75974160704.03249,0.0021278774431753023,655228.3836520319,186807324460.90295,2.727248951861927e+33,4.523835513410332e-14,39.03398914661347,0.4,0.2139383289476907,0.2139383289476907,RAD
1.9883058789309787e+33,76020829557.03139,0.002107511454681821,653515.5322164544,184536531522.3174,2.727248951861927e+33,4.338302127171666e-14,39.133643297191156,0.4,0.21410656489917787,0.21410656489917787,RAD
1.988313051842819e+33,76067893514.7691,0.002087146577678113,651788.9280660998,182271323148.77496,2.727248951861927e+33,4.158433154936229e-14,39.235029748667515,0.4,0.21428109376646196,0.21428109376646196,RAD
1.9883206405128222e+33,76118123667.52238,0.0020656025050646326,649946.9515912983,179880931189.2121,2.727248951861927e+33,3.974179147266419e-14,39.344241644118576,0.4,0.2144729083706585,0.2144729083706585,RAD
1.9883269504430394e+33,76160239119.94843,0.0020476896786013267,648403.1350044281,177898147067.1974,2.727248951861927e+33,3.825608439531517e-14,39.436625995330814,0.4,0.21463826744427023,0.21463826744427023,RAD
1.9883332603732566e+33,76202677463.79417,0.0020297776924285776,646847.9919681079,175919754336.31906,2.727248951861927e+33,3.6811656791288105e-14,39.53048598898028,0.4,0.2148091861486597,0.2148091861486597,RAD
1.9883395703034738e+33,76245444119.3466,0.0020118665428860436,645281.3035608017,173945774566.54135,2.727248951861927e+33,3.5407757705436874e-14,39.62586590183103,0.4,0.2149858944458222,0.2149858944458222,RAD
1.988345880233691e+33,76288544647.43694,0.0019939562275318808,643702.8438507844,171976229653.35672,2.727248951861927e+33,3.40436426554625e-14,39.72281194323701,0.4,0.21516863425484453,0.21516863425484453,RAD
1.988352190163908e+33,76331984754.35977,0.001976046745250882,642112.3795793394,170011141825.6809,2.727248951861927e+33,3.2718573638364625e-14,39.821372365197696,0.4,0.21535766021252556,0.21535766021252556,RAD
1.9883585000941253e+33,76375770297.00815,0.0019581380963715027,640509.6698253816,168050533654.01,2.727248951861927e+33,3.1431819136952475e-14,39.92159758013032,0.4,0.21555324049171948,0.21555324049171948,RAD
1.9883648100243424e+33,76419907288.23581,0.0019402302827925535,638894.4656501627,166094428058.85074,2.727248951861927e+33,3.0182654126412264e-14,40.02354028700194,0.4,0.2157556576825229,0.2157556576825229,RAD
1.9883711199545596e+33,76464401902.45874,0.0019223233081204394,637266.5097206024,164142848319.4351,2.727248951861927e+33,2.8970360080935046e-14,40.12725560653221,0.4,0.21596520974197717,0.21596520974197717,RAD
1.9883774298847768e+33,76509260481.50859,0.0019044171778178974,635625.5359096597,162195818082.73166,2.727248951861927e+33,2.7794224980405904e-14,40.232801226238585,0.4,0.21618221101849996,0.21618221101849996,RAD
1.988383739814994e+33,76554489540.75162,0.0018865118993652977,633971.2688720182,160253361372.76624,2.727248951861927e+33,2.6653543317153558e-14,40.340237556173996,0.4,0.21640699335791463,0.21640699335791463,RAD
1.988390049745211e+33,76600095775.48734,0.001868607482435676,632303.4235932077,158315502600.265,2.727248951861927e+33,2.5547616102762833e-14,40.44962789630214,0.4,0.21663990729873125,0.21663990729873125,RAD
1.9883963596754283e+33,76646086067.64223,0.0018507039390847733,630621.7049101108,156382266572.63428,2.727248951861927e+33,2.4475750874950064e-14,40.56103861653651,0.4,0.21688132336506738,0.21688132336506738,RAD
1.9884026696056455e+33,76692467492.77461,0.001832801283957525,628925.8070006156,154453678504.29132,2.727248951861927e+33,2.343726170450362e-14,40.67453935058625,0.4,0.21713163346657383,0.21713163346657383,RAD
1.9884089795358626e+33,76739247327.40778,0.0018148995345125666,627215.4128399685,152529764027.36215,2.727248951861927e+33,2.243146920228961e-14,40.79020320486979,0.4,0.21739125241575138,0.21739125241575138,RAD
1.9884152894660798e+33,76786433056.70972,0.0017969987112665027,625490.1936211473,150610549202.76212,2.727248951861927e+33,2.1457700526325132e-14,40.908106983887166,0.4,0.2176606195741855,0.2176606195741855,RAD
1.9884205241045356e+33,76825891282.2169,0.001782149134120119,624047.4789387558,149021978339.06238,2.727248951861927e+33,2.067370012442162e-14,41.00767602351108,0.4,0.21789181359297619,0.21789181359297619,RAD
1.9884257587429914e+33,76865638661.56996,0.0017673002262258324,622594.1252365242,147436675444.1003,2.727248951861927e+33,1.9910903360277296e-14,41.108890393080344,0.4,0.21813031703534813,0.21813031703534813,RAD
1.9884309933814471e+33,76905679819.29254,0.0017524520049029102,621129.9244549933,145854656102.92456,2.727248951861927e+33,1.916893636447001e-14,41.21180047876937,0.4,0.21837642467930699,0.21837642467930699,RAD
1.988436228019903e+33,76946019493.58313,0.001737604489437326,619654.6617817394,144275936124.54916,2.727248951861927e+33,1.844742838110429e-14,41.316458887385124,0.4,0.21863044640463547,0.21863044640463547,RAD
1.9884414626583587e+33,76986662540.05954,0.001722757701224294,618168.1153425385,142700531547.08612,2.727248951861927e+33,1.7746011770716646e-14,41.42292057325432,0.4,0.21889270814483996,0.21889270814483996,RAD
1.9884466972968145e+33,77027613935.65643,0.0017079116639217224,616670.0558742523,141128458643.03738,2.727248951861927e+33,1.7064322013204594e-14,41.53124297401318,0.4,0.2191635529109741,0.2191635529109741,RAD
1.9884519319352703e+33,77068878782.6831,0.001693066403615508,615160.2463781065,139559733924.7519,2.727248951861927e+33,1.6401997710778505e-14,41.641486156035285,0.4,0.21944334189366507,0.21944334189366507,RAD
1.988457166573726e+33,77110462313.04924,0.001678221948997719,613638.4417519124,137994374150.05447,2.727248951861927e+33,1.5758680590939763e-14,41.75371297031799,0.4,0.21973245565039323,0.21973245565039323,RAD
1.9884624012121819e+33,77152369892.66676,0.001663378331558788,612104.3883996635,136432396328.0529,2.727248951861927e+33,1.513401550948334e-14,41.867989219712015,0.4,0.22003129538571325,0.22003129538571325,RAD
1.9884676358506376e+33,77194607026.0364,0.0016485355857949822,610557.8238167932,134873817725.13026,2.727248951861927e+33,1.452765045352613e-14,41.9843838384838,0.4,0.22034028433300215,0.22034028433300215,RAD
1.9884728704890934e+33,77237179361.02788,0.0016336937494325003,608998.4761492272,133318655871.12976,2.727248951861927e+33,1.3939236544560563e-14,42.10296908528122,0.4,0.2206598692471334,0.2206598692471334,RAD
1.9884781051275492e+33,77280092693.86327,0.0016188528636697373,607426.0637241966,131766928565.7395,2.727248951861927e+33,1.3368428041534995e-14,42.22382075069951,0.4,0.22099052201857403,0.22099052201857403,RAD
1.988483339766005e+33,77323352974.31348,0.001604012973439379,605840.2945505845,130218653885.08531,2.727248951861927e+33,1.2814882343961487e-14,42.3470183807536,0.4,0.22133274142047338,0.22133274142047338,RAD
1.9884885744044608e+33,77366966311.11848,0.001589174127692176,604240.8657863761,128673850188.53955,2.727248951861927e+33,1.2278259995049402e-14,42.472645517710944,0.4,0.22168705500164457,0.22168705500164457,RAD
1.9884938090429166e+33,77410938977.64221,0.0015743363797044506,602627.4631705465,127132536125.75484,2.727248951861927e+33,1.1758224684868082e-14,42.60078995988128,0.4,0.22205402113972278,0.22205402113972278,RAD
1.9884981355119048e+33,77447558528.47365,0.0015620737363986185,601283.194208413,125861275665.65231,2.727248951861927e+33,1.1340694554627162e-14,42.70866793640716,0.4,0.22236729130127958,0.22236729130127958,RAD
1.988502461980893e+33,77484431670.585,0.0015498119177567997,599928.9661104248,124592422818.78719,2.727248951861927e+33,1.093408115934432e-14,42.81838312326311,0.4,0.22268996009680594,0.22268996009680594,RAD
1.9885067884498813e+33,77521562217.92671,0.0015375509615538731,598564.5819719007,123325988585.02824,2.727248951861927e+33,1.053819949548684e-14,42.92999251727949,0.4,0.22302239719108727,0.22302239719108727,RAD
1.9885111149188696e+33,77558954071.92406,0.0015252909082188683,597189.8384280299,122061984112.6462,2.727248951861927e+33,1.0152866033495982e-14,43.04355563294414,0.4,0.22336499089270817,0.22336499089270817,RAD
1.9885154413878578e+33,77596611224.13208,0.001513031801007943,595804.5253561403,120800420701.46828,2.727248951861927e+33,9.777898719057452e-15,43.15913464583137,0.4,0.2237181493170937,0.2237181493170937,RAD
1.988519767856846e+33,77634537758.98817,0.0015007736861900095,594408.4255602641,119541309806.12183,2.727248951861927e+33,9.413116974382862e-15,43.276794546041764,0.4,0.2240823016367382,0.2240823016367382,RAD
1.9885240943258343e+33,77672737856.66643,0.001488516613246058,593001.3144367109,118284663039.36975,2.727248951861927e+33,9.05834169950066e-15,43.39660330247674,0.4,0.22445789942627423,0.22445789942627423,RAD
1.9885284207948225e+33,77711215796.0378,0.001476260635083344,591582.9596192444,117030492175.54091,2.727248951861927e+33,8.713395273557296e-15,43.51863203886244,0.4,0.22484541811087005,0.22484541811087005,RAD
1.9885327472638108e+33,77749975957.74066,0.0014640058082657195,590153.1206023378,115778809154.05864,2.727248951861927e+33,8.378101556128988e-15,43.64295522251116,0.4,0.22524535852723715,0.22524535852723715,RAD
1.988537073732799e+33,77789022827.36604,0.001451752193261509,588711.5483408446,114529626083.07065,2.727248951861927e+33,8.052285888543703e-15,43.769650866922134,0.4,0.22565824860757963,0.22565824860757963,RAD
1.988541649218639e+33,77830634133.55785,0.0014387946920104116,587173.9521636057,113211277824.48819,2.727248951861927e+33,7.717837409352633e-15,43.90631064175053,0.4,0.22610961031274177,0.22610961031274177,RAD
1.9885454334943803e+33,77865299982.36064,0.0014280789870896528,585891.8845560888,112123036706.50096,2.727248951861927e+33,7.448941439368803e-15,44.02148484982657,0.4,0.22649482923315098,0.22649482923315098,RAD
1.9885492177701216e+33,77900195729.67004,0.0014173643640919811,584600.2408628071,111036736144.97232,2.727248951861927e+33,7.186911496131408e-15,44.13866636667717,0.4,0.22689127251913344,0.22689127251913344,RAD
1.9885530020458629e+33,77935324670.48251,0.0014066508753993756,583298.8294682116,109952384703.55264,2.727248951861927e+33,6.931634545714075e-15,44.25791805007308,0.4,0.2272993759605218,0.2272993759605218,RAD
1.9885567863216042e+33,77970690171.21252,0.0013959385765508177,581987.4524034562,108869991055.75423,2.727248951861927e+33,6.682998425306674e-15,44.37930554061775,0.4,0.22771959717825227,0.22771959717825227,RAD
1.9885605705973455e+33,78006295671.71008,0.001385227526438755,580665.9050513337,107789563987.1431,2.727248951861927e+33,6.440891843925774e-15,44.50289742018531,0.4,0.22815241698184843,0.22815241698184843,RAD
1.9885643548730867e+33,78042144687.34521,0.001374517787519623,579333.9758335757,106711112397.58731,2.727248951861927e+33,6.2052043831302844e-15,44.628765381397244,0.4,0.22859834082854263,0.22859834082854263,RAD
1.988568139148828e+33,78078240811.1616,0.0013638094260395928,577991.4458792247,105634645303.56334,2.727248951861927e+33,5.975826497742921e-15,44.75698440904745,0.4,0.22905790039296944,0.22905790039296944,RAD
1.9885719234245693e+33,78114587716.10185,0.0013531025122768246,576638.0886726766,104560171840.52222,2.727248951861927e+33,5.7526495165773765e-15,44.887632974482166,0.4,0.22953165525732422,0.22953165525732422,RAD
1.9885757077003106e+33,78151189157.30661,0.001342397120801628,575273.6696798655,103487701265.31703,2.727248951861927e+33,5.535565643171467e-15,45.02079324402484,0.4,0.23002019473282728,0.23002019473282728,RAD
1.988579491976052e+33,78188048974.4901,0.0013316933307560743,573897.9459509291,102417242958.69363,2.727248951861927e+33,5.324467956525797e-15,45.15655130265569,0.4,0.23052413982452563,0.23052413982452563,RAD
1.9885832762517932e+33,78225171094.39442,0.0013209912261547441,572510.6656975417,101348806427.84612,2.727248951861927e+33,5.119250411849244e-15,45.29499739427025,0.4,0.2310441453527066,0.2310441453527066,RAD
1.9885870605275345e+33,78262559533.32513,0.0013102908962084844,571111.5678429366,100282401309.039,2.727248951861927e+33,4.919807841310337e-15,45.43622617997388,0.4,0.23158090224561467,0.23158090224561467,RAD
1.9885908448032758e+33,78300218399.77065,0.0012995924356732176,569700.3815424561,99218037370.29784,2.727248951861927e+33,4.7260359547950765e-15,45.58033701602518,0.4,0.23213514001979008,0.23213514001979008,RAD
1.988594629079017e+33,78338151897.10788,0.0012888959452260742,568276.8256722636,98155724514.17,2.727248951861927e+33,4.53783134067167e-15,45.72743425319663,0.4,0.23270762946608378,0.23270762946608378,RAD
1.9885984133547584e+33,78376364326.39671,0.0012782015318713398,566840.6082836299,97095472780.55766,2.727248951861927e+33,4.355091466562035e-15,45.87762755952174,0.4,0.23329918556149554,0.23329918556149554,RAD
1.9886015405987294e+33,78408155874.40134,0.0012693655471233865,565643.978968524,96220866221.13258,2.727248951861927e+33,4.2081307826473666e-15,46.004162305202065,0.4,0.233803034774511,0.233803034774511,RAD
1.9886046678427003e+33,78440143446.6451,0.0012605311263006356,564438.3187739843,95347679973.25462,2.727248951861927e+33,4.064775630637424e-15,46.1329581957551,0.4,0.2343210052382883,0.2343210052382883,RAD
1.9886077950866713e+33,78472329629.81668,0.0012516983408876563,563223.4444691611,94475919923.60756,2.727248951861927e+33,3.924969509525646e-15,46.26408638623994,0.4,0.2348536346984735,0.2348536346984735,RAD
1.9886109223306422e+33,78504717061.28734,0.0012428672661504545,561999.166687521,93605592028.05426,2.727248951861927e+33,3.788656329691819e-15,46.39762117043445,0.4,0.23540148753385423,0.23540148753385423,RAD
1.9886140495746131e+33,78537308430.35558,0.001234037981360679,560765.2896404171,92736702312.86421,2.727248951861927e+33,3.655780413212821e-15,46.53364015837609,0.4,0.23596515640075702,0.23596515640075702,RAD
1.988617176818584e+33,78570106479.5242,0.001225210570035465,559521.6108135075,91869256875.96713,2.727248951861927e+33,3.5262864941755857e-15,46.67222446619166,0.4,0.2365452640000223,0.2365452640000223,RAD
1.988620304062555e+33,78603114005.81004,0.0012163851201942024,558267.9206447673,91003261888.23314,2.727248951861927e+33,3.400119718992961e-15,46.813458919212565,0.4,0.23714246497725086,0.23714246497725086,RAD
1.988623431306526e+33,78636333862.0868,0.0012075617246336229,557004.00218273,90138723594.77997,2.727248951861927e+33,3.2772256467222752e-15,46.95743226949153,0.4,0.23775744796822582,0.23775744796822582,RAD
1.988626558550497e+33,78669768958.46153,0.0011987404812227361,555729.6307234721,89275648316.30759,2.727248951861927e+33,3.157550249386931e-15,47.10423742892447,0.4,0.23839093780253492,0.23839093780253492,RAD
1.988629685794468e+33,78703422263.68472,0.0011899214932193022,554444.573424728,88414042450.46065,2.727248951861927e+33,3.04103991230071e-15,47.253971719310115,0.4,0.23904369787982765,0.23904369787982765,RAD
1.9886328130384388e+33,78737296806.59467,0.0011811048696096847,553148.5888953704,87553912473.21916,2.727248951861927e+33,2.927641434395403e-15,47.40673714081176,0.4,0.23971653273466592,0.23971653273466592,RAD
1.9886359402824097e+33,78771395677.59564,0.0011722907254741051,551841.4267583359,86695264940.31767,2.727248951861927e+33,2.817302028551647e-15,47.56264066042289,0.4,0.24041029080757695,0.24041029080757695,RAD
1.9886390675263807e+33,78805722030.1704,0.001163479182379544,550522.8271848935,85838106488.69333,2.727248951861927e+33,2.7099693219329158e-15,47.721794522217124,0.4,0.24112586744191136,0.24112586744191136,RAD
1.9886421947703516e+33,78840279082.42635,0.0011546703688027407,549192.5203979594,84982443837.96304,2.727248951861927e+33,2.605591356323244e-15,47.884316581327944,0.4,0.2418642081281598,0.2418642081281598,RAD
1.9886453220143226e+33,78875070118.6754,0.0011458644205860056,547850.2261419419,84128283791.92998,2.727248951861927e+33,2.5041165884683082e-15,48.05033066382248,0.4,0.24262631201987123,0.24262631201987123,RAD
1.9886479024375658e+33,78903956261.43974,0.0011386005139652612,546733.4087356318,83424616018.45578,2.727248951861927e+33,2.4225352465513015e-15,48.190037618991546,0.4,0.24327379778631916,0.24327379778631916,RAD
1.988650482860809e+33,78933005914.60938,0.0011313387409502098,545608.0618074108,82721979914.1876,2.727248951861927e+33,2.3428672488016996e-15,48.33228726563292,0.4,0.24393880630983866,0.24393880630983866,RAD
1.9886530632840523e+33,78962221029.81355,0.0011240791906526404,544474.0101117828,82020379435.46541,2.727248951861927e+33,2.2650842770617063e-15,48.47715951122031,0.4,0.24462199287345476,0.24462199287345476,RAD
1.9886556437072955e+33,78991603592.17134,0.001116821956521848,543331.0724963003,81319818580.32013,2.727248951861927e+33,2.1891582061308374e-15,48.624737760052724,0.4,0.24532404485910103,0.24532404485910103,RAD
1.9886582241305388e+33,79021155620.95041,0.0011095671365926676,542179.0616254002,80620301389.10141,2.727248951861927e+33,2.115061103903478e-15,48.77510910918816,0.4,0.24604568371490726,0.24604568371490726,RAD
1.988660804553782e+33,79050879170.23442,0.0011023148337504561,541017.783687728,79921831945.11456,2.727248951861927e+33,2.0427652315080314e-15,48.92836455781126,0.4,0.24678766706830313,0.24678766706830313,RAD
1.9886633849770252e+33,79080776329.59839,0.0010950651560143714,539847.0380857458,79224414375.2666,2.727248951861927e+33,1.9722430434477447e-15,49.084599231124976,0.4,0.2475507909976556,0.2475507909976556,RAD
1.9886659654002685e+33,79110849224.79141,0.00108781821684045,538666.6171063144,78528052850.72124,2.727248951861927e+33,1.9034671877429513e-15,49.2439126199604,0.4,0.24833589247645096,0.24833589247645096,RAD
1.9886685458235117e+33,79141100018.42592,0.0010805741354461109,537476.3055708264,77832751587.56277,2.727248951861927e+33,1.836410506075184e-15,49.40640883742305,0.4,0.24914385200551428,0.24914385200551428,RAD
1.988671126246755e+33,79171530910.67242,0.0010733330371578691,536275.88046334,77138514847.4685,2.727248951861927e+33,1.771046033932845e-15,49.57219689400704,0.4,0.2499755964502855,0.2499755964502855,RAD
1.9886738548398e+33,79203907556.89658,0.0010656795408700607,534995.2682257871,76405577265.9146,2.727248951861927e+33,1.7037393620684573e-15,49.75121211069116,0.4,0.2508820561663555,0.2508820561663555,RAD
1.988676108669874e+33,79230806477.71341,0.0010593604617222115,533928.5521946592,75801072477.28326,2.727248951861927e+33,1.6495257863329887e-15,49.9020520988307,0.4,0.25165253949716054,0.25165253949716054,RAD
1.9886783624999482e+33,79257847882.38615,0.0010530439680876728,532853.5847577988,75197389533.21155,2.727248951861927e+33,1.5965437354898024e-15,50.055670765113504,0.4,0.2524434662580024,0.2524434662580024,RAD
1.9886806163300224e+33,79285033338.13666,0.0010467301617188413,531770.1944853234,74594531395.19235,2.727248951861927e+33,1.5447757426141709e-15,50.21215534739707,0.4,0.2532555941863597,0.2532555941863597,RAD
1.9886828701600965e+33,79312364436.01038,0.001040419149123011,530678.2041346189,73992501053.1983,2.727248951861927e+33,1.4942044540001818e-15,50.37159688426504,0.4,0.25408971797767516,0.25408971797767516,RAD
1.9886851239901707e+33,79339842791.2323,0.0010341110418293992,529577.4303779283,73391301526.04549,2.727248951861927e+33,1.4448126292409521e-15,50.53409042698278,0.4,0.2549466715456369,0.2549466715456369,RAD
1.9886873778202448e+33,79367470043.56052,0.0010278059566742248,528467.6835136437,72790935861.7599,2.727248951861927e+33,1.3965831413100697e-15,50.69973526592199,0.4,0.2558273304497882,0.2558273304497882,RAD
1.988689631650319e+33,79395247857.63622,0.0010215040161052704,527348.7671601111,72191407137.94617,2.727248951861927e+33,1.3494989766440255e-15,50.86863517262428,0.4,0.25673261450505935,0.25673261450505935,RAD
1.9886918854803932e+33,79423177923.32921,0.0010152053485075177,526220.4779306587,71592718462.15839,2.727248951861927e+33,1.3035432352261474e-15,51.040898658792884,0.4,0.2576634905893226,0.2576634905893226,RAD
1.9886941393104673e+33,79451261956.07756,0.0010089100885515643,525082.6050884423,70994872972.27264,2.727248951861927e+33,1.258699130671552e-15,51.216639253615725,0.4,0.2586209756666813,0.2586209756666813,RAD
1.9886963931405415e+33,79479501697.21994,0.0010026183775667281,523934.9301795799,70397873836.8609,2.727248951861927e+33,1.2149499903136793e-15,51.39597580096592,0.4,0.2596061400460655,0.2596061400460655,RAD
1.9886986469706156e+33,79507898914.31909,0.0009963303639408943,522777.226642909,69801724255.56583,2.727248951861927e+33,1.1722792552921692e-15,51.579032778171644,0.4,0.2606201108967367,0.2606201108967367,RAD
1.9887009008006898e+33,79536455401.47475,0.0009900462035493849,521609.25939454965,69206427459.476,2.727248951861927e+33,1.1306704806423422e-15,51.765940638217664,0.4,0.2616640760446099,0.2616640760446099,RAD
1.988703154630764e+33,79565172979.62393,0.0009837660602153469,520430.7843852878,68611986711.50117,2.727248951861927e+33,1.0901073353862304e-15,51.956836177432784,0.4,0.2627392880758996,0.2627392880758996,RAD
1.988705408460838e+33,79594053496.82648,0.0009774901062044028,519241.5481286098,68018405306.74673,2.727248951861927e+33,1.0505736026254362e-15,52.15186293091665,0.4,0.26384706877744024,0.26384706877744024,RAD
1.9887076622909122e+33,79623098828.53339,0.0009712185227565908,518041.28719701275,67425686572.88701,2.727248951861927e+33,1.0120531796357093e-15,52.35117159819953,0.4,0.26498881394631524,0.26498881394631524,RAD
1.9887095256157036e+33,79647237487.1299,0.0009660370081739347,517040.46758087253,66936317850.96364,2.727248951861927e+33,9.809607059877333e-16,52.51929319532396,0.4,0.26595943097162966,0.26595943097162966,RAD
1.988711388940495e+33,79671491185.47226,0.0009608587240886937,516031.76519541524,66447542972.044304,2.727248951861927e+33,9.505409179678305e-16,52.69054315127358,0.4,0.2669551461833002,0.2669551461833002,RAD
1.9887132522652864e+33,79695861026.40843,0.0009556837885275257,515015.01418676163,65959363867.98752,2.727248951861927e+33,9.207848934737623e-16,52.86501909180521,0.4,0.26797687861558617,0.26797687861558617,RAD
1.9887151155900778e+33,79720348125.95125,0.0009505123247909836,513990.0430516423,65471782486.49303,2.727248951861927e+33,8.916837639110257e-16,53.04282285719458,0.4,0.2690255918320145,0.2690255918320145,RAD
1.9887169789148692e+33,79744953613.33664,0.00094534446174317,512956.6743726394,64984800791.239685,2.727248951861927e+33,8.632287142332659e-16,53.22406073520763,0.4,0.27010229663719415,0.27010229663719415,RAD
1.9887188422396606e+33,79769678631.07028,0.0009401803341206923,511914.7245376213,64498420762.021286,2.727248951861927e+33,8.354109829835392e-16,53.40884370985319,0.4,0.2712080539887351,0.2712080539887351,RAD
1.988720705564452e+33,79794524334.96135,0.0009350200828624393,510864.00344222045,64012644394.88003,2.727248951861927e+33,8.082218623363925e-16,53.59728772718553,0.4,0.272343978126679,0.272343978126679,RAD
1.9887225688892434e+33,79819491894.14204,0.0009298638554618519,509804.314174105,63527473702.237305,2.727248951861927e+33,7.816526981409578e-16,53.78951397954971,0.4,0.27351123993962095,0.27351123993962095,RAD
1.9887244322140348e+33,79844582491.07137,0.0009247118063435025,508735.45267768734,63042910713.02133,2.727248951861927e+33,7.556948899649446e-16,53.98564920978925,0.4,0.2747110705886348,0.2747110705886348,RAD
1.9887262955388262e+33,79869797321.52138,0.0009195640972659836,507657.20739779115,62558957472.791275,2.727248951861927e+33,7.303398911397664e-16,54.18582603708908,0.4,0.27594476541232354,0.27594476541232354,RAD
1.9887281588636176e+33,79895137594.54427,0.00091442089775328,506569.35890066816,62075616043.85735,2.727248951861927e+33,7.055792088066838e-16,54.39018330628297,0.4,0.27721368813873,0.27721368813873,RAD
1.988730022188409e+33,79920604532.41806,0.0009092823855570317,505471.67947060865,61592888505.39644,2.727248951861927e+33,6.814044039642175e-16,54.59886646263619,0.4,0.27851927543256916,0.27851927543256916,RAD
1.9887318855132004e+33,79946199370.56897,0.0009041487471523039,504363.9326802296,61110776953.56257,2.727248951861927e+33,6.578070915167576e-16,54.81202795432233,0.4,0.27986304180933946,0.27986304180933946,RAD
1.9887337488379918e+33,79971923357.46773,0.0008990201782697648,503245.87293234555,60629283501.59181,2.727248951861927e+33,6.347789403245463e-16,55.02982766502589,0.4,0.2812465849512427,0.2812465849512427,RAD
1.9887356121627831e+33,79997777754.49756,0.0008938968844674447,502117.2449711305,60148410279.9008,2.727248951861927e+33,6.123116732550429e-16,55.252433379362614,0.4,0.2826715914637507,0.2826715914637507,RAD
1.988736956999388e+33,80016519659.68057,0.0008902025956985341,501295.95317936345,59801731268.113594,2.727248951861927e+33,5.964399947746322e-16,55.41618195500302,0.4,0.2837268387639859,0.2837268387639859,RAD
1.9887370914830486e+33,80018397641.50844,0.0008898333273652257,501213.5096793993,59767081229.305046,2.727248951861927e+33,5.948685421252005e-16,55.43270218113869,0.4,0.28383362915163146,0.28383362915163146,RAD
1.988737225966709e+33,80020276314.60262,0.0008894640873536503,501131.0092885052,59732434441.45854,2.727248951861927e+33,5.932999444748777e-16,55.447823363877184,0.4,0.2839333500754064,0.2839333500754064,RAD
1.9887372932085394e+33,80021215910.5283,0.0008892794764526039,501089.7385865299,59715112266.90108,2.727248951861927e+33,5.925167279821156e-16,55.45505959507944,0.4,0.2839815827361112,0.2839815827361112,RAD
1.9887389742542976e+33,80044762196.40997,0.0008846661835402945,500053.50327681855,59282322408.495026,2.727248951861927e+33,5.731697655439625e-16,55.63785773705784,0.4,0.2852043384985878,0.2852043384985878,RAD
1.9887406553000558e+33,80068417585.68568,0.0008800567992780637,499008.54545347777,58850042306.22789,2.727248951861927e+33,5.542674447257927e-16,55.82437933135057,0.4,0.2864605356110724,0.2864605356110724,RAD
1.988742336345814e+33,80092183064.16997,0.000875451478600155,497954.66762968455,58418273573.22157,2.727248951861927e+33,5.358034724310493e-16,56.01475278121097,0.4,0.2877514977818479,0.2877514977818479,RAD
1.9887440173915723e+33,80116059627.00691,0.0008708503838691533,496891.66502511606,57987017834.77147,2.727248951861927e+33,5.17771596612295e-16,56.209112616647886,0.4,0.2890786184842692,0.2890786184842692,RAD
1.9887456984373305e+33,80140048278.54459,0.0008662536853161065,495819.32519370393,57556276728.40465,2.727248951861927e+33,5.001656063095425e-16,56.40759986908501,0.4,0.2904433655938272,0.2904433655938272,RAD
1.9887473794830888e+33,80164150032.18617,0.0008616615615124196,494737.4276271081,57126051903.932945,2.727248951861927e+33,4.829793316894574e-16,56.6103624741359,0.4,0.2918472863995952,0.2918472863995952,RAD
1.988749060528847e+33,80188365910.21577,0.0008570741998762433,493645.7433319755,56696345023.500534,2.727248951861927e+33,4.662066440855727e-16,56.81755570500203,0.4,0.2932920130257552,0.2932920130257552,RAD
1.9887507415746052e+33,80212696943.5963,0.0008524917972163737,492544.03437886585,56267157761.62542,2.727248951861927e+33,4.498414560395555e-16,57.029342639276756,0.4,0.2947792683029301,0.2947792683029301,RAD
1.9887524226203635e+33,80237144171.737,0.0008479145603169654,491432.05342052475,55838491805.234245,2.727248951861927e+33,4.338777213436145e-16,57.2458946622169,0.4,0.29631087213341534,0.29631087213341534,RAD
1.988753808097105e+33,80257381065.46982,0.0008441461504704606,490507.68252793094,55485588901.06591,2.727248951861927e+33,4.210183321175989e-16,57.428080807416585,0.4,0.2976078782610844,0.2976078782610844,RAD
1.9887551935738466e+33,80277698188.22977,0.0008403815244356978,489576.0102867296,55133042213.41877,2.727248951861927e+33,4.084242158819065e-16,57.6137316619551,0.4,0.29893744724608134,0.29893744724608134,RAD
1.988756579050588e+33,80298096134.03828,0.000836620815123105,488636.88227667386,54780852705.76453,2.727248951861927e+33,3.9609205108074695e-16,57.80295751196332,0.4,0.3003007672140815,0.3003007672140815,RAD
1.9887579645273297e+33,80318575500.28224,0.0008328641612170557,487690.1387823597,54429021347.327835,2.727248951861927e+33,3.8401853526777197e-16,57.99587349214203,0.4,0.3016990840989254,0.3016990840989254,RAD
1.9887593500040713e+33,80339136887.55739,0.0008291117074888337,486735.6145431567,54077549113.08451,2.727248951861927e+33,3.722003851246154e-16,58.19259985892339,0.4,0.3031337051899503,0.3031337051899503,RAD
1.9887607354808128e+33,80359780899.49614,0.0008253636051303246,485773.1384880744,53726436983.75625,2.727248951861927e+33,3.6063433647993236e-16,58.393262282514215,0.4,0.30460600294356166,0.30460600294356166,RAD
1.9887621209575544e+33,80380508142.57861,0.0008216200121100755,484802.5334544575,53375685945.80168,2.727248951861927e+33,3.4931714432900753e-16,58.59799215937779,0.4,0.3061174190823075,0.3061174190823075,RAD
1.988763506434296e+33,80401319225.9254,0.0008178810935535036,483823.6158893056,53025296991.4034,2.727248951861927e+33,3.3824558285395704e-16,58.80692694685099,0.4,0.30766946900703573,0.30766946900703573,RAD
1.9887648919110375e+33,80422214761.07074,0.0008141470221492176,482836.1955319088,52675271118.45068,2.727248951861927e+33,3.2741644544457903e-16,59.02021052177726,0.4,0.30926374655045613,0.30926374655045613,RAD
1.988766277387779e+33,80443195361.71463,0.000810417978583584,481840.0750763712,52325609330.51763,2.727248951861927e+33,3.168265447198654e-16,59.23799356519445,0.4,0.31090192910324427,0.31090192910324427,RAD
1.9887677423815934e+33,80465473319.44934,0.0008064805917148108,480777.09351591807,51956276448.6645,2.727248951861927e+33,3.058855695834721e-16,59.47334529075207,0.4,0.31268384916854375,0.31268384916854375,RAD
1.9887689511115865e+33,80483926953.88643,0.0008032365093952357,479892.37956217973,51651857258.26839,2.727248951861927e+33,2.9705452965651536e-16,59.671587523113104,0.4,0.3141940738983332,0.3141940738983332,RAD
1.9887701598415795e+33,80502446710.3956,0.0007999966952115228,479000.57028651045,51347717447.28412,2.727248951861927e+33,2.883985568075445e-16,59.87362322824959,0.4,0.3157418626046995,0.3157418626046995,RAD
1.9887713685715725e+33,80521033000.21773,0.0007967612927763797,478101.5142061155,51043857696.51282,2.727248951861927e+33,2.799155840158386e-16,60.0795726914429,0.4,0.31732858082927623,0.31732858082927623,RAD
1.9887725773015655e+33,80539686234.95526,0.000793530451818836,477195.05462518736,50740278689.94397,2.727248951861927e+33,2.716035554667924e-16,60.2895614649461,0.4,0.3189556604751182,0.3189556604751182,RAD
1.9887737860315585e+33,80558406826.36679,0.0007903043285125177,476281.0293884363,50436981114.7271,2.727248951861927e+33,2.6346042656526764e-16,60.5037206638965,0.4,0.3206246038780913,0.3206246038780913,RAD
1.9887749947615515e+33,80577195186.14597,0.0007870830858255377,475359.27061976824,50133965661.140076,2.727248951861927e+33,2.554841639494105e-16,60.722187282646836,0.4,0.32233698818158696,0.32233698818158696,RAD
1.9887762034915446e+33,80596051725.68362,0.0007838668938937004,474429.6044450181,49831233022.553925,2.727248951861927e+33,2.476727455049693e-16,60.94510453319576,0.4,0.32409447004126746,0.32409447004126746,RAD
1.9887774122215376e+33,80614976855.81197,0.0007806559304188786,473491.8506975516,49528783895.39382,2.727248951861927e+33,2.4002416038013555e-16,61.17262220755601,0.4,0.3258987906892447,0.3258987906892447,RAD
1.9887786209515306e+33,80633970986.5294,0.0007774503810945918,472545.82260544394,49226618979.09606,2.727248951861927e+33,2.325364090009666e-16,61.40489706608144,0.4,0.32775178139015815,0.32775178139015815,RAD
1.9887798296815236e+33,80653034526.70468,0.0007742504400610065,471591.3264588284,48924738976.06073,2.727248951861927e+33,2.252075030873978e-16,61.642093253971076,0.4,0.32965536932499834,0.32965536932499834,RAD
1.9887810384115166e+33,80672167883.75876,0.0007710563103917902,470628.16125588096,48623144591.599754,2.727248951861927e+33,2.1803546566989887e-16,61.8843827483855,0.4,0.3316115839422984,0.3316115839422984,RAD
1.9887822471415096e+33,80691371463.32277,0.0007678682046154896,469656.1183257651,48321836533.88007,2.727248951861927e+33,2.110183311068229e-16,62.1319458388624,0.4,0.33362256382060207,0.33362256382060207,RAD
1.9887834558715026e+33,80710645668.87036,0.0007646863452743617,468674.98092670686,48020815513.86155,2.727248951861927e+33,2.0415414510249178e-16,62.38497164399421,0.4,0.33569056409089815,0.33569056409089815,RAD
1.9887846646014957e+33,80729990901.32227,0.0007615109655238787,467684.5238171961,47720082245.22927,2.727248951861927e+33,1.9744096472604005e-16,62.64365866762874,0.4,0.3378179644730305,0.3378179644730305,RAD
1.9887858733314887e+33,80749407558.62122,0.0007583423097764521,466684.5127981206,47419637444.319916,2.727248951861927e+33,1.908768584311426e-16,62.90821539820594,0.4,0.340007277986186,0.340007277986186,RAD
1.9887868710387907e+33,80765488503.0804,0.0007557320919323492,465851.7157001332,47171862777.04749,2.727248951861927e+33,1.8556967261744015e-16,63.131162407963345,0.4,0.34186289935780284,0.34186289935780284,RAD
1.9887878687460927e+33,80781618599.05305,0.0007531267803323312,465012.10145271895,46924285542.379135,2.727248951861927e+33,1.803616707627046e-16,63.35838662714722,0.4,0.34376408127214303,0.34376408127214303,RAD
1.9887888664533948e+33,80797798064.38266,0.0007505265318214168,464165.5231033129,46676906147.00379,2.727248951861927e+33,1.7525178421541407e-16,63.59002260805828,0.4,0.34571247055460114,0.34571247055460114,RAD
1.9887898641606968e+33,80814027114.67572,0.0007479315097645976,463311.8286328041,46429724998.68979,2.727248951861927e+33,1.7023894964576095e-16,63.826210753675916,0.4,0.34770979383479816,0.34770979383479816,RAD
1.988790861867999e+33,80830305963.07452,0.0007453418843921775,462450.8607161933,46182742506.24396,2.727248951861927e+33,1.6532210905498377e-16,64.0670976446951,0.4,0.3497578624336493,0.3497578624336493,RAD
1.988791859575301e+33,80846634820.01581,0.0007427578331676513,461582.4564688495,45935959079.46802,2.727248951861927e+33,1.6050020978508294e-16,64.31283638904642,0.4,0.3518585776139728,0.3518585776139728,RAD
1.988792857282603e+33,80863013892.97409,0.0007401795411798865,460706.44717730914,45689375129.11206,2.727248951861927e+33,1.5577220452896412e-16,64.56358699574322,0.4,0.35401393622658983,0.35401393622658983,RAD
1.988793854989905e+33,80879443386.18895,0.0007376072015615307,459822.6580134687,45442991066.82496,2.727248951861927e+33,1.5113705134100907e-16,64.81951677507466,0.4,0.3562260367871116,0.3562260367871116,RAD
1.988794852697207e+33,80895923500.37491,0.0007350410159357428,458930.90773092164,45196807305.10152,2.727248951861927e+33,1.4659371364812974e-16,65.08080076736022,0.4,0.3584970860222346,0.3584970860222346,RAD
1.988795850404509e+33,80912454432.41286,0.0007324811948935522,458031.00834207743,44950824257.22617,2.727248951861927e+33,1.4214116026129989e-16,65.34762220269903,0.4,0.36082940592843055,0.36082940592843055,RAD
1.988796848111811e+33,80929036375.0218,0.0007299279585043553,457122.76477457926,44705042337.21303,2.727248951861927e+33,1.3777836538763364e-16,65.62017299438905,0.4,0.3632254413904423,0.3632254413904423,RAD
1.988797845819113e+33,80945669516.40941,0.0007273815368623128,456205.97450539976,44459461959.74202,2.727248951861927e+33,1.3350430864302498e-16,65.89865426896202,0.4,0.36568776841209294,0.36568776841209294,RAD
1.9887988435264152e+33,80962354039.89996,0.0007248421706716742,455280.4271708442,44214083540.090935,2.727248951861927e+33,1.2931797506538848e-16,66.18327693607651,0.4,0.36821910301759186,0.36821910301759186,RAD
1.9887998412337172e+33,80979090123.53812,0.000722310111874359,454345.9041505246,43968907494.063095,2.727248951861927e+33,1.2521835512853982e-16,66.47426230184892,0.4,0.3708223108879452,0.3708223108879452,RAD
1.9888008389410192e+33,80995877939.66669,0.0007197856243234505,453402.17812318186,43723934237.91035,2.727248951861927e+33,1.2120444475677773e-16,66.77184272958475,0.4,0.3735004178043247,0.3735004178043247,RAD
1.988801670156578e+33,81009903923.72542,0.00071768838943774,452608.7379641126,43519995884.34744,2.727248951861927e+33,1.179250815670542e-16,67.02497637131697,0.4,0.3757911114085727,0.3757911114085727,RAD
1.988802501372137e+33,81023966023.30247,0.0007155967683716498,451808.60416414915,43316198817.14662,2.727248951861927e+33,1.1470394145391049e-16,67.28300465022114,0.4,0.37813795390855987,0.37813795390855987,RAD
1.9888033325876957e+33,81038064327.61003,0.0007135109348766431,451001.6299743009,43112543277.47619,2.727248951861927e+33,1.1154045250256306e-16,67.54608172173504,0.4,0.38054298478725407,0.38054298478725407,RAD
1.9888041638032546e+33,81052198922.24597,0.0007114310698534222,450187.66353484313,42909029506.563156,2.727248951861927e+33,1.0843404545306047e-16,67.8143684655665,0.4,0.38300834307203485,0.38300834307203485,RAD
1.9888049950188134e+33,81066369888.96606,0.0007093573617300139,449366.5476318889,42705657745.65216,2.727248951861927e+33,1.053841537076617e-16,68.08803286351251,0.4,0.3855362734792217,0.3855362734792217,RAD
1.9888058262343722e+33,81080577305.44322,0.0007072900068645885,448538.1194391974,42502428235.96222,2.727248951861927e+33,1.0239021333855183e-16,68.36725040342245,0.4,0.3881291330194715,0.3881291330194715,RAD
1.988806657449931e+33,81094821245.0131,0.0007052292099749518,447702.2102441262,42299341218.641136,2.727248951861927e+33,9.945166309591637e-17,68.65220451146266,0.4,0.3907893981048737,0.3907893981048737,RAD
1.98880748866549e+33,81109101776.40515,0.0007031751845968315,446858.64515653916,42096396934.7175,2.727248951861927e+33,9.656794441638773e-17,68.9430870150459,0.4,0.39351967220275735,0.39351967220275735,RAD
1.9888083198810487e+33,81123418963.45802,0.0007011281535732742,446007.2427993771,41893595625.050095,2.727248951861927e+33,9.37385014318968e-17,69.24009863903416,0.4,0.396322694085977,0.396322694085977,RAD
1.9888092032510294e+33,81138674722.26837,0.0006989606090322888,445093.6183715717,41678226576.89683,2.727248951861927e+33,9.079039758209596e-17,69.56269956581612,0.4,0.3993845574584566,0.3993845574584566,RAD
1.988809353774311e+33,81141278391.90962,0.0006985921015172256,444937.0191886665,41641544563.469284,2.727248951861927e+33,9.029405319332295e-17,69.61840252721252,0.4,0.39991506689507916,0.39991506689507916,RAD
1.988809368826639e+33,81141538825.20576,0.0006985552643224824,444921.3443760609,41637876620.94604,2.727248951861927e+33,9.024451446817005e-17,69.62398472978772,0.4,0.39996826077045816,0.39996826077045816,RAD
1.9888093838789672e+33,81141799270.56345,0.0006985184292892703,444905.66704577126,41634208725.48659,2.727248951861927e+33,9.019499364846621e-17,69.62956898214907,0.4,0.4000214793146193,0.4,CONV
1.9888093914051312e+33,81141929497.7656,0.0006985000117737119,444897.8279471735,41632374795.406235,2.727248951861927e+33,9.017024130286986e-17,69.63236156200625,0.4,0.4000480941929661,0.4,CONV
1.9888094102205416e+33,81142255078.96786,0.0006984539670714821,444878.22951409087,41627790021.64899,2.727248951861927e+33,9.010838547932e-17,69.63934397855176,0.4,0.40011464361774707,0.4,CONV
1.9888095042975935e+33,81143883267.81668,0.000698223723989708,444780.2226340597,41604867255.9979,2.727248951861927e+33,8.97996424152927e-17,69.67427679272308,0.4,0.40044765298158097,0.4,CONV
1.9888095402982067e+33,81144506454.16144,0.0006981356078756876,444742.7116966937,41596095851.72668,2.727248951861927e+33,8.968173128916944e-17,69.68765373572502,0.4,0.4005752019355992,0.4,CONV
1.98880963029974e+33,81146064722.33615,0.0006979152966746452,444648.9186255761,41574168519.31414,2.727248951861927e+33,8.938752410661117e-17,69.72111827262856,0.4,0.4008943549931989,0.4,CONV
1.988811880338072e+33,81185162726.46417,0.0006923977461230471,442296.74101350154,41026533137.77263,2.727248951861927e+33,8.229210553615172e-17,70.56815966979524,0.4,0.40900550062024166,0.4,CONV
1.988814130376404e+33,81224536009.80508,0.0006868611816737783,439930.2434307371,40479954759.29234,2.727248951861927e+33,7.567741944281753e-17,71.43575137696988,0.4,0.41737877814801344,0.4,CONV
1.9888163804147362e+33,81264189916.7505,0.0006813052659105237,437549.14919080667,39934438299.21688,2.727248951861927e+33,6.95167036116035e-17,72.3246508428806,0.4,0.4260259598273459,0.4,CONV
1.988818241895037e+33,81297212049.87372,0.000676693924167157,435568.008601689,39483933060.56699,2.727248951861927e+33,6.47447455746343e-17,73.07671794768103,0.4,0.4333957510437375,0.4,CONV
1.988820103375338e+33,81330433240.2478,0.0006720688978351521,433576.51581173873,39034160965.49023,2.727248951861927e+33,6.025203277472177e-17,73.84438337493741,0.4,0.44096895165336775,0.4,CONV
1.9888219648556388e+33,81363856789.45695,0.0006674299797363086,431574.4999618966,38585124954.35273,2.727248951861927e+33,5.602515336113001e-17,74.62813774940099,0.4,0.44875335077589124,0.4,CONV
1.9888238263359397e+33,81397486089.051,0.0006627769574477471,429561.7855589525,38136828017.70929,2.727248951861927e+33,5.205119301798404e-17,75.42849249640724,0.4,0.4567571212395193,0.4,CONV
1.9888256878162405e+33,81431324623.97675,0.0006581096131124887,427538.1922993417,37689273197.66864,2.727248951861927e+33,4.8317722241892236e-17,76.24598095611881,0.4,0.46498884279037667,0.4,CONV
1.9888275492965414e+33,81465375976.1785,0.0006534277232410935,425503.53488428134,37242463589.310875,2.727248951861927e+33,4.481278378619274e-17,77.08115957016919,0.4,0.47345752697212157,0.4,CONV
1.9888294107768423e+33,81499643828.37775,0.0006487310585038437,423457.62282572023,36796402342.159485,2.727248951861927e+33,4.1524880272124623e-17,77.93460914625547,0.4,0.48217264381563707,0.4,CONV
1.9888312722571432e+33,81534131968.04324,0.0006440193835129035,421400.26024254237,36351092661.71079,2.727248951861927e+33,3.844296196719208e-17,78.80693620671744,0.4,0.491144150491963,0.4,CONV
1.988833133737444e+33,81568844291.5631,0.0006392924565938658,419331.24564641947,35906537811.02362,2.727248951861927e+33,3.5556414731012135e-17,79.69877442768131,0.4,0.5003825220964537,0.4,CONV
1.988834995217745e+33,81603784808.63165,0.0006345500295460355,417250.37171666574,35462741112.372345,2.727248951861927e+33,3.285504812890594e-17,80.61078617595113,0.4,0.5098987847486601,0.4,CONV
1.9888368566980458e+33,81638957646.86476,0.0006297918473907685,415157.425063399,35019705948.96651,2.727248951861927e+33,3.0329083713504086e-17,81.54366415147105,0.4,0.5197045512105715,0.4,CONV
1.9888387181783467e+33,81674367056.65796,0.00062501764810712,413052.18597825983,34577435766.740524,2.727248951861927e+33,2.796914347461764e-17,82.4981331439257,0.4,0.5298120592462722,0.4,CONV
1.9888405796586476e+33,81710017416.30348,0.0006202271623540152,410934.4281718831,34135934076.217167,2.727248951861927e+33,2.5766238457624332e-17,83.47495191283389,0.4,0.5402342129685748,0.4,CONV
1.9888424411389484e+33,81745913237.38298,0.0006154201131780867,408803.9184972547,33695204454.448746,2.727248951861927e+33,2.3711757550615616e-17,84.47491520138504,0.4,0.5509846274433966,0.4,CONV
1.9888443026192493e+33,81782059170.45427,0.0006105962157062599,406660.4166580177,33255250547.040188,2.727248951861927e+33,2.1797456440527624e-17,85.49885589524783,0.4,0.562077676850724,0.4,CONV
1.9888461640995502e+33,81818460011.05188,0.0006057551768220984,404503.6749007185,32816076070.258507,2.727248951861927e+33,2.0015446738487173e-17,86.54764733868576,0.4,0.5735285465324788,0.4,CONV
1.988848025579851e+33,81855120706.02272,0.0006008966948248486,402333.4376899033,32377684813.23341,2.727248951861927e+33,1.835818527458144e-17,87.62220582149143,0.4,0.5853532892924671,0.4,CONV
1.9888495661469435e+33,81885661367.81502,0.0005968623867116076,400526.9485623059,32015465870.89858,2.727248951861927e+33,1.7075824805831538e-17,88.53168478244343,0.4,0.595434305932353,0.4,CONV
1.988851106714036e+33,81916386483.24754,0.0005928157378368335,398710.88176196115,31653788252.88252,2.727248951861927e+33,1.5870046999022318e-17,89.46004049024508,0.4,0.6057931491560784,0.4,CONV
1.9888526472811283e+33,81947299111.50294,0.0005887565627732583,396885.07932387874,31292654227.0636,2.727248951861927e+33,1.473708236512302e-17,90.40786712049372,0.4,0.6164404507342913,0.4,CONV
1.9888541878482207e+33,81978402395.12195,0.0005846846714042354,395049.3789979727,30932066099.676495,2.727248951861927e+33,1.3673305682698854e-17,91.37578405541908,0.4,0.6273873660102991,0.4,CONV
1.988855728415313e+33,82009699563.18263,0.0005805998687544653,393203.6140861132,30572026216.355457,2.727248951861927e+33,1.2675232143088962e-17,92.36443723488463,0.4,0.6386456055641063,0.4,CONV
1.9888572689824055e+33,82041193934.63628,0.0005765019548127339,391347.61327116826,30212536963.217396,2.727248951861927e+33,1.1739513550337056e-17,93.37450059521346,0.4,0.6502274691549634,0.4,CONV
1.9888588095494979e+33,82072888921.80934,0.0005723907243462037,389481.2004375507,29853600767.986706,2.727248951861927e+33,1.0862934575906508e-17,94.40667760256977,0.4,0.6621458821331307,0.4,CONV
1.9888603501165903e+33,82104788034.08174,0.000568265966705754,387604.1944827501,29495220101.16394,2.727248951861927e+33,1.0042409068219683e-17,95.46170288823446,0.4,0.6744144345298634,0.4,CONV
1.9888618906836827e+33,82136894881.75237,0.000564127465621836,385716.409119292,29137397477.24053,2.727248951861927e+33,9.274976417045267e-18,96.54034399374515,0.4,0.6870474230547043,0.4,CONV
1.988863431250775e+33,82169213180.10353,0.0005599749989902704,383817.6526665265,28780135455.961884,2.727248951861927e+33,8.557797972765035e-18,97.64340323462417,0.4,0.7000598962517768,0.4,CONV
1.9888649718178674e+33,82201746753.67697,0.0005558083386473716,381907.7278316014,28423436643.64142,2.727248951861927e+33,7.888153520538412e-18,98.77171969219368,0.4,0.7134677030915463,0.4,CONV
1.988866604434109e+33,82236463553.33784,0.0005513769673725192,379871.2691511454,28046042663.28121,2.727248951861927e+33,7.227478621885738e-18,99.93268829453547,0.4,0.7276657185777855,0.4,CONV
1.98886795569623e+33,82265387141.73636,0.0005476968086396617,378175.9232456471,27734169184.40277,2.727248951861927e+33,6.716707632760025e-18,100.89538437322699,0.4,0.7396209540916716,0.4,CONV
1.988869306958351e+33,82294485509.05014,0.0005440051859833746,376471.51269598503,27422735109.750824,2.727248951861927e+33,6.236860212398697e-18,101.87799437054541,0.4,0.7519009509746853,0.4,CONV
1.988870658220472e+33,82323761551.91899,0.0005403019280155867,374757.88815025985,27111742328.895733,2.727248951861927e+33,5.786388748774727e-18,102.881148936531,0.4,0.7645180831933195,0.4,CONV
1.988872009482593e+33,82353218245.85538,0.0005365868590195783,373034.8962074873,26801192763.187782,2.727248951861927e+33,5.3638061369448704e-18,103.90550570101203,0.4,0.7774853339898727,0.4,CONV
1.988873360744714e+33,82382858648.25038,0.0005328597987938867,371302.379263722,26491088366.620895,2.727248951861927e+33,4.9676841126861336e-18,104.95175073265389,0.4,0.7908163327993137,0.4,CONV
1.988874712006835e+33,82412685901.52765,0.0005291205624888586,369560.17535062146,26181431126.729313,2.727248951861927e+33,4.596651611151766e-18,106.02060009369966,0.4,0.8045253948305167,0.4,CONV
1.988876063268956e+33,82442703236.4543,0.0005253689604354161,367808.1179659945,25872223065.518795,2.727248951861927e+33,4.2493931505441046e-18,107.11280149782085,0.4,0.8186275635358066,0.4,CONV
1.988877414531077e+33,82472913975.6183,0.0005216047979655797,366046.03589584253,25563466240.43411,2.727248951861927e+33,3.924647240796604e-18,108.22913607912128,0.4,0.8331386562139799,0.4,CONV
1.988878765793198e+33,82503321537.08282,0.0005178278752242535,364273.7530273686,25255162745.364582,2.727248951861927e+33,3.621204817258417e-18,109.3704202810991,0.4,0.8480753130160611,0.4,CONV
1.988880117055319e+33,82533929438.22844,0.0005140379869717467,362491.08815238945,24947314711.68972,2.727248951861927e+33,3.3379076993704567e-18,110.53750787515114,0.4,0.8634550496493106,0.4,CONV
1.98888146831744e+33,82564741299.79521,0.000510234922376464,360697.8547605434,24639924309.366898,2.727248951861927e+33,3.0736470743213744e-18,111.73129211909793,0.4,0.8792963141044533,0.4,CONV
1.988882819579561e+33,82595760850.13737,0.0005064184647971612,358893.8608216419,24332993748.063354,2.727248951861927e+33,2.8273620056693674e-18,112.95270806719905,0.4,0.8956185477638464,0.4,CONV
1.988884170841682e+33,82626991929.70453,0.0005025883915541082,357078.9085564628,24026525278.33481,2.727248951861927e+33,2.5980379669126255e-18,114.20273504418525,0.4,0.9124422512844967,0.4,CONV
1.988885522103803e+33,82658438495.76393,0.0004987444736884653,355252.79419522756,23720521192.853176,2.727248951861927e+33,2.384705399990877e-18,115.4823992970631,0.4,0.9297890556906218,0.4,CONV
1.988886873365924e+33,82690104627.38023,0.0004948864757091126,353415.30772294884,23414983827.686058,2.727248951861927e+33,2.186438298695728e-18,116.79277683975955,0.4,0.9476817991555766,0.4,CONV
1.988888224628045e+33,82721994530.66957,0.0004910141553261249,351566.2326107667,23109915563.630814,2.727248951861927e+33,2.0023528169671844e-18,118.13499650715674,0.4,0.9661446100036261,0.4,CONV
1.988889575890166e+33,82754112544.34694,0.00048712726317001547,349705.3455323245,22805318827.60621,2.727248951861927e+33,1.831605902049566e-18,119.51024323671733,0.4,0.985202996518729,0.4,CONV
1.98889069438199e+33,82780873605.01544,0.0004838987269052291,348155.9182863403,22553550797.874607,2.727248951861927e+33,1.6997878238746101e-18,120.67445667046889,0.4,1.0014480721012515,0.4,CONV
1.9888918128738137e+33,82807796634.53722,0.0004806598814250623,346598.10580900335,22302108959.37994,2.727248951861927e+33,1.5761214854425867e-18,121.86288873687015,0.4,1.018135787228542,0.4,CONV
1.9888929313656376e+33,82834884317.14876,0.00047741057341716726,345031.7699841376,22050994764.500607,2.727248951861927e+33,1.4601883631507222e-18,123.07630930751392,0.4,1.0352830482040385,0.4,CONV
1.9888940498574614e+33,82862139410.17345,0.0004741506457001854,343456.7689504793,21800209689.907608,2.727248951861927e+33,1.3515868360429035e-18,124.31552128365749,0.4,1.052907595441382,0.4,CONV
1.9888951683492852e+33,82889564746.80692,0.0004708799370842875,341872.95695933845,21549755237.224773,2.727248951861927e+33,1.2499316986792738e-18,125.58136238654231,0.4,1.071028054090474,0.4,CONV
1.988896286841109e+33,82917163239.03947,0.0004675982822251459,340280.18422526796,21299632933.714134,2.727248951861927e+33,1.154853681939498e-18,126.87470706536314,0.4,1.0896639883227996,0.4,CONV
1.988897405332933e+33,82944937880.72398,0.0004643055114709528,338678.29676931654,21049844332.987717,2.727248951861927e+33,1.0659989817473619e-18,128.19646853199717,0.4,1.1088359595837598,0.4,CONV
1.9888985238247567e+33,82972891750.798,0.0004610014507020754,337067.1362544129,20800391015.747047,2.727248951861927e+33,9.830287957045202e-19,129.54760093244025,0.4,1.1285655891495467,0.4,CONV
1.9888996423165806e+33,83001028016.66986,0.000457685921162907,335446.53981239366,20551274590.55178,2.727248951861927e+33,9.05618867619363e-19,130.9291016657555,0.4,1.1488756253585883,0.4,CONV
1.9889007608084044e+33,83029349937.77882,0.00045435873928544545,333816.3398621538,20302496694.618935,2.727248951861927e+33,8.334590399172652e-19,132.34201386236774,0.4,1.169790015924307,0.4,CONV
1.9889018793002283e+33,83057860869.34041,0.00045101971650408993,332176.363918357,20054058994.6543,2.727248951861927e+33,7.662528139167219e-19,133.78742903460423,0.4,1.1913339857761842,0.4,CONV
1.988902997792052e+33,83086564266.28877,0.0004476686590611184,330526.4343901033,19805963187.71771,2.727248951861927e+33,7.037169179558377e-19,135.26648991360548,0.4,1.2135341209212671,0.4,CONV
1.988904116283876e+33,83115463687.4288,0.0004443053678022589,328866.36836890405,19558211002.123928,2.727248951861927e+33,6.455808833520903e-19,136.7803934880626,0.4,1.2364184588683116,0.4,CONV
1.9889052347756998e+33,83144562799.81183,0.00044092963796173266,327195.97740526387,19310804198.381126,2.727248951861927e+33,5.915866281780083e-19,138.3303942617187,0.4,1.2600165862126664,0.4,CONV
1.9889063532675236e+33,83173865383.3496,0.00043754125893609463,325515.067273116,19063744570.16887,2.727248951861927e+33,5.414880488340034e-19,139.91780774821297,0.4,1.2843597440423613,0.4,CONV
1.9889074717593474e+33,83203375335.68265,0.0004341400140461443,323823.4377212962,18817033945.357864,2.727248951861927e+33,4.950506193989745e-19,141.54401422366885,0.4,1.3094809418955942,0.4,CONV
1.9889085902511713e+33,83233096677.32034,0.0004307256802861291,322120.8822111771,18570674187.073727,2.727248951861927e+33,4.520509987382175e-19,143.21046275947884,0.4,1.3354150810780787,0.4,CONV
1.9889095161429516e+33,83257862993.95732,0.00042788921617012795,320703.08270442457,18367003438.347664,2.727248951861927e+33,4.18904672355217e-19,144.62148271426426,0.4,1.3575247428413657,0.4,CONV
1.988910442034732e+33,83282779430.32036,0.00042504349178722233,319277.5257508483,18163575521.98647,2.727248951861927e+33,3.878531558405836e-19,146.0620242144962,0.4,1.3802388105982057,0.4,CONV
1.9889113679265122e+33,83307848474.36743,0.0004221883700086445,317844.08358438965,17960391552.983967,2.727248951861927e+33,3.5878605240407213e-19,147.5330293278412,0.4,1.403580428930404,0.4,CONV
1.9889122938182925e+33,83333072681.80144,0.00041932371024723454,316402.6249737464,17757452664.909004,2.727248951861927e+33,3.3159757361159496e-19,149.03548065785301,0.4,1.427573886746746,0.4,CONV
1.9889132197100728e+33,83358454678.652,0.00041644936833282013,314953.0150906484,17554760010.410328,2.727248951861927e+33,3.061864003274435e-19,150.68214623090395,0.4,1.453322439968721,0.4,CONV
1.988914145601853e+33,83383997163.98434,0.00041356519638172757,313495.11537166085,17352314761.740685,2.727248951861927e+33,2.8245554611062715e-19,152.38361001725232,0.4,1.479996626504163,0.4,CONV
1.9889150714936334e+33,83409702912.74304,0.00041067104266008156,312028.78337312466,17150118111.301142,2.727248951861927e+33,2.603122230580278e-19,154.1262945327166,0.4,1.507485639387682,0.4,CONV
1.9889159973854137e+33,83435574778.73868,0.00040776675144052455,310553.8726188126,16948171272.206598,2.727248951861927e+33,2.396677100868115e-19,155.9116951131143,0.4,1.5358241776696642,0.4,CONV
1.988916923277194e+33,83461615697.7865,0.00040485216285196616,309070.23243985197,16746475478.873564,2.727248951861927e+33,2.204372236482732e-19,157.74137941643014,0.4,1.5650488392292223,0.4,CONV
1.9889178491689743e+33,83487828691.00647,0.0004019271127219393,307577.70780643035,16545031987.631351,2.727248951861927e+33,2.025397908649733e-19,159.61699180616395,0.4,1.5951982480763771,0.4,CONV
1.9889187750607546e+33,83514216868.2949,0.00039899143241111317,306076.13915076375,16343842077.357878,2.727248951861927e+33,1.8589812508277908e-19,161.54025805490969,0.4,1.6263131917853724,0.4,CONV
1.988919700952535e+33,83540783431.9788,0.0003960449486394779,304565.3621807698,16142907050.141356,2.727248951861927e+33,1.704385038291353e-19,163.5129903956535,0.4,1.6584367699952411,0.4,CONV
1.9889206268443152e+33,83567531680.66455,0.0003930874833036828,303045.20768384344,15942228231.969257,2.727248951861927e+33,1.5609064916851325e-19,165.53709295094043,0.4,1.6916145550119726,0.4,CONV
1.9889215527360955e+33,83594465013.2939,0.00039011885328496445,301515.5013200879,15741806973.44597,2.727248951861927e+33,1.4278761044578361e-19,167.614567573104,0.4,1.72589476565731,0.4,CONV
1.9889224786278758e+33,83621586933.42085,0.0003871388702470699,299976.06340430235,15541644650.54074,2.727248951861927e+33,1.3046564940787119e-19,169.74752013210994,0.4,1.7613284556328859,0.4,CONV
1.988923404519656e+33,83648901053.7243,0.0003841473404235219,298426.7086759731,15341742665.367502,2.727248951861927e+33,1.190641276937438e-19,171.93816729126414,0.4,1.797969717806726,0.4,CONV
1.9889243304114364e+33,83676411100.77249,0.00038114406439353,296867.24605645385,15142102446.998417,2.727248951861927e+33,1.085253966824454e-19,174.18884381527846,0.4,1.8358759059856566,0.4,CONV
1.9889250969207636e+33,83699336563.22926,0.0003786487369887005,295568.4402767383,14977027268.235462,2.727248951861927e+33,1.0041444468945286e-19,176.0992597992724,0.4,1.868257285853958,0.4,CONV
1.9889258634300908e+33,83722401184.01134,0.0003761450990225631,294262.456877899,14812133331.582747,2.727248951861927e+33,9.282759562703292e-20,178.05396669419068,0.4,1.9015836943537041,0.4,CONV
1.988926629939418e+33,83745607269.66844,0.0003736330278489353,292949.1776305298,14647421492.313774,2.727248951861927e+33,8.573648437705967e-20,180.054496750384,0.4,1.9358934765644868,0.4,CONV
1.9889273964487453e+33,83768957189.56203,0.000371112397729983,291628.4810976676,14482892619.909893,2.727248951861927e+33,7.911397027159197e-20,182.10245274561555,0.4,1.9712269734180812,0.4,CONV
1.9889281629580725e+33,83792453378.25934,0.00036858307972483645,290300.2425128351,14318547598.446545,2.727248951861927e+33,7.293409839565827e-20,184.1995120470407,0.4,2.00762664879773,0.4,CONV
1.9889289294673998e+33,83816098338.04523,0.00036604494157296195,288964.33365209005,14154387326.994236,2.727248951861927e+33,6.717206162898462e-20,186.347430954857,0.4,2.0451372262346457,0.4,CONV
1.988929695976727e+33,83839894641.55907,0.0003634978475719825,287620.622699719,13990412720.034973,2.727248951861927e+33,6.180416342329768e-20,188.54804935049987,0.4,2.083805836041739,0.4,CONV
1.9889304624860542e+33,83863844934.56421,0.00036094165844961795,286268.97410718544,13826624707.894913,2.727248951861927e+33,5.68077813117627e-20,190.80329567446617,0.4,2.1236821738092218,0.4,CONV
1.9889312289953814e+33,83887951938.85843,0.00035837623122939526,284909.2484449168,13663024237.194069,2.727248951861927e+33,5.216133114701293e-20,193.1151922611285,0.4,2.1648186712790976,0.4,CONV
1.9889319955047087e+33,83912218455.33395,0.0003558014190897522,283541.30224648135,13499612271.313913,2.727248951861927e+33,4.784423206414618e-20,195.48586106060714,0.4,2.2072706807203732,0.4,CONV
1.988932762014036e+33,83936647367.19667,0.0003532170712161312,282164.98784467415,13336389790.883831,2.727248951861927e+33,4.383687216496951e-20,197.91752978059955,0.4,2.251096674041955,0.4,CONV
1.988933528523363e+33,83961241643.35477,0.0003506230326456307,280780.15319899446,13173357794.287374,2.727248951861927e+33,4.01205749196645e-20,200.41253848436148,0.4,2.2963584580102663,0.4,CONV
1.9889342950326904e+33,83986004341.98761,0.000348019144103749,279386.64171395765,13010517298.189394,2.727248951861927e+33,3.667756628197623e-20,202.973346684544,0.4,2.343121407082494,0.4,CONV
1.9889350615420176e+33,84010938614.30682,0.00034540524183272124,277984.29204764124,12847869338.085133,2.727248951861927e+33,3.3490942513899115e-20,205.60254097663844,0.4,2.391454715528856,0.4,CONV
1.9889358280513448e+33,84036047708.52226,0.00034278115741091195,276572.93790981884,12685414968.87248,2.727248951861927e+33,3.05446387157547e-20,208.30284326017042,0.4,2.4414316706980976,0.4,CONV
1.988936594560672e+33,84061334974.02663,0.00034014671756268434,275152.40784898325,12523155265.448666,2.727248951861927e+33,2.782339805744601e-20,211.0771196007707,0.4,2.4931299494843846,0.4,CONV
1.9889373610699993e+33,84086803865.8136,0.00033750174395812306,273722.52502750535,12361091323.332705,2.727248951861927e+33,2.531274170656505e-20,213.92838979172413,0.4,2.5466319402817756,0.4,CONV
1.9889379957196257e+33,84108031427.28734,0.00033530367286087353,272531.41178872203,12227055568.07311,2.727248951861927e+33,2.3383528341181443e-20,216.34969835175156,0.4,2.5923573774005475,0.4,CONV
1.9889386303692522e+33,84129388026.22513,0.0003330981476354902,271333.65527104406,12093155425.60269,2.727248951861927e+33,2.1581834857851003e-20,218.82786638377243,0.4,2.63943162770822,0.4,CONV
1.9889392650188786e+33,84150875801.99586,0.0003308850585648953,270129.14600827766,11959391551.76819,2.727248951861927e+33,1.990057000340633e-20,221.36487842847413,0.4,2.687909850902717,0.4,CONV
1.988939899668505e+33,84172496952.24236,0.0003286642931669682,268917.77156307484,11825764613.291048,2.727248951861927e+33,1.8332959225168424e-20,223.9628109980524,0.4,2.7378500957573912,0.4,CONV
1.9889405343181315e+33,84194253735.10297,0.0003264357360949284,267699.4164139216,11692275288.063137,2.727248951861927e+33,1.687253418612393e-20,226.62383790302258,0.4,2.789313485069933,0.4,CONV
1.988941168967758e+33,84216148471.5426,0.0003241992690330288,266473.9618365699,11558924265.453812,2.727248951861927e+33,1.551312249635669e-20,229.35023595016972,0.4,2.8423644146401212,0.4,CONV
1.9889418036173843e+33,84238183547.79974,0.000321954770587282,265241.28577957815,11425712246.62878,2.727248951861927e+33,1.424883765938648e-20,232.1443910419311,0.4,2.8970707675095646,0.4,CONV
1.9889424382670108e+33,84260361417.95656,0.00031970211617092775,264001.2627335989,11292639944.881409,2.727248951861927e+33,1.3074069232048893e-20,235.00880471037053,0.4,2.9535041448204384,0.4,CONV
1.9889430729166372e+33,84282684606.63983,0.0003174411778843282,262753.76359402755,11159708085.977085,2.727248951861927e+33,1.1983473196514446e-20,237.94610112202687,0.4,3.0117401147874583,0.4,CONV
1.9889437075662637e+33,84305155711.86081,0.00031517182438895315,261498.65551659634,11026917408.511303,2.727248951861927e+33,1.0971962543021636e-20,240.95903459339826,0.4,3.0718584814305183,0.4,CONV
1.98894434221589e+33,84327777408.0028,0.0003128939207750956,260235.80176546756,10894268664.282175,2.727248951861927e+33,1.0034698061873492e-20,244.05049766072617,0.4,3.133943574886656,0.4,CONV
1.9889450147947807e+33,84351918496.16405,0.000310470394055393,258888.86402875165,10753848049.868383,2.727248951861927e+33,9.1173362541231e-21,247.41581493634484,0.4,3.2019850237484957,0.4,CONV
1.9889455717399912e+33,84372041869.37535,0.0003084560272057616,257766.67255291028,10637691330.05851,2.727248951861927e+33,8.413183435662363e-21,250.27459923162328,0.4,3.2601561337697595,0.4,CONV
1.9889461286852017e+33,84392287627.38272,0.00030643475369853383,256638.1882260889,10521645677.59981,2.727248951861927e+33,7.75629731082714e-21,253.20108254915004,0.4,3.3200550789242285,0.4,CONV
1.9889466856304122e+33,84412657798.73524,0.0003044064720744498,255503.30737329708,10405711637.730394,2.727248951861927e+33,7.144000480626307e-21,256.1976411596849,0.4,3.3817528699871056,0.4,CONV
1.9889472425756227e+33,84433154467.22226,0.00030237107831880214,254361.9235059672,10289889764.716806,2.727248951861927e+33,6.573737921348504e-21,259.26676193012946,0.4,3.445324251434374,0.4,CONV
1.9889477995208332e+33,84453779773.9787,0.0003003284657694103,253213.9272149565,10174180622.09953,2.727248951861927e+33,6.043072803358595e-21,262.4110487509521,0.4,3.5108479412189637,0.4,CONV
1.9889483564660438e+33,84474535919.69409,0.0002982785250202637,252059.2060582904,10058584782.947857,2.727248951861927e+33,5.549682400689948e-21,265.6332294126849,0.4,3.578406888782822,0.4,CONV
1.9889489134112543e+33,84495425166.93144,0.00029622114382057854,250897.6444433286,9943102830.124588,2.727248951861927e+33,5.0913540907590946e-21,268.9361629683043,0.4,3.6480885529124665,0.4,CONV
1.9889494703564648e+33,84516449842.5628,0.00029415620696899864,249729.12350301302,9827735356.561039,2.727248951861927e+33,4.665981443518942e-21,272.3228476216506,0.4,3.7199852012054446,0.4,CONV
1.9889500273016753e+33,84537612340.32867,0.00029208359620265084,248553.52096583147,9712482965.542896,2.727248951861927e+33,4.271560399355147e-21,275.796429185954,0.4,3.7941942330958405,0.4,CONV
1.9889505842468858e+33,84558915123.52908,0.00029000319008074286,247370.71101910426,9597346271.007452,2.727248951861927e+33,3.906185535018178e-21,279.3602101607232,0.4,3.870818528586391,0.4,CONV
1.9889511411920963e+33,84580360727.85457,0.0002879148638623733,246180.56416517086,9482325897.852814,2.727248951861927e+33,3.568046416873437e-21,283.01765947998456,0.4,3.9499668250584814,0.4,CONV
1.9889516981373068e+33,84601951764.36613,0.000285818489378193,244982.94707002325,9367422482.259722,2.727248951861927e+33,3.2554240407394722e-21,286.7724229900111,0.4,4.031754124779615,0.4,CONV
1.9889522550825173e+33,84623690922.63377,0.0002837139348955372,243777.72240389642,9252636672.026625,2.727248951861927e+33,2.966687357572509e-21,290.628334720588,0.4,4.116302136008342,0.4,CONV
1.9889528120277278e+33,84645580974.04391,0.00028160106497661353,242564.74867329,9137969126.91873,2.727248951861927e+33,2.7002898842437253e-21,294.5894290201863,0.4,4.203739750907014,0.4,CONV
1.9889533689729383e+33,84667624775.2871,0.00027947974032930384,241343.8800438531,9023420519.031773,2.727248951861927e+33,2.4547663986440805e-21,298.659953632701,0.4,4.294203563824118,0.4,CONV
1.9889539259181488e+33,84689825272.0379,0.00027734981765010054,240114.96615351978,8908991533.171333,2.727248951861927e+33,2.2287297183392336e-21,302.8443838013939,0.4,4.387838433900374,0.4,CONV
1.9889544828633593e+33,84712185502.84023,0.0002752111494586638,238877.8519152342,8794682867.248524,2.727248951861927e+33,2.020867561984113e-21,307.1474374946305,0.4,4.484798096394478,0.4,CONV
1.988954944057894e+33,84730824672.81822,0.0002734334359718734,237847.10297427175,8700117858.58691,2.727248951861927e+33,1.8616103379009772e-21,310.8040338265427,0.4,4.567721055804508,0.4,CONV
1.988955405252429e+33,84749577355.81737,0.0002716495329694272,236810.52777138172,8605636253.831236,2.727248951861927e+33,1.7132953489150966e-21,314.5483490235097,0.4,4.653133656132789,0.4,CONV
1.9889558664469637e+33,84768445434.05644,0.00026985934968483773,235768.0302650134,8511238470.903356,2.727248951861927e+33,1.5752853676851384e-21,318.38348978881015,0.4,4.741139032976052,0.4,CONV
1.9889563276414985e+33,84787430841.02846,0.00026806279306555643,234719.51180574627,8416924934.639979,2.727248951861927e+33,1.44697331319215e-21,322.31270842696586,0.4,4.831845779434769,0.4,CONV
1.9889567888360333e+33,84806535563.45554,0.0002662597676906363,233664.87103706648,8322696076.980812,2.727248951861927e+33,1.3277811719222796e-21,326.33941135422106,0.4,4.925368298478926,0.4,CONV
1.988957250030568e+33,84825761643.3401,0.00026445017568451615,232604.0037912645,8228552337.1638775,2.727248951861927e+33,1.2171589442652798e-21,330.46716820658133,0.4,5.021827182238222,0.4,CONV
1.988957711225103e+33,84845111180.11812,0.00026263391662670246,231536.80298015827,8134494161.928375,2.727248951861927e+33,1.1145836158963725e-21,334.699721594555,0.4,5.121349620599372,0.4,CONV
1.9889581724196377e+33,84864586332.9207,0.0002608108874571039,230463.15848032557,8040522005.725444,2.727248951861927e+33,1.0195581539058695e-21,339.04099755834073,0.4,5.224069841732597,0.4,CONV
1.9889586336141725e+33,84884189322.95079,0.00025898098237676144,229382.9570125056,7946636330.937242,2.727248951861927e+33,9.316105274384118e-22,343.49511678235194,0.4,5.330129587437007,0.4,CONV
1.9889590948087073e+33,84903922435.98212,0.0002571440927436941,228296.082014805,7852837608.104753,2.727248951861927e+33,8.502927526003344e-22,348.06640663364647,0.4,5.439678626492411,0.4,CONV
1.988959556003242e+33,84923788024.98819,0.0002553001069635631,227202.41350931657,7759126316.164782,2.727248951861927e+33,7.75179961391148e-22,352.75941409514314,0.4,5.55287530953745,0.4,CONV
1.988960017197777e+33,84943788512.90956,0.00025344891037483474,226101.8279617286,7665502942.696609,2.727248951861927e+33,7.058694944118927e-22,357.57891967153927,0.4,5.6698871693661586,0.4,CONV
1.9889604783923117e+33,84963926395.56854,0.00025159038512809776,224994.19813347142,7571967984.17882,2.727248951861927e+33,6.419800171001725e-22,362.5299523535519,0.4,5.790891570949128,0.4,CONV
1.9889609395868465e+33,84984204244.74077,0.00024972441005916625,223879.3929259123,7478521946.256846,2.727248951861927e+33,5.8315065923879215e-22,367.61780573490773,0.4,5.916076415953204,0.4,CONV
1.9889614007813812e+33,85004624711.39421,0.0002478508605555705,222757.27721607164,7385165344.021807,2.727248951861927e+33,5.290401774819206e-22,372.8480553860562,0.4,6.045640907053933,0.4,CONV
1.988961861975916e+33,85025190529.10683,0.0002459696084160081,221627.7116832916,7291898702.301255,2.727248951861927e+33,4.793261406394687e-22,378.22657759942376,0.4,6.17979637792232,0.4,CONV
1.9889623231704508e+33,85045904517.67497,0.00024408052170229417,220490.55262624344,7198722555.962502,2.727248951861927e+33,4.3370413745769315e-22,383.75956963310813,0.4,6.318767195427491,0.4,CONV
1.9889627050755462e+33,85063171541.28026,0.0002425101836098681,219543.04295336604,7121634313.755092,2.727248951861927e+33,3.988173916946196e-22,388.46289216071074,0.4,6.4376602372942955,0.4,CONV
1.9889630869806415e+33,85080543862.13826,0.00024093430095059994,218590.1380461738,7044608814.236421,2.727248951861927e+33,3.663849415598279e-22,393.2805175038401,0.4,6.560161554329552,0.4,CONV
1.988963468885737e+33,85098023227.02415,0.00023935279252311467,217631.74890959595,6967646377.687757,2.727248951861927e+33,3.3625980244531806e-22,398.2165306052866,0.4,6.686421824035579,0.4,CONV
1.9889638507908322e+33,85115611430.31827,0.00023776557508070202,216667.78413053523,6890747329.688008,2.727248951861927e+33,3.083021883319082e-22,403.2752092071228,0.4,6.8165997487353795,0.4,CONV
1.9889642326959276e+33,85133310315.82182,0.0002361725632576293,215698.1497858168,6813912001.257959,2.727248951861927e+33,2.8237924203313033e-22,408.4610351856947,0.4,6.950862576529192,0.4,CONV
1.988964614601023e+33,85151121778.6622,0.00023457366949198452,214722.74934560846,6737140729.010015,2.727248951861927e+33,2.5836477221152377e-22,413.7787066864467,0.4,7.089386662246441,0.4,CONV
1.9889649965061183e+33,85169047767.29303,0.00023296880394484435,213741.48357203836,6660433855.303724,2.727248951861927e+33,2.3613899709206607e-22,419.2331511247308,0.4,7.2323580719487275,0.4,CONV
1.9889653784112136e+33,85187090285.59494,0.00023135787441555246,212754.25041271522,6583791728.407377,2.727248951861927e+33,2.155882947969352e-22,424.82953912480167,0.4,7.379973234895672,0.4,CONV
1.988965760316309e+33,85205251395.08334,0.00022974078625287347,211760.94488883653,6507214702.66597,2.727248951861927e+33,1.9660496022501706e-22,430.57329947626926,0.4,7.532439647288028,0.4,CONV
1.9889661422214043e+33,85223533217.22978,0.0002281174422617756,210761.4589775452,6430703138.675873,2.727248951861927e+33,1.7908696839894836e-22,436.4701351949137,0.4,7.689976632548269,0.4,CONV
1.9889665241264997e+33,85241937935.9041,0.00022648774260557367,209755.68148817096,6354257403.466546,2.727248951861927e+33,1.6293774420181163e-22,442.52604078329125,0.4,7.852816163397285,0.4,CONV
1.988966906031595e+33,85260467799.94522,0.00022485158470314634,208743.49793196464,6277877870.689669,2.727248951861927e+33,1.4806593842492053e-22,448.7473207960145,0.4,8.021203751542622,0.4,CONV
1.9889672879366904e+33,85279125125.86884,0.00022320886312091978,207724.79038490413,6201564920.81607,2.727248951861927e+33,1.3438521004745134e-22,455.14060982518083,0.4,8.195399411418313,0.4,CONV
1.9889676698417857e+33,85297912300.72101,0.0002215594694592872,206699.43734311775,6125318941.340883,2.727248951861927e+33,1.2181401466807835e-22,461.7128940330938,0.4,8.375678705113886,0.4,CONV
1.988968051746881e+33,85316831785.08728,0.00021990329223310767,205667.31357043565,6049140326.997373,2.727248951861927e+33,1.1027539900799874e-22,468.4715343725573,0.4,8.562333876415225,0.4,CONV
1.9889684336519764e+33,85335886116.26794,0.0002182402167459018,204628.28993754086,5973029479.979891,2.727248951861927e+33,9.969680140420143e-23,475.4242916495556,0.4,8.755675082759502,0.4,CONV
1.9889688155570718e+33,85355077911.63051,0.00021657012495733075,203582.23325214945,5896986810.176487,2.727248951861927e+33,9.000985821107502e-23,482.5793535996002,0.4,8.956031734900085,0.4,CONV
1.9889691318012655e+33,85371076032.80739,0.00021518177473682005,202710.60384031318,5834070048.53485,2.727248951861927e+33,8.261723469732005e-23,488.6635207190009,0.4,9.127500119263976,0.4,CONV
1.9889694480454593e+33,85387171842.47736,0.00021378845929422726,201833.97737642165,5771200563.854219,2.727248951861927e+33,7.575727722398683e-23,494.89748638415654,0.4,9.304228974620584,0.4,CONV
1.988969764289653e+33,85403366962.03975,0.00021239010598257443,200952.27137131005,5708378601.57082,2.727248951861927e+33,6.93971711578357e-23,501.28665301836526,0.4,9.486439752699829,0.4,CONV
1.9889700805338467e+33,85419663057.10443,0.0002109866403246414,200065.40109302328,5645604411.180769,2.727248951861927e+33,6.35057657855775e-23,507.83667984576743,0.4,9.674365776597494,0.4,CONV
1.9889703967780404e+33,85436061839.17891,0.0002095779859470047,199173.27948138295,5582878246.3507,2.727248951861927e+33,5.805350903987335e-23,513.7000654508648,0.4,9.85188564258111,0.4,CONV
1.9889707130222342e+33,85452565067.43861,0.00020816406451096866,198275.8170583493,5520200365.032609,2.727248951861927e+33,5.301238398183416e-23,518.3811350485282,0.4,10.009234158311854,0.4,CONV
1.988971029266428e+33,85469174550.5854,0.0002067447956402061,197372.9218339225,5457571029.583139,2.727248951861927e+33,4.8355847017090144e-23,523.1709872496075,0.4,10.171113737776539,0.4,CONV
1.9889713455106216e+33,85485892148.79964,0.00020532009684491432,196464.4992073106,5394990506.887526,2.727248951861927e+33,4.4058767822356296e-23,528.0734662375924,0.4,10.337710437432207,0.4,CONV
1.9889716617548153e+33,85502719775.79175,0.00020388988344227922,195550.45186307054,5332459068.488426,2.727248951861927e+33,4.0097370959303706e-23,533.0925988660888,0.4,10.509220239842245,0.4,CONV
1.988971977999009e+33,85519659400.95932,0.00020245406847302255,194630.67966190755,5269976990.719904,2.727248951861927e+33,3.644917915240307e-23,538.2326055899562,0.4,10.685849706642127,0.4,CONV
1.9889722942432028e+33,85536713051.65668,0.0002010125626137946,193705.07952579478,5207544554.846814,2.727248951861927e+33,3.309295820729237e-23,543.4979121874092,0.4,10.867816682708298,0.4,CONV
1.9889726104873965e+33,85553882815.58391,0.00019956527408515533,192773.54531704876,5145162047.209879,2.727248951861927e+33,3.0008663546077205e-23,548.8931623404771,0.4,11.055351056205811,0.4,CONV
1.9889729267315903e+33,85571170843.30319,0.00019811210855486742,191835.9677109694,5082829759.37676,2.727248951861927e+33,2.717738833587116e-23,554.423231147697,0.4,11.24869557967591,0.4,CONV
1.988973242975784e+33,85588579350.89088,0.0001966529690362056,190892.23406162224,5020547988.299437,2.727248951861927e+33,2.458131318674349e-23,560.0932396503099,0.4,11.448106757871413,0.4,CONV
1.9889735592199777e+33,85606110622.73418,0.00019518775578096268,189942.22826030824,4958317036.478247,2.727248951861927e+33,2.220365739513253e-23,565.908570461451,0.4,11.653855808659369,0.4,CONV
1.9889738754641714e+33,85623767014.4822,0.00019371636616680933,188985.83058622974,4896137212.132933,2.727248951861927e+33,2.0028631708667374e-23,571.8748845968602,0.4,11.866229703993614,0.4,CONV
1.9889741917083652e+33,85641550956.16199,0.0001922386945786371,188022.9175488224,4834008829.3811035,2.727248951861927e+33,1.8041392588224092e-23,577.9981396157706,0.4,12.085532298727237,0.4,CONV
1.9889744535933427e+33,85656376350.3583,0.00019101018741290602,187220.49710917528,4782598861.080461,2.727248951861927e+33,1.6527907553054275e-23,583.1921293377925,0.4,12.272612722183222,0.4,CONV
1.9889747154783202e+33,85671292398.27654,0.00018977723434581033,186413.44685165046,4731224574.244286,2.727248951861927e+33,1.512615375049943e-23,588.5017768424046,0.4,12.464857922654108,0.4,CONV
1.9889749773632977e+33,85686300605.55942,0.0001885397703661809,185601.69027939817,4679886156.993425,2.727248951861927e+33,1.382904876235313e-23,593.930986334608,0.4,12.662470465702226,0.4,CONV
1.9889752392482752e+33,85701402518.93056,0.0001872977288243361,184785.14881399088,4628583800.561884,2.727248951861927e+33,1.2629882048356374e-23,599.483838836572,0.4,12.865663215907489,0.4,CONV
1.9889755011332527e+33,85716599727.76317,0.00018605104137300012,183963.74171607103,4577317699.381728,2.727248951861927e+33,1.1522299678532089e-23,605.1646022555014,0.4,13.07465998147436,0.4,CONV
1.9889757630182302e+33,85731893865.72612,0.00018479963790543554,183137.3860020899,4526088051.171238,2.727248951861927e+33,1.0500289505026338e-23,610.9777421437893,0.4,13.28969620686976,0.4,CONV
1.9889760249032078e+33,85747286612.51213,0.00018354344649062693,182305.9963569003,4474895057.026463,2.727248951861927e+33,9.55816676683143e-24,616.9279332073688,0.4,13.511019717652845,0.4,CONV
1.9889762867881853e+33,85762779695.65298,0.00018228239330534148,181469.48504194926,4423738921.516358,2.727248951861927e+33,8.690560120745764e-24,623.0200716234414,0.4,13.738891522071208,0.4,CONV
1.9889765486731628e+33,85778374892.4273,0.00018101640256287994,180627.76179879747,4372619852.781684,2.727248951861927e+33,7.89239809190568e-24,629.2592882343918,0.4,13.973586674453385,0.4,CONV
1.9889768105581403e+33,85794074031.86665,0.00017974539643831732,179780.7337476729,4321538062.637849,2.727248951861927e+33,7.158895937209789e-24,635.650962691235,0.4,14.215395205940668,0.4,CONV
1.9889770724431178e+33,85809878996.86609,0.00017846929499001945,178928.30528074384,4270493766.681912,2.727248951861927e+33,6.485542914937606e-24,642.2007386268425,0.4,14.464623128666075,0.4,CONV
1.9889773499786514e+33,85826746145.57153,0.00017711127955896808,178018.9308797025,4216440169.7991843,2.727248951861927e+33,5.832872190026409e-24,649.321092422138,0.4,14.737202873655228,0.4,CONV
1.988977579824026e+33,85840808254.68324,0.00017598214437290763,177261.0570776278,4171707095.5154376,2.727248951861927e+33,5.3364806325402165e-24,655.3626611455708,0.4,14.969816467113839,0.4,CONV
1.9889778096694004e+33,85854956395.47157,0.00017484889345370852,176498.79415010402,4127003407.80569,2.727248951861927e+33,4.877342900092307e-24,661.0846400042616,0.4,15.198446061795144,0.4,CONV
1.988978039514775e+33,85869191996.89987,0.00017371146665908212,175732.06956009488,4082329263.0710926,2.727248951861927e+33,4.453051367254107e-24,666.8694453446684,0.4,15.43188461786495,0.4,CONV
1.9889782693601494e+33,85883516526.92197,0.00017256980233110964,174960.8087964225,4037684820.3010426,2.727248951861927e+33,4.061327852213553e-24,672.7908827256902,0.4,15.671969019454346,0.4,CONV
1.988978499205524e+33,85897931493.97107,0.0001714238372415932,174184.93529850218,3993070241.143784,2.727248951861927e+33,3.700018136604538e-24,678.8537848582896,0.4,15.91896909581081,0.4,CONV
1.9889787290508984e+33,85912438448.52219,0.00017027350653483028,173404.37037736937,3948485689.979713,2.727248951861927e+33,3.3670866503398405e-24,685.0632131041828,0.4,16.17316889136653,0.4,CONV
1.988978958896273e+33,85927038984.7324,0.00016911874366766096,172619.03313277353,3903931333.997517,2.727248951861927e+33,3.0606113187232073e-24,691.4244710503008,0.4,16.434867587746247,0.4,CONV
1.9889791887416474e+33,85941734742.16382,0.0001679594803466262,171828.84036609821,3859407343.273291,2.727248951861927e+33,2.778778569116622e-24,697.9431190550803,0.4,16.70438049695888,0.4,CONV
1.988979418587022e+33,85956527407.59431,0.00016679564646206437,171033.70648884814,3814913890.8527784,2.727248951861927e+33,2.5198784944346403e-24,704.6249898482444,0.4,16.982040132162076,0.4,CONV
1.9889796484323964e+33,85971418716.92166,0.0001656271700189619,170233.54342642587,3770451152.836899,2.727248951861927e+33,2.2823001707372683e-24,711.4762052736087,0.4,17.268197363043452,0.4,CONV
1.988979878277771e+33,85986410457.1668,0.0001644539770643585,169428.26051689903,3726019308.470734,2.727248951861927e+33,2.0645271261915466e-24,718.5031942732123,0.4,17.563222663593347,0.4,CONV
1.9889801081231455e+33,86001504468.58278,0.00016327599161109434,168617.76440443718,3681618540.2361493,2.727248951861927e+33,1.8651329586707384e-24,725.7127122208472,0.4,17.867507460860896,0.4,CONV
1.98898033796852e+33,86016702646.87616,0.00016209313555767048,167801.9589270724,3637249033.948244,2.727248951861927e+33,1.682777099260375e-24,733.1118617238634,0.4,18.181465594198112,0.4,CONV
1.9889805678138945e+33,86032006945.54819,0.0001609053286039766,166980.74499841104,3592910978.855838,2.727248951861927e+33,1.5162007189404433e-24,740.7081150240873,0.4,18.50553489551612,0.4,CONV
1.988980797659269e+33,86047419378.36386,0.00015971248816262104,166154.02048289505,3548604567.7462087,2.727248951861927e+33,1.3642227757135142e-24,748.5093381423214,0.4,18.840178902229155,0.4,CONV
1.9889810275046435e+33,86062942021.95741,0.00015851452926557834,165321.68006417935,3504329997.0543156,2.727248951861927e+33,1.2257361994501342e-24,756.5238169257038,0.4,19.18588871584372,0.4,CONV
1.988981257350018e+33,86078577018.5834,0.00015731136446584733,164483.6151061571,3460087466.9767585,2.727248951861927e+33,1.0997042117246032e-24,764.7602851741116,0.4,19.54318502060096,0.4,CONV
1.9889814476872213e+33,86091611131.88322,0.00015631100721884858,163785.1923119605,3423474193.2205024,2.727248951861927e+33,1.004069087284718e-24,771.7555753970441,0.4,19.848229028621947,0.4,CONV
1.9889816380244247e+33,86104725100.34793,0.00015530696573168743,163082.7014784977,3386883149.665849,2.727248951861927e+33,9.157906872233915e-25,778.9149019115449,0.4,20.161928260767723,0.4,CONV
1.988981828361628e+33,86117920251.40804,0.00015429918617466924,162376.07530436723,3350314456.212778,2.727248951861927e+33,8.343796496297866e-25,786.2440141462105,0.4,20.484631143130436,0.4,CONV
1.9889820186988314e+33,86131197948.74245,0.00015328761336076444,161665.24465479117,3313768234.7471166,2.727248951861927e+33,7.593738580364741e-25,793.7489303767056,0.4,20.816704249852336,0.4,CONV
1.9889822090360347e+33,86144559593.66373,0.00015227219069663398,160950.13849165494,3277244609.1947684,2.727248951861927e+33,6.903372350625981e-25,801.4359534722552,0.4,21.15853346473007,0.4,CONV
1.988982399373238e+33,86158006626.57181,0.0001512528601313441,160230.6838000974,3240743705.5780196,2.727248951861927e+33,6.268585747861673e-25,809.3116877527497,0.4,21.510525231197164,0.4,CONV
1.9889825897104414e+33,86171540528.48022,0.00015022956210263472,159506.80551144198,3204265652.074022,2.727248951861927e+33,5.685504131236713e-25,817.383057048548,0.4,21.87310789849968,0.4,CONV
1.9889827800476448e+33,86185162822.61932,0.00014920223548059718,158778.42642224432,3167810579.075566,2.727248951861927e+33,5.150479354968738e-25,825.6573240633609,0.4,22.24673317265647,0.4,CONV
1.988982970384848e+33,86198875076.12125,0.0001481708175086057,158045.4671092153,3131378619.254257,2.727248951861927e+33,4.66007921068e-25,834.1421111506511,0.4,22.631877681682553,0.4,CONV
1.9889831607220515e+33,86212678901.79181,0.0001471352437413375,157307.84583976105,3094969907.6262226,2.727248951861927e+33,4.211077228261652e-25,842.8454226244307,0.4,23.029044665523962,0.4,CONV
1.9889833510592548e+33,86226575959.97485,0.0001460954479797018,156565.47847786135,3058584581.620469,2.727248951861927e+33,3.8004428280965654e-25,851.7756687374487,0.4,23.43876580224989,0.4,CONV
1.9889835413964582e+33,86240567960.51488,0.0001450513622024882,155818.27838498759,3022222781.1500454,2.727248951861927e+33,3.425331817505982e-25,860.9416914728315,0.4,23.861603183262893,0.4,CONV
1.9889837317336615e+33,86254656664.8245,0.00014400291649452763,155066.1563157381,2985884648.686145,2.727248951861927e+33,3.0830772243047263e-25,870.3527923101481,0.4,24.29815145165811,0.4,CONV
1.988983922070865e+33,86268843888.06348,0.00014295003897114587,154309.02030784392,2949570329.335313,2.727248951861927e+33,2.7711804603720507e-25,880.018762143166,0.4,24.749040119388642,0.4,CONV
1.9889841124080682e+33,86283131501.43689,0.00014189265569867164,153546.77556617063,2913279970.9199247,2.727248951861927e+33,2.487302808168228e-25,889.9499135448966,0.4,25.214936080611285,0.4,CONV
1.9889843027452716e+33,86297521434.62027,0.0001408306906107435,152779.3243403126,2877013724.0621142,2.727248951861927e+33,2.2292572231508373e-25,900.1571155960661,0.4,25.69654634051746,0.4,CONV
1.988984493082475e+33,86312015678.3206,0.00013976406542013961,152006.5657953433,2840771742.2713437,2.727248951861927e+33,1.9950004450718375e-25,910.6518315159421,0.4,26.194620981120842,0.4,CONV
1.988984650690813e+33,86324098019.42123,0.00013887726411949015,151362.593623879,2810780118.9255495,2.727248951861927e+33,1.817664640475569e-25,919.568177591531,0.4,26.620078545039085,0.4,CONV
1.988984808299151e+33,86336254490.75838,0.00013798716532552134,150714.8503117508,2780805330.931877,2.727248951861927e+33,1.6543144862150176e-25,928.6971634719663,0.4,27.057848134535384,0.4,CONV
1.988984965907489e+33,86348486325.67484,0.00013709372085510355,150063.2733989123,2750847470.213267,2.727248951861927e+33,1.503992294623327e-25,938.0463457268089,0.4,27.508432485369568,0.4,CONV
1.988985123515827e+33,86360794791.22148,0.00013619688130931957,149407.79872210103,2720906630.216685,2.727248951861927e+33,1.3657955930245462e-25,947.6236381870307,0.4,27.97236081682481,0.4,CONV
1.988985281124165e+33,86373181189.44661,0.00013529659602956376,148748.36034978274,2690982905.954789,2.727248951861927e+33,1.2388745679541377e-25,957.4373330641737,0.4,28.450190543037195,0.4,CONV
1.988985438732503e+33,86385646858.74893,0.00013439281305156756,148084.8905138849,2661076394.049191,2.727248951861927e+33,1.1224295967099968e-25,967.4961235711312,0.4,28.942509115610413,0.4,CONV
1.9889855963408412e+33,86398193175.29822,0.00013348547905723038,147417.31953812414,2631187192.7753925,2.727248951861927e+33,1.0157088644152308e-25,977.809128169789,0.4,29.449936009206855,0.4,CONV
1.9889857539491792e+33,86410821554.5276,0.00013257453932412615,146745.57576271892,2601315402.1094866,2.727248951861927e+33,9.180060647820995e-26,988.3859165824557,0.4,29.97312486298345,0.4,CONV
1.9889859115575172e+33,86423533452.70212,0.00013165993767254582,146069.58546526238,2571461123.7767024,2.727248951861927e+33,8.286581827751615e-26,999.2365377174826,0.4,30.512765792069814,0.4,CONV
1.9889860691658553e+33,86436330368.56819,0.00013074161640992698,145389.27277751477,2541624461.3018994,2.727248951861927e+33,7.470433573809674e-26,1010.3715496740983,0.4,31.069587884757347,0.4,CONV
1.9889862267741933e+33,86449213845.08919,0.0001298195162725105,144704.55959785575,2511805520.0621023,2.727248951861927e+33,6.725788227011027e-26,1021.8020520078044,0.4,31.644361902715342,0.4,CONV
1.9889863843825313e+33,86462185471.27272,0.0001288935763640521,144015.36549911834,2482004407.34119,2.727248951861927e+33,6.047189255950139e-26,1033.5397204560102,0.4,32.23790320339609,0.4,CONV
1.9889865419908694e+33,86475246884.09549,0.0001279637340914052,143321.60763150375,2452221232.3868504,2.727248951861927e+33,5.42953218109459e-26,1045.5968443436523,0.4,32.8510749058493,0.4,CONV
1.9889866995992074e+33,86488399770.5322,0.0001270299250967757,142623.20062025415,2422456106.469923,2.727248951861927e+33,4.8680462294155307e-26,1057.9863669113072,0.4,33.48479132348456,0.4,CONV
1.9889868572075454e+33,86501645869.69542,0.00012609208318643556,141920.05645773432,2392709142.946257,2.727248951861927e+33,4.3582767019373705e-26,1070.721928833344,0.4,34.1400216899133,0.4,CONV
1.9889870148158835e+33,86514986975.0939,0.00012515014025566565,141212.0843895458,2362980457.3212256,2.727248951861927e+33,3.896068036898478e-26,1083.817915222068,0.4,34.81779420692886,0.4,CONV
1.9889871724242215e+33,86528424937.01741,0.0001242040262096797,140499.19079426682,2333270167.3170433,2.727248951861927e+33,3.4775475513330116e-26,1097.2895064450552,0.4,35.519200446962444,0.4,CONV
1.9889873029204168e+33,86539625928.08252,0.0001234174568812999,139905.13751308346,2308684715.243645,2.727248951861927e+33,3.161503651695185e-26,1108.7393359943005,0.4,36.11865942128508,0.4,CONV
1.988987433416612e+33,86550895742.80377,0.00012262793653975703,139307.5876573361,2284112025.8057528,2.727248951861927e+33,2.8710189171325325e-26,1120.4672022158127,0.4,36.73581027372014,0.4,CONV
1.9889875639128074e+33,86562235527.33257,0.00012183542205226053,138706.4832444216,2259552169.4830775,2.727248951861927e+33,2.6042913888451625e-26,1132.4831259727189,0.4,37.37138579337675,0.4,CONV
1.9889876944090027e+33,86573646459.175,0.00012103986919680271,138101.76470889107,2235005217.9252214,2.727248951861927e+33,2.3596266893956105e-26,1144.7976072436134,0.4,38.02615781412147,0.4,CONV
1.988987824905198e+33,86585129748.3923,0.00012024123262279324,137493.37084192873,2210471243.983699,2.727248951861927e+33,2.1354328191498153e-26,1157.421653712982,0.4,38.70093976192258,0.4,CONV
1.9889879554013933e+33,86596686638.86066,0.00011943946580983364,136881.2387278409,2185950321.745188,2.727248951861927e+33,1.9302151416432276e-26,1170.3668114112252,0.4,39.39658939925697,0.4,CONV
1.9889880858975886e+33,86608318409.594,0.00011863452102452161,136265.30367737298,2161442526.5660715,2.727248951861927e+33,1.7425715535093466e-26,1183.6451975763816,0.4,40.114011784256284,0.4,CONV
1.988988216393784e+33,86620026376.13364,0.00011782634927516906,135645.4991576598,2136947935.1083314,2.727248951861927e+33,1.5711878346405962e-26,1197.269535926074,0.4,40.85416246407023,0.4,CONV
1.9889883468899791e+33,86631811892.00897,0.00011701490026430847,135021.75671859944,2112466625.376869,2.727248951861927e+33,1.4148331742834494e-26,1211.253194546461,0.4,41.618050923935826,0.4,CONV
1.9889884773861744e+33,86643676350.27357,0.00011620012233885354,134394.0059154264,2087998676.7583187,2.727248951861927e+33,1.2723558688039653e-26,1225.610226625623,0.4,42.40674431569784,0.4,CONV
1.9889886078823697e+33,86655621185.1216,0.00011538196243777071,133762.17422724178,2063544170.0614371,2.727248951861927e+33,1.1426791868946466e-26,1240.35541428144,0.4,43.22137149203749,0.4,CONV
1.988988738378565e+33,86667647873.58968,0.0001145603660371065,133126.18697124097,2039103187.5591483,2.727248951861927e+33,1.0247973980279393e-26,1255.5043157589535,0.4,44.063127375468866,0.4,CONV
1.9889888688747603e+33,86679757937.34975,0.00011373527709220559,132485.96721235875,2014675813.0323327,2.727248951861927e+33,9.177719599988974e-27,1271.073316300765,0.4,44.93327769432898,0.4,CONV
1.9889889993709556e+33,86691952944.59895,0.00011290663797694113,131841.43566802997,1990262131.815454,2.727248951861927e+33,8.207278614352705e-27,1287.079683025109,0.4,45.83316412151464,0.4,CONV
1.988989129867151e+33,86704234512.05298,0.00011207438941976488,131192.51060774084,1965862230.8441246,2.727248951861927e+33,7.328501151919689e-27,1303.541624181309,0.4,46.76420985569274,0.4,CONV
1.9889892603633462e+33,86716604307.04984,0.00011123847043637137,130539.10774701943,1941476198.7047138,2.727248951861927e+33,6.533803985848009e-27,1320.4783531917005,0.4,47.727925689188055,0.4,CONV
1.9889893908595415e+33,86729064049.77164,0.00011039881825875289,129881.14013548577,1917104125.6861153,2.727248951861927e+33,5.816138364578304e-27,1337.9101579327569,0.4,48.725916611780164,0.4,CONV
1.9889894989150498e+33,86739450502.43372,0.00010970068480283054,129332.80074744194,1896933809.588783,2.727248951861927e+33,5.275501754597025e-27,1352.734264863597,0.4,49.579443599331896,0.4,CONV
1.988989606970558e+33,86749900881.13055,0.00010899990973950102,128781.21764623499,1876773180.7401931,2.727248951861927e+33,4.779716706464712e-27,1367.9252989461054,0.4,50.4586641622115,0.4,CONV
1.9889897150260665e+33,86760416251.74811,0.00010829645443327872,128226.33696358373,1856622293.2113013,2.727248951861927e+33,4.325526655819328e-27,1383.4966783085974,0.4,51.36465803246691,0.4,CONV
1.9889898230815748e+33,86770997709.36647,0.00010759027927197908,127668.10335869557,1836481201.9719305,2.727248951861927e+33,3.9098763951993444e-27,1399.4624701047762,0.4,52.29856314647331,0.4,CONV
1.988989931137083e+33,86781646379.37901,0.00010688134363137955,127106.45996189085,1816349962.9154105,2.727248951861927e+33,3.529901899574739e-27,1415.8374296233185,0.4,53.261579479912925,0.4,CONV
1.9889900391925914e+33,86792363418.66684,0.00010616960583820799,126541.3483154384,1796228632.884166,2.727248951861927e+33,3.1829205438253853e-27,1432.6370422251941,0.4,54.25497318200387,0.4,CONV
1.9889901472480998e+33,86803150016.83208,0.00010545502313136085,125972.70831143243,1776117269.6962967,2.727248951861927e+33,2.866421702201851e-27,1449.8775683479557,0.4,55.28008103602862,0.4,CONV
1.988990255303608e+33,86814007397.4936,0.00010473755162124546,125400.4781265287,1756015932.173203,2.727248951861927e+33,2.5780577199022653e-27,1462.9122243901759,0.4,56.159275540870844,0.4,CONV
1.9889903633591164e+33,86824936819.64902,0.0001040171462471343,124824.5941533444,1735924680.1683073,2.727248951861927e+33,2.3156352470031926e-27,1475.4495884155476,0.4,57.032987877690246,0.4,CONV
1.9889904714146247e+33,86835939579.10703,0.00010329376073241051,124244.99092831173,1715843574.5969296,2.727248951861927e+33,2.0771069250854543e-27,1488.2444642187809,0.4,57.930584693613824,0.4,CONV
1.988990579470133e+33,86847017009.99495,0.00010256734753757521,123661.60105575944,1695772677.467375,2.727248951861927e+33,1.8605634170004122e-27,1501.3052142844026,0.4,58.85300477989651,0.4,CONV
1.988990693981032e+33,86858839248.7525,0.00010179417857922868,123039.14860939173,1674513928.006849,2.727248951861927e+33,1.653099304685482e-27,1515.4461366990126,0.4,59.85872326720572,0.4,CONV
1.9889907887915076e+33,86868693422.27695,0.00010115136815377875,122520.44491585459,1656921311.8333993,2.727248951861927e+33,1.4970930196948365e-27,1527.3953868577623,0.4,60.714234903092006,0.4,CONV
1.9889908836019834e+33,86878608281.91106,0.0001005061133315356,121998.66442034536,1639336700.1639798,2.727248951861927e+33,1.3542527380820646e-27,1539.5699517634544,0.4,61.591203589770764,0.4,CONV
1.988990978412459e+33,86888584839.81789,9.985837836302676e-05,121473.75600291329,1621760137.9613872,2.727248951861927e+33,1.223603397101108e-27,1551.9765398551913,0.4,62.490402240297804,0.4,CONV
1.9889910732229348e+33,86898624135.8911,9.920812659485487e-05,120945.66714569952,1604191670.936253,2.727248951861927e+33,1.1042316598343991e-27,1564.6221335792368,0.4,63.41264021596321,0.4,CONV
1.9889911680334105e+33,86908727238.81822,9.855532043698411e-05,120414.34387939952,1586631345.5675542,2.727248951861927e+33,9.95282703478399e-28,1577.5140036696089,0.4,64.35876545888414,0.4,CONV
1.9889912628438862e+33,86918895247.1966,9.789992132847756e-05,119879.73072707618,1569079209.1239104,2.727248951861927e+33,8.95957136321345e-28,1590.6597243370584,0.4,65.32966677408193,0.4,CONV
1.988991357654362e+33,86929129290.7052,9.724188970159549e-05,119341.77064516237,1551535309.6857102,2.727248951861927e+33,8.055080399311433e-28,1604.0671894350605,0.4,66.32627627329776,0.4,CONV
1.9889914524648377e+33,86939430531.33577,9.658118494415667e-05,118800.40496147964,1533999696.1681058,2.727248951861927e+33,7.2323813311264215e-28,1617.7446296769383,0.4,67.34957199393271,0.4,CONV
1.9889915472753134e+33,86949800164.68697,9.591776536005894e-05,118255.5733100875,1516472418.3449216,2.727248951861927e+33,6.484970542358858e-28,1631.7006309854612,0.4,68.4005807077979,0.4,CONV
1.988991642085789e+33,86960239421.32545,9.525158812784654e-05,117707.21356276354,1498953526.8735228,2.727248951861927e+33,5.806787585795052e-28,1645.9441540628354,0.4,69.48038093574557,0.4,CONV
1.9889917368962648e+33,86970749568.21829,9.458260925720542e-05,117155.26175689998,1481443073.3206944,2.727248951861927e+33,5.19219027376938e-28,1660.4845552775234,0.4,70.59010618583702,0.4,CONV
1.9889918317067406e+33,86981331910.24109,9.391078354325651e-05,116599.65201958557,1463941110.189584,2.727248951861927e+33,4.635930852962439e-28,1675.3316089727523,0.4,71.73094843442637,0.4,CONV
1.9889919265172163e+33,86991987791.76706,9.323606451850996e-05,116040.31648762441,1446447690.9477632,2.727248951861927e+33,4.133133231287894e-28,1690.4955313114951,0.4,72.9041618714772,0.4,CONV
1.988992021327692e+33,87002718598.34204,9.255840440233058e-05,115477.18522322383,1428962870.0564702,2.727248951861927e+33,3.6792712250639986e-28,1705.9870057833227,0.4,74.11106693357138,0.4,CONV
1.9889921161381677e+33,87013525758.45152,9.187775404775506e-05,114910.18612506214,1411486703.0010962,2.727248951861927e+33,3.2701477951164403e-28,1721.8172105104738,0.4,75.35305465046602,0.4,CONV
1.9889922109486434e+33,87024410745.38565,9.119406288548838e-05,114339.24483442446,1394019246.322985,2.727248951861927e+33,2.901875240912701e-28,1737.9978475035543,0.4,76.63159133371772,0.4,CONV
1.9889923057591192e+33,87035375079.209,9.05072788648935e-05,113764.28463606944,1376560557.6526177,2.727248951861927e+33,2.5708563222876255e-28,1754.5411740321601,0.4,77.94822363888775,0.4,CONV
1.9889923842471168e+33,87044512953.80135,8.993635273507241e-05,113285.21200297911,1362114215.203229,2.727248951861927e+33,2.3226316264483624e-28,1768.5199642333557,0.4,79.06816968780471,0.4,CONV
1.9889924627351143e+33,87053707197.23285,8.936323906786555e-05,112803.2846659399,1347673955.8289092,2.727248951861927e+33,2.095901387632998e-28,1782.7637161328196,0.4,80.21631401534889,0.4,CONV
1.988992541223112e+33,87062958750.85896,8.878790584350345e-05,112318.45512353074,1333239814.0222983,2.727248951861927e+33,1.88902605221335e-28,1797.280348778528,0.4,81.39367560824579,0.4,CONV
1.9889926197111095e+33,87072268581.85847,8.82103202316557e-05,111830.67457356337,1318811824.8506553,2.727248951861927e+33,1.7004735368623543e-28,1812.0781057005552,0.4,82.60132164044023,0.4,CONV
1.988992698199107e+33,87081637684.22496,8.763044856205992e-05,111339.8928631975,1304390023.971641,2.727248951861927e+33,1.5288133917391015e-28,1827.1655718697123,0.4,83.8403702997593,0.4,CONV
1.9889927766871047e+33,87091067079.80733,8.704825629375912e-05,110846.05843658432,1289974447.649709,2.727248951861927e+33,1.3727112111831658e-28,1842.5516917377652,0.4,85.11199381318781,0.4,CONV
1.9889928551751023e+33,87100557819.40257,8.646370798286504e-05,110349.11827988739,1275565132.773134,2.727248951861927e+33,1.2309232846153085e-28,1858.2457884408877,0.4,86.41742168706358,0.4,CONV
1.9889929336631e+33,87110110983.90393,8.587676724875983e-05,109849.01786351921,1261162116.8717108,2.727248951861927e+33,1.1022914804489563e-28,1874.257584255215,0.4,87.75794418003885,0.4,CONV
1.9889930121510975e+33,87119727685.50784,8.528739673864297e-05,109345.70108141984,1246765438.135157,2.727248951861927e+33,9.857383559256305e-29,1890.5972224011803,0.4,89.13491602835258,0.4,CONV
1.988993090639095e+33,87129409068.98343,8.469555809032167e-05,108839.11018719117,1232375135.4322567,2.727248951861927e+33,8.802624858965369e-29,1907.2752903019918,0.4,90.54976044484219,0.4,CONV
1.9889931691270926e+33,87139156313.00862,8.410121189313775e-05,108329.18572688609,1217991248.330781,2.727248951861927e+33,7.849340036817954e-29,1924.302844411157,0.4,92.0039734152137,0.4,CONV
1.9889932476150902e+33,87148970631.577,8.35043176469148e-05,107815.8664682371,1203613817.118231,2.727248951861927e+33,6.98890347249842e-29,1941.6914367344586,0.4,93.49912831740622,0.4,CONV
1.9889933261030878e+33,87158853275.48016,8.290483371880079e-05,107299.08932609155,1189242882.8234425,2.727248951861927e+33,6.213322040695367e-29,1959.4531431835019,0.4,95.03688089247095,0.4,CONV
1.9889934045910854e+33,87168805533.87057,8.230271729787263e-05,106778.7892838034,1174878487.2391012,2.727248951861927e+33,5.515196480997079e-29,1977.6005939106635,0.4,96.61897459824628,0.4,CONV
1.988993483079083e+33,87178828735.91013,8.169792434735838e-05,106254.8993103112,1160520672.9452176,2.727248951861927e+33,4.887684624925739e-29,1996.1470057895826,0.4,98.24724638031238,0.4,CONV
1.9889935615670806e+33,87188924252.51047,8.109040955432157e-05,105727.35027261033,1146169483.3336136,2.727248951861927e+33,4.324466417000216e-29,2015.1062172211848,0.4,99.92363289828191,0.4,CONV
1.9889936400550782e+33,87199093498.17117,8.048012627664065e-05,105196.07084330464,1131824962.6334794,2.727248951861927e+33,3.819710667848342e-29,2034.4927254626339,0.4,101.65017724946244,0.4,CONV
1.9889937050206598e+33,87207567529.95395,7.997285820694312e-05,104753.44951653766,1119956884.596795,2.727248951861927e+33,3.4422943955421315e-29,2050.8732259161393,0.4,103.11873549438421,0.4,CONV
1.9889937699862413e+33,87216093926.17284,7.946363256277376e-05,104308.17908332909,1108093432.4064925,2.727248951861927e+33,3.098417267725172e-29,2067.5658691565495,0.4,104.62441851782502,0.4,CONV
1.988993834951823e+33,87224673562.51158,7.895242066169364e-05,103860.21539288027,1096234632.524639,2.727248951861927e+33,2.785444067601084e-29,2084.5800210770294,0.4,106.16857234328147,0.4,CONV
1.9889938999174045e+33,87233307338.70866,7.84391930942576e-05,103409.51308357944,1084380511.854902,2.727248951861927e+33,2.5009184253441847e-29,2101.925432598534,0.4,107.75260683346647,0.4,CONV
1.988993964882986e+33,87241996179.48207,7.792391969763607e-05,102956.02553649932,1072531097.7546986,2.727248951861927e+33,2.2425526835140802e-29,2119.6122598514744,0.4,109.3779994451633,0.4,CONV
1.9889940298485677e+33,87250741035.50002,7.74065695279849e-05,102499.70482658723,1060686418.0478119,2.727248951861927e+33,2.0082182166646963e-29,2137.6510856479313,0.4,111.04629924857095,0.4,CONV
1.9889940948141492e+33,87259542884.40038,7.688711083148972e-05,102040.50167140666,1048846501.0375015,2.727248951861927e+33,1.7959361906009466e-29,2156.0529423421144,0.4,112.75913123291126,0.4,CONV
1.9889941597797308e+33,87268402731.8619,7.636551101400576e-05,101578.36537727919,1037011375.5201292,2.727248951861927e+33,1.6038687469945116e-29,2174.8293361854517,0.4,114.51820092212733,0.4,CONV
1.9889942247453124e+33,87277321612.73032,7.584173660920868e-05,101113.24378266429,1025181070.799328,2.727248951861927e+33,1.4303105993235975e-29,2193.9922732918835,0.4,116.32529932676812,0.4,CONV
1.988994289710894e+33,87286300592.203,7.531575324516567e-05,100645.08319860276,1013355616.7007419,2.727248951861927e+33,1.2736810263586844e-29,2213.554287339625,0.4,118.18230826068856,0.4,CONV
1.9889943546764756e+33,87295340767.07573,7.47875256092298e-05,100173.8283460361,1001535043.5873667,2.727248951861927e+33,1.1325162496725778e-29,2233.5284691468023,0.4,120.09120605397857,0.4,CONV
1.9889944196420572e+33,87304443267.05562,7.425701741115302e-05,99699.42228979999,989719382.3755225,2.727248951861927e+33,1.0054621819102894e-29,2253.9284982713098,0.4,122.05407369665352,0.4,CONV
1.9889944846076387e+33,87313609256.14473,7.372419134430532e-05,99221.8063690746,977908664.5514928,2.727248951861927e+33,8.912675328102819e-30,2274.7686767988503,0.4,124.07310145107729,0.4,CONV
1.9889945495732203e+33,87322839934.09872,7.318900904488015e-05,98740.92012405729,966102922.1888654,2.727248951861927e+33,7.887772602269271e-30,2296.0639654989473,0.4,126.15059597495244,0.4,CONV
1.988994614538802e+33,87332136537.96582,7.265143104895524e-05,98256.70121860485,954302187.9666134,2.727248951861927e+33,6.969263536607518e-30,2317.830022545415,0.4,128.28898800097713,0.4,CONV
1.9889946795043835e+33,87341500343.71144,7.21114167472694e-05,97769.08535857244,942506495.1879575,2.727248951861927e+33,6.147339380602059e-30,2340.0832450170055,0.4,130.49084062406763,0.4,CONV
1.988994744469965e+33,87350932667.93436,7.15689243375644e-05,97278.0062055539,930715877.8000534,2.727248951861927e+33,5.412976859166279e-30,2362.840813414889,0.4,132.75885825238245,0.4,CONV
1.9889947982338152e+33,87358791400.53601,7.111806687064585e-05,96868.9339127939,920962127.8585367,2.727248951861927e+33,4.865523091340055e-30,2382.0686049876313,0.4,134.68787760169153,0.4,CONV
1.9889948519976653e+33,87366698783.19252,7.066545767446884e-05,96457.40286440494,911211897.6115092,2.727248951861927e+33,4.368004611614805e-30,2401.6647961683957,0.4,136.66586623227553,0.4,CONV
1.9889949057615155e+33,87374655630.67667,7.021107105283119e-05,96043.37201258204,901465207.3611689,2.727248951861927e+33,3.916379569808776e-30,2421.6404856565687,0.4,138.69460576413246,0.4,CONV
1.9889949595253656e+33,87382662780.17583,6.975488065730574e-05,95626.79918201646,891722077.7491441,2.727248951861927e+33,3.506890117676783e-30,2442.0072299674857,0.4,140.77596257476847,0.4,CONV
1.9889950132892158e+33,87390721092.15497,6.929685946354124e-05,95207.6410265255,881982529.765848,2.727248951861927e+33,3.1360456244101385e-30,2462.7770675022375,0.4,142.91189279841987,0.4,CONV
1.988995067053066e+33,87398831451.26259,6.883697974643684e-05,94785.85298352673,872246584.7601945,2.727248951861927e+33,2.8006066861413877e-30,2483.962544160772,0.4,145.10444767833883,0.4,CONV
1.988995120816916e+33,87406994767.28224,6.83752130541238e-05,94361.38922622509,862514264.4496927,2.727248951861927e+33,2.497569901966706e-30,2505.5767406158097,0.4,147.35577930129523,0.4,CONV
1.9889951745807662e+33,87415211976.13232,6.791153018068323e-05,93934.20261337102,852785590.9309407,2.727248951861927e+33,2.2241533895611214e-30,2527.633301374738,0.4,149.66814674617083,0.4,CONV
1.9889952283446163e+33,87423484040.91734,6.744590113752379e-05,93504.24463643797,843060586.6905378,2.727248951861927e+33,1.9777830140214107e-30,2550.14646576867,0.4,152.04392268160953,0.4,CONV
1.9889952821084665e+33,87431811953.0338,6.697829512333753e-05,93071.46536405601,833339274.6164372,2.727248951861927e+33,1.7560793041279544e-30,2573.131101019554,0.4,154.48560045102997,0.4,CONV
1.9889953358723166e+33,87440196733.33421,6.650868049254638e-05,92635.81338352589,823621678.0097622,2.727248951861927e+33,1.5568450307749067e-30,2596.6027375508506,0.4,156.99580168710912,0.4,CONV
1.9889953896361668e+33,87448639433.35304,6.60370247221449e-05,92197.23573922472,813907820.5971102,2.727248951861927e+33,1.3780534228713204e-30,2620.577606721737,0.4,159.57728450197268,0.4,CONV
1.988995443400017e+33,87457141136.5986,6.556329437683836e-05,91755.67786769975,804197726.543371,2.727248951861927e+33,1.2178369965703094e-30,2645.0726811820564,0.4,162.23295230399378,0.4,CONV
1.988995497163867e+33,87465702959.91525,6.508745507236707e-05,91311.08352923082,794491420.4650861,2.727248951861927e+33,1.0744769742330034e-30,2670.1057180637176,0.4,164.9658632972611,0.4,CONV
1.9889955509277172e+33,87474326054.92072,6.460947143689998e-05,90863.3947356247,784788927.4443803,2.727248951861927e+33,9.463932700840858e-31,2695.69530524464,0.4,167.77924072552602,0.4,CONV
1.9889956046915673e+33,87483011609.52345,6.412930707037107e-05,90412.55167398571,775090273.0434952,2.727248951861927e+33,8.321350200616942e-31,2721.8609109445083,0.4,170.67648392888518,0.4,CONV
1.9889956584554175e+33,87491760849.52577,6.364692450162272e-05,89958.49262618629,765395483.3199607,2.727248951861927e+33,7.303716339092446e-31,2748.6229369365274,0.4,173.66118028861803,0.4,CONV
1.988995702958045e+33,87499052043.73378,6.324593047772068e-05,89580.17052856692,757373635.5376542,2.727248951861927e+33,6.547172476093854e-31,2771.241388611598,0.4,176.20058912403437,0.4,CONV
1.9889957474606723e+33,87506388477.74643,6.28433677324655e-05,89199.56415478034,749354469.2039891,2.727248951861927e+33,5.861498690561298e-31,2794.29579538421,0.4,178.80476814937137,0.4,CONV
1.9889957919632997e+33,87513770910.73108,6.243921321470527e-05,88816.63528615814,741337999.9140903,2.727248951861927e+33,5.240782773056575e-31,2817.7993513363567,0.4,181.4760833119947,0.4,CONV
1.988995836465927e+33,87521200122.78165,6.20334432870746e-05,88431.34465203526,733324243.5244324,2.727248951861927e+33,4.679542749925205e-31,2841.765796940766,0.4,184.21701352103605,0.4,CONV
1.9889958809685545e+33,87528676915.7259,6.162603370465216e-05,88043.6518892002,725313216.1600593,2.727248951861927e+33,4.172700364281418e-31,2866.2094478898402,0.4,187.0301573325099,0.4,CONV
1.988995925471182e+33,87536202113.97305,6.121695959260165e-05,87653.51549932577,717304934.2220815,2.727248951861927e+33,3.7155558801694442e-31,2891.1452257794913,0.4,189.91824010807875,0.4,CONV
1.9889959699738093e+33,87543776565.404,6.080619542273634e-05,87260.89280425655,709299414.395468,2.727248951861927e+33,3.3037641605470727e-31,2916.588690788977,0.4,192.88412168666173,0.4,CONV
1.9889960144764367e+33,87551401142.30702,6.0393714988942864e-05,86865.73989902025,701296673.6571456,2.727248951861927e+33,2.93331197088705e-31,2942.5560765107107,0.4,195.93080461182677,0.4,CONV
1.988996058979064e+33,87559076742.3615,5.997949138139527e-05,86468.01160242033,693296729.2844229,2.727248951861927e+33,2.6004964613342873e-31,2969.064327097167,0.4,199.06144296199366,0.4,CONV
1.9889961034816915e+33,87566804289.673,5.956349695948555e-05,86067.66140505651,685299598.863754,2.727248951861927e+33,2.301904781494679e-31,2996.1311369077584,0.4,202.27935183508492,0.4,CONV
1.988996147984319e+33,87574584735.86295,5.91457033233912e-05,85664.64141460827,677305300.2998625,2.727248951861927e+33,2.0343947830570757e-31,3023.7749928545395,0.4,205.5880175442899,0.4,CONV
1.9889961951438704e+33,87582888517.2387,5.8700970257247745e-05,85234.59149289253,668836831.8688247,2.727248951861927e+33,1.7816218615464863e-31,3053.7205351436846,0.4,209.1973519473668,0.4,CONV
1.98899623416526e+33,87589805943.91109,5.833140547534498e-05,84876.40214840109,661832173.4622709,2.727248951861927e+33,1.5941524592897144e-31,3079.021935954268,0.4,212.2672781214824,0.4,CONV
1.9889962731866494e+33,87596766320.0876,5.79603896879436e-05,84516.04548761944,654829734.1950991,2.727248951861927e+33,1.4245556774123487e-31,3104.812578875365,0.4,215.41569343489388,0.4,CONV
1.988996312208039e+33,87603770366.84422,5.758790156703552e-05,84153.48522665119,647829527.0318002,2.727248951861927e+33,1.2713104622036248e-31,3131.107304125261,0.4,218.64547033417603,0.4,CONV
1.9889963512294285e+33,87610818825.14278,5.7213919241989686e-05,83788.68408232319,640831565.1542878,2.727248951861927e+33,1.1330090458967803e-31,3157.9215675898777,0.4,221.95961862705204,0.4,CONV
1.988996390250818e+33,87617912456.5985,5.683842027978755e-05,83421.60373364821,633835861.9679078,2.727248951861927e+33,1.0083497667446762e-31,3185.2714733569233,0.4,225.36129362280244,0.4,CONV
1.9889964292722076e+33,87625052044.28581,5.6461381664317094e-05,83052.20478136721,626842431.1076795,2.727248951861927e+33,8.961302601626632e-32,3213.173808346093,0.4,228.85380485015654,0.4,CONV
1.988996468293597e+33,87632238393.58478,5.608277977466931e-05,82680.44670545384,619851286.4447824,2.727248951861927e+33,7.952410064083882e-32,3241.64607919539,0.4,232.44062540053437,0.4,CONV
1.9889965073149867e+33,87639472333.0707,5.5702590362377876e-05,82306.28782045441,612862442.0932986,2.727248951861927e+33,7.046592206351843e-32,3270.706551577031,0.4,236.12540194901013,0.4,CONV
1.9889965463363762e+33,87646754715.44945,5.532078852753791e-05,81929.68522852786,605875912.4172256,2.727248951861927e+33,6.234430715209784e-32,3298.937367361707,0.4,239.80751207105845,0.4,CONV
1.9889965853577658e+33,87654086418.54175,5.493734869373533e-05,81550.59477003972,598891712.0377733,2.727248951861927e+33,5.507262150356343e-32,3327.522422557197,0.4,243.5739985241632,0.4,CONV
1.9889966243791553e+33,87661468346.3191,5.4552244581713507e-05,81168.97097155327,591909855.8409587,2.727248951861927e+33,4.857126302680628e-32,3356.717484575064,0.4,247.44595345992286,0.4,CONV
1.9889966634005448e+33,87668901429.99515,5.4165449181697914e-05,80784.7669910488,584930358.9855164,2.727248951861927e+33,4.2767174458901444e-32,3386.5430862676153,0.4,251.42763338790368,0.4,CONV
1.9889967024219344e+33,87676386629.1758,5.3776934724294176e-05,80397.93456018927,577953236.9111394,2.727248951861927e+33,3.7593383577684655e-32,3417.0207077378036,0.4,255.5235200651434,0.4,CONV
1.988996741443324e+33,87683924933.0722,5.338667264986786e-05,80008.42392343591,570978505.3470695,2.727248951861927e+33,3.298856990811934e-32,3448.1728320765515,0.4,259.738335302096,0.4,CONV
1.9889967804647135e+33,87691517361.7807,5.299463357630807e-05,79616.18377380211,564006180.321057,2.727248951861927e+33,2.8896656754366216e-32,3480.0230051027775,0.4,264.0770569356525,0.4,CONV
1.988996819486103e+33,87699164967.63435,5.260078726506841e-05,79221.16118501683,557036278.1687081,2.727248951861927e+33,2.5266427423482103e-32,3516.862932372284,0.4,268.87115922266435,0.4,CONV
1.9889968585074925e+33,87706868836.63101,5.220510258537122e-05,78823.30153985017,550068815.5432439,2.727248951861927e+33,2.2051164540352627e-32,3558.3671800184998,0.4,274.10654289934894,0.4,CONV
1.9889968907875e+33,87713285096.08788,5.187636465351462e-05,78491.99230465991,544306915.9288743,2.727248951861927e+33,1.9674566460411783e-32,3593.496171539569,0.4,278.56703715950914,0.4,CONV
1.9889969230675077e+33,87719741277.98856,5.154632811011163e-05,78158.67018151168,538546707.143338,2.727248951861927e+33,1.7530657918247604e-32,3629.3697037245415,0.4,283.14964907994903,0.4,CONV
1.9889969553475154e+33,87726238053.84203,5.121497383549838e-05,77823.30140248874,532788199.1369303,2.727248951861927e+33,1.5599031888724569e-32,3666.0118642605603,0.4,287.8590871845342,0.4,CONV
1.988996987627523e+33,87732776113.71085,5.088228222268747e-05,77485.85126785733,527031402.02719307,2.727248951861927e+33,1.3860854768725664e-32,3703.4477919588558,0.4,292.70029498760977,0.4,CONV
1.9889970199075306e+33,87739356166.92868,5.0548233159584967e-05,77146.2841100609,521276326.1035471,2.727248951861927e+33,1.2298762469933038e-32,3741.7037346846028,0.4,297.6784654376814,0.4,CONV
1.9889970521875382e+33,87745978942.85359,5.021280601035817e-05,76804.56325591663,515522981.83210343,2.727248951861927e+33,1.0896762163676639e-32,3780.8071111569166,0.4,302.7990564191157,0.4,CONV
1.9889970844675458e+33,87752645191.65944,4.987597959590445e-05,76460.65098690403,509771379.86066407,2.727248951861927e+33,9.640139440670355e-33,3820.7865769234395,0.4,308.06780740207154,0.4,CONV
1.9889971167475534e+33,87759355685.16762,4.95377321733669e-05,76114.5084974269,504021531.0239207,2.727248951861927e+33,8.515370655157662e-33,3861.67209484232,0.4,313.49075733971745,0.4,CONV
1.988997149027561e+33,87766111217.7218,4.9198041414639464e-05,75766.09585092134,498273446.3488622,2.727248951861927e+33,7.510040229629788e-33,3903.495010434253,0.4,319.07426392152115,0.4,CONV
1.9889971813075686e+33,87772912607.10832,4.8856884383799234e-05,75415.37193367298,492527137.06040096,2.727248951861927e+33,6.612762702827618e-33,3946.2881325014623,0.4,324.82502430228385,0.4,CONV
1.9889972135875762e+33,87779760695.52522,4.8514237513399875e-05,75062.29440619618,486782614.587231,2.727248951861927e+33,5.8131093102018306e-33,3990.0858194477537,0.4,330.7500974386749,0.4,CONV
1.9889972458675838e+33,87786656350.603,4.8170076579554514e-05,74706.81965201646,481039890.5679279,2.727248951861927e+33,5.101538892389135e-33,4034.924071774992,0.4,336.8569281784797,0.4,CONV
1.9889972781475914e+33,87793600466.48062,4.782437667573142e-05,74348.90272368581,475298976.85730606,2.727248951861927e+33,4.469332933558257e-33,4080.840631277258,0.4,343.1533732627913,0.4,CONV
1.988997310427599e+33,87800593964.94037,4.747711218518011e-05,73988.49728584597,469559885.5330453,2.727248951861927e+33,3.908534537682701e-33,4127.8750875047,0.4,349.64772941815465,0.4,CONV
1.9889973427076066e+33,87807637796.60548,4.712825675189859e-05,73625.55555514146,463822628.90260255,2.727248951861927e+33,3.411891156918033e-33,4176.0689921257235,0.4,356.3487637344232,0.4,CONV
1.9889973749876142e+33,87814732942.20496,4.6777783250046143e-05,73260.02823676712,458087219.5104243,2.727248951861927e+33,2.9728008922893735e-33,4225.465981878682,0.4,363.26574654508056,0.4,CONV
1.9889974072676218e+33,87821880413.91006,4.6425663751698166e-05,72891.86445741792,452353670.14547676,2.727248951861927e+33,2.5852621928305765e-33,4276.111910874493,0.4,370.4084870503353,0.4,CONV
1.9889974339642376e+33,87827831881.10484,4.613318546436081e-05,72585.3518356112,447613252.9653642,2.727248951861927e+33,2.2998078197086305e-33,4318.975573426165,0.4,376.4937033623969,0.4,CONV
1.9889974606608533e+33,87833820461.44408,4.5839544965328573e-05,72276.96942791459,442874124.43866897,2.727248951861927e+33,2.0430612135691936e-33,4362.754986242878,0.4,382.74662082743725,0.4,CONV
1.988997487357469e+33,87839846780.43353,4.554472511204361e-05,71966.68579869161,438136292.20208365,2.727248951861927e+33,1.8124276456739237e-33,4407.4799536499895,0.4,389.17374025215,0.4,CONV
1.9889975140540847e+33,87845911480.89622,4.5248708324161245e-05,71654.46864302791,433399764.0209636,2.727248951861927e+33,1.6055194830686573e-33,4453.181587096499,0.4,395.7818883996926,0.4,CONV
1.9889975407507004e+33,87852015223.64348,4.495147656754251e-05,71340.284753072,428664547.79289824,2.727248951861927e+33,1.4201419428352677e-33,4499.892377515326,0.4,402.57823810962554,0.4,CONV
1.988997567447316e+33,87858158688.17953,4.4653011337480916e-05,71024.09998269219,423930651.55142105,2.727248951861927e+33,1.2542796611711034e-33,4547.646272537414,0.4,409.5703298974697,0.4,CONV
1.9889975941439318e+33,87864342573.44185,4.435329364111829e-05,70705.87921034581,419198083.4698656,2.727248951861927e+33,1.1060840407466451e-33,4596.478758943203,0.4,416.7660951605262,0.4,CONV
1.9889976208405475e+33,87870567598.57921,4.4052303979000626e-05,70385.58630004959,414466851.86537504,2.727248951861927e+33,9.7386134093937e-34,4646.426950770615,0.4,424.1738811290631,0.4,CONV
1.9889976475371632e+33,87876834503.77017,4.3750022325722176e-05,70063.18406033145,409736965.20307225,2.727248951861927e+33,8.560614766703883e-34,4697.529683536213,0.4,431.80247771563893,0.4,CONV
1.988997674233779e+33,87883144051.08429,4.3446428109601464e-05,69738.63420103533,405008432.10040015,2.727248951861927e+33,7.512674926803752e-34,4749.827615070132,0.4,439.6611464307593,0.4,CONV
1.9889977009303946e+33,87889497025.38898,4.314150019132939e-05,69411.89728784059,400281261.33164006,2.727248951861927e+33,6.581856811746374e-34,4803.363333511661,0.4,447.759651550021,0.4,CONV
1.9889977276270104e+33,87895894235.30489,4.283521684152463e-05,69082.93269434717,395555461.8326182,2.727248951861927e+33,5.756363118398709e-34,4858.1814730646975,0.4,456.10829373689546,0.4,CONV
1.988997754323626e+33,87902336514.21307,4.252755571712725e-05,68751.69855156582,390831042.70561004,2.727248951861927e+33,5.025449442912105e-34,4914.328838171517,0.4,464.71794634661035,0.4,CONV
1.9889977810202418e+33,87908824721.31738,4.22184938365554e-05,68418.15169464056,386108013.2244538,2.727248951861927e+33,4.379342940443979e-34,4971.854536825608,0.4,473.6000946600727,0.4,CONV
1.9889978077168575e+33,87915359742.76576,4.1908007553544974e-05,68082.24760661613,381386382.83988404,2.727248951861927e+33,3.809166241259356e-34,5030.810123817912,0.4,482.7668783234678,0.4,CONV
1.9889978344134732e+33,87921942492.83461,4.15960725295853e-05,67743.94035904868,376666161.18509793,2.727248951861927e+33,3.306866354329731e-34,5091.249754788587,0.4,492.23113729864855,0.4,CONV
1.988997861110089e+33,87928573915.1804,4.128266370485728e-05,67403.1825492411,371947358.0815675,2.727248951861927e+33,2.8651482993475076e-34,5153.23035204684,0.4,502.0064616628945,0.4,CONV
1.988997883183086e+33,87934094283.86049,4.1022403151032836e-05,67119.55551709523,368046888.4983197,2.727248951861927e+33,2.5409680735156303e-34,5205.682718037649,0.4,510.33392294282106,0.4,CONV
1.9889979052560834e+33,87939649158.27414,4.0761102464288436e-05,66834.19132795579,364147401.26265097,2.727248951861927e+33,2.25028207430876e-34,5259.264827201513,0.4,518.8924355464077,0.4,CONV
1.9889979273290806e+33,87945239121.22733,4.049874627229545e-05,66547.06070855555,360248902.2353286,2.727248951861927e+33,1.9899699996707355e-34,5314.013674509247,0.4,527.6910055174495,0.4,CONV
1.988997949402078e+33,87950864771.69585,4.023531880931953e-05,66258.13357433642,356351397.37610817,2.727248951861927e+33,1.7571693413917711e-34,5369.967885821378,0.4,536.7390926552986,0.4,CONV
1.988997971475075e+33,87956526725.45326,3.997080390180504e-05,65967.37899796583,352454892.7464874,2.727248951861927e+33,1.5492569193899983e-34,5427.167808588104,0.4,546.04663864656,0.4,CONV
1.9889979935480724e+33,87962225615.73032,3.970518495326843e-05,65674.76517627448,348559394.5125678,2.727248951861927e+33,1.3638315256408308e-34,5485.655608659921,0.4,555.6240972741701,0.4,CONV
1.9889980156210696e+33,87967962093.90778,3.943844492845957e-05,65380.259395518064,344664908.9480289,2.727248951861927e+33,1.1986976246756786e-34,5545.475373692308,0.4,565.4824668822082,0.4,CONV
1.9889980376940668e+33,87973736830.24487,3.9170566336746846e-05,65083.82799485837,340771442.4372206,2.727248951861927e+33,1.0518500594032725e-34,5606.673223675473,0.4,575.6333252926809,0.4,CONV
1.988998059767064e+33,87979550514.64545,3.8901531214678933e-05,64785.436327951466,336879001.47838056,2.727248951861927e+33,9.214597128039928e-35,5669.297429165647,0.4,586.0888673896278,0.4,CONV
1.9889980818400613e+33,87985403857.46432,3.863132110767255e-05,64485.048722521926,332987592.68698287,2.727248951861927e+33,8.058600778088477e-35,5733.398537852046,0.4,596.8619456079465,0.4,CONV
1.9889981039130586e+33,87991297590.35646,3.835991705077182e-05,64182.62843779331,329097222.7992241,2.727248951861927e+33,7.035346894004298e-35,5799.029510150791,0.4,607.9661135881629,0.4,CONV
1.9889981259860558e+33,87997232467.17168,3.8087299548420787e-05,63878.137619634654,325207898.67565525,2.727248951861927e+33,6.131053746635823e-35,5866.245864585659,0.4,619.4156732855221,0.4,CONV
1.988998148059053e+33,88003209264.89796,3.781344855318627e-05,63571.53725327211,321319627.30496675,2.727248951861927e+33,5.33321278168845e-35,5935.105833787405,0.4,631.2257258516112,0.4,CONV
1.9889981701320503e+33,88009228784.65665,3.753834344336347e-05,63262.78711340288,317432415.8079351,2.727248951861927e+33,4.630486216907946e-35,6005.670532026972,0.4,643.4122266404864,0.4,CONV
1.9889981922050475e+33,88015291852.75291,3.7261962999391135e-05,62951.84571153557,313546271.44153976,2.727248951861927e+33,4.0126115884758624e-35,6078.004135287267,0.4,655.99204472868,0.4,CONV
1.9889982142780448e+33,88021399321.78546,3.6984285378998255e-05,62638.67024036687,309661201.60326046,2.727248951861927e+33,3.470312867963786e-35,6152.174074980727,0.4,668.9830273806938,0.4,CONV
1.988998236351042e+33,88027552071.81944,3.67052880909969e-05,62323.21651498904,305777213.83556443,2.727248951861927e+33,2.995217786324303e-35,6228.251246532105,0.4,682.4040699387648,0.4,CONV
1.9889982546096725e+33,88032676450.15111,3.647348968720212e-05,62060.52120553567,302565229.25759625,2.727248951861927e+33,2.6476121643123226e-35,6292.676089838024,0.4,693.8450896448951,0.4,CONV
1.988998272868303e+33,88037832963.0528,3.624075898650764e-05,61796.20921348113,299353994.7787347,2.727248951861927e+33,2.3369371028668272e-35,6358.501153336049,0.4,705.6060044708867,0.4,CONV
1.9889982911269336e+33,88043022154.94597,3.600708216996073e-05,61530.25320783872,296143514.9068249,2.727248951861927e+33,2.0596435593469943e-35,6425.772614322722,0.4,717.6993643398076,0.4,CONV
1.988998309385564e+33,88048244585.40361,3.577244506387905e-05,61262.62509776291,292933794.22610927,2.727248951861927e+33,1.81248622447831e-35,6494.538698273589,0.4,730.1383551511759,0.4,CONV
1.9889983276441946e+33,88053500829.74039,3.5536833126812154e-05,60993.296002968294,289724837.39936,2.727248951861927e+33,1.5925008567078144e-35,6564.849793386724,0.4,742.9368384218494,0.4,CONV
1.988998345902825e+33,88058791479.63257,3.5300231435875846e-05,60722.23622266063,286516649.17009497,2.727248951861927e+33,1.396983047447403e-35,6636.7585728825625,0.4,756.1093938689575,0.4,CONV
1.9889983641614556e+33,88064117143.7695,3.506262467242233e-05,60449.41520288781,283309234.36488116,2.727248951861927e+33,1.2234683443098115e-35,6710.320125678934,0.4,769.6713651889575,0.4,CONV
1.9889983824200862e+33,88069478448.53859,3.482399710700576e-05,60174.801502211914,280102597.8957303,2.727248951861927e+33,1.0697136621944386e-35,6785.592096116831,0.4,783.638909311972,0.4,CONV
1.9889984006787167e+33,88074876038.74585,3.458433258360047e-05,59898.362755595954,276896744.76259136,2.727248951861927e+33,9.336799147707714e-36,6862.634833475009,0.4,798.0290494383905,0.4,CONV
1.9889984189373472e+33,88080310578.37448,3.434361450302539e-05,59620.065636391,273691680.05594474,2.727248951861927e+33,8.135158015332892e-36,6941.511552081912,0.4,812.8597321958517,0.4,CONV
1.9889984371959777e+33,88085782751.38379,3.410182580552564e-05,59339.87581630063,270487408.9595041,2.727248951861927e+33,7.07542688167439e-36,7022.288502909357,0.4,828.1498892891733,0.4,CONV
1.9889984565435463e+33,88091623134.50604,3.384442909244073e-05,59040.87080524719,267092908.1911245,2.727248951861927e+33,6.09045870118106e-36,7110.033940511765,0.4,844.8756001133293,0.4,CONV
1.9889984725346665e+33,88096483426.14935,3.3630748470178984e-05,58792.07270764983,264287972.72738564,2.727248951861927e+33,5.372118726677571e-36,7184.2882246468525,0.4,859.1239225458293,0.4,CONV
1.9889984885257866e+33,88101374218.80026,3.341620605387757e-05,58541.7407910286,261483658.1033654,2.727248951861927e+33,4.731472875642064e-36,7260.164033426531,0.4,873.7721597745144,0.4,CONV
1.9889985045169067e+33,88106296029.51892,3.3200789062899554e-05,58289.84910680316,258679968.06254238,2.727248951861927e+33,4.160903880554129e-36,7337.715022653815,0.4,888.8360473406983,0.4,CONV
1.988998520508027e+33,88111249389.76419,3.2984484388340536e-05,58036.3709844943,255876906.4118911,2.727248951861927e+33,3.653461389203235e-36,7416.9972344371845,0.4,904.3321201605254,0.4,CONV
1.988998536499147e+33,88116234845.95493,3.276727858095547e-05,57781.27900360261,253074477.0236554,2.727248951861927e+33,3.2028108583625334e-36,7498.069230950546,0.4,920.2777624578559,0.4,CONV
1.988998552490267e+33,88121252960.05943,3.254915783850462e-05,57524.544964071785,250272683.8371917,2.727248951861927e+33,2.803185778789066e-36,7580.992237269387,0.4,936.6912614102368,0.4,CONV
1.9889985684813873e+33,88126304310.21497,3.233010799248398e-05,57266.1398552488,247471530.86088482,2.727248951861927e+33,2.4493430547734163e-36,7665.830294007962,0.4,953.5918648291259,0.4,CONV
1.9889985844725074e+33,88131389491.37915,3.211011449420285e-05,57006.03382324694,244671022.17414072,2.727248951861927e+33,2.1365213685365477e-36,7752.650420550384,0.4,970.9998432274524,0.4,CONV
1.9889986004636275e+33,88136509116.01527,3.1889162400168975e-05,56744.196136610226,241871161.92945972,2.727248951861927e+33,1.860402366656292e-36,7841.522789741196,0.4,988.9365566627721,0.4,CONV
1.9889986164547477e+33,88141663814.81369,3.166723635673803e-05,56480.59515017071,239071954.3545946,2.727248951861927e+33,1.617074512425647e-36,7932.520914982261,0.4,1007.4245267835246,0.4,CONV
1.9889986324458678e+33,88146854237.45163,3.144432058398211e-05,56215.198266981126,236273403.75479794,2.727248951861927e+33,1.4029994545765977e-36,8025.721850775382,0.4,1026.4875145499593,0.4,CONV
1.988998648436988e+33,88152081053.39398,3.12203988587273e-05,55947.97189819697,233475514.51516375,2.727248951861927e+33,1.2149807691671444e-36,8121.206407847676,0.4,1046.1506041498208,0.4,CONV
1.988998664428108e+33,88157344952.73775,3.0995454496707594e-05,55678.88142077169,230678291.1030681,2.727248951861927e+33,1.0501349376158896e-36,8219.059384110278,0.4,1066.4402936837462,0.4,CONV
1.9889986804192282e+33,88162646647.10304,3.076947033377765e-05,55407.89113281827,227881738.0707145,2.727248951861927e+33,9.058644298824659e-37,8319.369812823203,0.4,1087.3845932561778,0.4,CONV
1.9889986964103483e+33,88167986870.57394,3.054242870612312e-05,55134.964206478464,225085860.05778965,2.727248951861927e+33,7.7983276763755e-37,8422.23122947672,0.4,1109.0131311759496,0.4,CONV
1.9889987124014685e+33,88173366380.69247,3.0314311429401657e-05,54860.062638128176,222290661.79423594,2.727248951861927e+33,6.6994144793922265e-37,8527.741959054318,0.4,1131.3572690475405,0.4,CONV
1.9889987283925886e+33,88178785959.50954,3.0085099776743173e-05,54583.14719573355,219496148.10314715,2.727248951861927e+33,5.743086134405712e-37,8636.005425511266,0.4,1154.4502266197987,0.4,CONV
1.9889987416048727e+33,88183294560.68726,2.9894879746204815e-05,54352.80427330688,217187767.33248758,2.727248951861927e+33,5.048482243397116e-37,8727.609511763956,0.4,1174.1201363804528,0.4,CONV
1.988998754817157e+33,88187831534.9237,2.970388829624129e-05,54121.03540484925,214879860.06710824,2.727248951861927e+33,4.431104847673019e-37,8821.231324090068,0.4,1194.3461845557079,0.4,CONV
1.988998768029441e+33,88192397364.47472,2.951211395755167e-05,53887.81639964756,212572429.18016866,2.727248951861927e+33,3.883147180390579e-37,8916.93807411252,0.4,1215.1503867158738,0.4,CONV
1.9889987812417252e+33,88196992545.06131,2.9319544965476156e-05,53653.12239216064,210265477.59370625,2.727248951861927e+33,3.3975100015277977e-37,9014.799979734753,0.4,1236.555882859744,0.4,CONV
1.9889987944540094e+33,88201617586.39595,2.9126169249104412e-05,53416.927815659976,207959008.2800055,2.727248951861927e+33,2.967745176323312e-37,9114.890434521341,0.4,1258.5870079997464,0.4,CONV
1.9889988076662935e+33,88206273012.73535,2.8931974419858293e-05,53179.206374540096,205653024.263021,2.727248951861927e+33,2.588003110042891e-37,9217.286188626254,0.4,1281.2693680202738,0.4,CONV
1.9889988208785777e+33,88210959363.46153,2.873694775951779e-05,52939.93101521596,203347528.61985654,2.727248951861927e+33,2.2529838219416108e-37,9322.067542197688,0.4,1304.6299212676818,0.4,CONV
1.9889988340908618e+33,88215677193.69287,2.854107620765621e-05,52699.07389551861,201042524.48230416,2.727248951861927e+33,1.9578914507097843e-37,9429.318552269508,0.4,1328.6970663753075,0.4,CONV
1.988998847303146e+33,88220427074.927,2.8344346348448634e-05,52456.60635249363,198738015.03844512,2.727248951861927e+33,1.6983919928327552e-37,9539.127254249324,0.4,1353.5007368781803,0.4,CONV
1.9889988605154302e+33,88225209595.71774,2.8146744396814688e-05,52212.49886849977,196434003.53431684,2.727248951861927e+33,1.4705740841686461e-37,9651.5858992141,0.4,1379.0725032279108,0.4,CONV
1.9889988737277143e+33,88230025362.38814,2.794825618385403e-05,51966.721035497234,194130493.27564892,2.727248951861927e+33,1.2709126436545854e-37,9766.79120834298,0.4,1405.4456828813861,0.4,CONV
1.9889988869399985e+33,88234874999.78204,2.7748867141529655e-05,51719.241517406495,191827487.62967214,2.727248951861927e+33,1.0962352063953244e-37,9884.844645944986,0.4,1432.655459206908,0.4,CONV
1.9889989001522826e+33,88239759152.05684,2.7548562286550848e-05,51470.02801040929,189524990.02700433,2.727248951861927e+33,9.43690781471376e-38,10005.85271268148,0.4,1460.739010029618,0.4,CONV
1.9889989133645668e+33,88244678483.51996,2.7347326203403757e-05,51219.04720105308,187223003.9636173,2.727248951861927e+33,8.107210776299527e-38,10129.92726074526,0.4,1489.7356467261343,0.4,CONV
1.988998926576851e+33,88249633679.51237,2.7145143026473642e-05,50966.26472200926,184921533.0028893,2.727248951861927e+33,6.950339475959148e-38,10257.185832931209,0.4,1519.6869648759753,0.4,CONV
1.988998939789135e+33,88254625447.34212,2.6941996421198412e-05,50711.645105323165,182620580.7777482,2.727248951861927e+33,5.945789090633653e-38,10387.752027735272,0.4,1550.6370075881869,0.4,CONV
1.9889989530014193e+33,88259654517.27144,2.6737869564188147e-05,50455.151732980536,180320150.99290982,2.727248951861927e+33,5.0752460750642e-38,10521.755892834959,0.4,1582.6324427448578,0.4,CONV
1.9889989639136876e+33,88263836780.40974,2.6568526007462112e-05,50241.86945093063,178420580.37338197,2.727248951861927e+33,4.445638947153225e-38,10635.121282219905,0.4,1609.881373849962,0.4,CONV
1.988998974825956e+33,88268045440.71114,2.639849192859816e-05,50027.26127481702,176521370.87646022,2.727248951861927e+33,3.888003013017631e-38,10714.109187195274,0.4,1632.285369615961,0.4,CONV
1.9889989857382242e+33,88272280948.11008,2.6227757033137022e-05,49811.30464495921,174622524.70699963,2.727248951861927e+33,3.394835632381961e-38,10744.326053665154,0.4,1647.545487695504,0.4,CONV
1.9889989966504925e+33,88276543765.13933,2.6056310760771644e-05,49593.976370523895,172724044.10748118,2.727248951861927e+33,2.9593380286528665e-38,10775.010018416971,0.4,1663.1230938117133,0.4,CONV
1.9889990075627608e+33,88280834367.4238,2.5884142275515853e-05,49375.252604800145,170825931.35906887,2.727248951861927e+33,2.5753568912005285e-38,10806.173547816477,0.4,1679.0284211714868,0.4,CONV
1.988999018475029e+33,88285153244.19928,2.5711240455397288e-05,49155.10881922308,168928188.7827085,2.727248951861927e+33,2.2373301601315778e-38,10837.829583801376,0.4,1695.272151535367,0.4,CONV
1.9889990293872974e+33,88289500898.85783,2.553759388164616e-05,48933.51977606811,167030818.7402701,2.727248951861927e+33,1.9402367440660868e-38,10869.991567585026,0.4,1711.8654401826361,0.4,CONV
1.9889990402995657e+33,88293877849.52133,2.536319082734911e-05,48710.459499731885,165133823.6357365,2.727248951861927e+33,1.6795499331165057e-38,10902.673464824684,0.4,1728.8199425672171,0.4,CONV
1.988999051211834e+33,88298284629.64511,2.518801924553537e-05,48485.90124650999,163237205.91644004,2.727248951861927e+33,1.4511942805686288e-38,10935.889792362444,0.4,1746.1478427996842,0.4,CONV
1.9889990621241023e+33,88302721788.65355,2.5012066756660008e-05,48259.817472774346,161340968.07435048,2.727248951861927e+33,1.2515057376919094e-38,10969.655646657113,0.4,1763.8618841033856,0.4,CONV
1.9889990730363706e+33,88307189892.60968,2.4835320635446242e-05,48032.17980144612,159445112.64741617,2.727248951861927e+33,1.0771948366627043e-38,11003.98673403484,0.4,1781.9754014063994,0.4,CONV
1.988999083948639e+33,88311689524.92117,2.4657767797046253e-05,47802.95898665145,157549642.2209621,2.727248951861927e+33,9.253127267770045e-39,11038.899402897185,0.4,1800.502356246355,0.4,CONV
1.9889990948609072e+33,88316221287.08504,2.447939478247644e-05,47572.12487643891,155654559.4291473,2.727248951861927e+33,7.932198789638471e-39,11074.410678040145,0.4,1819.4573741824859,0.4,CONV
1.9889991057731755e+33,88320785799.4736,2.4300187743280162e-05,47339.64637342743,153759866.9564852,2.727248951861927e+33,6.785572830952042e-39,11110.538297248077,0.4,1838.8557849276722,0.4,CONV
1.9889991166854438e+33,88325383702.16475,2.412013242536672e-05,47105.4913932434,151865567.53943047,2.727248951861927e+33,5.79219971727437e-39,11147.300750344128,0.4,1858.7136654345188,0.4,CONV
1.988999127597712e+33,88330015655.81935,2.393921415197187e-05,46869.626820593614,149971663.9680357,2.727248951861927e+33,4.9333271271050485e-39,11184.717320894966,0.4,1879.0478861928038,0.4,CONV
1.9889991385099804e+33,88334682342.6093,2.37574178056805e-05,46632.01846280844,148078159.08768266,2.727248951861927e+33,4.1922772157058146e-39,11222.808130785848,0.4,1899.876161021444,0.4,CONV
1.9889991475189782e+33,88338561760.0069,2.360665684356738e-05,46434.513597566955,146515213.61948958,2.727248951861927e+33,3.658704299575306e-39,11254.778287083573,0.4,1917.457151538364,0.4,CONV
1.988999156527976e+33,88342465739.57227,2.3455277776911534e-05,46235.77565739001,144952543.53569332,2.727248951861927e+33,3.1878553893588014e-39,11287.234599882853,0.4,1935.3985118179914,0.4,CONV
1.9889991655369738e+33,88346394701.2178,2.330327136401204e-05,46035.783596359084,143390150.52798074,2.727248951861927e+33,2.7729867709383723e-39,11320.189825490812,0.4,1953.7116690396108,0.4,CONV
1.9889991745459717e+33,88350349076.64912,2.3150628123792478e-05,45834.51577793958,141828036.31700245,2.727248951861927e+33,2.408009643019355e-39,11353.657198371866,0.4,1972.4085427608948,0.4,CONV
1.9889991835549695e+33,88354329309.82866,2.299733832692174e-05,45631.94995177254,140266202.653189,2.727248951861927e+33,2.0874335957724712e-39,11387.650454554869,0.4,1991.5015718413829,0.4,CONV
1.9889991925639673e+33,88358335857.46292,2.2843391986503764e-05,45428.063229288025,138704651.31759968,2.727248951861927e+33,1.8063143289325606e-39,11422.183856460244,0.4,2011.0037431566027,0.4,CONV
1.988999201572965e+33,88362369189.51463,2.2688778848310583e-05,45222.83205806642,137143384.12280485,2.727248951861927e+33,1.5602053418142862e-39,11457.272219249355,0.4,2030.9286222434262,0.4,CONV
1.988999210581963e+33,88366429789.7416,2.2533488380530494e-05,45016.23219486861,135582402.91380408,2.727248951861927e+33,1.3451133411909157e-39,11492.930938809435,0.4,2051.290386030422,0.4,CONV
1.9889992195909607e+33,88370518156.26373,2.2377509763001738e-05,44808.23867724983,134021709.56898181,2.727248951861927e+33,1.1574571259779986e-39,11529.176021494668,0.4,2072.103857820687,0.4,CONV
1.9889992285999585e+33,88374634802.16043,2.2220831875899495e-05,44598.825793665674,132461306.00110227,2.727248951861927e+33,9.94029720173451e-40,11566.02411575546,0.4,2093.384544710421,0.4,CONV
1.9889992376089563e+33,88378780256.0998,2.2063443287841854e-05,44387.96705197149,130901194.15834622,2.727248951861927e+33,8.519635375458315e-40,11603.492545799549,0.4,2115.148677643732,0.4,CONV
1.9889992466179542e+33,88382955063.0023,2.190533224337751e-05,44175.63514620895,129341376.02539136,2.727248951861927e+33,7.28698373138901e-40,11641.599347441861,0.4,2137.4132543233604,0.4,CONV
1.988999255626952e+33,88387159784.74092,2.17464866498155e-05,43961.80192156487,127781853.62453897,2.727248951861927e+33,6.219520277851163e-40,11680.36330631246,0.4,2160.196085217939,0.4,CONV
1.9889992646359498e+33,88391395000.88017,2.1586894063353814e-05,43746.438337378466,126222629.01688942,2.727248951861927e+33,5.2969338250338425e-40,11719.803998610056,0.4,2183.5158429303015,0.4,CONV
1.9889992736449476e+33,88395661309.45702,2.1426541674460634e-05,43529.51442806306,124663704.30356906,2.727248951861927e+33,4.501177499068842e-40,11759.941834602207,0.4,2207.3921152169382,0.4,CONV
1.9889992826539454e+33,88399959327.80615,2.1265416292458103e-05,43310.99926179725,123105081.6270116,2.727248951861927e+33,3.8162433957604535e-40,11800.798105096505,0.4,2231.845461978443,0.4,CONV
1.9889992916629432e+33,88404289693.4332,2.1103504329254554e-05,43090.860896828664,121546763.17229705,2.727248951861927e+33,3.2279568376867744e-40,11842.395031123993,0.4,2256.897476572499,0.4,CONV
1.9889992991061912e+33,88407892318.58606,2.0969129074459866e-05,42907.73427046142,120259509.13579682,2.727248951861927e+33,2.805873889261251e-40,11877.337690109523,0.4,2278.06322028823,0.4,CONV
1.9889993065494392e+33,88411517856.20479,2.0834199222578993e-05,42723.45795253373,118972465.56520045,2.727248951861927e+33,2.4348849534289136e-40,11912.81536769763,0.4,2299.666486871989,0.4,CONV
1.988999313992687e+33,88415166699.72525,2.0698706445519447e-05,42538.01223149752,117685633.76283412,2.727248951861927e+33,2.1093171768563096e-40,11948.842191569098,0.4,2321.7212486035273,0.4,CONV
1.988999321435935e+33,88418839253.68205,2.056264219852358e-05,42351.37684014454,116399015.05342606,2.727248951861927e+33,1.8240686689966714e-40,11985.432822124665,0.4,2344.2420837072186,0.4,CONV
1.988999328879183e+33,88422535934.14685,2.0425997712095722e-05,42163.53093367286,115112610.78474088,2.727248951861927e+33,1.5745571933557314e-40,12022.60247871205,0.4,2367.2442096884756,0.4,CONV
1.988999336322431e+33,88426257169.189,2.0288763983535834e-05,41974.45306663463,113826422.32823911,2.727248951861927e+33,1.3566728917784044e-40,12060.366967453707,0.4,2390.743518900616,0.4,CONV
1.988999343765679e+33,88430003399.35999,2.0150931768055723e-05,41784.121168694845,112540451.07976308,2.727248951861927e+33,1.1667347725110491e-40,12098.742710790413,0.4,2414.7566165181397,0.4,CONV
1.988999351208927e+33,88433775078.20314,2.001249156945241e-05,41592.51251912559,111254698.4602507,2.727248951861927e+33,1.0014507073759438e-40,12137.746778868965,0.4,2439.300861109104,0.4,CONV
1.988999358652175e+33,88437572672.7902,1.987343363031106e-05,41399.6037199546,109969165.9164785,2.727248951861927e+33,8.578806973880483e-41,12177.39692291056,0.4,2464.394408016591,0.4,CONV
1.988999366095423e+33,88441396664.2866,1.9733747921708218e-05,41205.37066768066,108683854.9218355,2.727248951861927e+33,7.3340317955817e-41,12217.711610710767,0.4,2490.0562557793596,0.4,CONV
1.988999373538671e+33,88445247548.54724,1.9593424132383582e-05,41009.78852346155,107398766.97712961,2.727248951861927e+33,6.256841604841976e-41,12258.710064432984,0.4,2516.3062958431638,0.4,CONV
1.9889993814253928e+33,88449357784.18481,1.9444031709214917e-05,40801.05289637978,106037357.68795049,2.727248951861927e+33,5.275283607790306e-41,12302.919611508605,0.4,2544.785339964752,0.4,CONV
1.9889993879326077e+33,88452772687.0275,1.9320212733403845e-05,40627.643963374336,104914270.62306671,2.727248951861927e+33,4.573999597641754e-41,12340.008745149422,0.4,2568.816208485879,0.4,CONV
1.9889993944398226e+33,88456209325.15736,1.9195881624548768e-05,40453.14475465661,103791357.52782315,2.727248951861927e+33,3.9591557702545705e-41,12377.667200000094,0.4,2593.3455585576476,0.4,CONV
1.9889994009470376e+33,88459668072.05196,1.907103068728916e-05,40277.53656315,102668619.48145887,2.727248951861927e+33,3.42096131290702e-41,12415.910040541874,0.4,2618.3893494167323,0.4,CONV
1.9889994074542525e+33,88463149311.73177,1.894565202592604e-05,40100.80015405262,101546057.58179355,2.727248951861927e+33,2.950633107921346e-41,12454.75290029158,0.4,2643.9642338473095,0.4,CONV
1.9889994139614674e+33,88466653439.17688,1.8819737536952393e-05,39922.91574399159,100423672.94575398,2.727248951861927e+33,2.540302844948153e-41,12494.212009860428,0.4,2670.0875964059423,0.4,CONV
1.9889994204686823e+33,88470180860.76488,1.8693278901219162e-05,39743.86297911334,99301466.70992151,2.727248951861927e+33,2.1829316540954259e-41,12534.304226726752,0.4,2696.77759420793,0.4,CONV
1.9889994269758973e+33,88473731994.73134,1.8566267575714764e-05,39563.62091204302,98179440.03110147,2.727248951861927e+33,1.8722317395542828e-41,12575.04706684828,0.4,2724.0532004779916,0.4,CONV
1.9889994334831122e+33,88477307271.65442,1.8438694784934496e-05,39382.167977641155,97057594.08691561,2.727248951861927e+33,1.6025945228598074e-41,12616.458738249805,0.4,2751.9342510865486,0.4,CONV
1.988999439990327e+33,88480907134.965,1.8310551511814366e-05,39199.481967480264,95935930.07641906,2.727248951861927e+33,1.3690248331489756e-41,12658.558176733492,0.4,2780.4414943133775,0.4,CONV
1.988999446497542e+33,88484532041.48407,1.8181828488202092e-05,39015.54000295819,94814449.22074266,2.727248951861927e+33,1.1670807087590393e-41,12701.365083874174,0.4,2809.5966441034852,0.4,CONV
1.988999453004757e+33,88488182461.98924,1.8052516184835963e-05,38830.31850695836,93693152.76376249,2.727248951861927e+33,9.928184002912618e-42,12744.899967472144,0.4,2839.4224371042983,0.4,CONV
1.988999459511972e+33,88491858881.81213,1.7922604800799908e-05,38643.7931739604,92572041.97279777,2.727248951861927e+33,8.427421898816346e-42,12789.184184656015,0.4,2869.9426938020188,0.4,CONV
1.9889994660191868e+33,88495561801.46892,1.77920842524209e-05,38455.93893849648,91451118.13933879,2.727248951861927e+33,7.137586649016884e-42,12834.239987843202,0.4,2901.1823841053306,0.4,CONV
1.9889994725264018e+33,88499291737.3262,1.766094416157189e-05,38266.729941840764,90330382.57980657,2.727248951861927e+33,6.031351066986615e-42,12880.090573783385,0.4,2933.1676977586226,0.4,CONV
1.9889994790336167e+33,88503049222.30461,1.7529173843340938e-05,38076.1394968098,89209836.63634594,2.727248951861927e+33,5.084616763050315e-42,12873.584131777732,0.4,2953.725375346734,0.4,CONV
1.9889994855408316e+33,88506834806.62282,1.739676229302361e-05,37884.14005054197,88089481.67765412,2.727248951861927e+33,4.2761709933778276e-42,12823.894502766452,0.4,2964.7207112031256,0.4,CONV
1.9889994920480466e+33,88510649058.58485,1.7263698172392702e-05,37690.70314511285,86969319.09984659,2.727248951861927e+33,3.587375716002237e-42,12773.772974730946,0.4,2975.8965737851863,0.4,CONV
1.9889994974706365e+33,88513849871.01903,1.71523063300905e-05,37528.38915898421,86036013.62216066,2.727248951861927e+33,3.0929320787192146e-42,12731.669065131942,0.4,2985.35137313454,0.4,CONV
1.9889995028932264e+33,88517071348.58923,1.704044626552913e-05,37365.03902906356,85102843.5663307,2.727248951861927e+33,2.6618240137737178e-42,12689.253154405404,0.4,2994.9384297132196,0.4,CONV
1.9889995083158163e+33,88520313851.49254,1.692811084245135e-05,37200.63471944909,84169809.78663923,2.727248951861927e+33,2.2865751843472126e-42,12646.519490344239,0.4,3004.661060822625,0.4,CONV
1.9889995137384062e+33,88523577750.2419,1.6815292736122642e-05,37035.1576780263,83236913.15229273,2.727248951861927e+33,1.960514000935952e-42,12603.462150079416,0.4,3014.5227045780816,0.4,CONV
1.988999519160996e+33,88526863426.07974,1.6701984426200758e-05,36868.58881577678,82304154.54785079,2.727248951861927e+33,1.67769569284324e-42,12560.075033057463,0.4,3024.526925709066,0.4,CONV
1.988999524583586e+33,88530171271.41309,1.658817818925227e-05,36700.90848501514,81371534.87367254,2.727248951861927e+33,1.432831047944723e-42,12516.351853646724,0.4,3034.6774217066722,0.4,CONV
1.9889995300061759e+33,88533501690.27144,1.647386609089439e-05,36532.09645648575,80439055.04638125,2.727248951861927e+33,1.2212213289806077e-42,12472.286133347852,0.4,3044.9780293432095,0.4,CONV
1.9889995354287658e+33,88536855098.78891,1.6359039977538746e-05,36362.131895245664,79506715.99934807,2.727248951861927e+33,1.0386989047280474e-42,12427.871192583185,0.4,3055.432731591209,0.4,CONV
1.9889995408513557e+33,88540231925.71227,1.624369146771218e-05,36190.99333525461,78574518.68319604,2.727248951861927e+33,8.815731630721412e-43,12383.100142036476,0.4,3066.045664971085,0.4,CONV
1.9889995462739456e+33,88543632612.93646,1.6127811942927494e-05,36018.65865258649,77642464.06632514,2.727248951861927e+33,7.465813002695462e-43,12337.965873513018,0.4,3076.821127359511,0.4,CONV
1.9889995516965355e+33,88547057616.06967,1.601139253807534e-05,35845.10503717047,76710553.13546003,2.727248951861927e+33,6.3084360663118485e-43,12292.461050287759,0.4,3087.763586293268,0.4,CONV
1.9889995571191254e+33,88550507405.02965,1.5894424131305896e-05,35670.30896296197,75778786.8962212,2.727248951861927e+33,5.318228934864683e-43,12246.578096905449,0.4,3098.87768780626,0.4,CONV
1.9889995625417153e+33,88553982464.67365,1.5776897333366825e-05,35494.246156436246,74847166.37372124,2.727248951861927e+33,4.472877296742416e-43,12200.309188395711,0.4,3110.1682658411382,0.4,CONV
1.9889995679643052e+33,88557483295.46426,1.5658802476361072e-05,35316.89156328816,73915692.6131874,2.727248951861927e+33,3.752791779806513e-43,12153.646238860925,0.4,3121.6403522803034,0.4,CONV
1.988999573386895e+33,88561010414.17358,1.554012960188536e-05,35138.21931321234,72984366.68061213,2.727248951861927e+33,3.1408074295388065e-43,12106.580889392351,0.4,3133.2991876453993,0.4,CONV
1.988999578809485e+33,88564564354.62854,1.542086844850694e-05,34958.20268262725,72053189.6634331,2.727248951861927e+33,2.6219126141300515e-43,12059.104495266178,0.4,3145.1502325190177,0.4,CONV
1.9889995833260025e+33,88567545330.13837,1.532107824050691e-05,34807.21935022429,71277719.51278374,2.727248951861927e+33,2.2512816548505606e-43,12019.24083838535,0.4,3155.171874303926,0.4,CONV
1.98899958784252e+33,88570545623.84578,1.522086630409739e-05,34655.26778134795,70502354.0926173,2.727248951861927e+33,1.9294434801505824e-43,11979.08049239208,0.4,3165.3342223456984,0.4,CONV
1.9889995923590376e+33,88573565573.71294,1.512022618824463e-05,34502.33105838464,69727094.06750154,2.727248951861927e+33,1.650463808073232e-43,11938.617966614947,0.4,3175.6408189678236,0.4,CONV
1.988999596875555e+33,88576605527.41708,1.5019151270903902e-05,34348.39177769072,68951940.1136595,2.727248951861927e+33,1.4090685309682465e-43,11897.847606864832,0.4,3186.0953359858495,0.4,CONV
1.9889996013920726e+33,88579665842.74161,1.4917634752525569e-05,34193.432030037286,68176892.91930594,2.727248951861927e+33,1.2005773814490213e-43,11856.763588681024,0.4,3196.701580947778,0.4,CONV
1.9889996059085902e+33,88582746887.98737,1.4815669649238412e-05,34037.43338003804,67401953.18499738,2.727248951861927e+33,1.0208435191561256e-43,11815.359910218504,0.4,3207.4635037494063,0.4,CONV
1.9889996104251077e+33,88585849042.4057,1.4713248785690367e-05,33880.376844495186,66627121.623996496,2.727248951861927e+33,8.661985795043032e-44,11773.630384753556,0.4,3218.385203651788,0.4,CONV
1.9889996149416252e+33,88588972696.65451,1.4610364787525176e-05,33722.24286959326,65852398.962651506,2.727248951861927e+33,7.334027554374429e-44,11731.56863278223,0.4,3229.4709367301843,0.4,CONV
1.9889996194581428e+33,88592118253.2788,1.4507010073472081e-05,33563.01130686544,65077785.940791525,2.727248951861927e+33,6.195995115187819e-44,11689.168073684337,0.4,3240.7251237863206,0.4,CONV
1.9889996239746603e+33,88595286127.2175,1.4403176847023739e-05,33402.66138785082,64303283.312138595,2.727248951861927e+33,5.222745565020113e-44,11646.421916924299,0.4,3252.1523587588326,0.4,CONV
1.9889996284911779e+33,88598476746.3382,1.4298857087675849e-05,33241.171697354985,63528891.84473741,2.727248951861927e+33,4.392187259171426e-44,11603.323152756735,0.4,3263.7574176694766,0.4,CONV
1.9889996330076954e+33,88601690552.00165,1.4194042541699675e-05,33078.52014521885,62754612.32140367,2.727248951861927e+33,3.6849445021696336e-44,11559.86454240249,0.4,3275.545268146153,0.4,CONV
1.988999637524213e+33,88604927999.65828,1.4088724712416717e-05,32914.683936493326,61980445.5401921,2.727248951861927e+33,3.084055067216723e-44,11516.038607658595,0.4,3287.521079567687,0.4,CONV
1.9889996420407305e+33,88608189559.47868,1.3982894849941907e-05,32749.63953990879,61206392.31488529,2.727248951861927e+33,2.5746977502122753e-44,11471.837619901313,0.4,3299.690233878989,0.4,CONV
1.988999646557248e+33,88611475717.02075,1.3876543940359511e-05,32583.36265451918,60432453.475504525,2.727248951861927e+33,2.1439473569924298e-44,11427.25358843973,0.4,3312.058337130196,0.4,CONV
1.9889996510737655e+33,88614786973.93579,1.3769662694292464e-05,32415.82817439044,59658629.86884388,2.727248951861927e+33,1.7805547127912815e-44,11382.27824817159,0.4,3324.6312317978727,0.4,CONV
1.988999654833653e+33,88617563029.44884,1.3680275341644678e-05,32275.38204254498,59014529.66270127,2.727248951861927e+33,1.522339651651991e-44,11344.532787885406,0.4,3335.258433816563,0.4,CONV
1.9889996585935404e+33,88620357146.61263,1.3590508143294112e-05,32134.030978002804,58370510.421004236,2.727248951861927e+33,1.299069311979045e-44,11306.505130389796,0.4,3346.0354298046573,0.4,CONV
1.9889996623534278e+33,88623169642.64235,1.3500355266408907e-05,31991.759106017504,57726572.66057326,2.727248951861927e+33,1.1063639985257133e-44,11268.190032264367,0.4,3356.9660057051324,0.4,CONV
1.9889996661133153e+33,88626000843.9079,1.3409810722926444e-05,31848.550093954327,57082716.907330364,2.727248951861927e+33,9.40347625190273e-45,11229.58209331045,0.4,3368.0540864079344,0.4,CONV
1.9889996698732027e+33,88628851086.30382,1.3318868363635228e-05,31704.387132793207,56438943.69656293,2.727248951861927e+33,7.975952113976646e-45,11190.675750049177,0.4,3379.3037424727745,0.4,CONV
1.98899967363309e+33,88631720715.63853,1.3227521871961417e-05,31559.25291766608,55795253.57319818,2.727248951861927e+33,6.750852653550906e-45,11123.694714910738,0.4,3382.275270996016,0.4,CONV
1.9889996773929776e+33,88634610088.04417,1.313576475744185e-05,31413.129627366383,55151647.09208895,2.727248951861927e+33,5.70156656526732e-45,11020.669257417876,0.4,3374.357700206855,0.4,CONV
1.988999681152865e+33,88637519570.40831,1.3043590348863709e-05,31265.99890276388,54508124.81831137,2.727248951861927e+33,4.8046960711692855e-45,10917.41899325826,0.4,3366.3671011479123,0.4,CONV
1.9889996849127524e+33,88640449540.829,1.2950991787049923e-05,31117.841824052768,53864687.32747498,2.727248951861927e+33,4.039704582642043e-45,10813.940735217244,0.4,3358.301930881238,0.4,CONV
1.98899968867264e+33,88643400389.09473,1.2857962017267406e-05,30968.63888675538,53221335.20604611,2.727248951861927e+33,3.3885989109318846e-45,10710.231212696883,0.4,3350.160595099992,0.4,CONV
1.9889996924325273e+33,88646372517.191,1.276449378123371e-05,30818.36997639764,52578069.05168514,2.727248951861927e+33,2.8356430581031405e-45,10606.287068508424,0.4,3341.941445778434,0.4,CONV
1.9889996961924148e+33,88649366339.83516,1.2670579608695734e-05,30667.014341765633,51934889.473598436,2.727248951861927e+33,2.3671008372141433e-45,10502.104855500776,0.4,3333.6427786843647,0.4,CONV
1.9889996999523022e+33,88652382285.04172,1.2576211808551981e-05,30514.550566645332,51291797.09290584,2.727248951861927e+33,1.9710047745421185e-45,10397.681033014796,0.4,3325.262830744264,0.4,CONV
1.9889997037121896e+33,88655420794.72006,1.2481382459487616e-05,30360.95653993943,50648792.54302457,2.727248951861927e+33,1.6369489384300934e-45,10293.011963152065,0.4,3316.799777250476,0.4,CONV
1.988999707472077e+33,88658482325.30695,1.2386083400089138e-05,30206.209424046363,50005876.47007041,2.727248951861927e+33,1.3559035193218578e-45,10188.093906845403,0.4,3308.2517288986332,0.4,CONV
1.9889997112319645e+33,88661567348.43623,1.2290306218402663e-05,30050.28562137692,49363049.53327732,2.727248951861927e+33,1.1200491543342597e-45,10082.923019719034,0.4,3299.616728643046,0.4,CONV
1.988999714360361e+33,88664152483.01784,1.2210244622610972e-05,29919.635593584175,48828256.836680695,2.727248951861927e+33,9.533605671882728e-46,9995.220537517811,0.4,3292.3642881073315,0.4,CONV
1.9889997174887577e+33,88666754508.29048,1.2129840883435142e-05,29788.139584958804,48293526.709433176,2.727248951861927e+33,8.098681430997887e-46,9907.33794763145,0.4,3285.0490406121257,0.4,CONV
1.9889997206171542e+33,88669373722.14528,1.2049089725218272e-05,29655.782691599143,47758859.55336254,2.727248951861927e+33,6.8657528403373376e-46,9819.27285564811,0.4,3277.669741427758,0.4,CONV
1.9889997237455508e+33,88672010431.10663,1.1967985731310032e-05,29522.549577885206,47224255.77740416,2.727248951861927e+33,5.8084159747809e-46,9731.02280844031,0.4,3270.2251069825566,0.4,CONV
1.9889997268739474e+33,88674664950.68265,1.1886523338668413e-05,29388.424458964,46689715.79780789,2.727248951861927e+33,4.903443647748236e-46,9642.585292049365,0.4,3262.7138131986603,0.4,CONV
1.988999730002344e+33,88677337605.73386,1.180469683219096e-05,29253.39108231646,46155240.038353376,2.727248951861927e+33,4.130437485041568e-46,9553.957729468513,0.4,3255.1344937366,0.4,CONV
1.9889997331307406e+33,88680028730.86153,1.1722500338758693e-05,29117.432708346627,45620828.930574305,2.727248951861927e+33,3.4715141963975528e-46,9465.137478318895,0.4,3247.4857381427273,0.4,CONV
1.9889997362591372e+33,88682738670.81679,1.1639927820974528e-05,28980.532089929282,45086482.91399196,2.727248951861927e+33,2.9110230853751063e-46,9376.121828411891,0.4,3239.766089892826,0.4,CONV
1.9889997393875338e+33,88685467780.93198,1.155697307057687e-05,28842.671450847098,44552202.43635863,2.727248951861927e+33,2.435292057638334e-46,9286.90799919085,0.4,3231.9740443248447,0.4,CONV
1.9889997425159304e+33,88688216427.57574,1.147362970150736e-05,28703.83246304308,44017987.95391149,2.727248951861927e+33,2.0323995937575982e-46,9197.493137044337,0.4,3224.108046452902,0.4,CONV
1.988999745644327e+33,88690984988.63338,1.1389891142610248e-05,28563.996222608086,43483839.931637354,2.727248951861927e+33,1.6919703459660171e-46,9107.874312483767,0.4,3216.166488654552,0.4,CONV
1.9889997487727235e+33,88693773854.01425,1.130575062993906e-05,28423.14322441673,42949758.84354911,2.727248951861927e+33,1.40499219947618e-46,9018.04851717558,0.4,3208.1477082219044,0.4,CONV
1.98899975190112e+33,88696583426.18817,1.1221201198644369e-05,28281.253335317888,42415745.17297434,2.727248951861927e+33,1.1636528085695445e-46,8928.012660819642,0.4,3200.049984767134,0.4,CONV
1.9889997550295167e+33,88699414120.75266,1.113623567441423e-05,28138.305765778285,41881799.4128569,2.727248951861927e+33,9.611937762854737e-47,8837.763567863478,0.4,3191.871537471679,0.4,CONV
1.9889997581579133e+33,88702266367.03337,1.105084666443671e-05,27994.279039869096,41347922.06607222,2.727248951861927e+33,7.917807947041711e-47,8747.297974041161,0.4,3183.610522167446,0.4,CONV
1.98899976128631e+33,88705140608.72015,1.0965026547851298e-05,27849.15096347619,40814113.64575707,2.727248951861927e+33,6.503882010716005e-47,8656.612522725958,0.4,3175.265028237775,0.4,CONV
1.988999763866878e+33,88707528407.86716,1.0893904764169893e-05,27728.59177909352,40373835.225989625,2.727248951861927e+33,5.517643552250978e-47,8581.639513457145,0.4,3168.3159687542575,0.4,CONV
1.988999766447446e+33,88709931750.831,1.0822479759119985e-05,27607.254316774837,39933604.361988515,2.727248951861927e+33,4.671507950536761e-47,8506.512568534921,0.4,3161.3069319423507,0.4,CONV
1.988999769028014e+33,88712350910.70244,1.075074687517135e-05,27485.124916648885,39493421.358543,2.727248951861927e+33,3.946957337561316e-47,8431.229650739997,0.4,3154.2367335966887,0.4,CONV
1.988999771608582e+33,88714786168.45627,1.0678701330801766e-05,27362.18952467683,39053286.525813766,2.727248951861927e+33,3.327732189341e-47,8355.788673100973,0.4,3147.104152700055,0.4,CONV
1.9889997741891502e+33,88717237813.26991,1.060633821576828e-05,27238.433676723194,38613200.17948868,2.727248951861927e+33,2.799579828568578e-47,8280.18749710902,0.4,3139.907929852295,0.4,CONV
1.9889997767697182e+33,88719706142.85887,1.0533652486142462e-05,27113.842481794825,38173162.6409449,2.727248951861927e+33,2.3500281646695827e-47,8204.423930847319,0.4,3132.6467656134805,0.4,CONV
1.9889997793502863e+33,88722191463.82973,1.0460638959094973e-05,26988.40060439435,37733174.237417586,2.727248951861927e+33,1.9681824291963105e-47,8128.495727030574,0.4,3125.319318755721,0.4,CONV
1.9889997819308544e+33,88724694092.05212,1.0387292307413782e-05,26862.09224593055,37293235.302175716,2.727248951861927e+33,1.6445428365263366e-47,8052.400580948866,0.4,3117.924204417368,0.4,CONV
1.9889997845114224e+33,88727214353.0508,1.031360705373911e-05,26734.901125123575,36853346.17470519,2.727248951861927e+33,1.3708412608822505e-47,7976.136128310331,0.4,3110.4599921530726,0.4,CONV
1.9889997870919905e+33,88729752582.41908,1.023957756449694e-05,26606.810457337935,36413507.200899825,2.727248951861927e+33,1.1398951713041935e-47,7899.69994297617,0.4,3102.92520387241,0.4,CONV
1.9889997896725586e+33,88732309126.25539,1.0165198043511507e-05,26477.802932771137,35973718.73326047,2.727248951861927e+33,9.454772069110767e-48,7823.0895345811305,0.4,3095.3183116592063,0.4,CONV
1.9889997924060674e+33,88735037559.16072,1.008602191931432e-05,26340.129759308344,35507921.10110857,2.727248951861927e+33,7.733957690594595e-48,7741.745845807385,0.4,3087.180188055666,0.4,CONV
1.9889997946782036e+33,88737321735.28445,1.0019900214004599e-05,26224.879686969587,35120786.42444138,2.727248951861927e+33,6.529759424295359e-48,7673.978469734753,0.4,3080.351332003958,0.4,CONV
1.9889997969503398e+33,88739620948.82518,9.953493161027678e-06,26108.87685446284,34733691.73682518,2.727248951861927e+33,5.501474577304754e-48,7606.0700465882655,0.4,3073.4628553261086,0.4,CONV
1.988999799222476e+33,88741935466.9814,9.886796327694251e-06,25992.10789882469,34346637.297767125,2.727248951861927e+33,4.6251510135645425e-48,7538.018689451929,0.4,3066.5135673906775,0.4,CONV
1.9889998014946122e+33,88744265564.75418,9.819805161954277e-06,25874.559067048784,33959623.371400625,2.727248951861927e+33,3.879852135202182e-48,7469.822464807467,0.4,3059.502240127661,0.4,CONV
1.9889998037667484e+33,88746611525.26624,9.752514987792034e-06,25756.21620013992,33572650.226621106,2.727248951861927e+33,3.2473092961157795e-48,7401.479390842364,0.4,3052.4276064118735,0.4,CONV
1.9889998060388846e+33,88748973640.09787,9.684921000388604e-06,25637.064716325513,33185718.137227274,2.727248951861927e+33,2.711610437174199e-48,7332.987435676782,0.4,3045.2883583572752,0.4,CONV
1.9889998083110208e+33,88751352209.64085,9.617018261037249e-06,25517.089593369546,32798827.382068276,2.727248951861927e+33,2.2589215866668622e-48,7264.344515504102,0.4,3038.0831455160987,0.4,CONV
1.988999810583157e+33,88753747543.4715,9.548801691795938e-06,25396.275349929936,32411978.24519708,2.727248951861927e+33,1.8772381399084927e-48,7195.548492639596,0.4,3030.8105729761837,0.4,CONV
1.9889998128552932e+33,88756159960.74411,9.480266069860221e-06,25274.606025895533,32025171.016030334,2.727248951861927e+33,1.5561630838969272e-48,7126.597173471811,0.4,3023.4691993496012,0.4,CONV
1.9889998151274294e+33,88758589790.60626,9.411406021638245e-06,25152.065161633996,31638405.989515148,2.727248951861927e+33,1.2867095676107346e-48,7057.488306310676,0.4,3016.05753464499,0.4,CONV
1.9889998173995656e+33,88761037372.63736,9.34221601650832e-06,25028.635776076153,31251683.466303132,2.727248951861927e+33,1.0611254368716893e-48,6988.219579125313,0.4,3008.574038015201,0.4,CONV
1.9889998196717018e+33,88763503057.31209,9.272690360237938e-06,24904.300343556468,30865003.75293211,2.727248951861927e+33,8.727375555839583e-49,6918.788617165213,0.4,3001.017115371594,0.4,CONV
1.988999821943838e+33,88765987206.49048,9.202823188041401e-06,24779.040769322597,30478367.162015963,2.727248951861927e+33,7.158139234784702e-49,6849.192980456479,0.4,2993.3851168550186,0.4,CONV
1.9889998242159742e+33,88768490193.93657,9.132608457251414e-06,24652.838363619696,30091774.01244305,2.727248951861927e+33,5.8544177506608984e-49,6779.430161165564,0.4,2985.676334153225,0.4,CONV
1.9889998264881104e+33,88771012405.86752,9.062039939577918e-06,24525.673814247257,29705224.62958373,2.727248951861927e+33,4.774200061452526e-49,6709.497580821116,0.4,2977.8889976530304,0.4,CONV
1.9889998287602466e+33,88773554241.5357,8.991111212925341e-06,24397.527157477405,29318719.3455075,2.727248951861927e+33,3.8816442368169494e-49,6639.392587384906,0.4,2970.0212734149986,0.4,CONV
1.988999830647603e+33,88775680840.67783,8.931915443734518e-06,24290.320266271912,28997701.398570765,2.727248951861927e+33,3.2608935378510407e-49,6581.026630166201,0.4,2963.423443509688,0.4,CONV
1.9889998325349594e+33,88777821508.65712,8.872462661606815e-06,24182.40929709899,28676714.310909446,2.727248951861927e+33,2.733457466799662e-49,6522.538223617465,0.4,2956.767709730014,0.4,CONV
1.9889998344223158e+33,88779976496.68407,8.812748854612558e-06,24073.781689219522,28355758.284071464,2.727248951861927e+33,2.286232020631891e-49,6463.925722644616,0.4,2950.052909983728,0.4,CONV
1.9889998363096723e+33,88782146063.34105,8.752769902259076e-06,23964.424513443948,28034833.52321602,2.727248951861927e+33,1.907819322054938e-49,6405.187441331854,0.4,2943.277845455329,0.4,CONV
1.9889998381970287e+33,88784330474.88536,8.69252157128147e-06,23854.32445699359,27713940.23722008,2.727248951861927e+33,1.5883235649634057e-49,6346.321651452362,0.4,2936.4412790123665,0.4,CONV
1.988999840084385e+33,88786530005.56827,8.6319995112197e-06,23743.467807557925,27393078.63878923,2.727248951861927e+33,1.3191691177673395e-49,6287.326580907472,0.4,2929.5419335236083,0.4,CONV
1.9889998419717415e+33,88788744937.97122,8.571199249768595e-06,23631.840436495215,27072248.944573194,2.727248951861927e+33,1.0929386331615122e-49,6228.200412088844,0.4,2922.5784900826025,0.4,CONV
1.988999843859098e+33,88790975563.36035,8.510116187886254e-06,23519.427781119764,26751451.375286214,2.727248951861927e+33,9.032291958433852e-50,6168.941280159822,0.4,2915.5495861305344,0.4,CONV
1.9889998457464544e+33,88793222182.06047,8.44874559464529e-06,23406.214826014657,26430686.155832592,2.727248951861927e+33,7.445247094110491e-50,6109.54727125057,0.4,2908.453813471231,0.4,CONV
1.9889998476338108e+33,88795485103.8499,8.387082601810088e-06,23292.186083303888,26109953.515437663,2.727248951861927e+33,6.120828809513536e-50,6050.016420561462,0.4,2901.2897161706555,0.4,CONV
1.9889998495211672e+33,88797764648.37756,8.325122198121977e-06,23177.32557181249,25789253.68778451,2.727248951861927e+33,5.018353074015559e-50,5990.346710369102,0.4,2894.0557883328015,0.4,CONV
1.9889998514085237e+33,88800061145.60388,8.262859223272796e-06,23061.616795037367,25468586.91115675,2.727248951861927e+33,4.1029930234240135e-50,5930.536067928874,0.4,2886.7504717431457,0.4,CONV
1.98899985329588e+33,88802374936.26718,8.2002883615457e-06,22945.042717845205,25147953.428587716,2.727248951861927e+33,3.3450022613381794e-50,5870.582363266546,0.4,2879.3721533696707,0.4,CONV
1.9889998551832365e+33,88804706372.37735,8.13740413510037e-06,22827.585741806728,24827353.48801645,2.727248951861927e+33,2.7190319687894316e-50,5810.483406852613,0.4,2871.9191627113964,0.4,CONV
1.988999857070593e+33,88807055817.73875,8.074200896877937e-06,22709.22767906895,24506787.342450865,2.727248951861927e+33,2.203531652149424e-50,5750.236947150737,0.4,2864.389768982649,0.4,CONV
1.9889998589579494e+33,88809423648.50464,8.01067282309885e-06,22589.949724658465,24186255.250138532,2.727248951861927e+33,1.7802243296326416e-50,5689.84066803208,0.4,2856.7821781207717,0.4,CONV
1.9889998605245207e+33,88811403272.17033,7.957691308111269e-06,22490.232315427904,23920228.5484186,2.727248951861927e+33,1.4877305532650177e-50,5639.594168799135,0.4,2850.406892527136,0.4,CONV
1.988999862091092e+33,88813396059.99585,7.904478322483453e-06,22389.856274064125,23654225.643204592,2.727248951861927e+33,1.240495395712976e-50,5589.241409903478,0.4,2843.9753515068037,0.4,CONV
1.9889998636576633e+33,88815402248.24883,7.851030234485674e-06,22288.80978929836,23388246.690938782,2.727248951861927e+33,1.0319624840022298e-50,5538.780957233988,0.4,2837.4864201524547,0.4,CONV
1.9889998652242346e+33,88817422080.16637,7.797343313603234e-06,22187.080701582177,23122291.850881483,2.727248951861927e+33,8.564583707301752e-51,5488.211340915162,0.4,2830.9389275044337,0.4,CONV
1.9889998667908058e+33,88819455806.24307,7.743413726686206e-06,22084.656488701996,22856361.28519458,2.727248951861927e+33,7.090829583544824e-51,5437.531053995813,0.4,2824.331664977992,0.4,CONV
1.988999868357377e+33,88821503684.5343,7.689237533902733e-06,21981.524250625454,22590455.15902852,2.727248951861927e+33,5.856123203745081e-51,5386.738551074048,0.4,2817.6633847028943,0.4,CONV
1.9889998699239484e+33,88823565980.97589,7.634810684483385e-06,21877.670693529162,22324573.640612964,2.727248951861927e+33,4.824126586735368e-51,5335.83224685442,0.4,2810.9327977692783,0.4,CONV
1.9889998714905197e+33,88825642969.72134,7.5801290122432554e-06,21773.0821129533,22058716.90135129,2.727248951861927e+33,3.9636424938610497e-51,5284.810514633243,0.4,2804.1385723734184,0.4,CONV
1.988999873057091e+33,88827734933.49768,7.52518823086729e-06,21667.744376024286,21792885.115919165,2.727248951861927e+33,3.247943340391613e-51,5233.671684707672,0.4,2797.2793318564404,0.4,CONV
1.9889998746236623e+33,88829842163.98117,7.469983928943391e-06,21561.642902681982,21527078.462367404,2.727248951861927e+33,2.6541800894042016e-51,5182.4140427033735,0.4,2790.353652628222,0.4,CONV
1.9889998761902336e+33,88831964962.19446,7.414511564726444e-06,21454.76264584271,21261297.122229364,2.727248951861927e+33,2.1628625437764134e-51,5131.03582781587,0.4,2783.360061968438,0.4,CONV
1.988999877756805e+33,88834103638.92642,7.358766460615225e-06,21347.088070423753,20995541.280633137,2.727248951861927e+33,1.757403266505037e-51,5079.53523096009,0.4,2776.2970356958967,0.4,CONV
1.9889998793233762e+33,88836258515.17644,7.302743797322561e-06,21238.60313114874,20729811.126418807,2.727248951861927e+33,1.4237181075541374e-51,5027.910392821675,0.4,2769.1629956962897,0.4,CONV
1.9889998808899475e+33,88838429922.62483,7.246438607717625e-06,21129.291249046586,20464106.85226106,2.727248951861927e+33,1.1498770013503073e-51,4976.159401803913,0.4,2761.9563072980513,0.4,CONV
1.9889998824565188e+33,88840618204.13133,7.189845770317403e-06,21019.135286549124,20198428.6547975,2.727248951861927e+33,9.257993271449626e-52,4924.280291863042,0.4,2754.6752764847497,0.4,CONV
1.98899988402309e+33,88842823714.2637,7.132960002402479e-06,20908.117521084376,19932776.73476298,2.727248951861927e+33,7.429886988017906e-52,4872.271040224466,0.4,2747.3181469316405,0.4,CONV
1.9889998853269515e+33,88844672766.93951,7.085386545028437e-06,20815.046824374513,19711694.126793098,2.727248951861927e+33,6.1712371208295516e-52,4828.882871252282,0.4,2741.13545276053,0.4,CONV
1.988999886630813e+33,88846534226.52188,7.037603157780088e-06,20721.355533017693,19490629.984326646,2.727248951861927e+33,5.113767246994551e-52,4785.401875602151,0.4,2734.8976955433072,0.4,CONV
1.9889998879346743e+33,88848408317.70566,6.98960651714462e-06,20627.032416332746,19269584.430018067,2.727248951861927e+33,4.2273060087031885e-52,4741.826789788813,0.4,2728.603754278572,0.4,CONV
1.9889998892385357e+33,88850295271.87459,6.9413932083811175e-06,20532.065909434903,19048557.588751677,2.727248951861927e+33,3.485899357863079e-52,4698.1563185353025,0.4,2722.25247202652,0.4,CONV
1.988999890542397e+33,88852195327.38019,6.892959721931954e-06,20436.44409930354,18827549.58770836,2.727248951861927e+33,2.8672655773234177e-52,4654.389133596701,0.4,2715.8426543266014,0.4,CONV
1.9889998918462585e+33,88854108729.83568,6.844302449649346e-06,20340.154710098992,18606560.55643509,2.727248951861927e+33,2.3523147547292616e-52,4610.523872526087,0.4,2709.373067526127,0.4,CONV
1.98899989315012e+33,88856035732.426,6.795417680825245e-06,20243.185087678645,18385590.626917355,2.727248951861927e+33,1.9247258223524e-52,4566.559137379208,0.4,2702.842437013699,0.4,CONV
1.9889998944539814e+33,88857976596.23483,6.746301598011896e-06,20145.5221832584,18164639.933654744,2.727248951861927e+33,1.5705749297327706e-52,4522.493493353818,0.4,2696.2494453507475,0.4,CONV
1.9889998957578428e+33,88859931590.59001,6.696950272619278e-06,20047.152536161488,17943708.613739774,2.727248951861927e+33,1.2780095156852886e-52,4478.32546736001,0.4,2689.5927302941996,0.4,CONV
1.9889998970617042e+33,88861900993.4284,6.647359660274655e-06,19948.06225559175,17722796.806940205,2.727248951861927e+33,1.0369629958748619e-52,4431.67204001941,0.4,2681.4299270684664,0.4,CONV
1.9889998984426416e+33,88864002845.26349,6.594572011221231e-06,19842.31264542633,17488847.538645767,2.727248951861927e+33,8.283823329475746e-53,4330.264410116677,0.4,2641.04556425933,0.4,CONV
1.9889998995874834e+33,88865758097.87982,6.5505986525654514e-06,19754.0051582401,17294912.855456688,2.727248951861927e+33,6.858923604057756e-53,4246.960621448983,0.4,2607.626586967519,0.4,CONV
1.9889999007323252e+33,88867525129.26321,6.50643110572634e-06,19665.10858664104,17100993.544986296,2.727248951861927e+33,5.665553582049442e-53,4164.353603252467,0.4,2574.2634242118784,0.4,CONV
1.988999901877167e+33,88869304152.74637,6.462066296245735e-06,19575.61226908617,16907089.709439207,2.727248951861927e+33,4.668365700630371e-53,4082.445244856072,0.4,2540.9565976830418,0.4,CONV
1.988999903022009e+33,88871095388.01305,6.4175010652688626e-06,19485.50522673999,16713201.45287841,2.727248951861927e+33,3.837050388749224e-53,4001.237462834906,0.4,2507.706640032367,0.4,CONV
1.9889999041668507e+33,88872899061.36287,6.372732166224244e-06,19394.77615024625,16519328.881280873,2.727248951861927e+33,3.145670907247455e-53,3920.7322017195393,0.4,2474.514095231681,0.4,CONV
1.9889999053116926e+33,88874715405.99042,6.32775626133261e-06,19303.413385786684,16325472.10259547,2.727248951861927e+33,2.572078761846177e-53,3840.931434732325,0.4,2441.379518949236,0.4,CONV
1.9889999064565344e+33,88876544662.27962,6.282569917933846e-06,19211.404920379417,16131631.226803375,2.727248951861927e+33,2.097400843196029e-53,3761.837164552009,0.4,2408.3034789427616,0.4,CONV
1.9889999076013762e+33,88878387078.11427,6.237169604620255e-06,19118.7383663659,15937806.365981031,2.727248951861927e+33,1.7055903143279265e-53,3683.451424107773,0.4,2375.2865554704026,0.4,CONV
1.988999908746218e+33,88880242909.20605,6.191551687163379e-06,19025.400945031197,15743997.634365875,2.727248951861927e+33,1.3830340579942844e-53,3605.7762774049315,0.4,2342.3293417210584,0.4,CONV
1.98899990989106e+33,88882112419.44093,6.145712424220733e-06,18931.379469297986,15550205.148424938,2.727248951861927e+33,1.118210219907583e-53,3528.813820383063,0.4,2309.432444264712,0.4,CONV
1.9889999110359017e+33,88883995881.24556,6.09964796280766e-06,18836.660325429657,15356429.026926508,2.727248951861927e+33,9.013900437771098e-54,3452.566181809083,0.4,2276.5964835244645,0.4,CONV
1.9889999121807435e+33,88885893575.97482,6.053354333518335e-06,18741.2294536726,15162669.391015016,2.727248951861927e+33,7.243787950570476e-54,3377.0355242065084,0.4,2243.8220942711973,0.4,CONV
1.9889999133255854e+33,88887805794.32214,6.00682744547865e-06,18645.07232776183,14968926.364289345,2.727248951861927e+33,5.802911168942756e-54,3302.224044823197,0.4,2211.1099261424897,0.4,CONV
1.9889999144704272e+33,88889732836.75429,5.960063081012279e-06,18548.173933207647,14775200.07288476,2.727248951861927e+33,4.633566580808528e-54,3228.133976639535,0.4,2178.460644187193,0.4,CONV
1.988999915615269e+33,88891675013.97223,5.913056889999655e-06,18450.518744273886,14581490.645558674,2.727248951861927e+33,3.687522627976131e-54,3154.76758941958,0.4,2145.8749294374834,0.4,CONV
1.988999916760111e+33,88893632647.4003,5.8658043839078806e-06,18352.09069955057,14387798.21378048,2.727248951861927e+33,2.92457419251354e-54,3082.127190806875,0.4,2113.353479509667,0.4,CONV
1.9889999177083787e+33,88895266087.56422,5.8264755156218326e-06,18269.96610561633,14227376.521918645,2.727248951861927e+33,2.4072246534271854e-54,3022.5108246431632,0.4,2086.465264413116,0.4,CONV
1.9889999186566466e+33,88896910555.00427,5.786971769554747e-06,18187.290130039895,14066966.66014376,2.727248951861927e+33,1.976481422846654e-54,2963.3955041655868,0.4,2059.6220453364726,0.4,CONV
1.9889999196049144e+33,88898566250.6457,5.747290360361627e-06,18104.05273298623,13906568.707672808,2.727248951861927e+33,1.6186940349144262e-54,2904.7826031713253,0.4,2032.8242464449863,0.4,CONV
1.9889999205531823e+33,88900233381.43187,5.707428425772597e-06,18020.243574002954,13746182.745172089,2.727248951861927e+33,1.3222255455469346e-54,2846.6735153736818,0.4,2006.0723008750567,0.4,CONV
1.98899992150145e+33,88901912160.57669,5.66738302354813e-06,17935.851999409904,13585808.854800835,2.727248951861927e+33,1.0771765905805576e-54,2789.069654923617,0.4,1979.3666510305889,0.4,CONV
1.988999922449718e+33,88903602807.83089,5.6271511282764816e-06,17850.867029004752,13425447.120256688,2.727248951861927e+33,8.751442655765297e-55,2731.972456951238,0.4,1952.70774889277,0.4,CONV
1.9889999233979858e+33,88905305549.76273,5.5867296280031685e-06,17765.27734203896,13265097.626823109,2.727248951861927e+33,7.090118263480789e-55,2675.3833781282174,0.4,1926.0960563440174,0.4,CONV
1.9889999243462537e+33,88907020620.05449,5.546115320681546e-06,17679.071262414738,13104760.461418832,2.727248951861927e+33,5.7276562174669404e-55,2619.303897252008,0.4,1899.53204550678,0.4,CONV
1.9889999252945215e+33,88908748259.8155,5.505304910432692e-06,17592.23674304967,12944435.712649493,2.727248951861927e+33,4.613360453100891e-55,2563.7355158535283,0.4,1873.0161990984561,0.4,CONV
1.9889999262427894e+33,88910488717.91307,5.464295003601868e-06,17504.76134935133,12784123.470861528,2.727248951861927e+33,3.70459632937188e-55,2508.6797588288323,0.4,1846.5490108028903,0.4,CONV
1.9889999271910572e+33,88912242251.32242,5.4230821045978055e-06,17416.632241739444,12623823.828198498,2.727248951861927e+33,2.965597425301085e-55,2454.138175096605,0.4,1820.1309856598493,0.4,CONV
1.988999928139325e+33,88914009125.4971,5.38166261149997e-06,17327.83615714789,12463536.878659964,2.727248951861927e+33,2.36643531069055e-55,2400.1123382826486,0.4,1793.7626404734328,0.4,CONV
1.988999929087593e+33,88915789614.76132,5.340032811417678e-06,17238.359389433168,12303262.718163071,2.727248951861927e+33,1.8821319723959223e-55,2346.603847432696,0.4,1767.4445042404798,0.4,CONV
1.9889999300358608e+33,88917584002.72572,5.2981888755836946e-06,17148.187768609536,12143001.444606999,2.727248951861927e+33,1.4918968572730345e-55,2293.6143277553565,0.4,1741.1771186004316,0.4,CONV
1.9889999309841286e+33,88919392582.72842,5.256126854163372e-06,17057.306638824182,11982753.15794045,2.727248951861927e+33,1.1784725469940251e-55,2241.145431396819,0.4,1714.9610383079632,0.4,CONV
1.9889999319323965e+33,88921215658.30315,5.2138426707588525e-06,16965.700834978117,11822517.960232358,2.727248951861927e+33,9.275749273026996e-56,2189.198838248863,0.4,1688.7968317296616,0.4,CONV
1.9889999327170895e+33,88922735440.22353,5.178681466651266e-06,16889.33777518823,11689933.063624337,2.727248951861927e+33,7.587670549979949e-56,2146.6090999121657,0.4,1667.185549272812,0.4,CONV
1.9889999335017826e+33,88924265546.91986,5.143362799357647e-06,16812.4585636925,11557357.261401944,2.727248951861927e+33,6.190826048877323e-56,2104.379165944198,0.4,1645.6105240495067,0.4,CONV
1.9889999342864757e+33,88925806167.70872,5.107884145074025e-06,16735.053742151224,11424790.614914516,2.727248951861927e+33,5.037812561164133e-56,2062.510033827997,0.4,1624.0721008137027,0.4,CONV
1.9889999350711688e+33,88927357497.61339,5.072242909849313e-06,16657.113567198845,11292233.186641088,2.727248951861927e+33,4.0884649354606595e-56,2021.002715588939,0.4,1602.5706316615149,0.4,CONV
1.9889999358558618e+33,88928919737.60478,5.036436426790856e-06,16578.627998409956,11159685.040224621,2.727248951861927e+33,3.308826332812839e-56,1979.8582381780222,0.4,1581.106476275488,0.4,CONV
1.988999936640555e+33,88930493094.85565,5.000461953124206e-06,16499.586685608338,11027146.240507687,2.727248951861927e+33,2.670253851957071e-56,1939.0776438697628,0.4,1559.6800021798747,0.4,CONV
1.988999937425248e+33,88932077783.00874,4.9643166670976846e-06,16419.978955474795,10894616.853569677,2.727248951861927e+33,2.148643250629875e-56,1898.6619906755013,0.4,1538.2915850076372,0.4,CONV
1.988999938209941e+33,88933674022.45996,4.927997664721531e-06,16339.793797406131,10762096.94676564,2.727248951861927e+33,1.7237582543550814e-56,1858.6123527731104,0.4,1516.9416087799775,0.4,CONV
1.988999938994634e+33,88935282040.65762,4.891501956330693e-06,16259.019848573585,10629586.588766828,2.727248951861927e+33,1.3786515397955082e-56,1818.929820953722,0.4,1495.630466198986,0.4,CONV
1.9889999397793272e+33,88936902072.41881,4.854826462959362e-06,16177.64537812489,10497085.849603038,2.727248951861927e+33,1.0991659197583664e-56,1779.6155030865445,0.4,1474.3585589543222,0.4,CONV
1.9889999405640203e+33,88938534360.26407,4.817968012514485e-06,16095.658270469454,10364594.80070688,2.727248951861927e+33,8.735055544395358e-57,1740.6705246025363,0.4,1453.1262980446236,0.4,CONV
1.9889999413487134e+33,88940179154.77187,4.780923335734361e-06,16013.04600758105,10232113.514960058,2.727248951861927e+33,6.918681806790608e-57,1702.0960289982113,0.4,1431.9341041147588,0.4,CONV
1.9889999421334064e+33,88941836714.95409,4.743689061917338e-06,15929.795650246768,10099642.066741794,2.727248951861927e+33,5.461303992287591e-57,1663.8931783604794,0.4,1410.78240780976,0.4,CONV
1.9889999429180995e+33,88943507308.65417,4.70626171440435e-06,15845.89381818487,9967180.531979527,2.727248951861927e+33,4.295789998096343e-57,1626.0631539136987,0.4,1389.671650146493,0.4,CONV
1.9889999437027926e+33,88945191212.9697,4.6686377057976284e-06,15761.326668947371,9834728.988202017,2.727248951861927e+33,3.3668214480326985e-57,1588.607156590349,0.4,1368.6022829043397,0.4,CONV
1.9889999444874857e+33,88946888714.70097,4.630813332896461e-06,15676.07987551569,9702287.514595004,2.727248951861927e+33,2.628949837825559e-57,1551.526407626465,0.4,1347.5747690359563,0.4,CONV
1.9889999451392264e+33,88948309154.41478,4.599242571332377e-06,15604.74934408035,9592293.611301333,2.727248951861927e+33,2.1344530407577895e-57,1521.0144895074275,0.4,1330.1421513451303,0.4,CONV
1.9889999457909672e+33,88949739354.62553,4.56752869646852e-06,15532.930961602819,9482306.75790157,2.727248951861927e+33,1.7282891344407126e-57,1490.7630132684287,0.4,1312.7390112651544,0.4,CONV
1.988999946442708e+33,88951179496.36911,4.535669388080932e-06,15460.615684727001,9372327.002548486,2.727248951861927e+33,1.3955409925478905e-57,1460.772712437912,0.4,1295.36563293091,0.4,CONV
1.9889999470944487e+33,88952629766.2022,4.503662260705092e-06,15387.794194388518,9262354.394291945,2.727248951861927e+33,1.1236603117002352e-57,1431.0443313555654,0.4,1278.0223066020772,0.4,CONV
1.9889999477461895e+33,88954090356.43814,4.4715048610062655e-06,15314.456884036428,9152388.9831064,2.727248951861927e+33,9.021161313603457e-58,1401.5786254604457,0.4,1260.7093288692627,0.4,CONV
1.9889999483979302e+33,88955561465.39592,4.439194665011048e-06,15240.593847204238,9042430.819919584,2.727248951861927e+33,7.220917082841497e-58,1372.376361590286,0.4,1243.4270028696058,0.4,CONV
1.988999949049671e+33,88957043297.66292,4.406729075190981e-06,15166.194864385907,8932479.95664243,2.727248951861927e+33,5.762236362671509e-58,1343.4383182927177,0.4,1226.1756385125545,0.4,CONV
1.9889999497014118e+33,88958536064.37271,4.374105417388426e-06,15091.249389168946,8822536.446200328,2.727248951861927e+33,4.583778021925503e-58,1314.7652861486833,0.4,1208.9555527161035,0.4,CONV
1.9889999503531525e+33,88960039983.49867,4.341320937574122e-06,15015.746533572777,8712600.34256576,2.727248951861927e+33,3.6345739799892046e-58,1286.3580681090673,0.4,1191.7670696544799,0.4,CONV
1.9889999510048933e+33,88961555280.16467,4.308372798424925e-06,14939.6750525362,8602671.700792419,2.727248951861927e+33,2.872387715344826e-58,1258.2174798449612,0.4,1174.6105210177045,0.4,CONV
1.9889999516950235e+33,88963172493.35481,4.27330226420821e-06,14858.489969984226,8486276.142659804,2.727248951861927e+33,2.2304794471087413e-58,1228.7109016469874,0.4,1156.4785911895683,0.4,CONV
1.9889999522652008e+33,88964518639.2213,4.244183953626576e-06,14790.914875001054,8390117.92537339,2.727248951861927e+33,1.804511041997579e-58,1204.559865228485,0.4,1141.5257994838917,0.4,CONV
1.988999952835378e+33,88965874032.49333,4.21493361917906e-06,14722.877629397932,8293965.547793736,2.727248951861927e+33,1.455883480448619e-58,1180.6147888029602,0.4,1126.598229221661,0.4,CONV
1.9889999534055555e+33,88967238844.63605,4.185549121119757e-06,14654.36966867691,8197819.04982113,2.727248951861927e+33,1.1713046891312054e-58,1156.8762538919111,0.4,1111.6961237755238,0.4,CONV
1.9889999539757328e+33,88968613252.34184,4.1560282595563836e-06,14585.382167311112,8101678.472099027,2.727248951861927e+33,9.39633906164063e-59,1133.3448505815934,0.4,1096.8197317643435,0.4,CONV
1.98899995454591e+33,88969997437.7536,4.126368772026764e-06,14515.906027597095,8005543.8560368195,2.727248951861927e+33,7.51555771375132e-59,1110.021177751148,0.4,1081.9693072297125,0.4,CONV
1.9889999551160874e+33,88971391588.70036,4.096568330947398e-06,14445.93186789155,7909415.243833595,2.727248951861927e+33,5.993002922733016e-59,1086.905843309641,0.4,1067.1451098206358,0.4,CONV
1.9889999556862648e+33,88972795898.94604,4.066624540925784e-06,14375.450010190414,7813292.678502922,2.727248951861927e+33,4.764027397263421e-59,1063.9994644424328,0.4,1052.3474049868244,0.4,CONV
1.988999956256442e+33,88974210568.45235,4.0365349359274016e-06,14304.450467005137,7717176.203898727,2.727248951861927e+33,3.7749822887450076e-59,1041.3026678673336,0.4,1037.5764641810842,0.4,CONV
1.9889999568266194e+33,88975635803.65663,4.006296976287617e-06,14232.922927487029,7621065.8647423275,2.727248951861927e+33,2.981463681199072e-59,1018.8160901010974,0.4,1022.8325650713824,0.4,CONV
1.9889999573967968e+33,88977071817.76598,3.975908045557962e-06,14160.85674274662,7524961.706650679,2.727248951861927e+33,2.3468191901624e-59,996.5403777367623,0.4,1008.1159917631343,0.4,CONV
1.988999957966974e+33,88978518831.06851,3.945365447175365e-06,14088.240910310435,7428863.776165918,2.727248951861927e+33,1.8408790889516099e-59,974.476187732496,0.4,993.4270350324234,0.4,CONV
1.9889999585371514e+33,88979977071.26324,3.914666400941986e-06,14015.06405765266,7332772.120786271,2.727248951861927e+33,1.4388808194714802e-59,952.6241877124635,0.4,978.7659925707155,0.4,CONV
1.9889999591073288e+33,88981446773.80981,3.88380803930225e-06,13941.314424733837,7236686.788998404,2.727248951861927e+33,1.1205596858656953e-59,930.9850562805424,0.4,964.13316924196,0.4,CONV
1.988999959677506e+33,88982928182.29964,3.852787403402582e-06,13866.979845472668,7140607.83031132,2.727248951861927e+33,8.693820219234317e-60,909.5594833474148,0.4,949.5288773526789,0.4,CONV
1.9889999602476834e+33,88984421548.84995,3.821601438918026e-06,13792.047728070547,7044535.295291883,2.727248951861927e+33,6.719002122564165e-60,888.3481704719413,0.4,934.9534369360344,0.4,CONV
1.9889999608178607e+33,88985927134.52267,3.790246991628621e-06,13716.505034101137,6948469.235602073,2.727248951861927e+33,5.172116739986384e-60,867.3518312176396,0.4,920.4071760507887,0.4,CONV
1.988999961288401e+33,88987179016.8017,3.7642424631533916e-06,13653.693836878412,6869195.418025094,2.727248951861927e+33,4.154798471450747e-60,850.1869762030138,0.4,908.4250563364947,0.4,CONV
1.988999961758941e+33,88988439561.85779,3.738119086017079e-06,13590.449778658329,6789926.076623984,2.727248951861927e+33,3.328038054269011e-60,833.1694357928892,0.4,896.4632315314318,0.4,CONV
1.988999962229481e+33,88989708931.49754,3.711874919875317e-06,13526.764778388737,6710661.242234246,2.727248951861927e+33,2.6579834346697523e-60,816.2996305942556,0.4,884.5218992898725,0.4,CONV
1.9889999627000212e+33,88990987292.49706,3.685507969437256e-06,13462.630506885744,6631400.946270021,2.727248951861927e+33,2.116458524858344e-60,799.5779874511775,0.4,872.6012615603144,0.4,CONV
1.9889999631705614e+33,88992274816.81578,3.659016182234915e-06,13398.038376156972,6552145.22074195,2.727248951861927e+33,1.680070062863732e-60,783.0049396121983,0.4,860.7015247311494,0.4,CONV
1.9889999636411015e+33,88993571681.8223,3.632397446273932e-06,13332.979528130645,6472894.09827582,2.727248951861927e+33,1.3294454684093478e-60,766.5809269042568,0.4,848.8228997830538,0.4,CONV
1.9889999641116416e+33,88994878070.5328,3.6056495875578667e-06,13267.444822749776,6393647.612132015,2.727248951861927e+33,1.0485839354757762e-60,750.3063959134813,0.4,836.9656024485073,0.4,CONV
1.9889999645821817e+33,88996194171.8632,3.5787703674775997e-06,13201.424825387356,6314405.79622584,2.727248951861927e+33,8.243052045426335e-61,734.1818001732807,0.4,825.1298533789529,0.4,CONV
1.988999965052722e+33,88997520180.89572,3.5517574800567033e-06,13134.909793534829,6235168.685148756,2.727248951861927e+33,6.457824133535698e-61,718.207600360028,0.4,813.3158783199426,0.4,CONV
1.988999965523262e+33,88998856299.16115,3.5246085490428926e-06,13067.889662712096,6155936.314190571,2.727248951861927e+33,5.041471588828873e-61,702.3842644968023,0.4,801.5239082948335,0.4,CONV
1.988999965993802e+33,89000202734.93782,3.497321124834884e-06,13000.35403154291,6076708.719362666,2.727248951861927e+33,3.9215643734933476e-61,686.7122681656535,0.4,789.754179797596,0.4,CONV
1.9889999664643422e+33,89001559703.56851,3.469892681233059e-06,12932.292145934714,5997485.937422294,2.727248951861927e+33,3.039124840222072e-61,671.1920947287825,0.4,778.0069349952126,0.4,CONV
1.9889999669348824e+33,89002927427.7966,3.442320612001394e-06,12863.69288229659,5918268.005898038,2.727248951861927e+33,2.3462772880059145e-61,655.8242355591516,0.4,766.2824219403064,0.4,CONV
1.9889999674054225e+33,89004306138.12294,3.414602227227006e-06,12794.544729723202,5839054.9631164735,2.727248951861927e+33,1.8042813404612436e-61,640.6091902811654,0.4,754.5808947947808,0.4,CONV
1.9889999678759626e+33,89005696073.18504,3.386734749462499e-06,12724.835771066108,5759846.84823014,2.727248951861927e+33,1.3818910329707279e-61,625.5474670218238,0.4,742.9026140649884,0.4,CONV
1.9889999683465027e+33,89007097480.16026,3.3587153096349923e-06,12654.553662806664,5680643.701246882,2.727248951861927e+33,1.0539895724048539e-61,610.6395826731026,0.4,731.247846849365,0.4,CONV
1.9889999687343297e+33,89008261348.21898,3.3355048880119483e-06,12596.186070832417,5615366.923109219,2.727248951861927e+33,8.403902419698408e-62,598.4682823129838,0.4,721.6596657575327,0.4,CONV
1.9889999691221566e+33,89009433331.57587,3.3121875098145676e-06,12537.413037142143,5550093.570960105,2.727248951861927e+33,6.68082558791402e-62,572.7635823426349,0.4,695.5260355599713,0.4,CONV
1.9889999695099836e+33,89010613582.97743,3.288761415452264e-06,12478.22693405819,5484823.668601039,2.727248951861927e+33,5.29481938759515e-62,546.1421091805003,0.4,667.9227544148159,0.4,CONV
1.9889999698978105e+33,89011802259.89793,3.2652247951194824e-06,12418.619897865658,5419557.240283658,2.727248951861927e+33,4.183215809025014e-62,520.4626873967429,0.4,641.1054857573527,0.4,CONV
1.9889999702856374e+33,89012999524.74442,3.2415757867411077e-06,12358.583818575991,5354294.310723748,2.727248951861927e+33,3.294370460722511e-62,495.7026710280605,0.4,615.0608626237745,0.4,CONV
1.9889999706734644e+33,89014205545.07329,3.217812473807767e-06,12298.110329116353,5289034.905115863,2.727248951861927e+33,2.5858375941393605e-62,471.8396956980382,0.4,589.7755886872078,0.4,CONV
1.9889999710612913e+33,89015420493.81921,3.1939328830936683e-06,12237.19079390511,5223779.049148589,2.727248951861927e+33,2.022827683059374e-62,448.85167844841754,0.4,565.2364387217201,0.4,CONV
1.9889999714491183e+33,89016644549.53708,3.1699349822490793e-06,12175.81629677045,5158526.769020495,2.727248951861927e+33,1.5769069571061212e-62,426.7168175689391,0.4,541.4302590753681,0.4,CONV
1.9889999718369452e+33,89017877896.65814,3.1458166772588773e-06,12113.977628165565,5093278.091456801,2.727248951861927e+33,1.224903651886266e-62,405.4135924256273,0.4,518.3439681524487,0.4,CONV
1.9889999722247721e+33,89019120725.76126,3.1215758097579074e-06,12051.665271629909,5028033.043726812,2.727248951861927e+33,9.479904579929929e-63,384.92076328742763,0.4,495.9645569051813,0.4,CONV
1.988999972612599e+33,89020373233.86026,3.0972101541931243e-06,11988.869389441681,4962791.6536621675,2.727248951861927e+33,7.309167963749016e-63,365.21737115131634,0.4,474.27908933533456,0.4,CONV
1.988999973000426e+33,89021635624.70882,3.0727174148216424e-06,11925.579807401971,4897553.949675937,2.727248951861927e+33,5.613681809489881e-63,346.28273756564204,0.4,453.2747030058572,0.4,CONV
1.988999973388253e+33,89022908109.12396,3.0480952225328963e-06,11861.785998685693,4832319.960782638,2.727248951861927e+33,4.294331073863666e-63,328.09646445182585,0.4,432.9386095630736,0.4,CONV
1.98899997377608e+33,89024190905.32967,3.0233411314820864e-06,11797.47706668872,4767089.716619212,2.727248951861927e+33,3.271606808169009e-63,310.6384339243497,0.4,413.25809526975826,0.4,CONV
1.9889999741639069e+33,89025484239.32217,2.9984526155209756e-06,11732.6417267942,4701863.247467038,2.727248951861927e+33,2.481946108583111e-63,293.88880810885007,0.4,394.2205215492811,0.4,CONV
1.9889999745517338e+33,89026788345.25858,2.9734270644108564e-06,11667.26828697399,4636640.584275026,2.727248951861927e+33,1.8747130134264998e-63,277.8280289585008,0.4,375.81332554151265,0.4,CONV
1.98899997487316e+33,89027877508.64848,2.9525804222872194e-06,11612.671151261893,4582587.757217876,2.727248951861927e+33,1.4807058791991484e-63,265.0253041635523,0.4,361.02646912302805,0.4,CONV
1.988999975194586e+33,89028974380.59103,2.9316362164107315e-06,11557.688950558259,4528537.584537991,2.727248951861927e+33,1.1658232094690563e-63,252.67166391957238,0.4,346.6569654387243,0.4,CONV
1.9889999755160123e+33,89030079108.37811,2.9105928174091337e-06,11502.31433037083,4474490.084969003,2.727248951861927e+33,9.149376963623983e-64,240.75641057626774,0.4,332.69778255147133,0.4,CONV
1.9889999758374384e+33,89031191843.93053,2.8894485486985093e-06,11446.539705126066,4420445.277604271,2.727248951861927e+33,7.156636923471276e-64,229.26897818593304,0.4,319.14192525715697,0.4,CONV
1.9889999761588646e+33,89032312744.00185,2.8682016845216076e-06,11390.357247991822,4366403.181908259,2.727248951861927e+33,5.578884939358206e-64,218.19893242813126,0.4,305.98243532496,0.4,CONV
1.9889999764802907e+33,89033441970.39397,2.846850447879367e-06,11333.758880120147,4312363.817728406,2.727248951861927e+33,4.3337876903224766e-64,207.53597053368594,0.4,293.2123917421944,0.4,CONV
1.988999976801717e+33,89034579690.18501,2.8253930083484335e-06,11276.736259269504,4258327.205307528,2.727248951861927e+33,3.35450910976303e-64,197.26992120798272,0.4,280.8249109638849,0.4,CONV
1.988999977123143e+33,89035726075.97064,2.803827479776844e-06,11219.280767762233,4204293.365296792,2.727248951861927e+33,2.5869564781052206e-64,187.3907445535455,0.4,268.8131471672015,0.4,CONV
1.9889999774445692e+33,89036881306.11957,2.7821519178494468e-06,11161.383499729396,4150262.318769277,2.727248951861927e+33,1.9874858637805997e-64,177.8885319919242,0.4,257.17029251098495,0.4,CONV
1.9889999777659954e+33,89038045565.0444,2.7603643175138685e-06,11103.035247590973,4096234.087234174,2.727248951861927e+33,1.520995495650848e-64,168.7535061847726,0.4,245.8895774003787,0.4,CONV
1.9889999780838235e+33,89039205856.06622,2.738708412830814e-06,11044.88736555567,4042813.426276071,2.727248951861927e+33,1.1629010258841029e-64,160.07233067187622,0.4,235.08462411347298,0.4,CONV
1.988999978346232e+33,89040170755.63072,2.72074310943369e-06,10996.532660032613,3998709.846022262,2.727248951861927e+33,9.289049174757428e-65,153.16182018233275,0.4,226.42102887421825,0.4,CONV
1.9889999786086403e+33,89041142040.60715,2.7026991543052237e-06,10947.859013216992,3954608.183772972,2.727248951861927e+33,7.399120165656544e-65,146.47821958544955,0.4,217.9862759017613,0.4,CONV
1.9889999788710487e+33,89042119824.9873,2.6845753201465273e-06,10898.860733724334,3910508.4521863475,2.727248951861927e+33,5.8767895253617555e-65,140.01647368971612,0.4,209.77676034849512,0.4,CONV
1.988999979133457e+33,89043104226.10725,2.6663703464581807e-06,10849.531963227746,3866410.664147551,2.727248951861927e+33,4.653945880979851e-65,133.77158543503162,0.4,201.78889493165738,0.4,CONV
1.9889999793958655e+33,89044095364.78479,2.648082938253359e-06,10799.86666959962,3822314.8327754573,2.727248951861927e+33,3.6744511244632183e-65,127.73861586249657,0.4,194.01911004097715,0.4,CONV
1.988999979658274e+33,89045093365.4641,2.629711764705655e-06,10749.85863968915,3778220.971429625,2.727248951861927e+33,2.8921530029845754e-65,121.91268408392258,0.4,186.4638538481993,0.4,CONV
1.9889999799206823e+33,89046098356.36824,2.6112554577274996e-06,10699.501471711827,3734129.0937175592,2.727248951861927e+33,2.2692074544900257e-65,116.28896725109385,0.4,179.11959241860325,0.4,CONV
1.9889999801830907e+33,89047110469.65994,2.5927126104747403e-06,10648.78856722526,3690039.213502282,2.727248951861927e+33,1.7746656651771896e-65,110.86270052476478,0.4,171.9828098245574,0.4,CONV
1.988999980445499e+33,89048129841.61118,2.5740817757726305e-06,10597.713122663588,3645951.3449102263,2.727248951861927e+33,1.3832868791087896e-65,105.6291770433711,0.4,165.0500082611477,0.4,CONV
1.9889999807079075e+33,89049156612.78224,2.555361464458082e-06,10546.268120400597,3601865.502339473,2.727248951861927e+33,1.074543298535086e-65,100.58374789147217,0.4,158.3177081639776,0.4,CONV
1.988999980970316e+33,89050190928.21089,2.536550143632662e-06,10494.44631930917,3557781.7004683455,2.727248951861927e+33,8.317880595871242e-66,95.72182206789718,0.4,151.7824483291757,0.4,CONV
1.9889999812327243e+33,89051232937.61227,2.517646234820355e-06,10442.240244782135,3513699.9542643907,2.727248951861927e+33,6.415613265101983e-66,91.03886645361212,0.4,145.44078603571404,0.4,CONV
1.9889999814951327e+33,89052282795.59042,2.49864811202364e-06,10389.642178176564,3469620.2789937584,2.727248951861927e+33,4.930130857292477e-66,86.5304057792761,0.4,139.28929717007412,0.4,CONV
1.988999981757541e+33,89053340661.86214,2.4795540996709034e-06,10336.644145640521,3425542.690231011,2.727248951861927e+33,3.7742429914711873e-66,82.19202259249963,0.4,133.32457635336394,0.4,CONV
1.9889999820199494e+33,89054406701.49408,2.4603624704476508e-06,10283.237906277662,3381467.2038693833,2.727248951861927e+33,2.87810748320026e-66,78.01935722478468,0.4,127.54323707094585,0.4,CONV
1.9889999822823578e+33,89055481085.15419,2.441071443003312e-06,10229.414939601304,3337393.836131523,2.727248951861927e+33,2.1859621600392385e-66,74.00810775815131,0.4,121.9419118046776,0.4,CONV
1.9889999825447662e+33,89056563989.3783,2.4216791795248576e-06,10175.166432225118,3293322.603580735,2.727248951861927e+33,1.6534365234147927e-66,70.1540299914204,0.4,116.51725216782546,0.4,CONV
1.9889999828071746e+33,89057655596.85326,2.4021837831672757e-06,10120.483263734353,3249253.523132771,2.727248951861927e+33,1.2453469830485144e-66,66.45293740621827,0.4,111.2659290428081,0.4,CONV
1.988999983069583e+33,89058756096.71773,2.3825832953310475e-06,10065.355991672783,3205186.6120681837,2.727248951861927e+33,9.3389423319808e-67,62.90070113255116,0.4,106.18463272174097,0.4,CONV
1.9889999833319914e+33,89059865684.88202,2.3628756927746216e-06,10009.774835579723,3161121.8880452965,2.727248951861927e+33,6.971940785464289e-67,59.493249914080515,0.4,101.2700730499941,0.4,CONV
1.9889999835943998e+33,89060984564.36845,2.343058884549803e-06,9953.72966000155,3117059.3691138164,2.727248951861927e+33,5.18083922508708e-67,56.22657007304059,0.4,96.51897957284686,0.4,CONV
1.9889999838568082e+33,89062112945.67398,2.323130708746445e-06,9897.209956396655,3072999.0737291356,2.727248951861927e+33,3.8315644204941436e-67,53.096705474765734,0.4,91.92810168529695,0.4,CONV
1.988999984074669e+33,89063057144.08784,2.3064994020939834e-06,9849.916921963024,3036420.3243727824,2.727248951861927e+33,2.9715070687878716e-67,50.59932973144853,0.4,88.23599852199757,0.4,CONV
1.98899998429253e+33,89064008171.67036,2.289788470020977e-06,9802.282838901878,2999843.13172337,2.727248951861927e+33,2.296511408239833e-67,48.191370352900464,0.4,84.65026527488351,0.4,CONV
1.988999984510391e+33,89064966161.79901,2.272996553355757e-06,9754.301048786127,2963267.5070250495,2.727248951861927e+33,1.768529436487018e-67,45.87065364157322,0.4,81.16907334171535,0.4,CONV
1.988999984728252e+33,89065931252.13678,2.2561222526631003e-06,9705.964679284247,2926693.4617427327,2.727248951861927e+33,1.3569596695299712e-67,43.635033176771586,0.4,77.7906038256458,0.4,CONV
1.988999984946113e+33,89066903584.82526,2.2391641265333514e-06,9657.266634525586,2890121.0075692255,2.727248951861927e+33,1.0372657967539844e-67,41.48238979995197,0.4,74.51304760069655,0.4,CONV
1.988999985163974e+33,89067883306.68889,2.2221206897762683e-06,9608.199584904089,2853550.1564326873,2.727248951861927e+33,7.898369788578763e-68,39.41063159987393,0.4,71.33460537849979,0.4,CONV
1.9889999853818348e+33,89068870569.4514,2.204990411512994e-06,9558.755956280094,2816980.92050443,2.727248951861927e+33,5.990501658980952e-68,37.41769389761514,0.4,68.25348777636923,0.4,CONV
1.9889999855996958e+33,89069865529.96504,2.1877717131590307e-06,9508.92791853638,2780413.3122070814,2.727248951861927e+33,4.5250085823862095e-68,35.50153923143851,0.4,65.26791538672998,0.4,CONV
1.9889999858175567e+33,89070868350.45383,2.1704629662904446e-06,9458.707373440804,2743847.3442231333,2.727248951861927e+33,3.403739281820183e-68,33.660157341507514,0.4,62.37611884795133,0.4,CONV
1.9889999860354177e+33,89071879198.77165,2.153062490384916e-06,9408.085941763753,2707283.029503896,2.727248951861927e+33,2.5493057353992515e-68,31.891565154451424,0.4,59.57633891663946,0.4,CONV
1.9889999862532786e+33,89072898248.67648,2.135568550428498e-06,9357.054949593887,2670720.3812788865,2.727248951861927e+33,1.900912829172536e-68,30.193806767773555,0.4,56.86682654143369,0.4,CONV
1.9889999864711396e+33,89073925680.12186,2.1179793543781445e-06,9305.605413790649,2634159.413065679,2.727248951861927e+33,1.4109794127232262e-68,28.564953434095578,0.4,54.24584293835283,0.4,CONV
1.9889999866890005e+33,89074961679.56703,2.100293050469204e-06,9253.728026506311,2597600.1386802415,2.727248951861927e+33,1.0424096848837566e-68,27.003103545241864,0.4,51.71165966776048,0.4,CONV
1.9889999869068615e+33,89076006440.30724,2.0825077243560774e-06,9201.413138704069,2561042.572247796,2.727248951861927e+33,7.663972929166078e-69,25.506382616152255,0.4,49.26255871299285,0.4,CONV
1.9889999871247224e+33,89077060162.82565,2.064621396073181e-06,9148.65074259179,2524486.728214233,2.727248951861927e+33,5.606643781709155e-69,24.07294326862144,0.4,46.89683256071351,0.4,CONV
1.9889999873048197e+33,89077938148.87082,2.0497577407790173e-06,9104.688841157202,2494268.724556818,2.727248951861927e+33,4.313197430955862e-69,22.93445673082479,0.4,45.00291922658267,0.4,CONV
1.988999987484917e+33,89078822522.77013,2.034822470338108e-06,9060.40796541268,2464051.9165534684,2.727248951861927e+33,3.306204633335545e-69,21.836956139210777,0.4,43.163868748541596,0.4,CONV
1.9889999876650143e+33,89079713410.02571,2.0198143550389883e-06,9015.801850597856,2433836.3128967574,2.727248951861927e+33,2.5249515379186126e-69,20.779439791673667,0.4,41.37873302276614,0.4,CONV
1.9889999878451116e+33,89080610940.19653,2.0047321285222633e-06,8970.86402947764,2403621.922450957,2.727248951861927e+33,1.9209965720183786e-69,19.760918616385048,0.4,39.646568994811005,0.4,CONV
1.988999988025209e+33,89081515247.08224,1.989574486213862e-06,8925.58782316655,2373408.7542576217,2.727248951861927e+33,1.4558142701925184e-69,18.780416165190378,0.4,37.96643869400721,0.4,CONV
1.9889999882053062e+33,89082426468.91783,1.974340083670505e-06,8879.966331414915,2343196.817541427,2.727248951861927e+33,1.098866742767426e-69,17.83696860693961,0.4,36.33740926853105,0.4,CONV
1.9889999883854034e+33,89083344748.5798,1.959027534831274e-06,8833.992422318024,2312986.1217162744,2.727248951861927e+33,8.260298201865445e-70,16.929624720752894,0.4,34.75855302117096,0.4,CONV
1.9889999885655007e+33,89084270233.80486,1.943635410168651e-06,8787.658721405955,2282776.6763916863,2.727248951861927e+33,6.183125338854857e-70,16.05744588921913,0.4,33.22894744581427,0.4,CONV
1.988999988745598e+33,89085203077.4218,1.9281622347318433e-06,8740.9576000681,2252568.4913795,2.727248951861927e+33,4.608185037120785e-70,15.219506091527537,0.4,31.74767526468113,0.4,CONV
1.9889999889256953e+33,89086143437.59785,1.9126064860745945e-06,8693.881163262336,2222361.5767008867,2.727248951861927e+33,3.419062280675821e-70,14.4148918965269,0.4,30.313824466323663,0.4,CONV
1.9889999890995861e+33,89087058677.37201,1.8975069873870804e-06,8648.063259353226,2193196.8596573924,2.727248951861927e+33,2.551835513817314e-70,13.668783706888538,0.4,28.973534323431608,0.4,CONV
1.988999989273477e+33,89087981229.81702,1.8823275821515923e-06,8601.880225498291,2164033.3458574326,2.727248951861927e+33,1.8961793746955418e-70,12.952104124827976,0.4,27.675796685395362,0.4,CONV
1.9889999894473678e+33,89088911252.8989,1.8670667619633627e-06,8555.324176820779,2134871.044916723,2.727248951861927e+33,1.4025935940582617e-70,12.264064311950802,0.4,26.419804799227865,0.4,CONV
1.9889999896212586e+33,89089848910.20485,1.851722968936506e-06,8508.386947903902,2105709.966659948,2.727248951861927e+33,1.0326477662569884e-70,11.603886347412757,0.4,25.20475662576016,0.4,CONV
1.9889999897951495e+33,89090794371.2241,1.836294593372595e-06,8461.060078777416,2076550.1211282467,2.727248951861927e+33,7.566241712292452e-71,10.970803221787538,0.4,24.029854875050557,0.4,CONV
1.9889999899690403e+33,89091747811.64688,1.8207799712851063e-06,8413.334799997012,2047391.5185870726,2.727248951861927e+33,5.516363876583737e-71,10.364058830866464,0.4,22.894307042556257,0.4,CONV
1.988999990142931e+33,89092709413.68303,1.8051773817686046e-06,8365.202016744122,2018234.1695344574,2.727248951861927e+33,4.0013313980345745e-71,9.782907969390836,0.4,21.79732544609866,0.4,CONV
1.988999990316822e+33,89093679366.40189,1.7894850442005555e-06,8316.652291866723,1989078.084709701,2.727248951861927e+33,2.8871297058394034e-71,9.226616324715234,0.4,20.738127263651407,0.4,CONV
1.9889999904607408e+33,89094488592.93645,1.7764282573782315e-06,8276.148314497133,1964948.3235680002,2.727248951861927e+33,2.1946998436065556e-71,8.784492748714872,0.4,19.889514488019618,0.4,CONV
1.9889999906046597e+33,89095303789.10693,1.7633076538471412e-06,8235.346282818999,1940819.442293682,2.727248951861927e+33,1.6619720656919393e-71,8.358497190069208,0.4,19.065811438606477,0.4,CONV
1.9889999907485786e+33,89096125073.84972,1.7501221224048324e-06,8194.240260364119,1916691.4473772605,2.727248951861927e+33,1.253625660251465e-71,7.948230261229875,0.4,18.266581982739325,0.4,CONV
1.9889999908924975e+33,89096952570.00056,1.7368705182614346e-06,8152.8241160626185,1892564.3454392806,2.727248951861927e+33,9.418064457529819e-72,7.553297674383956,0.4,17.491392336468195,0.4,CONV
1.9889999910364165e+33,89097786404.4739,1.7235516615830583e-06,8111.091515296693,1868438.143234604,2.727248951861927e+33,7.046237867033449e-72,7.1733102388611165,0.4,16.739811080858708,0.4,CONV
1.9889999911803354e+33,89098626708.45276,1.710164335952384e-06,8069.035910422004,1844312.8476568987,2.727248951861927e+33,5.249344563360954e-72,6.80788385851507,0.4,16.011409178609906,0.4,CONV
1.9889999913242543e+33,89099473617.59013,1.696707286740595e-06,8026.650530717665,1820188.4657433347,2.727248951861927e+33,3.8936170586922335e-72,6.4566395290778145,0.4,15.305759991005429,0.4,CONV
1.9889999914681732e+33,89100327272.22278,1.6831792193843005e-06,7983.928371722303,1796065.0046795062,2.727248951861927e+33,2.875066161708068e-72,6.1192033354877085,0.4,14.62243929521332,0.4,CONV
1.988999991612092e+33,89101187817.59807,1.6695787975605524e-06,7940.8621839099505,1771942.4718045876,2.727248951861927e+33,2.113161547243445e-72,5.794960986572329,0.4,13.960433966701105,0.4,CONV
1.988999991756011e+33,89102055404.11517,1.6559046412524579e-06,7897.444460655304,1747820.8746167435,2.727248951861927e+33,1.5457853699931498e-72,5.479875102509525,0.4,13.310386912723036,0.4,CONV
1.98899999189993e+33,89102930187.58162,1.6421553246972308e-06,7853.667425433333,1723700.220778804,2.727248951861927e+33,1.125216688563612e-72,5.177908229109705,0.4,12.682225747449321,0.4,CONV
1.9889999920438488e+33,89103812329.48633,1.628329374207787e-06,7809.523018193086,1699580.5181242265,2.727248951861927e+33,8.149477451550877e-73,4.888685751830357,0.4,12.075503489202937,0.4,CONV
1.9889999921877677e+33,89104701997.29054,1.6144252658581803e-06,7765.002880839925,1675461.7746633587,2.727248951861927e+33,5.871692165197987e-73,4.6118387203472695,0.4,11.489776206695456,0.4,CONV
1.9889999923316866e+33,89105599364.73813,1.6004414230222952e-06,7720.098341754133,1651343.998590027,2.727248951861927e+33,4.2079152301162156e-73,4.347003840960886,0.4,10.924603040567671,0.4,CONV
1.9889999924756055e+33,89106504612.18666,1.586376213754192e-06,7674.800399266889,1627227.1982884663,2.727248951861927e+33,2.998941079598562e-73,4.093823468912054,0.4,10.379546225397547,0.4,CONV
1.9889999925945207e+33,89107258665.11511,1.574692028790479e-06,7637.068824676989,1607301.0635848488,2.727248951861927e+33,2.2571378016764328e-73,3.8931721257617293,0.4,9.944053192874447,0.4,CONV
1.988999992713436e+33,89108018335.02794,1.5629501563706393e-06,7599.056829609343,1587375.6058565944,2.727248951861927e+33,1.6920408510731917e-73,3.7000413994174304,0.4,9.52175351549166,0.4,CONV
1.988999992832351e+33,89108783734.94006,1.551149582119722e-06,7560.758773552749,1567450.8301490874,2.727248951861927e+33,1.263221613995776e-73,3.514238248159617,0.4,9.112405094695024,0.4,CONV
1.9889999929512663e+33,89109554981.6087,1.539289260696082e-06,7522.168829245903,1547526.7416098,2.727248951861927e+33,9.391081798965186e-74,3.3355722497786937,0.4,8.715767313451277,0.4,CONV
1.9889999930701815e+33,89110332195.70715,1.5273681144348533e-06,7483.280974005138,1527603.3454916934,2.727248951861927e+33,6.951340147278632e-74,3.1638555984443175,0.4,8.33160104563535,0.4,CONV
1.9889999931890967e+33,89111115502.00902,1.51538503191352e-06,7444.088980530805,1507680.6471567785,2.727248951861927e+33,5.12254395818217e-74,2.998903101541311,0.4,7.959668665600311,0.4,CONV
1.988999993308012e+33,89111905029.58368,1.503338866434011e-06,7404.586407153666,1487758.6520798437,2.727248951861927e+33,3.7576150965753636e-74,2.8405321764710494,0.4,7.599734057935004,0.4,CONV
1.988999993426927e+33,89112700912.00385,1.4912284344152886e-06,7364.766587479197,1467837.365852363,2.727248951861927e+33,2.7434132518819982e-74,2.688562847418011,0.4,7.251562627417042,0.4,CONV
1.9889999935458423e+33,89113503287.56609,1.479052513689854e-06,7324.622619383949,1447916.7941865935,2.727248951861927e+33,1.9932555039115392e-74,2.5428177420802327,0.4,6.91492130916666,0.4,CONV
1.9889999936647575e+33,89114312299.52533,1.4668098416970297e-06,7284.147353313918,1427996.9429198755,2.727248951861927e+33,1.4410046744896796e-74,2.403122088362956,0.4,6.589578579008802,0.4,CONV
1.9889999937836728e+33,89115128096.34444,1.4544991135652385e-06,7243.333379830277,1408077.8180191466,2.727248951861927e+33,1.0364148671253162e-74,2.2693037110343255,0.4,6.275304464050033,0.4,CONV
1.988999993902588e+33,89115950831.96011,1.4421189800747807e-06,7202.173016342702,1388159.4255856848,2.727248951861927e+33,7.41480894758121e-75,2.1411930283423586,0.4,5.971870553478386,0.4,CONV
1.9889999940215032e+33,89116780666.06638,1.4296680454918456e-06,7160.65829296483,1368241.7718600966,2.727248951861927e+33,5.275863865593022e-75,2.0186230485922043,0.4,5.679050009594108,0.4,CONV
1.9889999941404184e+33,89117617764.41704,1.417144865263626e-06,7118.78093742012,1348324.8632275637,2.727248951861927e+33,3.7328490775935024e-75,1.9014293666822524,0.4,5.396617579078554,0.4,CONV
1.9889999942593336e+33,89118462299.14883,1.4045479435634296e-06,7076.532358919331,1328408.7062233682,2.727248951861927e+33,2.6258083269324987e-75,1.7894501605985216,0.4,5.124349604511439,0.4,CONV
1.9889999943573558e+33,89119164170.03407,1.3941077129843143e-06,7041.4212703014,1311992.313102719,2.727248951861927e+33,1.956017487611284e-75,1.7009531931850599,0.4,4.9074034164354865,0.4,CONV
1.988999994455378e+33,89119871318.96315,1.3836154280093957e-06,7006.046705596526,1295576.4390697938,2.727248951861927e+33,1.4509911432929949e-75,1.6158032174430812,0.4,4.697089290071688,0.4,CONV
1.9889999945534003e+33,89120583853.15265,1.3730701645284647e-06,6970.403314039687,1279161.08803208,2.727248951861927e+33,1.0717408416057021e-75,1.5339135465249945,0.4,4.493284435848011,0.4,CONV
1.9889999946514226e+33,89121301883.404,1.3624709699458678e-06,6934.485565981788,1262746.2639768983,2.727248951861927e+33,7.881274865386926e-76,1.4551986800878232,0.4,4.295866821433145,0.4,CONV
1.9889999947494448e+33,89122025524.27165,1.351816861920386e-06,6898.287744500673,1246331.970974088,2.727248951861927e+33,5.769410273505151e-76,1.3795743028803236,0.4,4.104715176596053,0.4,CONV
1.988999994847467e+33,89122754894.2413,1.341106827032015e-06,6861.80393650278,1229918.2131788211,2.727248951861927e+33,4.203770490114554e-76,1.3069572833147547,0.4,3.9197089981609032,0.4,CONV
1.9889999949454893e+33,89123490115.91933,1.3303398193703835e-06,6825.028023277277,1213504.9948345483,2.727248951861927e+33,3.048324701653194e-76,1.2372656720230073,0.4,3.7407285550608047,0.4,CONV
1.9889999950435116e+33,89124231316.23383,1.3195147590390752e-06,6787.953670461142,1197092.3202760895,2.727248951861927e+33,2.1995694011303803e-76,1.1704187003964832,0.4,3.5676548934929633,0.4,CONV
1.9889999951415338e+33,89124978626.64847,1.3086305305696195e-06,6750.574317369815,1180680.1939328753,2.727248951861927e+33,1.5790841754530362e-76,1.1063367791095504,0.4,3.400369842179422,0.4,CONV
1.988999995239556e+33,89125732183.39006,1.297685981238369e-06,6712.883165643925,1164268.6203323507,2.727248951861927e+33,1.1277121317378638e-76,1.044941496626072,0.4,3.238756017736754,0.4,CONV
1.988999995327123e+33,89126410761.68176,1.2878568173713743e-06,6678.942805397272,1149608.0124561547,2.727248951861927e+33,8.310101762802833e-77,0.9923038264483172,0.4,3.0990812964383045,0.4,CONV
1.98899999541469e+33,89127094541.74147,1.2779776865440624e-06,6644.742790642545,1134947.852761542,2.727248951861927e+33,6.0966779873599024e-77,0.9416943108751442,0.4,2.9637568743266383,0.4,CONV
1.988999995502257e+33,89127783631.30899,1.2680476843291434e-06,6610.277744719104,1120288.1446889855,2.727248951861927e+33,4.4525195806040216e-77,0.8930594267524758,0.4,2.8327006819776837,0.4,CONV
1.988999995589824e+33,89128478141.79808,1.2580658778673444e-06,6575.542107643371,1105628.89175064,2.727248951861927e+33,3.2365977999701463e-77,0.8463463973415576,0.4,2.705831165386876,0.4,CONV
1.988999995677391e+33,89129178188.4722,1.2480313045843619e-06,6540.530127338513,1090970.0975328025,2.727248951861927e+33,2.341446755099241e-77,0.8015031914200872,0.4,2.58306728934867,0.4,CONV
1.988999995764958e+33,89129883890.63116,1.237942970831865e-06,6505.235850320753,1076311.7656984902,2.727248951861927e+33,1.6855141114917734e-77,0.7584785223732708,0.4,2.4643285409035074,0.4,CONV
1.988999995852525e+33,89130595371.80957,1.227799850446975e-06,6469.653111800771,1061653.899990145,2.727248951861927e+33,1.2071753988689549e-77,0.7172218472747016,0.4,2.349534932854945,0.4,CONV
1.988999995940092e+33,89131312759.9878,1.2176008832241253e-06,6433.77552515483,1046996.5042324711,2.727248951861927e+33,8.600680862887302e-78,0.6776833659566692,0.4,2.2386070073589597,0.4,CONV
1.988999996027659e+33,89132036187.81665,1.2073449732926703e-06,6397.596470716117,1032339.5823354166,2.727248951861927e+33,6.094687957912256e-78,0.6398140200696987,0.4,2.1314658395881163,0.4,CONV
1.988999996115226e+33,89132765792.85675,1.1970309873930108e-06,6361.109083832079,1017683.1382973043,2.727248951861927e+33,4.2949188265612856e-78,0.6035654921310623,0.4,2.0280330414733205,0.4,CONV
1.988999996202793e+33,89133501717.83376,1.1866577530433308e-06,6324.306242128395,1003027.1762081259,2.727248951861927e+33,3.0093223354379103e-78,0.5688902045618938,0.4,1.9282307655256579,0.4,CONV
1.98899999629036e+33,89134244110.91086,1.1762240565883032e-06,6287.180551914499,988371.7002530086,2.727248951861927e+33,2.0961130724339392e-78,0.5357413187126844,0.4,1.8319817087414851,0.4,CONV
1.988999996377927e+33,89134993125.9799,1.165728641120292e-06,6249.724333659138,973716.7147158652,2.727248951861927e+33,1.45114661942742e-78,0.5040727338767466,0.4,1.7392091165934978,0.4,CONV
1.9889999964654938e+33,89135748922.97267,1.1551702042626866e-06,6211.929606457361,959062.2239832411,2.727248951861927e+33,9.983272804651539e-79,0.47383908629143584,0.4,1.649836787111378,0.4,CONV
1.9889999965383827e+33,89136383323.48439,1.1463325594273512e-06,6180.205980479711,946864.525391292,2.727248951861927e+33,7.276334478320432e-79,0.4497354074706383,0.4,1.5779838174335667,0.4,CONV
1.9889999966112715e+33,89137022637.43193,1.1374495102120368e-06,6148.237110687068,934667.1753873493,2.727248951861927e+33,5.278875332049443e-79,0.42656964717229234,0.4,1.508390981121994,0.4,CONV
1.9889999966841604e+33,89137666967.64796,1.1285202261892909e-06,6116.017865589705,922470.1766762409,2.727248951861927e+33,3.8115617784418816e-79,0.40431680853697183,0.4,1.4410152196161812,0.4,CONV
1.9889999967570492e+33,89138316420.50896,1.1195438505496234e-06,6083.542936877989,910273.5320197453,2.727248951861927e+33,2.738664026133561e-79,0.3829522466622346,0.4,1.3758137471782461,0.4,CONV
1.988999996829938e+33,89138971106.10649,1.1105194988981906e-06,6050.806830872248,898077.2442385678,2.727248951861927e+33,1.9578875534831713e-79,0.36245166817915236,0.4,1.3127440527052616,0.4,CONV
1.988999996902827e+33,89139631138.42941,1.1014462579794826e-06,6017.8038594371465,885881.3162144112,2.727248951861927e+33,1.3924713739896612e-79,0.34279113082405716,0.4,1.2517639015783202,0.4,CONV
1.9889999969757158e+33,89140296635.55746,1.0923231843246588e-06,5984.5281303191505,873685.7508921502,2.727248951861927e+33,9.850719100776941e-80,0.3239470430053386,0.4,1.192831337549405,0.4,CONV
1.9889999970486046e+33,89140967719.86745,1.0831493028156863e-06,5950.973536861879,861490.5512821135,2.727248951861927e+33,6.93048119955584e-80,0.30589616336526093,0.4,1.1359046846676943,0.4,CONV
1.9889999971214935e+33,89141644518.2528,1.0739236051599213e-06,5917.133747049887,849295.7204624818,2.727248951861927e+33,4.848419775617397e-80,0.28861560033656036,0.4,1.0809425492463023,0.4,CONV
1.9889999971943823e+33,89142327162.35777,1.0646450482681677e-06,5883.002191826701,837101.2615818098,2.727248951861927e+33,3.3721175448530427e-80,0.2720828116937796,0.4,1.0279038218712229,0.4,CONV
1.9889999972672712e+33,89143015788.82726,1.055312552528621e-06,5848.572052627765,824907.1778616796,2.727248951861927e+33,2.3312652164424217e-80,0.2562756040991213,0.4,0.9767476794537227,0.4,CONV
1.98899999734016e+33,89143710539.57375,1.0459249999683606e-06,5813.836248063063,812713.4725994942,2.727248951861927e+33,1.601711462124709e-80,0.24117213264274168,0.4,0.9274335873280153,0.4,CONV
1.988999997413049e+33,89144411562.06276,1.0364812322932725e-06,5778.787419677793,800520.1491714219,2.727248951861927e+33,1.0934368766652811e-80,0.2267509003772576,0.4,0.8799213013956315,0.4,CONV
1.9889999974859377e+33,89145119009.61829,1.0269800487963854e-06,5743.417916712159,788327.2110355014,2.727248951861927e+33,7.4153051628347935e-81,0.21299075784638777,0.4,0.8341708703185526,0.4,CONV
1.9889999975466627e+33,89145713417.33418,1.0190197103636482e-06,5713.700379486415,778169.3618001001,2.727248951861927e+33,5.337627381361729e-81,0.2020167439886678,0.4,0.7973721486207929,0.4,CONV
1.9889999976073877e+33,89146312490.86996,1.0110179120190607e-06,5683.749973793409,768011.784543259,2.727248951861927e+33,3.8233919147065234e-81,0.19147529189321474,0.4,0.7617459985046812,0.4,CONV
1.9889999976681126e+33,89146916329.20953,1.0029738851386222e-06,5653.561760458878,757854.4814047845,2.727248951861927e+33,2.7250261264984775e-81,0.18135472290459542,0.4,0.7272697901893483,0.4,CONV
1.9889999977288376e+33,89147525034.79515,9.948868363422948e-07,5623.130627758723,747697.4545701589,2.727248951861927e+33,1.9321962019041974e-81,0.1716435249141299,0.4,0.6939210390193348,0.4,CONV
1.9889999977895625e+33,89148138713.69698,9.867559463490338e-07,5592.451282958272,737540.7062721465,2.727248951861927e+33,1.362778309264141e-81,0.16233035215891495,0.4,0.6616774064442316,0.4,CONV
1.9889999978502875e+33,89148757475.79349,9.785803687623406e-07,5561.518243314107,727384.2387924796,2.727248951861927e+33,9.559265819430618e-82,0.1534040250185497,0.4,0.630516701018507,0.4,CONV
1.9889999979110124e+33,89149381434.9634,9.70359228781091e-07,5530.325826496303,717228.054463628,2.727248951861927e+33,6.667731588556543e-82,0.14485352980947414,0.4,0.6004168794220928,0.4,CONV
1.9889999979717374e+33,89150010709.2902,9.620916218299193e-07,5498.868140384981,707072.1556706592,2.727248951861927e+33,4.623934340348499e-82,0.13666801857687708,0.4,0.5713560475025404,0.4,CONV
1.9889999980324623e+33,89150645421.28027,9.537766121029075e-07,5467.139072190706,696916.5448531938,2.727248951861927e+33,3.187480674564524e-82,0.12883680888409474,0.4,0.5433124613394446,0.4,CONV
1.9889999980931873e+33,89151285698.09552,9.454132310137405e-07,5435.132276843377,686761.2245074636,2.727248951861927e+33,2.1837585684973808e-82,0.12134938359944072,0.4,0.5162645283319749,0.4,CONV
1.9889999981539122e+33,89151931671.80208,9.370004755448568e-07,5402.841164588841,676606.1971884782,2.727248951861927e+33,1.486612795299072e-82,0.11419539068039995,0.4,0.4901908083103694,0.4,CONV
1.9889999982146372e+33,89152583479.63611,9.285373064873828e-07,5370.258887726427,666451.4655123082,2.727248951861927e+33,1.0053986446847889e-82,0.10736464295510396,0.4,0.4650700146722347,0.4,CONV
1.988999998275362e+33,89153241264.28835,9.200226465628556e-07,5337.378326413858,656297.0321584938,2.727248951861927e+33,6.753558014956022e-83,0.10084711790102185,0.4,0.440881015544633,0.4,CONV
1.988999998336087e+33,89153905174.20892,9.114553784168331e-07,5304.192073458447,646142.8998725859,2.727248951861927e+33,4.504878265202411e-83,0.09463295742077808,0.4,0.4176028349728986,0.4,CONV
1.9889999983633626e+33,89154205413.71123,9.075898324076454e-07,5289.184440315357,641582.116835874,2.727248951861927e+33,3.746966495630004e-83,0.0919379239691263,0.4,0.4074379839597554,0.4,CONV
1.9889999983815788e+33,89154406643.54396,9.050021048671097e-07,5279.125915269899,638536.1990645623,2.727248951861927e+33,3.310478500968191e-83,0.09017059288548239,0.4,0.40074838707048893,0.4,CONV
1.9889999983834004e+33,89154426798.12654,9.047430621169341e-07,5278.118485762847,638231.6088007733,2.727248951861927e+33,3.269609962314997e-83,0.08999528198930967,0.4,0.4000837646861985,0.4,CONV
1.9889999983835825e+33,89154428813.90169,9.047171551352945e-07,5278.01772699766,638201.1497895437,2.727248951861927e+33,3.265549759450133e-83,0.08997776506963463,0.4,0.4000173457074873,0.4,CONV
1.9889999983837647e+33,89154430829.73447,9.046912468933608e-07,5277.9169698369415,638170.6907810689,2.727248951861927e+33,3.2614945513886634e-83,0.08996025150405408,0.4,0.399950936696079,0.399950936696079,RAD
1.988999998388331e+33,89154481381.56906,9.04040684138231e-07,5275.395689604769,637407.1441002588,2.727248951861927e+33,3.161600048714278e-83,0.0895230035165442,0.4,0.3982913077601028,0.3982913077601028,RAD
1.9889999983929114e+33,89154532123.12029,9.033860393891928e-07,5272.875458219604,636641.2858200285,2.727248951861927e+33,3.064724296121018e-83,0.08908785395086476,0.4,0.3966364837501128,0.3966364837501128,RAD
1.9889999983974917e+33,89154582901.45644,9.027292901948822e-07,5270.36387214626,635875.429283953,2.727248951861927e+33,2.9710562694098283e-83,0.08865609594272399,0.4,0.394991420723312,0.394991420723312,RAD
1.988999998402072e+33,89154633716.74916,9.020704462009355e-07,5267.860876373007,635109.5744932945,2.727248951861927e+33,2.880481691462109e-83,0.08822769317208615,0.4,0.39335603257357776,0.39335603257357776,RAD
1.9889999984070586e+33,89154689083.07767,9.01350772678321e-07,5265.145494757974,634275.767799415,2.727248951861927e+33,2.785259261262457e-83,0.08776505153158619,0.4,0.39158643833983964,0.39158643833983964,RAD
1.9889999984319926e+33,89154966589.05661,8.977156700265979e-07,5251.717631892805,630106.6690569216,2.727248951861927e+33,2.3576103481388998e-83,0.08550923942270898,0.4,0.3829050269836566,0.3829050269836566,RAD
1.9889999984569265e+33,89155245228.65474,8.940205661698323e-07,5238.532566333866,625937.6223270027,2.727248951861927e+33,2.000158485595084e-83,0.08334523625021105,0.4,0.3744921022906823,0.3744921022906823,RAD
1.9889999984818605e+33,89155525029.76967,8.902668924903776e-07,5225.582255614734,621768.627823491,2.727248951861927e+33,1.7006390962713815e-83,0.08126797100141359,0.4,0.36633539926327385,0.36633539926327385,RAD
1.9889999985067944e+33,89155806020.43877,8.864560223081795e-07,5212.859041076543,617599.6857654396,2.727248951861927e+33,1.4490588275538387e-83,0.07927272426674226,0.4,0.358423388760813,0.358423388760813,RAD
1.9889999985317283e+33,89156088228.86308,8.825892741109184e-07,5200.355624116765,613430.7963771505,2.727248951861927e+33,1.2372514953889177e-83,0.07735509904897075,0.4,0.350745223129175,0.350745223129175,RAD
1.9889999985566623e+33,89156371683.4309,8.786679145584674e-07,5188.065044234329,609261.9598882063,2.727248951861927e+33,1.0585253596869662e-83,0.07551099438386524,0.4,0.3432906865808221,0.3432906865808221,RAD
1.9889999985815962e+33,89156656412.74077,8.746931612805291e-07,5175.980658711215,605093.1765335081,2.727248951861927e+33,9.073820351687006e-84,0.07373658146513626,0.4,0.3360501498480639,0.3360501498480639,RAD
1.9889999986065302e+33,89156942445.62448,8.706661854844822e-07,5164.096123787001,600924.4465533156,2.727248951861927e+33,7.792917818772716e-84,0.07202828200406801,0.4,0.32901452868639336,0.32901452868639336,RAD
1.988999998631464e+33,89157229811.16963,8.665881143888492e-07,5152.4053771972385,596755.7701932929,2.727248951861927e+33,6.705133163041679e-84,0.07038274858649893,0.4,0.3221752458517072,0.3221752458517072,RAD
1.988999998656398e+33,89157518538.74217,8.624600334963454e-07,5140.902621959347,592587.1477045579,2.727248951861927e+33,5.779488922535988e-84,0.0687968468179871,0.4,0.3155241962168797,0.3155241962168797,RAD
1.9889999986874958e+33,89157880595.0628,8.572429696268851e-07,5126.811376157635,587388.0949904283,2.727248951861927e+33,4.8136551550342715e-84,0.06689802848316374,0.4,0.3074811663634302,0.3074811663634302,RAD
1.9889999987185936e+33,89158244874.48181,8.519516863470879e-07,5112.99369407188,582189.126983842,2.727248951861927e+33,4.0196788830933753e-84,0.06508210582331159,0.4,0.2997050607597146,0.2997050607597146,RAD
1.9889999987496913e+33,89158611436.11389,8.465880458936129e-07,5099.439858574148,576990.2442084716,2.727248951861927e+33,3.3651163133609107e-84,0.06334417283649385,0.4,0.29218280941048935,0.29218280941048935,RAD
1.988999998780789e+33,89158980339.99109,8.411538302259169e-07,5086.140649297147,571791.4472018508,2.727248951861927e+33,2.8239981523464997e-84,0.06167968761170853,0.4,0.284902181935283,0.284902181935283,RAD
1.9889999988118868e+33,89159351647.13138,8.356507457877262e-07,5073.08730973995,566592.7365155953,2.727248951861927e+33,2.375468592471353e-84,0.06008444000860331,0.4,0.2778517212137809,0.2778517212137809,RAD
1.9889999988429846e+33,89159725419.60805,8.300804279139175e-07,5060.271517032212,561394.112715639,2.727248951861927e+33,2.002724673352598e-84,0.05855452266203615,0.4,0.27102068322575673,0.27102068322575673,RAD
1.9889999988740823e+33,89160101720.62012,8.244444449142441e-07,5047.685354105225,556195.5763824873,2.727248951861927e+33,1.6921866309720857e-84,0.057086304924102854,0.4,0.26439898242157156,0.26439898242157156,RAD
1.98899999890518e+33,89160480614.56409,8.187443018622617e-07,5035.321284044572,550997.1281114859,2.727248951861927e+33,1.4328465770341323e-84,0.05567640940639892,0.4,0.25797714203898453,0.25797714203898453,RAD
1.9889999989362778e+33,89160862167.10722,8.129814441149307e-07,5023.17212642325,545798.7685131077,2.727248951861927e+33,1.215755381335749e-84,0.05432169082842617,0.4,0.2517462488515775,0.2517462488515775,RAD
1.988999998961976e+33,89161179521.99529,8.081728927390168e-07,5013.289807608281,541503.1017573224,2.727248951861927e+33,1.063010864091733e-84,0.053241747757087725,0.4,0.24673537861664785,0.24673537861664785,RAD
1.9889999989651925e+33,89161219378.62032,8.075680903709714e-07,5012.062646364518,540965.4129740684,2.727248951861927e+33,1.0453942051714543e-84,0.05310900380590576,0.4,0.24611671481805752,0.24611671481805752,RAD
1.9889999989655142e+33,89161223365.92279,8.075075747569559e-07,5011.940049200828,540911.6441486293,2.727248951861927e+33,1.0436498685160208e-84,0.05309575869322971,0.4,0.2460549516480857,0.2460549516480857,RAD
1.988999998965836e+33,89161227353.52376,8.074470528166206e-07,5011.817473016788,540857.8753328087,2.727248951861927e+33,1.041908650314611e-84,0.05308361242846375,0.4,0.24599827495692467,0.24599827495692467,RAD
1.9889999989674505e+33,89161247374.64948,8.071431659609871e-07,5011.20242128159,540587.9714403192,2.727248951861927e+33,1.033214216230796e-84,0.05302946919367418,0.4,0.24574534065718528,0.24574534065718528,RAD
1.9889999989755463e+33,89161347872.78642,8.056174083500534e-07,5008.1246427899405,539234.6976018982,2.727248951861927e+33,9.907539122158549e-85,0.05275926036733776,0.4,0.24448117798903315,0.24448117798903315,RAD
1.9889999989836658e+33,89161448855.65785,8.040837017659246e-07,5005.047957231393,537877.4791549027,2.727248951861927e+33,9.500040165976859e-85,0.05249035884169508,0.4,0.24322003566315326,0.24322003566315326,RAD
1.9889999989917852e+33,89161550031.31808,8.025465077968031e-07,5001.981305028198,536520.2668624092,2.727248951861927e+33,9.110083183535229e-85,0.05222353478038461,0.4,0.24196556081824952,0.24196556081824952,RAD
1.9889999989999047e+33,89161651400.9452,8.010058387637358e-07,4998.924627108177,535163.0607361569,2.727248951861927e+33,8.736878046736597e-85,0.05195876670608304,0.4,0.24071770072948745,0.24071770072948745,RAD
1.988999999008728e+33,89161761779.40028,7.993276865518269e-07,4995.614212420972,533688.2081764828,2.727248951861927e+33,8.349436163561268e-85,0.05167335275883521,0.4,0.23936910508246412,0.23936910508246412,RAD
1.9889999990528445e+33,89162317182.51054,7.908761293185214e-07,4979.235196200546,526314.0553496432,2.727248951861927e+33,6.665052482609163e-85,0.050281399673843874,0.4,0.23274008100117957,0.23274008100117957,RAD
1.988999999096961e+33,89162878581.64038,7.823246351016291e-07,4963.138025257656,518940.08724466414,2.727248951861927e+33,5.333283325309532e-85,0.04894564728820359,0.4,0.22629517911703018,0.22629517911703018,RAD
1.9889999991410776e+33,89163446179.97267,7.736750469334552e-07,4947.314041723719,511566.3058726382,2.727248951861927e+33,4.2775654143964426e-85,0.04766309263385864,0.4,0.22002683516002486,0.22002683516002486,RAD
1.9889999991851942e+33,89164020188.54489,7.649291450635605e-07,4931.754967851024,504192.7133129629,2.727248951861927e+33,3.438562774649935e-85,0.046430931368238774,0.4,0.21392789366780324,0.21392789366780324,RAD
1.9889999992293107e+33,89164600826.7548,7.560886499985478e-07,4916.452884461913,496819.31171601074,2.727248951861927e+33,2.7701542733374745e-85,0.045246542179586395,0.4,0.20799158073864693,0.20799158073864693,RAD
1.9889999992734272e+33,89165188322.90152,7.471552253558599e-07,4901.4002108890945,489446.1033059712,2.727248951861927e+33,2.2363873733050077e-85,0.04410747260455004,0.4,0.20221147893517188,0.20221147893517188,RAD
1.9889999993175438e+33,89165782914.76512,7.381304805454137e-07,4886.589686285854,482073.0903838777,2.727248951861927e+33,1.8091578526163545e-85,0.04301142611357269,0.4,0.1965815041432168,0.1965815041432168,RAD
1.9889999993717464e+33,89166523524.51369,7.269197410696175e-07,4868.714428816578,473014.7100326083,2.727248951861927e+33,1.398065300836475e-85,0.04172054004722489,0.4,0.1898614432516292,0.1898614432516292,RAD
1.988999999425949e+33,89167275702.37816,7.155762883937666e-07,4851.18189540735,463956.6329622487,2.727248951861927e+33,1.0834800269766431e-85,0.04048763897052697,0.4,0.18334920115295478,0.18334920115295478,RAD
1.9889999994801515e+33,89168039957.1059,7.041028039663079e-07,4833.98037835708,454898.863962947,2.727248951861927e+33,8.41989127060823e-86,0.03930928134008807,0.4,0.17703528770249227,0.17703528770249227,RAD
1.988999999534354e+33,89168816826.26326,6.925018688596016e-07,4817.098740967391,445841.4080367229,2.727248951861927e+33,6.560475412952245e-86,0.03818227809635323,0.4,0.17091078206261304,0.17091078206261304,RAD
1.9889999995885567e+33,89169606878.68924,6.807759691647148e-07,4800.526381653115,436784.27040962025,2.727248951861927e+33,5.124598649086105e-86,0.037103670708667644,0.4,0.16496729065101762,0.16496729065101762,RAD
1.9889999996427593e+33,89170410717.20009,6.689275010238401e-07,4784.253200803621,427727.456544902,2.727248951861927e+33,4.012672965939894e-86,0.03607071141935429,0.4,0.1591969087627532,0.1591969087627532,RAD
1.988999999696962e+33,89171228981.57748,6.569587753303296e-07,4768.269570147736,418670.972157396,2.727248951861927e+33,3.14928329681165e-86,0.03508084543835662,0.4,0.1535921854969901,0.1535921854969901,RAD
1.9889999997511645e+33,89172062351.87785,6.448720221235192e-07,4752.56630440048,409614.8232291131,2.727248951861927e+33,2.4771331567011445e-86,0.034131694871167004,0.4,0.14814609166133247,0.14814609166133247,RAD
1.988999999805367e+33,89172911552.10632,6.326693947030365e-07,4737.134634992354,400559.0160262765,2.727248951861927e+33,1.952553819059331e-86,0.03322104418963824,0.4,0.14285199036294388,0.14285199036294388,RAD
1.9889999998595697e+33,89173777354.30553,6.203529734850424e-07,4721.96618570189,391503.55711791926,2.727248951861927e+33,1.5421610589931602e-86,0.032346827078509485,0.4,0.13770361002777676,0.13770361002777676,RAD
1.9889999999137722e+33,89174660583.11783,6.079247696209e-07,4707.052950029864,382448.45339622983,2.727248951861927e+33,1.2203573869592176e-86,0.03150711451060413,0.4,0.13269501961730307,0.13269501961730307,RAD
1.9889999999679748e+33,89175562120.88927,5.953867283969823e-07,4692.387270169379,373393.71209884994,2.727248951861927e+33,9.674595311269997e-87,0.030700103921117865,0.4,0.12782060583683133,0.12782060583683133,RAD
1.988999999996798e+33,89176049306.1225,5.886753532340691e-07,4684.686865514831,368578.8679670243,2.727248951861927e+33,8.556748736831159e-87,0.030283698571694034,0.4,0.12528137064095793,0.12528137064095793,RAD
1.9889999999996802e+33,89176098329.76952,5.880025474716182e-07,4683.920519667661,368097.3893539105,2.727248951861927e+33,8.452549947141461e-87,0.030242530969026904,0.4,0.12502942125189664,0.12502942125189664,RAD
1.9889999999999684e+33,89176103235.21634,5.879352502688147e-07,4683.8439218137655,368049.24155084376,2.727248951861927e+33,8.442202297537815e-87,0.03023841888958474,0.4,0.12500424589956094,0.12500424589956094,RAD
1.9889999999999972e+33,89176103725.79187,5.879285203823245e-07,4683.83626239547,368044.42677111976,2.727248951861927e+33,8.441168251377723e-87,0.030238007728400587,0.4,0.12500172856003897,0.12500172856003897,RAD
1.989e+33,89176103774.84973,5.879278473920134e-07,4683.835496457311,368043.94529315317,2.727248951861927e+33,8.44106485394653e-87,0.03023796661274981,0.4,0.1250014768280441,0.1250014768280441,RAD
