m,r,rho,T,P,l,epsilon,kappa,grad_ad,grad_rad,grad_act,nature
3.978e+25,55320756.898290746,56.09311233595236,20303256.70643631,1.5264016479691456e+17,2.0530311337497262e+28,516.063197137481,0.7212819183932663,0.4,1.3183211584460677,0.4,CONV
3.978000000000009e+25,55320756.89829078,56.09311233595236,20303256.70643631,1.5264016479691456e+17,2.0530311337497306e+28,516.063197137481,0.7212819183932663,0.4,1.318321158446068,0.4,CONV
3.9780000000000946e+25,55320756.89829118,56.09311233595236,20303256.70643631,1.5264016479691456e+17,2.053031133749775e+28,516.063197137481,0.7212819183932663,0.4,1.3183211584460677,0.4,CONV
3.9780000000009536e+25,55320756.89829516,56.09311233595236,20303256.70643631,1.5264016479691456e+17,2.0530311337502184e+28,516.063197137481,0.7212819183932663,0.4,1.318321158446068,0.4,CONV
3.9780000000095435e+25,55320756.89833497,56.09311233595236,20303256.70643631,1.5264016479691456e+17,2.053031133754651e+28,516.063197137481,0.7212819183932663,0.4,1.3183211584460677,0.4,CONV
3.978000000095443e+25,55320756.89873317,56.093112335952355,20303256.70643631,1.5264016479691453e+17,2.053031133798981e+28,516.0631971374809,0.7212819183932663,0.4,1.318321158446066,0.4,CONV
3.978000000954436e+25,55320756.9027151,56.09311233595231,20303256.7064363,1.5264016479691434e+17,2.0530311342422758e+28,516.0631971374806,0.7212819183932683,0.4,1.3183211584460526,0.4,CONV
3.978000009544371e+25,55320756.942534454,56.09311233595188,20303256.706436194,1.526401647969124e+17,2.0530311386752247e+28,516.0631971374272,0.7212819183932709,0.4,1.3183211584458845,0.4,CONV
3.978000095443717e+25,55320757.34072801,56.09311233594763,20303256.706435163,1.52640164796893e+17,2.0530311830047157e+28,516.0631971369571,0.7212819183933081,0.4,1.3183211584442263,0.4,CONV
3.978000954437176e+25,55320761.322663225,56.093112335905026,20303256.70642485,1.5264016479669923e+17,2.0530316262996267e+28,516.0631971321897,0.7212819183936761,0.4,1.318321158427637,0.4,CONV
3.978009544371768e+25,55320801.14198387,56.09311233547896,20303256.706321754,1.5264016479476147e+17,2.0530360592487354e+28,516.063197084518,0.7212819183973602,0.4,1.318321158261748,0.4,CONV
3.978095443717688e+25,55321199.33203758,56.09311233121842,20303256.70529077,1.5264016477538403e+17,2.053080388739798e+28,516.0631966078024,0.7212819184342039,0.4,1.3183211566028925,0.4,CONV
3.978954437176888e+25,55325180.91734549,56.093112288614805,20303256.69498131,1.526401645816174e+17,2.05352368364817e+28,516.0631918408335,0.7212819188026188,0.4,1.318321140017157,0.4,CONV
3.987544371768888e+25,55364965.28940916,56.093111862747115,20303256.591927502,1.5264016264471754e+17,2.0579566325067387e+28,516.0631441900226,0.7212819224853144,0.4,1.318320974441702,0.4,CONV
4.073443717688888e+25,55759702.15790297,56.09310762074041,20303255.56542335,1.5264014335153738e+17,2.1022860986361926e+28,516.062669547378,0.7212819591681067,0.4,1.3183193462456668,0.4,CONV
4.228102852143545e+25,56456646.949301496,56.09310005750507,20303253.735229928,1.5264010895299392e+17,2.182099838856536e+28,516.0618232899594,0.7212820245712703,0.4,1.3183165339320326,0.4,CONV
4.382761986598202e+25,57136796.738218844,56.093092585952874,20303251.92722242,1.5264007497144e+17,2.261913448995277e+28,516.0609872923359,0.7212820891816175,0.4,1.318313861691014,0.4,CONV
4.53742112105286e+25,57801128.17806104,56.09308520179348,20303250.140362628,1.526400413873625e+17,2.3417269306015424e+28,516.0601610744291,0.7212821530362522,0.4,1.318311315871265,0.4,CONV
4.692080255507517e+25,58450530.10472258,56.09307790107603,20303248.37369451,1.5264000818279235e+17,2.4215402851532052e+28,516.0593441941231,0.7212822161693354,0.4,1.318308884591427,0.4,CONV
4.846739389962174e+25,59085814.041037485,56.093070680152074,20303246.62633518,1.5263997534113568e+17,2.5013535140624275e+28,516.0585362431476,0.7212822786124196,0.4,1.3183065574600088,0.4,CONV
5.001398524416831e+25,59707723.15238785,56.093063535643424,20303244.897467185,1.5263994284702816e+17,2.5811666186806107e+28,516.0577368434843,0.7212823403947145,0.4,1.318304325346952,0.4,CONV
5.190527486561164e+25,60451054.58250728,56.09305489809418,20303242.807304807,1.5263990356239133e+17,2.6787679912756178e+28,516.056770388949,0.7212824150881326,0.4,1.318301713207073,0.4,CONV
5.379656448705497e+25,61176541.70575561,56.09304636484807,20303240.742382187,1.5263986475214205e+17,2.7763691821987935e+28,516.0558156065727,0.7212824888796086,0.4,1.318299218275414,0.4,CONV
5.56878541084983e+25,61885218.36204873,56.09303793104237,20303238.701522607,1.526398263941638e+17,2.8739701936055063e+28,516.0548719521986,0.7212825618111904,0.4,1.3182968293716575,0.4,CONV
5.757914372994163e+25,62578025.76361505,56.0930295921977,20303236.683642134,1.526397884680838e+17,2.971571027552346e+28,516.0539389245707,0.7212826339216151,0.4,1.3182945367506784,0.4,CONV
5.947043335138496e+25,63255823.53654175,56.093021344176336,20303234.687739495,1.5263975095508294e+17,3.069171686004785e+28,516.0530160606792,0.7212827052466634,0.4,1.3182923318768631,0.4,CONV
6.136172297282829e+25,63919399.139741056,56.0930131831461,20303232.712887365,1.5263971383773194e+17,3.166772170844017e+28,516.0521029316876,0.7212827758194714,0.4,1.3182902072399025,0.4,CONV
6.368318979366215e+25,64715522.847419254,56.093003279584224,20303230.316367473,1.5263966879514154e+17,3.286571825435863e+28,516.0509948347452,0.7212828614609124,0.4,1.3182876993418322,0.4,CONV
6.600465661449601e+25,65492526.627619684,56.09299349566547,20303227.948799364,1.5263962429670768e+17,3.406371224353371e+28,516.0499001267356,0.7212829460677639,0.4,1.3182852916250933,0.4,CONV
6.832612343532987e+25,66251518.690341815,56.09298382580957,20303225.608832695,1.5263958031705043e+17,3.5261703706312463e+28,516.0488181832046,0.7212830296882793,0.4,1.3182829747523759,0.4,CONV
7.064759025616373e+25,66993507.91439956,56.092974264876375,20303223.29522363,1.526395368327917e+17,3.645969267165059e+28,516.047748428969,0.7212831123669081,0.4,1.3182807405749042,0.4,CONV
7.296905707699759e+25,67719415.69267122,56.092964808117934,20303221.00682324,1.5263949382233706e+17,3.7657679167220397e+28,516.0466903327126,0.7212831941447055,0.4,1.3182785819462803,0.4,CONV
7.529052389783145e+25,68430086.03602567,56.092955451137065,20303218.742567472,1.526394512656874e+17,3.885566321950716e+28,516.045643402374,0.7212832750596996,0.4,1.31827649257048,0.4,CONV
7.814041368227501e+25,69282822.93929008,56.092944094726015,20303215.99447798,1.5263939961540045e+17,4.032633461261769e+28,516.0443727632598,0.7212833732649055,0.4,1.318274014152027,0.4,CONV
8.089487142261878e+25,70087520.12774676,56.09293324911206,20303213.36999393,1.526393502882851e+17,4.174775535507322e+28,516.043159278662,0.7212834670530013,0.4,1.318271701460587,0.4,CONV
8.364932916296256e+25,70874151.99791493,56.0929225259278,20303210.775135953,1.5263930151800054e+17,4.31691727740489e+28,516.0419594950346,0.7212835597824132,0.4,1.3182694628873135,0.4,CONV
8.640378690330633e+25,71643699.54791324,56.092911919825355,20303208.208609957,1.5263925328022394e+17,4.459058690644852e+28,516.0407728139281,0.7212836514993859,0.4,1.3182672921843048,0.4,CONV
8.91582446436501e+25,72397061.22258332,56.092901425852794,20303205.66921764,1.52639205552433e+17,4.601199778758963e+28,516.0395986812033,0.7212837422467403,0.4,1.3182651838407389,0.4,CONV
9.252926966187076e+25,73298233.15859535,56.09288872876641,20303202.596702855,1.5263914780463565e+17,4.775157778571275e+28,516.0381780534136,0.7212838520457179,0.4,1.3182626813245388,0.4,CONV
9.59002946800914e+25,74177774.88855098,56.09287618498139,20303199.56128461,1.526390907540792e+17,4.949115302401477e+28,516.0367745815627,0.7212839605190559,0.4,1.3182602570659283,0.4,CONV
9.927131969831206e+25,75036939.41811197,56.09286378735172,20303196.56123366,1.526390343682621e+17,5.123072355896217e+28,516.0353874659767,0.721284067728551,0.4,1.3182579042119402,0.4,CONV
1.0264234471653271e+26,75876867.50422254,56.0928515292946,20303193.59495708,1.526389786172451e+17,5.297028944443402e+28,516.034015970015,0.721284173731125,0.4,1.3182556167602655,0.4,CONV
1.0601336973475336e+26,76698601.03379278,56.09283940472928,20303190.66098342,1.5263892347337178e+17,5.4709850731922665e+28,516.032659413229,0.7212842785793615,0.4,1.318253389427742,0.4,CONV
1.0938439475297402e+26,77503094.43659966,56.09282740802398,20303187.757949878,1.52638868911028e+17,5.644940747071279e+28,516.0313171653861,0.7212843823219588,0.4,1.3182512175427568,0.4,CONV
1.135218321941179e+26,78468210.04824173,56.09281285094335,20303184.23534133,1.5263880270382435e+17,5.8584451386861135e+28,516.0296884551469,0.7212845082056932,0.4,1.3182486216010898,0.4,CONV
1.1765926963526177e+26,79410151.7592458,56.092798469689214,20303180.755280018,1.5263873729631027e+17,6.071948860535879e+28,516.0280794219368,0.721284632569012,0.4,1.3182460962048528,0.4,CONV
1.2179670707640564e+26,80330262.49812135,56.09278425606242,20303177.31578188,1.5263867265119478e+17,6.285451920569367e+28,516.0264891482285,0.7212847554828141,0.4,1.3182436354490654,0.4,CONV
1.2593414451754952e+26,81229764.84584935,56.09277020251044,20303173.915019315,1.526386087341277e+17,6.498954326371012e+28,516.0249167888593,0.7212848770124142,0.4,1.318241234147831,0.4,CONV
1.300715819586934e+26,82109775.38481317,56.092756302056806,20303170.551304135,1.526385455133791e+17,6.712456085189158e+28,516.023361563134,0.7212849972181352,0.4,1.3182388877242177,0.4,CONV
1.3420901939983727e+26,82971316.93869351,56.09274254824045,20303167.22307285,1.526384829595628e+17,6.925957203961282e+28,516.0218227480075,0.7212851161558509,0.4,1.3182365921201213,0.4,CONV
1.3928777924164092e+26,84004996.45493832,56.09272585693464,20303163.184009824,1.5263840704574675e+17,7.188031819849162e+28,516.0199552842666,0.7212852604959203,0.4,1.3182338384309562,0.4,CONV
1.4419623672546533e+26,84980402.60806596,56.09270991709027,20303159.326789606,1.526383345496706e+17,7.4413175824557495e+28,516.0181719018278,0.7212853983377127,0.4,1.3182312391368636,0.4,CONV
1.4910469420928975e+26,85933917.30620444,56.092694157129905,20303155.513098456,1.5263826287173933e+17,7.694602474674774e+28,516.0164086509271,0.7212855346240112,0.4,1.3182286960988732,0.4,CONV
1.5401315169311416e+26,86866728.99189714,56.09267856919822,20303151.741035506,1.5263819197622566e+17,7.947886506169163e+28,516.0146646525095,0.7212856694227392,0.4,1.3182262051729488,0.4,CONV
1.589216091769386e+26,87779926.12401883,56.09266314602125,20303148.00884057,1.526381218300464e+17,8.201169686186622e+28,516.0129390925634,0.7212858027968007,0.4,1.3182237626756235,0.4,CONV
1.6493037475579926e+26,88872584.090333,56.09264447994882,20303143.491909456,1.5263803693486586e+17,8.511229136132685e+28,516.0108507216717,0.7212859642143428,0.4,1.3182208338009327,0.4,CONV
1.7093914033465992e+26,89939015.72125845,56.09262603924644,20303139.02951429,1.526379530647097e+17,8.821287338864772e+28,516.0087875731751,0.721286123683066,0.4,1.3182179672464078,0.4,CONV
1.7694790591352058e+26,90980740.27444872,56.09260781340855,20303134.619112886,1.52637870171797e+17,9.131344309180307e+28,516.0067484714377,0.7212862812938133,0.4,1.3182151583089512,0.4,CONV
1.8295667149238124e+26,91999140.9065987,56.09258979275778,20303130.258363474,1.5263778821211344e+17,9.441400061198684e+28,516.0047323334902,0.721286437130271,0.4,1.318212402830384,0.4,CONV
1.889654370712419e+26,92995480.89507574,56.092571968354704,20303125.94510285,1.526377071450011e+17,9.751454608413849e+28,516.0027381589549,0.721286591269739,0.4,1.3182096971162782,0.4,CONV
1.9497420265010256e+26,93970917.476036,56.09255433191998,20303121.677327547,1.5263762693280416e+17,1.0061507963741237e+29,516.0007650212985,0.7212867437838109,0.4,1.3182070378692408,0.4,CONV
2.0234905750514573e+26,95141102.83238102,56.092532931522584,20303116.498724304,1.526375296017667e+17,1.0442050153775388e+29,515.9983707868043,0.7212869288475142,0.4,1.318203833237506,0.4,CONV
2.097239123601889e+26,96283190.33122943,56.092511789608075,20303111.382669743,1.5263743344635846e+17,1.0822590588850091e+29,515.9960054812132,0.7212871116760735,0.4,1.3182006893050309,0.4,CONV
2.170987672152321e+26,97398808.24470942,56.09249089412289,20303106.326247092,1.5263733841175795e+17,1.120312928979567e+29,515.9936677556361,0.7212872923737206,0.4,1.3181976017741142,0.4,CONV
2.2447362207027526e+26,98489438.92613204,56.09247023396403,20303101.326769598,1.5263724444746685e+17,1.1583666276487656e+29,515.9913563675518,0.7212874710364634,0.4,1.3181945668281283,0.4,CONV
2.3184847692531844e+26,99556436.20776577,56.09244979887548,20303096.381755456,1.526371515068389e+17,1.1964201567920845e+29,515.9890701692253,0.721287647752993,0.4,1.3181915810613136,0.4,CONV
2.392233317803616e+26,100601040.24144943,56.09242957935871,20303091.488906182,1.5263705954667347e+17,1.234473518227543e+29,515.9868080976875,0.7212878226054418,0.4,1.3181886414208603,0.4,CONV
2.4827606548971562e+26,101854358.72135234,56.09240504143033,20303085.551058993,1.5263694794601693e+17,1.281184305426416e+29,515.9840629136874,0.7212880348024068,0.4,1.3181850920152332,0.4,CONV
2.570252404409827e+26,103037021.84934914,56.09238160822736,20303079.88053963,1.526368413697794e+17,1.3263285389073462e+29,515.9814413339204,0.721288237446191,0.4,1.3181817194816767,0.4,CONV
2.657744153922498e+26,104193142.0549038,56.09235843947241,20303074.27401236,1.5263673599630387e+17,1.3714725443262376e+29,515.978849351582,0.7212884378032611,0.4,1.3181784001186851,0.4,CONV
2.745235903435169e+26,105324160.29943046,56.092335523617336,20303068.72868272,1.5263663177306755e+17,1.41661632421535e+29,515.976285674328,0.7212886359734779,0.4,1.3181751306577754,0.4,CONV
2.83272765294784e+26,106431396.3162489,56.0923128499687,20303063.24196305,1.5263652865143466e+17,1.4617598809981338e+29,515.9737491054492,0.7212888320493088,0.4,1.3181719081586691,0.4,CONV
2.939832072989297e+26,107756225.8546316,56.09228540892797,20303056.60159729,1.5263640384734502e+17,1.5170227854138968e+29,515.9706792099748,0.7212890693525129,0.4,1.3181680233525002,0.4,CONV
3.0469364930307537e+26,109049256.51202686,56.092258299204595,20303050.041404862,1.5263628055015414e+17,1.5722853630322049e+29,515.9676463967869,0.7212893037907858,0.4,1.3181642005836778,0.4,CONV
3.1540409130722105e+26,110312330.35688262,56.09223150535435,20303043.557648506,1.52636158689619e+17,1.627547617730887e+29,515.9646489375024,0.721289535497676,0.4,1.3181604359517038,0.4,CONV
3.261145333113667e+26,111547124.43801413,56.092205013150476,20303037.146885578,1.5263603820103395e+17,1.6828095532100942e+29,515.9616852399873,0.721289764596208,0.4,1.3181567259612754,0.4,CONV
3.3682497531551234e+26,112755170.45300487,56.09217880945116,20303030.80593595,1.526359190246275e+17,1.738071173006078e+29,515.9587538335179,0.7212899912000216,0.4,1.3181530674659059,0.4,CONV
3.47535417319658e+26,113937871.52664307,56.092152882084896,20303024.53185432,1.5263580110504166e+17,1.793332480503489e+29,515.9558533559608,0.7212902154143657,0.4,1.3181494576211406,0.4,CONV
3.60680873193203e+26,115356702.60617685,56.092121421305215,20303016.91875814,1.5263565801913024e+17,1.8611569977304056e+29,515.9523338798181,0.7212904874807584,0.4,1.318145089802471,0.4,CONV
3.73826329066748e+26,116741465.61978495,56.09209034052238,20303009.397614837,1.5263551666152528e+17,1.9289810551243053e+29,515.9488569357828,0.7212907562613002,0.4,1.3181407870905153,0.4,CONV
3.86971784940293e+26,118094134.8140078,56.09205962201646,20303001.964136463,1.5263537695163325e+17,1.9968046581440684e+29,515.9454205407659,0.721291021909223,0.4,1.318136545626249,0.4,CONV
4.00117240813838e+26,119416507.51176608,56.092029249464865,20302994.61437322,1.526352388152162e+17,2.0646278119983688e+29,515.9420228680551,0.7212912845656684,0.4,1.3181323619347118,0.4,CONV
4.13262696687383e+26,120710225.20681663,56.09199920779016,20302987.3446766,1.526351021836992e+17,2.132450521665081e+29,515.9386622302748,0.7212915443610171,0.4,1.3181282328731918,0.4,CONV
4.26408152560928e+26,121976791.55770001,56.09196948302859,20302980.1516676,1.5263496699357258e+17,2.20027279190861e+29,515.9353370646891,0.721291801416015,0.4,1.3181241555879892,0.4,CONV
4.425443785808522e+26,123496421.29972394,56.09193340975609,20302971.422399137,1.5263480293007504e+17,2.2835249577679856e+29,515.9313017491327,0.7212921133722736,0.4,1.3181192176443672,0.4,CONV
4.581395205782832e+26,124930382.68657792,56.09189896054327,20302963.08613053,1.5263464625296877e+17,2.3639848758182387e+29,515.9274481360067,0.7212924112842632,0.4,1.318114511606463,0.4,CONV
4.737346625757142e+26,126332161.32903315,56.09186490009689,20302954.84393677,1.5263449134405965e+17,2.4444441963108883e+29,515.92363803854,0.7212927058345988,0.4,1.3181098671692373,0.4,CONV
4.8932980457314526e+26,127703504.36359863,56.091831211440024,20302946.691709716,1.526343381261334e+17,2.5249029258821805e+29,515.919869556744,0.7212929971700817,0.4,1.3181052811117586,0.4,CONV
5.049249465705763e+26,129046011.94012696,56.09179787885215,20302938.625645246,1.5263418652769018e+17,2.605361070883221e+29,515.9161409312411,0.7212932854266523,0.4,1.3181007504998998,0.4,CONV
5.240159899506604e+26,130652348.82810515,56.091757537706584,20302928.863596402,1.5263400305402237e+17,2.703854413515507e+29,515.9116283537861,0.7212936342928978,0.4,1.318095275854766,0.4,CONV
5.431070333307445e+26,132220130.22702967,56.09171768363259,20302919.219410475,1.5263382179566925e+17,2.802346899896109e+29,515.9071702971203,0.7212939789474685,0.4,1.318089875819332,0.4,CONV
5.621980767108286e+26,133751589.60785054,56.09167829392555,20302909.68759331,1.5263364264936586e+17,2.900838540187682e+29,515.9027642202046,0.7212943195866918,0.4,1.3180845463500452,0.4,CONV
5.812891200909127e+26,135248760.35845798,56.09163934767064,20302900.263083868,1.5263346551998787e+17,2.999329344087264e+29,515.8984077823181,0.7212946563914229,0.4,1.3180792837769337,0.4,CONV
6.003801634709968e+26,136713499.63124025,56.091600825548,20302890.941207036,1.5263329031966458e+17,3.097819320862383e+29,515.8940988211932,0.7212949895287241,0.4,1.3180740847560368,0.4,CONV
6.194712068510809e+26,138147508.68661407,56.09156270966424,20302881.71763292,1.526331169670137e+17,3.196308479383288e+29,515.8898353342527,0.7212953191533228,0.4,1.31806894622941,0.4,CONV
6.429025932353576e+26,139867822.66323242,56.091516459090684,20302870.525561355,1.526329066175562e+17,3.3171880126721706e+29,515.8846619790359,0.7212957191269589,0.4,1.3180627180412239,0.4,CONV
6.663339796196343e+26,141546829.80413088,56.09147076715297,20302859.468669843,1.526326988089118e+17,3.438066341157901e+29,515.8795511583189,0.7212961142701474,0.4,1.3180565720349111,0.4,CONV
6.89765366003911e+26,143186923.84407437,56.09142560780093,20302848.540654656,1.526324934225991e+17,3.5589434791468446e+29,515.8744999565675,0.7212965048081441,0.4,1.3180505039167607,0.4,CONV
7.131967523881877e+26,144790284.0013564,56.09138095703867,20302837.73570918,1.526322903494801e+17,3.6798194402896795e+29,515.8695056881376,0.7212968909484483,0.4,1.318044509776417,0.4,CONV
7.366281387724644e+26,146358900.55443025,56.09133679270073,20302827.048469737,1.5263208948874195e+17,3.800694237632255e+29,515.8645658722635,0.7212972728827259,0.4,1.3180385860394743,0.4,CONV
7.600595251567412e+26,147894596.6592302,56.09129309425892,20302816.47396884,1.526318907470184e+17,3.921567883661002e+29,515.8596782113934,0.7212976507884884,0.4,1.3180327294274663,0.4,CONV
7.888218757143435e+26,149737129.60318646,56.091240062849316,20302803.640997592,1.5263164955883898e+17,4.0699403979134366e+29,515.8537467191667,0.7212981094068603,0.4,1.3180256277082163,0.4,CONV
8.166197607645572e+26,151475791.0308877,56.09118941897426,20302791.385777626,1.5263141922937005e+17,4.213336040647307e+29,515.8480823298727,0.7212985473784819,0.4,1.3180188511314932,0.4,CONV
8.44417645814771e+26,153175431.52839196,56.09113934662767,20302779.268857226,1.526311914993631e+17,4.3567301177608496e+29,515.8424819225872,0.7212989804082279,0.4,1.3180121558256734,0.4,CONV
8.722155308649847e+26,154838169.46469682,56.09108982085162,20302767.28419699,1.5263096625530448e+17,4.500122646646403e+29,515.8369427039298,0.7212994087119134,0.4,1.3180055379442526,0.4,CONV
9.000134159151984e+26,156465944.9902494,56.09104081853526,20302755.426204477,1.5263074339208128e+17,4.6435136439490616e+29,515.831462087232,0.7212998324893779,0.4,1.3179989939525496,0.4,CONV
9.340426475070802e+26,158413611.21543175,56.09098151291639,20302741.074927635,1.5263047366946906e+17,4.819045995913969e+29,515.8248291814939,0.7213003453718911,0.4,1.3179910788643785,0.4,CONV
9.680718790989621e+26,160314529.67929882,56.09092292334535,20302726.896921225,1.5263020720363907e+17,4.994576104502092e+29,515.8182764399678,0.7213008520629489,0.4,1.3179832641590212,0.4,CONV
1.0021011106908439e+27,162171408.42240125,56.090865016443885,20302712.884108268,1.526299438427801e+17,5.170103996348199e+29,515.811800126772,0.7213013528511728,0.4,1.3179755448403279,0.4,CONV
1.0361303422827258e+27,163986712.8882928,56.09080776146504,20302699.02904851,1.5262968344704845e+17,5.345629696866847e+29,515.8053968004765,0.7213018480024346,0.4,1.3179679163367517,0.4,CONV
1.0701595738746077e+27,165762694.83826756,56.09075113000644,20302685.324869055,1.5262942588726416e+17,5.521153230346995e+29,515.7990632820884,0.7213023377623312,0.4,1.3179603744512345,0.4,CONV
1.1041888054664895e+27,167501417.01752427,56.09069509576297,20302671.765204508,1.5262917104378592e+17,5.69667462003648e+29,515.7927966273187,0.7213028223583227,0.4,1.3179529153185507,0.4,CONV
1.1459545817640214e+27,169587282.02409267,56.090627102682845,20302655.31162834,1.526288618118048e+17,5.912097894423351e+29,515.7851926391207,0.7213034103781049,0.4,1.3179438682376137,0.4,CONV
1.1877203580615533e+27,171623063.30472508,56.09055993085832,20302639.05678054,1.526285563151356e+17,6.12751801230272e+29,515.7776806002265,0.7213039912968151,0.4,1.3179349343902746,0.4,CONV
1.2294861343590853e+27,173611663.21770787,56.09049354199273,20302622.99139396,1.5262825437959686e+17,6.342935011170302e+29,515.7702562240789,0.7213045654456044,0.4,1.317926108238034,0.4,CONV
1.2712519106566172e+27,175555724.02397928,56.09042790080954,20302607.106932282,1.5262795584474304e+17,6.558348926803465e+29,515.7629155621444,0.7213051331295116,0.4,1.3179173847042502,0.4,CONV
1.3130176869541492e+27,177457658.8983523,56.09036297472313,20302591.395510342,1.5262766056236755e+17,6.773759793394524e+29,515.7556549670521,0.7213056946303007,0.4,1.3179087591206446,0.4,CONV
1.3547834632516813e+27,179319678.38263673,56.09029873355486,20302575.84982542,1.5262736839521107e+17,6.989167643669727e+29,515.7484710608222,0.7213062502089279,0.4,1.3179002271816629,0.4,CONV
1.406051543546762e+27,181553736.1909088,56.09022077195661,20302556.983933344,1.526270138282002e+17,7.253579744516314e+29,515.7397529656089,0.7213069244479493,0.4,1.3178898763002105,0.4,CONV
1.4556004936676003e+27,183661851.15163383,56.0901463202794,20302538.96739744,1.5262667522451514e+17,7.509121310902311e+29,515.7314274995637,0.7213075683336224,0.4,1.3178799945358148,0.4,CONV
1.5051494437884386e+27,185722653.9870302,56.090072708811924,20302521.15417588,1.5262634044237322e+17,7.764658775591602e+29,515.7231961142462,0.7213082049544532,0.4,1.3178702270482547,0.4,CONV
1.5546983939092768e+27,187738713.18071255,56.089999900863326,20302503.53539011,1.5262600931489584e+17,8.020192184169457e+29,515.7150547026315,0.7213088346277067,0.4,1.3178605686810367,0.4,CONV
1.604247344030115e+27,189712381.12939918,56.089927862458154,20302486.102818646,1.5262568168755462e+17,8.275721580262828e+29,515.7069994616141,0.721309457647165,0.4,1.3178510146745,0.4,CONV
1.6649035062540536e+27,192073915.66400576,56.08984067713572,20302465.004835296,1.5262528517311242e+17,8.58852669173081e+29,515.6972506715723,0.7213102116657927,0.4,1.3178394546353784,0.4,CONV
1.725559668477992e+27,194378769.42823154,56.089754544482915,20302444.16157698,1.5262489344656656e+17,8.90132592599641e+29,515.6876197593932,0.721310956582648,0.4,1.3178280369666184,0.4,CONV
1.7862158307019304e+27,196630225.8725543,56.08966941543003,20302423.56116968,1.5262450628473626e+17,9.214119352870749e+29,515.6781012322364,0.7213116928220294,0.4,1.317816754855004,0.4,CONV
1.846871992925869e+27,198831274.30270588,56.089585244775684,20302403.19267545,1.526241234820345e+17,9.526907038967082e+29,515.6686900302427,0.7213124207747877,0.4,1.3178056020416449,0.4,CONV
1.9075281551498073e+27,200984644.9383295,56.089501990765264,20302383.04599041,1.5262374484855114e+17,9.839689047948762e+29,515.659381479343,0.721313140801971,0.4,1.3177945727594245,0.4,CONV
1.9681843173737458e+27,203092838.82030618,56.08941961472736,20302363.111756768,1.5262337020839904e+17,1.0152465440750602e+30,515.6501712505618,0.7213138532379656,0.4,1.3177836616793515,0.4,CONV
2.0426306800958817e+27,205621943.57881084,56.08931965795835,20302338.92313708,1.5262291561287507e+17,1.0536344069082551e+30,515.6389955801382,0.7213147177250512,0.4,1.3177704242982429,0.4,CONV
2.1170770428180176e+27,208090322.75263014,56.089220908527004,20302315.026668105,1.5262246650876422e+17,1.0920214428272176e+30,515.6279551217284,0.7213155717732314,0.4,1.3177573491486791,0.4,CONV
2.1915234055401535e+27,210501495.40067664,56.08912331013302,20302291.408726174,1.526220226399983e+17,1.130407661660121e+30,515.6170435727669,0.7213164158693217,0.4,1.3177444285220525,0.4,CONV
2.2659697682622894e+27,212858665.2180468,56.089026810915946,20302268.056761988,1.5262158377070266e+17,1.168793072784796e+30,515.6062551276531,0.7213172504617541,0.4,1.3177316553317195,0.4,CONV
2.3404161309844254e+27,215164758.1366613,56.08893136297136,20302244.95918353,1.5262114968299536e+17,1.2071776851636613e+30,515.5955844235901,0.7213180759647431,0.4,1.3177190230434173,0.4,CONV
2.4148624937065613e+27,217422454.39927164,56.08883692193323,20302222.105255034,1.5262072017508822e+17,1.2455615073749077e+30,515.5850264938491,0.7213188927619144,0.4,1.3177065256155593,0.4,CONV
2.5062464890315725e+27,220131248.55516246,56.08872231043805,20302194.37023039,1.5262019893471904e+17,1.2926771403825762e+30,515.5722139059525,0.7213198840119021,0.4,1.3176913610118601,0.4,CONV
2.5945661868059356e+27,222687338.15114325,56.08861285888681,20302167.883851703,1.52619701161873e+17,1.3382117811375573e+30,515.5599784376942,0.7213208306382602,0.4,1.3176768810325796,0.4,CONV
2.6828858845802987e+27,225186062.6501761,56.08850464253934,20302141.69636551,1.5261920900723296e+17,1.3837453474155272e+30,515.5478813222655,0.7213217665850321,0.4,1.317662566159177,0.4,CONV
2.771205582354662e+27,227630536.2959465,56.088397607455924,20302115.79471939,1.5261872222546637e+17,1.4292778511656223e+30,515.5359165209104,0.7213226923186203,0.4,1.317648409090056,0.4,CONV
2.859525280129025e+27,230023611.33006755,56.08829170368881,20302090.166826908,1.526182405893969e+17,1.4748093038237335e+30,515.5240784417423,0.7213236082709076,0.4,1.3176344030724951,0.4,CONV
2.967643321618698e+27,232886976.99926335,56.08816353239189,20302059.150343183,1.5261765768442102e+17,1.5305459814308882e+30,515.5097516101075,0.7213247168174993,0.4,1.3176174538849343,0.4,CONV
3.0757613631083714e+27,235681618.2386028,56.08803690863997,20302028.508330766,1.526170818183434e+17,1.5862811194962446e+30,515.4955981320044,0.721325811984202,0.4,1.3176007111109789,0.4,CONV
3.1838794045980447e+27,238411516.17880842,56.087911760295036,20301998.223333597,1.526165126630595e+17,1.6420147363197589e+30,515.4816099309181,0.7213268943947717,0.4,1.3175841650319584,0.4,CONV
3.291997446087718e+27,241080295.30439553,56.087788020905876,20301968.27927173,1.526159499163299e+17,1.6977468493632585e+30,515.4677795669511,0.7213279646237842,0.4,1.3175678067049488,0.4,CONV
3.4001154875773913e+27,243691265.9618338,56.08766562908846,20301938.661291398,1.526153932989622e+17,1.7534774753154275e+30,515.4541001674335,0.7213290232020034,0.4,1.3175516278770605,0.4,CONV
3.5082335290670646e+27,246247460.62178054,56.08754452799147,20301909.35563565,1.526148425523795e+17,1.8092066301498202e+30,515.440565367102,0.7213300706209987,0.4,1.3175356209116433,0.4,CONV
3.6409323094023064e+27,249314014.391808,56.087397581390526,20301873.795512836,1.526141742660474e+17,1.8776038726031587e+30,515.4241424103074,0.7213313415868857,0.4,1.3175161992864166,0.4,CONV
3.773631089737548e+27,252306939.42965457,56.08725240971639,20301838.664880715,1.5261351405291776e+17,1.945998949050943e+30,515.4079183091508,0.7213325972073681,0.4,1.317497013827005,0.4,CONV
3.90632987007279e+27,255230502.54042524,56.087108930201104,20301803.943711035,1.5261286153653642e+17,2.0143918852576263e+30,515.3918837962904,0.7213338381981055,0.4,1.3174780534431514,0.4,CONV
4.0390286504080316e+27,258088588.1548682,56.08696706660389,20301769.61355499,1.526122163701364e+17,2.0827827058073267e+30,515.3760303350695,0.7213350652183133,0.4,1.3174593079269856,0.4,CONV
4.1717274307432733e+27,260884743.91970584,56.086826748499654,20301735.65737109,1.5261157823340218e+17,2.1511714341953723e+30,515.3603500399032,0.7213362788769194,0.4,1.3174407678558753,0.4,CONV
4.304426211078515e+27,263622219.58697906,56.08668791066528,20301702.059376612,1.5261094682967824e+17,2.2195580929100312e+30,515.3448356075919,0.7213374797378754,0.4,1.3174224245087574,0.4,CONV
4.4673159862836604e+27,266906658.61952382,56.08651942015856,20301661.285561346,1.5261018057358275e+17,2.303500960768767e+30,515.3260082327258,0.7213389370836293,0.4,1.3174001648688785,0.4,CONV
4.624743741663036e+27,270005943.8427512,56.086358515297256,20301622.347394742,1.5260944881670765e+17,2.384626159595276e+30,515.3080290979434,0.7213403288257204,0.4,1.3173789087775232,0.4,CONV
4.782171497042411e+27,273035674.8209305,56.086199426332,20301583.848629754,1.526087253194856e+17,2.4657485441454658e+30,515.290253452078,0.7213417048687601,0.4,1.3173578938384582,0.4,CONV
4.9395992524217865e+27,275999627.5304436,56.08604207396512,20301545.770077925,1.5260800972124394e+17,2.5468681457460794e+30,515.2726724153825,0.7213430658983868,0.4,1.3173371094729,0.4,CONV
5.097027007801161e+27,278901260.27332586,56.085886384767484,20301508.093970887,1.5260730168800208e+17,2.6279849943786046e+30,515.2552777651447,0.7213444125494894,0.4,1.3173165458896652,0.4,CONV
5.289744919578386e+27,282373129.5107565,56.08569796000787,20301462.495954607,1.5260644478386557e+17,2.7272818828607326e+30,515.2342264214291,0.7213460423600324,0.4,1.3172916599520375,0.4,CONV
5.48246283135561e+27,285761671.4615908,56.085511810325265,20301417.44844816,1.5260559822806128e+17,2.826574739140202e+30,515.2134300567674,0.7213476525021867,0.4,1.317267075916899,0.4,CONV
5.675180743132834e+27,289071713.19330186,56.08532782966815,20301372.925789256,1.5260476153822934e+17,2.9258636111957085e+30,515.192876794697,0.7213492438929004,0.4,1.3172427796619113,0.4,CONV
5.867898654910058e+27,292307649.34382755,56.085145920345376,20301328.904338643,1.5260393427003514e+17,3.0251485448091e+30,515.1725556948073,0.721350817376839,0.4,1.317218758183326,0.4,CONV
6.060616566687282e+27,295473493.66233355,56.084965992115194,20301285.362259686,1.5260311601302624e+17,3.124429583735698e+30,515.1524566507488,0.7213523737342511,0.4,1.3171949994734224,0.4,CONV
6.253334478464506e+27,298572922.97683144,56.084787961399364,20301242.279328197,1.526023063870579e+17,3.223706769856358e+30,515.1325703022671,0.7213539136877702,0.4,1.317171492414883,0.4,CONV
6.489867154126328e+27,302291176.2728059,56.084571935094814,20301190.00151097,1.5260132397179917e+17,3.3455495954101924e+30,515.1084407565688,0.7213557823130581,0.4,1.3171429698477688,0.4,CONV
6.726399829788149e+27,305920155.82807225,56.08435851815021,20301138.355087247,1.5260035342554048e+17,3.4673867484122585e+30,515.0846037219178,0.7213576283808955,0.4,1.3171147932555118,0.4,CONV
6.962932505449971e+27,309465035.09169185,56.084147588886616,20301087.31061331,1.52599394194839e+17,3.5892182964167813e+30,515.0610455701831,0.7213594529433285,0.4,1.3170869464678334,0.4,CONV
7.199465181111792e+27,312930523.88750046,56.083939035220816,20301036.840967428,1.5259844576989635e+17,3.7110443038840445e+30,515.0377537476909,0.7213612569694421,0.4,1.3170594145939067,0.4,CONV
7.435997856773613e+27,316320923.6920597,56.083732753619486,20300986.92109675,1.525975076798016e+17,3.832864832420339e+30,515.0147166581135,0.7213630413543851,0.4,1.31703218388233,0.4,CONV
7.672530532435435e+27,319640174.7876934,56.08352864819673,20300937.52779899,1.5259657948842726e+17,3.954679940992172e+30,514.9919235614718,0.7213648069271916,0.4,1.3170052416004618,0.4,CONV
7.962878227192726e+27,323622637.3452794,56.08328095024699,20300877.585076176,1.5259545305840426e+17,4.104202634998503e+30,514.964263634939,0.7213669496048308,0.4,1.316972546527882,0.4,CONV
8.243490027374785e+27,327380599.845405,56.08304440396853,20300820.340968456,1.5259437734479994e+17,4.248703970940273e+30,514.9378503082356,0.7213689958332998,0.4,1.3169413249202895,0.4,CONV
8.524101827556844e+27,331054228.7771268,56.082810527285915,20300763.742823888,1.52593313774409e+17,4.393197937309898e+30,514.9117363383772,0.72137101898479,0.4,1.3169104570639267,0.4,CONV
8.804713627738902e+27,334648102.4719496,56.08257920362164,20300707.762433324,1.5259226181698714e+17,4.5376846162543525e+30,514.8859086665261,0.7213730200672155,0.4,1.31687992749144,0.4,CONV
9.085325427920961e+27,338166414.0836169,56.08235032502586,20300652.373675328,1.5259122098153136e+17,4.682164086394188e+30,514.8603552000241,0.7213750000138974,0.4,1.316849721882658,0.4,CONV
9.42884143157752e+27,342376159.50433755,56.08207332178878,20300585.33862581,1.5258996130098845e+17,4.859021535469768e+30,514.8294304004442,0.7213773962902181,0.4,1.3168131668093057,0.4,CONV
9.772357435234078e+27,346484871.6697202,56.081799663206134,20300519.11287904,1.5258871683448128e+17,5.035868426334441e+30,514.7988807300665,0.7213797636550573,0.4,1.316777054851447,0.4,CONV
1.0115873438890637e+28,350498403.3531336,56.081529193368866,20300453.658708613,1.5258748687286435e+17,5.21270488480932e+30,514.7686887224095,0.7213821034563672,0.4,1.3167413653366493,0.4,CONV
1.0459389442547196e+28,354422083.00981706,56.08126176865864,20300388.94136223,1.52586270762895e+17,5.389531030956552e+30,514.7388382874904,0.7213844169358242,0.4,1.3167060792248504,0.4,CONV
1.0802905446203755e+28,358260777.26990074,56.08099725640873,20300324.92873765,1.5258506790114262e+17,5.566346979525759e+30,514.7093145618514,0.7213867052404213,0.4,1.3166711789301657,0.4,CONV
1.1146421449860313e+28,362018944.2489878,56.080735533748616,20300261.591103114,1.5258387772873338e+17,5.743152840352614e+30,514.6801037791813,0.721388969432451,0.4,1.3166366481671623,0.4,CONV
1.1568036864479418e+28,366527465.8031433,56.08041795358983,20300184.73566322,1.5258243355180826e+17,5.960142418572395e+30,514.6446608705131,0.7213917168810278,0.4,1.3165947496916872,0.4,CONV
1.1989652279098522e+28,370927743.98865455,56.08010420953365,20300108.808432292,1.5258100682474637e+17,6.177117144980039e+30,514.6096483558567,0.721394431171874,0.4,1.3165533593585352,0.4,CONV
1.2411267693717627e+28,375226051.5725323,56.07979412269623,20300033.766124785,1.5257959673389453e+17,6.394077196752072e+30,514.5750461914351,0.7213971138515293,0.4,1.3165124534656887,0.4,CONV
1.2832883108336732e+28,379428099.17802113,56.079487528300795,20299959.568868734,1.525782025297637e+17,6.611022742953867e+30,514.5408359135625,0.7213997663445633,0.4,1.31647201018235,0.4,CONV
1.3254498522955836e+28,383539102.3091018,56.0791842741399,20299886.179833703,1.5257682352003574e+17,6.827953945168622e+30,514.5070004664414,0.7214023899668646,0.4,1.3164320093446973,0.4,CONV
1.367611393757494e+28,387563838.5235076,56.078884219249026,20299813.56490978,1.5257545906352963e+17,7.044870958058877e+30,514.4735240536189,0.7214049859371279,0.4,1.3163924322797511,0.4,CONV
1.4193654296419385e+28,392392758.16772646,56.07852007876742,20299725.44075107,1.5257380319361853e+17,7.311121236334758e+30,514.4329005384354,0.7214081363891656,0.4,1.3163444047043829,0.4,CONV
1.4693840686369252e+28,396949467.29769653,56.07817233237055,20299641.283882674,1.5257222187992173e+17,7.56842385139069e+30,514.3941087877157,0.7214111450401328,0.4,1.3162985417655348,0.4,CONV
1.519402707631912e+28,401403922.81437373,56.077828510643975,20299558.076641176,1.525706584194513e+17,7.825707174347303e+30,514.3557575690373,0.7214141197704262,0.4,1.3162531986918213,0.4,CONV
1.5694213466268986e+28,405761675.9204133,56.07748844220317,20299475.777555943,1.5256911203265386e+17,8.082971420686411e+30,514.3178276744603,0.7214170620616881,0.4,1.316208352786468,0.4,CONV
1.6194399856218853e+28,410027810.79075545,56.07715196834735,20299394.348225527,1.525675819976675e+17,8.340216796644146e+30,514.2803013169477,0.7214199732859056,0.4,1.3161639830334992,0.4,CONV
1.6806712609652633e+28,415132355.5303165,56.07674474633769,20299295.797068402,1.5256573026052445e+17,8.65510325154525e+30,514.2348880117439,0.7214234966787506,0.4,1.316110286745794,0.4,CONV
1.7419025363086413e+28,420114398.34136873,56.076342441437035,20299198.435662147,1.5256390089157e+17,8.969962069692915e+30,514.1900267966845,0.7214269775754013,0.4,1.3160572418193848,0.4,CONV
1.8031338116520192e+28,424981035.68939775,56.075944824437684,20299102.208544653,1.5256209284822928e+17,9.284793581163626e+30,514.1456919794484,0.7214304179573473,0.4,1.3160048179053156,0.4,CONV
1.8643650869953972e+28,429738728.30359906,56.075551684201045,20299007.064626113,1.525603051701144e+17,9.599598100934046e+30,514.1018598921421,0.7214338196498568,0.4,1.3159529870481221,0.4,CONV
1.9255963623387752e+28,434393376.95002633,56.07516282568894,20298912.956712637,1.5255853697006992e+17,9.914375930051392e+30,514.0585086707998,0.7214371843390002,0.4,1.3159017234248844,0.4,CONV
1.9868276376821534e+28,438950387.0709372,56.07477806826495,20298819.84109522,1.5255678742644666e+17,1.0229127356678343e+31,514.0156180650739,0.7214405135863371,0.4,1.3158510031200892,0.4,CONV
2.0619801419296803e+28,444417264.10210246,56.074311194430265,20298706.8521023,1.525546644993567e+17,1.0615403370574723e+31,513.9635781396763,0.7214445534329912,0.4,1.3157894614382286,0.4,CONV
2.137132646177207e+28,449752896.8042546,56.07384996022216,20298595.227662183,1.525525672279759e+17,1.100164051514443e+31,513.9121717407239,0.7214485445431296,0.4,1.3157286669512502,0.4,CONV
2.212285150424734e+28,454964890.8998855,56.07339410265605,20298484.904140137,1.5255049441607427e+17,1.1387839255264508e+31,513.8613693823341,0.7214524891901432,0.4,1.3156685848432121,0.4,CONV
2.287437654672261e+28,460060170.50971454,56.07294337948669,20298375.82291981,1.5254844496175488e+17,1.1774000034542971e+31,513.811143902651,0.7214563894681215,0.4,1.31560918304426,0.4,CONV
2.362590158919788e+28,465045059.4205517,56.07249756694765,20298267.929856274,1.5254641784717264e+17,1.216012327696784e+31,513.761470210585,0.7214602473114058,0.4,1.3155504319312183,0.4,CONV
2.4377426631673148e+28,469925350.4080858,56.072056457801196,20298161.174804125,1.5254441212966358e+17,1.2546209388379298e+31,513.7123250673562,0.7214640645114346,0.4,1.315492304069246,0.4,CONV
2.5299938439532466e+28,475780792.42102545,56.071521136071276,20298031.618518185,1.525419780430608e+17,1.3020087509539338e+31,513.6526894393838,0.7214686970702647,0.4,1.3154217657450316,0.4,CONV
2.6191517227508193e+28,481306168.9173574,56.071009915287455,20297907.894661188,1.525396535571262e+17,1.3478023917231854e+31,513.5957448224892,0.7214731211434774,0.4,1.3153544078008548,0.4,CONV
2.708309601548392e+28,486707563.36483103,56.07050446436554,20297785.566841446,1.525373553204066e+17,1.3935909845628987e+31,513.5394487950014,0.7214774953603236,0.4,1.3152878145358733,0.4,CONV
2.7974674803459645e+28,491991706.6095178,56.07000453134479,20297664.57409227,1.525350821867929e+17,1.4393745860237515e+31,513.4837730973985,0.7214818218987775,0.4,1.3152219525948836,0.4,CONV
2.886625359143537e+28,497164763.2222483,56.06950988291158,20297544.85995906,1.5253283309499386e+17,1.4851532502317424e+31,513.4286915602397,0.721486102775602,0.4,1.3151567910910769,0.4,CONV
2.9957698273536797e+28,503354482.95647264,56.06891122748593,20297399.973732453,1.5253011111698378e+17,1.5411875066084689e+31,513.3620358292559,0.72149128386512,0.4,1.3150779340630236,0.4,CONV
3.104914295563822e+28,509395669.4560281,56.06831980098019,20297256.83654552,1.5252742202680685e+17,1.5972145326035761e+31,513.2961930443417,0.7214964024952835,0.4,1.3150000352901943,0.4,CONV
3.2140587637739647e+28,515296927.21723485,56.06773526642404,20297115.366862383,1.5252476429164582e+17,1.6532344148539663e+31,513.231125403152,0.7215014615787855,0.4,1.3149230501621534,0.4,CONV
3.323203231984107e+28,521066089.8987884,56.0671573134116,20296975.48957503,1.5252213649951542e+17,1.7092472360363145e+31,513.1667980813158,0.7215064637986806,0.4,1.3148469375846892,0.4,CONV
3.4323477001942497e+28,526710312.1981011,56.06658565520711,20296837.13530296,1.5251953734609734e+17,1.7652530751739578e+31,513.1031789080821,0.7215114116334005,0.4,1.3147716595966505,0.4,CONV
3.541492168404392e+28,532236148.22762847,56.0660200262477,20296700.23978891,1.5251696562338122e+17,1.8212520079108812e+31,513.0402380864706,0.721516307378341,0.4,1.3146971810393728,0.4,CONV
3.675451452762942e+28,538865317.5153002,56.06533367745502,20296534.126625907,1.525138450520863e+17,1.8899733855348845e+31,512.9638739030688,0.7215222481282937,0.4,1.3146068141412122,0.4,CONV
3.8094107371214915e+28,545335353.0797386,56.06465561983942,20296370.019473977,1.5251076220296422e+17,1.958684596469596e+31,512.888442796468,0.7215281172495248,0.4,1.3145175467428294,0.4,CONV
3.943370021480041e+28,551655476.9222461,56.06398546677162,20296207.82478237,1.5250771531726973e+17,2.02738576276266e+31,512.8139013773161,0.721533918083765,0.4,1.3144293276539043,0.4,CONV
4.077329305838591e+28,557834084.590817,56.06332286211244,20296047.456378065,1.5250470277494832e+17,2.0960770008827967e+31,512.7402096752605,0.7215396537091757,0.4,1.3143421097198371,0.4,CONV
4.21128859019714e+28,563878843.7193899,56.06266747688973,20295888.834661637,1.5250172307952045e+17,2.1647584221522325e+31,512.6673307664182,0.7215453269690801,0.4,1.3142558493818937,0.4,CONV
4.345247874555689e+28,569796778.0833173,56.06201900643115,20295731.885913484,1.5249877484503978e+17,2.233430133132758e+31,512.5952304520334,0.721550940496748,0.4,1.3141705062977158,0.4,CONV
4.50968594084766e+28,576897232.9216305,56.061232033470084,20295541.414722294,1.5249519694760102e+17,2.3177130934975264e+31,512.507743630495,0.7215577531469561,0.4,1.3140669448916622,0.4,CONV
4.668610262642807e+28,583597461.6492257,56.060480491275925,20295359.518025056,1.524917801643713e+17,2.3991563882682437e+31,512.4242088270539,0.7215642592512177,0.4,1.313968055741073,0.4,CONV
4.827534584437954e+28,590147361.7192091,56.05973743178603,20295179.673619542,1.524884019769512e+17,2.4805864838306084e+31,512.3416295850872,0.7215706920842823,0.4,1.313870292122398,0.4,CONV
4.986458906233102e+28,596555094.372099,56.05900248457552,20295001.79187718,1.524850607002585e+17,2.5620035286986124e+31,512.2599643129583,0.7215770548475594,0.4,1.3137736049803093,0.4,CONV
5.145383228028249e+28,602828134.2267482,56.05827530663393,20294825.789802827,1.524817547739139e+17,2.64340766502516e+31,512.1791744942363,0.7215833505054878,0.4,1.3136779488883175,0.4,CONV
5.339934103066665e+28,610334050.7319812,56.05739522793807,20294612.779483203,1.5247775376252566e+17,2.7430430419582743e+31,512.0814134956069,0.7215909701342721,0.4,1.3135621914794087,0.4,CONV
5.534484978105081e+28,617659869.8456506,56.05652577706414,20294402.34039504,1.5247380110889834e+17,2.842659516874458e+31,511.9848504411312,0.7215984979726249,0.4,1.3134478447459164,0.4,CONV
5.729035853143497e+28,624816024.6611134,56.05566645860662,20294194.352670394,1.5246989455936394e+17,2.9422573173468555e+31,511.889429688334,0.7216059383018768,0.4,1.3133348430708747,0.4,CONV
5.923586728181913e+28,631812013.6104666,56.05481681621464,20293988.70589121,1.5246603203790854e+17,3.0418366605579055e+31,511.7950999766884,0.7216132950657793,0.4,1.3132231260073548,0.4,CONV
6.118137603220329e+28,638656511.8679883,56.05397642833667,20293785.298059713,1.5246221162681642e+17,3.141397754104274e+31,511.70181395043494,0.7216205719073038,0.4,1.3131126377152937,0.4,CONV
6.312688478258745e+28,645357466.3841838,56.05314490454913,20293584.03471,1.5245843154996934e+17,3.240940796715511e+31,511.609527746819,0.721627772200368,0.4,1.3130033264755387,0.4,CONV
6.551472703052468e+28,653396436.5033971,56.05213590973203,20293339.81467039,1.52453844747058e+17,3.3630916858338044e+31,511.49756622529026,0.7216365095162195,0.4,1.3128707006550266,0.4,CONV
6.790256927846192e+28,661242455.4662051,56.05113910453982,20293098.54362444,1.5244931341178602e+17,3.4852160058473183e+31,511.38698013262166,0.721645141571605,0.4,1.3127396938409877,0.4,CONV
7.029041152639915e+28,668906705.1505444,56.05015392055557,20292860.084040552,1.5244483495826397e+17,3.60731407745416e+31,511.27770559112315,0.7216536732783753,0.4,1.3126102307240337,0.4,CONV
7.267825377433638e+28,676399365.3319345,56.04917983418885,20292624.309233528,1.524404070045165e+17,3.729386206711923e+31,511.16968375464796,0.7216621091609483,0.4,1.3124822419299158,0.4,CONV
7.5066096022273615e+28,683729733.166756,56.04821636179001,20292391.102182332,1.5243602735025805e+17,3.8514326861720706e+31,511.06286026051623,0.7216704533985324,0.4,1.3123556633727957,0.4,CONV
7.745393827021085e+28,690906325.1131306,56.04726305543463,20292160.354510143,1.5243169395771773e+17,3.9734537958926876e+31,510.9571847566133,0.7216787098615806,0.4,1.3122304356972985,0.4,CONV
8.038507924642604e+28,699517001.623475,56.04610613563534,20291880.32049948,1.5242643507743312e+17,4.123203719166152e+31,510.8289662296471,0.7216887301542523,0.4,1.3120784814957889,0.4,CONV
8.321793863334408e+28,707642361.2766764,56.04500130247561,20291612.89235753,1.5242141302985062e+17,4.267897008784677e+31,510.70654883112,0.7216982996834944,0.4,1.3119333894484915,0.4,CONV
8.605079802026212e+28,715585445.2268796,56.04390894065026,20291348.481235832,1.5241644773666064e+17,4.412555820383344e+31,510.58554064261324,0.721707761545968,0.4,1.3117899552638388,0.4,CONV
8.888365740718016e+28,723356149.2154166,56.04282850556079,20291086.955368552,1.524115367202232e+17,4.5571805443836335e+31,510.4658804180978,0.721717120447128,0.4,1.3116481067579489,0.4,CONV
9.17165167940982e+28,730963536.4254258,56.04175949291364,20290828.192742057,1.524066776862502e+17,4.7017715545097575e+31,510.3475114379934,0.7217263807441056,0.4,1.3115077770848427,0.4,CONV
9.518443635230393e+28,740066106.1108246,56.04046570109712,20290515.018441737,1.524007970364204e+17,4.878731079476904e+31,510.2042880793916,0.7217375886361773,0.4,1.3113379661053997,0.4,CONV
9.865235591050965e+28,748950304.4884263,56.03918753448398,20290205.624033622,1.5239498749744173e+17,5.055641244623604e+31,510.0628318872334,0.7217486616546708,0.4,1.3111702333961428,0.4,CONV
1.0212027546871536e+29,757628782.0334783,56.03792426472506,20289899.833295718,1.5238924575561232e+17,5.232502648381685e+31,509.92306091202283,0.7217596060921918,0.4,1.3110044823911435,0.4,CONV
1.0558819502692108e+29,766113055.8991909,56.03667522088995,20289597.483898953,1.5238356875843997e+17,5.409315861903901e+31,509.7848996548454,0.7217704277451469,0.4,1.3108406241303063,0.4,CONV
1.090561145851268e+29,774413645.000412,56.035439783210876,20289298.42589341,1.523779536861828e+17,5.586081431176146e+31,509.64827836510045,0.7217811319678191,0.4,1.3106785764310285,0.4,CONV
1.1252403414333252e+29,782540185.2481503,56.03421737768485,20289002.52040224,1.5237239792729398e+17,5.76279987890329e+31,509.51313243448334,0.7217917237190145,0.4,1.3105182631734313,0.4,CONV
1.167804435301266e+29,792289481.0280797,56.0327340708186,20288643.45614751,1.523656564973914e+17,5.979634562284298e+31,509.34918760533935,0.7218045766886045,0.4,1.3103237672920918,0.4,CONV
1.2103685291692069e+29,801804819.036204,56.03126868554106,20288288.727106508,1.52358996636841e+17,6.19639989953157e+31,509.1872727402961,0.7218172750037475,0.4,1.3101316573733366,0.4,CONV
1.2529326230371477e+29,811099757.7591041,56.02982038615275,20287938.131088786,1.5235241454336086e+17,6.413096734375366e+31,509.02729373625084,0.7218298258835447,0.4,1.3099418225655979,0.4,CONV
1.2954967169050885e+29,820186640.5759854,56.02838840285967,20287591.481849954,1.523459067144963e+17,6.6297258720992725e+31,508.8691638984096,0.7218422359776188,0.4,1.3097541607501955,0.4,CONV
1.3380608107730293e+29,829076740.6410509,56.02697202458989,20287248.60735361,1.5233946991494186e+17,6.846288082517486e+31,508.71280313352486,0.7218545114281849,0.4,1.3095685775899615,0.4,CONV
1.3806249046409702e+29,837780384.4698797,56.025570592796,20286909.348271772,1.523331011483478e+17,7.062784102632981e+31,508.5581372537668,0.7218666579236155,0.4,1.3093849857084026,0.4,CONV
1.432873743716401e+29,848223364.8933635,56.02386982764188,20286497.622723166,1.5232537221415024e+17,7.32845070114772e+31,508.37049605407583,0.7218813995811212,0.4,1.309162224172259,0.4,CONV
1.4833707222576006e+29,858077817.6472619,56.02224563468512,20286104.430132374,1.5231799140127856e+17,7.585117123791733e+31,508.19136420415106,0.7218954783338426,0.4,1.3089495368131938,0.4,CONV
1.5338677007988001e+29,867711255.5558053,56.02063977776628,20285715.672736634,1.5231069405461616e+17,7.84169361967514e+31,508.0143135193347,0.7219093989127013,0.4,1.3087392937246571,0.4,CONV
1.5843646793399997e+29,877135677.7125218,56.01905145619345,20285331.156821273,1.5230347653092813e+17,8.098181216638362e+31,507.8392537412977,0.721923168233144,0.4,1.3085313886292314,0.4,CONV
1.6348616578811992e+29,886362073.6749841,56.01747992853342,20284950.703009155,1.5229633545658064e+17,8.354580898658026e+31,507.666101278036,0.7219367926986413,0.4,1.308325723105247,0.4,CONV
1.696679102660036e+29,897401961.134876,56.01557795436031,20284490.246145662,1.52287693002858e+17,8.668342223113688e+31,507.4566148280684,0.7219532829680835,0.4,1.3080768670601968,0.4,CONV
1.7584965474388725e+29,908177065.7605665,56.013698953429326,20284035.3459251,1.5227915513240672e+17,8.981974861870303e+31,507.24973924361956,0.7219695751068074,0.4,1.3078310759330007,0.4,CONV
1.820313992217709e+29,918702726.9795141,56.011841854881624,20283585.743275367,1.5227071697250426e+17,9.29548039104275e+31,507.0453537279808,0.7219856783625802,0.4,1.307588207526227,0.4,CONV
1.8821314369965457e+29,928992909.9769518,56.010005672279505,20283141.199549593,1.522623740345184e+17,9.60886031506672e+31,506.84334698623593,0.7220016012538517,0.4,1.3073481308372767,0.4,CONV
1.9439488817753824e+29,939060369.498265,56.00818949440794,20282701.494300593,1.5225412217206032e+17,9.922116072244852e+31,506.64361619112134,0.7220173516492354,0.4,1.3071107248394283,0.4,CONV
2.005766326554219e+29,948916789.581909,56.00639247733819,20282266.4233606,1.5224595754487808e+17,1.0235249039698736e+32,506.4460660906236,0.7220329368360789,0.4,1.3068758774300366,0.4,CONV
2.0816394815863847e+29,960741547.1836934,56.00421190797515,20281738.485452145,1.5223605051062384e+17,1.0619414551825994e+32,506.2064494046082,0.7220518497803909,0.4,1.306590976619446,0.4,CONV
2.1575126366185505e+29,972282621.0847994,56.0020576885696,20281216.920501944,1.5222626344814384e+17,1.1003399406904427e+32,505.9698338999146,0.7220705355608724,0.4,1.306309596078065,0.4,CONV
2.2333857916507162e+29,983556451.8704399,55.99992859041321,20280701.431259487,1.522165907660677e+17,1.1387205828650793e+32,505.73608081139884,0.7220890047863815,0.4,1.3060315725304874,0.4,CONV
2.309258946682882e+29,994578006.6962897,55.99782348169784,20280191.74391819,1.522070273139136e+17,1.177083593971828e+32,505.5050622895315,0.7221072672287647,0.4,1.3057567555575653,0.4,CONV
2.3851321017150476e+29,1005360954.9750822,55.99574131695383,20279687.60556002,1.521975683340368e+17,1.2154291769516469e+32,505.27666021214543,0.7221253319141081,0.4,1.3054850061962098,0.4,CONV
2.4610052567472134e+29,1015917818.2388723,55.99368112793764,20279188.781950753,1.521882094201718e+17,1.2537575261193418e+32,505.05076515912305,0.7221432072014718,0.4,1.3052161957312616,0.4,CONV
2.5541427253845965e+29,1028584546.7646626,55.99118088813339,20278583.40286967,1.5217685177951104e+17,1.3007838878600612e+32,504.7767482898835,0.7221649022875186,0.4,1.304890062621755,0.4,CONV
2.644157498285142e+29,1040537535.3831716,55.98879321617311,20278005.271368723,1.5216600581102902e+17,1.3462094569991083e+32,504.51520016269,0.722185622325319,0.4,1.30457870968486,0.4,CONV
2.7341722711856876e+29,1052222531.9968408,55.98643250409813,20277433.65975009,1.5215528261404326e+17,1.3916116225897256e+32,504.2567317177068,0.7222061100649702,0.4,1.3042709652127669,0.4,CONV
2.824187044086233e+29,1063654086.487081,55.98409757464879,20276868.283222735,1.5214467683080675e+17,1.436990655777581e+32,504.00120979014144,0.7222263756684192,0.4,1.3039666726143495,0.4,CONV
2.9142018169867786e+29,1074845524.5621827,55.98178733769476,20276308.878074907,1.521341835000308e+17,1.4823468161718763e+32,503.74851104131966,0.7222464285451586,0.4,1.303665686866455,0.4,CONV
3.0243967774693e+29,1088236872.5025342,55.97899131637697,20275631.834034983,1.5212148407784352e+17,1.5378404852083752e+32,503.44283700176203,0.7222707001465368,0.4,1.3033015296383692,0.4,CONV
3.134591737951821e+29,1101307155.9183657,55.976229073572995,20274962.958398465,1.521089384962995e+17,1.5933006852041936e+32,503.14102868613776,0.7222946807962746,0.4,1.30294189883838,0.4,CONV
3.2447866984343426e+29,1114074975.2449527,55.973499034777866,20274301.87028779,1.5209653958934518e+17,1.648727832183535e+32,502.84290781476085,0.7223183840829848,0.4,1.302586584905027,0.4,CONV
3.354981658916864e+29,1126557264.4839492,55.97079974961425,20273648.21885509,1.520842807557611e+17,1.7041223233120087e+32,502.54831011698116,0.7223418225234144,0.4,1.3022353947644838,0.4,CONV
3.465176619399386e+29,1138769489.8381865,55.968129878307515,20273001.68000999,1.520721558976232e+17,1.7594845383542984e+32,502.2570838072544,0.7223650076792787,0.4,1.3018881500358943,0.4,CONV
3.575371579881907e+29,1150725819.1579845,55.9654881800162,20272361.953596335,1.5206015936720637e+17,1.8148148409757453e+32,501.96908827003926,0.7223879502580506,0.4,1.3015446854827188,0.4,CONV
3.710623218742742e+29,1165070097.6665392,55.96228262244291,20271585.66696976,1.520456027410086e+17,1.8826833127209625e+32,501.61983184840216,0.7224157926081641,0.4,1.301128064754282,0.4,CONV
3.8458748576035765e+29,1179070390.5103035,55.959115809162284,20270818.74866035,1.5203122260692166e+17,1.9505048501608606e+32,501.27502329628317,0.7224433014274126,0.4,1.3007166462367479,0.4,CONV
3.981126496464411e+29,1192746633.604035,55.955985933545215,20270060.76166066,1.520170107415898e+17,2.0182800408273077e+32,500.93445769993036,0.7224704923032407,0.4,1.3003101892182354,0.4,CONV
4.116378135325246e+29,1206116976.1265774,55.95289133144179,20269311.303431414,1.5200295957004576e+17,2.0860094456473e+32,500.5979462457826,0.722497379593022,0.4,1.299908471926641,0.4,CONV
4.25162977418608e+29,1219197993.5707436,55.949830465651246,20268570.0021443,1.519890620950456e+17,2.153693600999126e+32,500.26531446886406,0.7225239765581737,0.4,1.299511289467592,0.4,CONV
4.386881413046915e+29,1232004869.4759843,55.946801912523185,20267836.51344043,1.5197531183609974e+17,2.2213330205483474e+32,499.9364007412556,0.7225502954798774,0.4,1.2991184520452115,0.4,CONV
4.552910010339005e+29,1247371602.4082208,55.94312644428038,20266946.330107044,1.5195862512249706e+17,2.3043035732898207e+32,499.53750509184226,0.7225822399158071,0.4,1.2986419055896152,0.4,CONV
4.713372338921783e+29,1261872651.5170932,55.93961645975574,20266096.208310176,1.519426903988714e+17,2.3844299217900136e+32,499.15685138168453,0.7226127498291092,0.4,1.298187022925394,0.4,CONV
4.873834667504562e+29,1276048738.8785799,55.936146117509736,20265255.670679502,1.519269363070368e+17,2.4644955590974216e+32,498.7807676233522,0.7226429187506678,0.4,1.2977374773104533,0.4,CONV
5.03429699608734e+29,1289917507.9931479,55.932713686516806,20264424.298523393,1.5191135496668752e+17,2.5445012025235492e+32,498.40905702465693,0.7226727616098154,0.4,1.297293037775557,0.4,CONV
5.1947593246701185e+29,1303495117.8550858,55.92931756386713,20263601.70414213,1.518959390805996e+17,2.624447538986882e+32,498.0415372947297,0.7227022922301299,0.4,1.2968534903994853,0.4,CONV
5.3911966647543394e+29,1319741998.6267421,55.92520730677785,20262606.11319942,1.518772823962027e+17,2.7222377435673487e+32,497.59707997267986,0.7227380371069962,0.4,1.296321769109783,0.4,CONV
5.58763400483856e+29,1335599560.6769476,55.92114671909541,20261622.529622216,1.5185885207171763e+17,2.8199412084872354e+32,497.1583634774422,0.7227733549566293,0.4,1.2957967461000808,0.4,CONV
5.784071344922781e+29,1351090359.4841068,55.91713348565512,20260650.39345439,1.5184063756667926e+17,2.9175590352109964e+32,496.72512421842623,0.7228082657413042,0.4,1.2952781121752166,0.4,CONV
5.980508685007002e+29,1366234929.6875823,55.913165473813685,20259689.188891377,1.518226291713691e+17,3.0150922754950246e+32,496.2971192868978,0.7228427878482625,0.4,1.2947655824439974,0.4,CONV
6.176946025091223e+29,1381052025.9746442,55.90924071356116,20258738.43946896,1.5180481791630765e+17,3.112541935224018e+32,495.87412420784443,0.7228769382613858,0.4,1.29425889367486,0.4,CONV
6.373383365175445e+29,1395558828.5690472,55.90535738036145,20257797.703912143,1.5178719549416246e+17,3.209908977836882e+32,495.4559309997202,0.7229107327093431,0.4,1.293757802014024,0.4,CONV
6.614490265752153e+29,1412963402.2568367,55.900645130697896,20256656.134909835,1.5176581258810867e+17,3.3293055639823766e+32,494.94892226821577,0.7229517467640532,0.4,1.2931500821477027,0.4,CONV
6.855597166328862e+29,1429950859.4220529,55.89598985405483,20255528.336889066,1.5174468940335405e+17,3.448580710499231e+32,494.4485274133535,0.7229922714212407,0.4,1.2925500673945491,0.4,CONV
7.09670406690557e+29,1446545375.3181107,55.891388893883665,20254413.667371865,1.5172381384337942e+17,3.567735974978621e+32,493.9544432192861,0.7230323295770232,0.4,1.2919574024140725,0.4,CONV
7.337810967482279e+29,1462768958.434581,55.88683980314736,20253311.534558006,1.5170317476536058e+17,3.686772844827404e+32,493.46639025360287,0.7230719423201288,0.4,1.2913717597951913,0.4,CONV
7.578917868058988e+29,1478641708.8708603,55.88234032148347,20252221.39180064,1.516827618762314e+17,3.805692742683007e+32,492.98411028197563,0.7231111291289894,0.4,1.2907928370170176,0.4,CONV
7.820024768635696e+29,1494182038.7289374,55.87788835550099,20251142.732840087,1.516625656430088e+17,3.924497031248967e+32,492.50736403699455,0.7231499080417849,0.4,1.2902203538263177,0.4,CONV
8.115999817628834e+29,1512829110.396674,55.87248538400281,20249833.618498653,1.5163805665400045e+17,4.070181193357916e+32,491.92936610033126,0.7231969786223168,0.4,1.2895260151332562,0.4,CONV
8.402052716923723e+29,1530426044.604819,55.867325684827904,20248583.409050614,1.516146526897495e+17,4.210819988150626e+32,491.377994520876,0.7232419379286358,0.4,1.2888633848220357,0.4,CONV
8.688105616218613e+29,1547628926.1791084,55.86222428145684,20247347.287532654,1.515915145829888e+17,4.3513020422847724e+32,490.8334297765804,0.723286397062511,0.4,1.2882086685624223,0.4,CONV
8.974158515513502e+29,1564459150.8418367,55.85717862842952,20246124.638393722,1.51568630740704e+17,4.491629260641369e+32,490.29538035247174,0.7233303779500684,0.4,1.2875615251583383,0.4,CONV
9.260211414808391e+29,1580936314.024893,55.85218636868289,20244914.891649984,1.5154599042758653e+17,4.631803467834998e+32,489.7635761723374,0.7233739008928544,0.4,1.2869216385664266,0.4,CONV
9.610399133486179e+29,1600653299.6603944,55.84614431678092,20243450.7070378,1.515185910445099e+17,4.803199833457322e+32,489.1206752055211,0.7234265859436221,0.4,1.2861477375046961,0.4,CONV
9.960586852163967e+29,1619898189.852957,55.84017530777568,20242004.171962216,1.5149152485732986e+17,4.9743725736727665e+32,488.4863338358468,0.723478644762965,0.4,1.2853837761739244,0.4,CONV
1.0310774570841756e+30,1638698337.161101,55.83427593717202,20240574.46318974,1.5146477635864333e+17,5.1453246165855774e+32,487.860161326881,0.7235301066657749,0.4,1.284629297616826,0.4,CONV
1.0660962289519544e+30,1657078643.4054556,55.82844306888122,20239160.822402857,1.5143833126312374e+17,5.3160587589297524e+32,487.24179753420117,0.7235809986530511,0.4,1.2838838807462096,0.4,CONV
1.1011150008197332e+30,1675061851.8127067,55.8226738059739,20237762.549125686,1.5141217637438406e+17,5.486577676185827e+32,486.630909583495,0.7236313456641904,0.4,1.2831471364448273,0.4,CONV
1.136133772687512e+30,1692668796.227187,55.81696546544529,20236378.994620245,1.513862994701027e+17,5.656883931616419e+32,486.0271890034494,0.7236811707946383,0.4,1.2824187041995656,0.4,CONV
1.1791163038687253e+30,1713793477.3990622,55.810038599432126,20234700.038517132,1.5135490117302883e+17,5.865633119283413e+32,485.29555182302664,0.7237416448609791,0.4,1.2815354882338332,0.4,CONV
1.2220988350499386e+30,1734412350.7851186,55.80319552012076,20233041.323658597,1.513238852463906e+17,6.074069970444162e+32,484.57379249608323,0.7238014015063555,0.4,1.2806637197778346,0.4,CONV
1.2650813662311519e+30,1754554733.585303,55.796432320890084,20231401.90549429,1.5129323389171174e+17,6.282198632803451e+32,483.86146102471105,0.7238604743483156,0.4,1.2798028732842177,0.4,CONV
1.3080638974123652e+30,1774247315.2517607,55.7897454032245,20229780.91398559,1.512629307135681e+17,6.490023068360137e+32,483.1581426212175,0.7239188943494687,0.4,1.2789524644493373,0.4,CONV
1.3510464285935783e+30,1793514470.846391,55.78313144312916,20228177.545482546,1.5123296056668506e+17,6.69754706769931e+32,482.4634538852904,0.7239766901070877,0.4,1.2781120457286257,0.4,CONV
1.3940289597747915e+30,1812378528.3328443,55.776587362154075,20226591.055715673,1.5120330942401565e+17,6.904774262757198e+32,481.77703950456146,0.7240338881029379,0.4,1.2772812024664877,0.4,CONV
1.446793577506304e+30,1835014609.4171612,55.76864531708708,20224665.573586963,1.511673272751644e+17,7.15876211403232e+32,480.9452386543717,0.7241033220945645,0.4,1.2762738015317654,0.4,CONV
1.4977894719655762e+30,1856376508.6540208,55.761060894699476,20222826.7099513,1.5113296859260298e+17,7.403821780947015e+32,480.1521678174373,0.724169647159063,0.4,1.2753127132350646,0.4,CONV
1.5487853664248484e+30,1877260564.270778,55.753562208581585,20221008.55249388,1.5109900140671325e+17,7.648479631093143e+32,479.369284707113,0.724235239397194,0.4,1.2743634012561218,0.4,CONV
1.5997812608841206e+30,1897692723.0858908,55.74614551534299,20219210.19626139,1.5106540865765002e+17,7.892740747884198e+32,478.596156020942,0.7243001309947392,0.4,1.2734253604637569,0.4,CONV
1.6507771553433928e+30,1917696748.575245,55.73880734865726,20217430.80329822,1.5103217454753126e+17,8.13661000201698e+32,477.8323802320633,0.7243643517514708,0.4,1.2724981228974908,0.4,CONV
1.713207116219738e+30,1941634889.682779,55.729926073013985,20215277.12708285,1.5099195573608352e+17,8.434631823651023e+32,476.90954408909494,0.7244420987799732,0.4,1.2713770591233904,0.4,CONV
1.7756370770960834e+30,1965000548.4944024,55.72115222535737,20213149.390993655,1.509522276543759e+17,8.732081554614005e+32,475.9995353018645,0.7245189286040273,0.4,1.2702708000479117,0.4,CONV
1.8380670379724286e+30,1987826895.8579404,55.7124807989001,20211046.384767532,1.509129674805104e+17,9.028967019048799e+32,475.1017725179499,0.7245948842487908,0.4,1.2691786687305957,0.4,CONV
1.900496998848774e+30,2010144130.4227762,55.7039071815897,20208966.993587002,1.5087415419076573e+17,9.325295692599723e+32,474.215719760522,0.7246700053414032,0.4,1.2681000412647805,0.4,CONV
1.9629269597251192e+30,2031979832.962703,55.695427113094624,20206910.187678017,1.5083576836371104e+17,9.621074729166603e+32,473.34088150884645,0.724744328481589,0.4,1.2670343410168359,0.4,CONV
2.0253569206014645e+30,2053359268.6263723,55.68703664769166,20204875.013335057,1.5079779201118954e+17,9.916310984803993e+32,472.4767984516378,0.7248178875613808,0.4,1.2659810336542128,0.4,CONV
2.1019850700675398e+30,2079011199.9004934,55.67685509502254,20202405.261134494,1.5075171414190006e+17,1.0277959277647499e+33,471.4302777441244,0.7249071774911969,0.4,1.2647043909848246,0.4,CONV
2.178613219533615e+30,2104049768.8142512,55.666796777156534,20199965.25640651,1.507061995643755e+17,1.0638811368737308e+33,470.3985899088092,0.7249954172878564,0.4,1.2634448253937776,0.4,CONV
2.2552413689996904e+30,2128510528.7831109,55.65685594872233,20197553.610572726,1.5066122208167952e+17,1.0998878363750506e+33,469.3810643291536,0.725082656278134,0.4,1.2622015575072,0.4,CONV
2.3318695184657657e+30,2152425846.3501964,55.64702731747546,20195169.04460692,1.5061675756153216e+17,1.135817087490704e+33,468.37708267816583,0.7251689398907079,0.4,1.2609738689774956,0.4,CONV
2.408497667931841e+30,2175825281.2376046,55.637305994904125,20192810.377091005,1.5057278371132554e+17,1.1716699058812833e+33,467.38607325142493,0.7252543100815168,0.4,1.2597610958550614,0.4,CONV
2.4851258173979163e+30,2198735910.5251374,55.62768745361391,20190476.51391035,1.5052927988400982e+17,1.2074472650266314e+33,466.4075060750321,0.7253388057006769,0.4,1.2585626228676514,0.4,CONV
2.5791937570178784e+30,2226228851.3585,55.61601420278585,20187643.913508683,1.504764895951627e+17,1.2512653856490846e+33,465.22251742782214,0.7254413887138266,0.4,1.257110104495065,0.4,CONV
2.670108590460993e+30,2252175257.2156234,55.60486666745387,20184938.699449953,1.504260837372383e+17,1.293509575617447e+33,464.093571747826,0.7255393901799873,0.4,1.255725017429478,0.4,CONV
2.7610234239041073e+30,2277542217.2726636,55.59384524071819,20182263.91340288,1.50376254801878e+17,1.3356518299080603e+33,462.97996209429357,0.7256363198630688,0.4,1.2543575328919234,0.4,CONV
2.851938257347222e+30,2302361197.303486,55.58294441715383,20179618.225063566,1.5032697767531536e+17,1.377693512998638e+33,461.8810413433632,0.7257322249712151,0.4,1.2530069007355458,0.4,CONV
2.942853090790336e+30,2326661015.2109756,55.57215909881403,20177000.40262874,1.5027822910102384e+17,1.4196359327213593e+33,460.79620963638877,0.7258271492103007,0.4,1.2516724258696867,0.4,CONV
3.0541523661256645e+30,2355740944.083155,55.559105912284075,20173831.897784475,1.50219238516612e+17,1.4708491491340368e+33,459.48651194443124,0.7259420805633132,0.4,1.2500597985818414,0.4,CONV
3.165451641460993e+30,2384126676.451871,55.546210744149995,20170701.509773098,1.5016097122993648e+17,1.5219176816292735e+33,458.19615104956046,0.7260556712134135,0.4,1.248469326670511,0.4,CONV
3.276750916796321e+30,2411858437.932721,55.53346623089688,20167607.45955428,1.5010339364190614e+17,1.5728436333329675e+33,456.9242575531057,0.7261679842511647,0.4,1.246900003958404,0.4,CONV
3.3880501921316494e+30,2438972849.667229,55.52086558954065,20164548.108406793,1.500464747999636e+17,1.6236290144404676e+33,455.6700296205113,0.7262790777803806,0.4,1.2453509028714305,0.4,CONV
3.4993494674669776e+30,2465503358.0374265,55.50840255436736,20161521.942634523,1.4999018610982e+17,1.67427574931957e+33,454.4327256728198,0.7263890054622153,0.4,1.2438211659127334,0.4,CONV
3.610648742802306e+30,2491480601.2258782,55.49607132235167,20158527.560371086,1.4993450108672906e+17,1.7247856828573128e+33,453.211658076367,0.7264978169845706,0.4,1.2423099983032146,0.4,CONV
3.747259153364394e+30,2522650358.5595183,55.48110806315537,20154893.751566775,1.498669416318903e+17,1.7865979315957106e+33,451.734159820168,0.7266299156741974,0.4,1.2404794706737856,0.4,CONV
3.8838695639264817e+30,2553076375.845599,55.46632607806968,20151303.648666546,1.498002126935195e+17,1.8482098811784175e+33,450.2790693380065,0.7267604808412398,0.4,1.2386745472844287,0.4,CONV
4.0204799744885695e+30,2582801765.9590597,55.451716917465916,20147755.210695017,1.4973427569845946e+17,1.9096245231460903e+33,448.84538152391644,0.7268895847843012,0.4,1.2368940680191987,0.4,CONV
4.1570903850506574e+30,2611865777.1970267,55.43727279809718,20144246.557719853,1.4966909511250403e+17,1.9708447171619182e+33,447.43216926215797,0.7270172940833551,0.4,1.235136963307498,0.4,CONV
4.293700795612745e+30,2640304254.161336,55.42298653045823,20140775.953292605,1.496046381093022e+17,2.0318732010757088e+33,446.0385749966822,0.7271436702240313,0.4,1.2334022443058965,0.4,CONV
4.430311206174833e+30,2668150030.883638,55.40885145611476,20137341.789299753,1.495408742846875e+17,2.0927125999172857e+33,444.66380345165186,0.7272687701361373,0.4,1.231688994423089,0.4,CONV
4.59800868652462e+30,2701566196.480955,55.391697463628546,20133173.782183625,1.4946350674004496e+17,2.167141790280554e+33,443.00084067178466,0.7274206703010292,0.4,1.2296139827834371,0.4,CONV
4.7600843904026065e+30,2733104359.8460646,55.37531627914986,20129193.152785644,1.4938963977127894e+17,2.2388128999137538e+33,441.41833470566235,0.7275658110410446,0.4,1.2276366902614784,0.4,CONV
4.922160094280593e+30,2763939961.533991,55.359120598610446,20125257.220364057,1.4931662376704688e+17,2.310229419374227e+33,439.8590518087169,0.7277093887900585,0.4,1.2256858505530273,0.4,CONV
5.08423579815858e+30,2794111154.002844,55.34310232570562,20121364.02989815,1.4924442174357696e+17,2.3813950327282658e+33,438.3220193257305,0.7278514726971548,0.4,1.2237603449319008,0.4,CONV
5.246311502036567e+30,2823652879.1545925,55.32725396332331,20117511.771140292,1.4917299945089533e+17,2.4523132722275163e+33,436.80633525182185,0.7279921267761209,0.4,1.2218591364714377,0.4,CONV
5.444720510006955e+30,2859006909.1079907,55.30807396834517,20112849.207911644,1.490865812528572e+17,2.5387977795205927e+33,434.9787142599711,0.7281624519878117,0.4,1.2195633985576597,0.4,CONV
5.643129517977343e+30,2893519304.5894794,55.28912641278418,20108242.627722137,1.4900123017754582e+17,2.624922601259832e+33,433.1804101960735,0.7283308238319721,0.4,1.2173009988292387,0.4,CONV
5.841538525947731e+30,2927238834.90601,55.270400468547415,20103689.416429617,1.4891689674214822e+17,2.7106934225572023e+33,431.41011405158395,0.728497334680765,0.4,1.2150704349847246,0.4,CONV
6.03994753391812e+30,2960209899.447254,55.2518861611196,20099187.166097667,1.4883353535943754e+17,2.79611567903213e+33,429.6666179474342,0.7286620695971572,0.4,1.2128703216056784,0.4,CONV
6.238356541888508e+30,2992473048.6379833,55.233574276554926,20094733.652519677,1.487511039135783e+17,2.881194575767967e+33,427.94880423062403,0.7288251071328389,0.4,1.2106993775058623,0.4,CONV
6.436765549858896e+30,3024065428.3291464,55.21545628122909,20090326.815826997,1.486695633941045e+17,2.9659351042569944e+33,426.25563605682794,0.7289865200165629,0.4,1.208556414808897,0.4,CONV
6.680277204038636e+30,3061972560.225317,55.19347308348292,20084979.20840231,1.4857065164402253e+17,3.069483525983287e+33,424.20984805730944,0.7291825037785892,0.4,1.2059629390558928,0.4,CONV
6.923788858218376e+30,3098978129.5871534,55.17175651798744,20079695.774195362,1.484729656574083e+17,3.172537949499682e+33,422.1980866703923,0.7293762568907932,0.4,1.2034080667624638,0.4,CONV
7.167300512398117e+30,3135134395.596334,55.15029416152721,20074473.51498546,1.4837644862261222e+17,3.275106473401534e+33,420.2188343760911,0.7295678851224637,0.4,1.2008900625316399,0.4,CONV
7.410812166577857e+30,3170488933.4116907,55.129074570463715,20069309.669138152,1.4828104820085414e+17,3.377196841269727e+33,418.27069064342624,0.7297574858668097,0.4,1.1984073257877057,0.4,CONV
7.654323820757597e+30,3205085192.7271075,55.10808717396969,20064201.685809825,1.4818671603908486e+17,3.4788164685867276e+33,416.3523593314331,0.7299451490558599,0.4,1.1959583761934598,0.4,CONV
7.897835474937337e+30,3238962974.2193265,55.08732218191432,20059147.202692833,1.4809340734966397e+17,3.579972466799938e+33,414.46263780618426,0.7301309579496392,0.4,1.1935418410592558,0.4,CONV
8.196722419667462e+30,3279616054.36503,55.062125872722,20053013.235298693,1.479802181153572e+17,3.703507904196745e+33,412.18065779986824,0.7303565987789535,0.4,1.190618218773073,0.4,CONV
8.485582624823281e+30,3317987016.608802,55.038065638888845,20047154.980892517,1.4787216504852397e+17,3.8222565198848305e+33,410.0127914630425,0.7305722498405492,0.4,1.1878352053835857,0.4,CONV
8.774442829979099e+30,3355506569.417892,55.01427821741531,20041362.324028086,1.4776536846184346e+17,3.940384061604703e+33,407.8802329167867,0.7307856327734104,0.4,1.185092160805767,0.4,CONV
9.063303035134918e+30,3392220941.9920216,54.990751708408304,20035632.39410046,1.4765977388596125e+17,4.057900512856658e+33,405.78150867135224,0.7309968486198127,0.4,1.1823874076368228,0.4,CONV
9.352163240290737e+30,3428172474.086289,54.96747509238645,20029962.533070486,1.475553308742999e+17,4.174815447133172e+33,403.7152515014815,0.7312059909084407,0.4,1.1797193904714183,0.4,CONV
9.705729535526955e+30,3471195648.7132382,54.939309626207766,20023100.760523994,1.4742899127297168e+17,4.3171145893141735e+33,401.2284805159667,0.7314592862151087,0.4,1.1765016191427222,0.4,CONV
1.0059295830763173e+31,3513199122.653003,54.91148594241398,20016321.11877277,1.473042276373874e+17,4.4585424356852576e+33,398.7862931917607,0.7317097514962498,0.4,1.1733342733255263,0.4,CONV
1.041286212599939e+31,3554241970.230151,54.88398813069665,20009619.770914022,1.4718096709756618e+17,4.599114393529983e+33,396.3867026699667,0.7319575216136296,0.4,1.1702150974266246,0.4,CONV
1.0766428421235607e+31,3594377974.03965,54.85680153442624,20002993.182666887,1.4705914251434864e+17,4.738845195096701e+33,394.0278744409746,0.7322027207433861,0.4,1.1671420103366736,0.4,CONV
1.1119994716471825e+31,3633656255.60837,54.829912614096244,19996438.089394037,1.4693869185577354e+17,4.8777489485024887e+33,391.70810999618817,0.7324454635431801,0.4,1.16411308660711,0.4,CONV
1.1473561011708043e+31,3672121813.398214,54.80330882949561,19989951.46764748,1.4681955765893232e+17,5.015839183261372e+33,389.4258327009076,0.7326858561590057,0.4,1.1611265401932331,0.4,CONV
1.1907371014235566e+31,3718267465.8989677,54.771039684980884,19982082.10993187,1.4667510576777453e+17,5.184177345161368e+33,386.67464769264234,0.7329777405144174,0.4,1.1575176459249166,0.4,CONV
1.2341181016763088e+31,3763321371.518056,54.73916245070035,19974306.829358052,1.4653246456350454e+17,5.351333321428365e+33,383.9751858128145,0.7332664026764478,0.4,1.1539672166181891,0.4,CONV
1.277499101929061e+31,3807346787.554643,54.707658884552416,19966621.228886317,1.4639155041157712e+17,5.517329042293105e+33,381.325137212602,0.7335519968215023,0.4,1.1504726413812958,0.4,CONV
1.3208801021818132e+31,3850401304.3535256,54.676512181900435,19959021.258337177,1.4625228625322733e+17,5.682185475004691e+33,378.72236869936415,0.7338346648998388,0.4,1.1470315108503872,0.4,CONV
1.3642611024345654e+31,3892537520.7429576,54.64570681898984,19951503.176587425,1.461146008899614e+17,5.845922696259717e+33,376.16490481401667,0.7341052930014059,0.4,1.1436271931829651,0.4,CONV
1.4076421026873177e+31,3933803620.2280927,54.61522841784075,19944063.51895281,1.459784283661145e+17,6.008559956996525e+33,373.6509114762556,0.7343210604518324,0.4,1.1401910856944648,0.4,CONV
1.4608632553698301e+31,3983306327.846603,54.578263658350366,19935038.73509993,1.4581334456934262e+17,6.20661295877433e+33,370.6235481079219,0.734583081566975,0.4,1.1360419625764617,0.4,CONV
1.5122941733401697e+31,4030032848.9649515,54.54296943271407,19926419.929372095,1.456557916510987e+17,6.396488046823686e+33,367.75500442328763,0.7348336040351257,0.4,1.1320989400655461,0.4,CONV
1.5637250913105093e+31,4075729305.802691,54.508075898915635,19917897.16955617,1.45500094950008e+17,6.584901687953506e+33,364.9400134949189,0.7350816121726134,0.4,1.1282184563404916,0.4,CONV
1.615156009280849e+31,4120451585.940141,54.47356560469147,19909466.251821764,1.4534617434324234e+17,6.771880839144675e+33,362.17632601014293,0.735327219602264,0.4,1.1243978997316695,0.4,CONV
1.6665869272511885e+31,4164250879.02957,54.43942238762054,19901123.28342649,1.451939556142688e+17,6.95745134264411e+33,359.4618535193309,0.7355705314816469,0.4,1.1206348470656153,0.4,CONV
1.7295081269527087e+31,4216648528.4508443,54.39812857930918,19891030.754012924,1.450099437699996e+17,7.182600819614517e+33,356.20504180089006,0.7358652220307506,0.4,1.1161060122565551,0.4,CONV
1.792429326654229e+31,4267813471.1350408,54.357336419740584,19881058.358193427,1.4482825976522502e+17,7.405722462054805e+33,353.0156945953282,0.7361567872299154,0.4,1.1116560628469156,0.4,CONV
1.8553505263557491e+31,4317817046.859988,54.31702259976618,19871200.483781207,1.4464879649434048e+17,7.62685775126775e+33,349.89077520460717,0.736445378418706,0.4,1.1072814831411502,0.4,CONV
1.9182717260572693e+31,4366724212.546166,54.27716564437703,19861451.960812937,1.4447145525580906e+17,7.846046331857332e+33,346.8274778228272,0.7367311349234933,0.4,1.1029790271742683,0.4,CONV
1.9811929257587895e+31,4414594302.075285,54.23774571317331,19851808.01340717,1.442961448391986e+17,8.063326149076434e+33,343.82320292840507,0.7370141853701446,0.4,1.0987456897721948,0.4,CONV
2.04411412546031e+31,4461481674.600224,54.19874442816647,19842264.218220223,1.441227807371724e+17,8.278733571769007e+33,340.8755360029049,0.7372946488164064,0.4,1.0945786815421001,0.4,CONV
2.121236646236648e+31,4517683998.941801,54.15148666250986,19830696.997890882,1.439128284953357e+17,8.540255562694446e+33,337.33651039401514,0.7376350455410312,0.4,1.089557861779555,0.4,CONV
2.198359167012986e+31,4572568713.5914755,54.1048032570202,19819267.103848502,1.4370554917126835e+17,8.799078421045519e+33,333.8753267137166,0.737971908943932,0.4,1.0846283788491695,0.4,CONV
2.275481687789324e+31,4626212033.85226,54.05866754779948,19807968.12086065,1.4350082006262011e+17,9.05526079964674e+33,330.4884513526513,0.7383054113507427,0.4,1.0797861589772233,0.4,CONV
2.352604208565662e+31,4678683359.963233,54.01305496763555,19796794.138952196,1.4329852808443995e+17,9.308858731426269e+33,327.17261869781385,0.7386357114008264,0.4,1.0750274399531534,0.4,CONV
2.429726729342e+31,4730046087.900168,53.96794281805315,19785739.698430635,1.4309856872527293e+17,9.559925824847659e+33,323.9248026497423,0.7389629555428289,0.4,1.0703487377797556,0.4,CONV
2.506849250118338e+31,4780358301.253171,53.92331007257091,19774799.742441077,1.4290084514602469e+17,9.80851343890151e+33,320.74219198176644,0.7392872793248499,0.4,1.0657468178445366,0.4,CONV
2.60131723494585e+31,4840632458.020106,53.86926384438139,19761548.45643585,1.4266156732773149e+17,1.0109703703379379e+34,316.9288194527402,0.7396807501344409,0.4,1.060210124820422,0.4,CONV
2.6925776871266313e+31,4897523222.370375,53.81767687535442,19748896.064036056,1.4243332819465016e+17,1.0397285989280866e+34,313.3299249470636,0.7400570792168564,0.4,1.054961735438632,0.4,CONV
2.7838381393074126e+31,4953174538.325191,53.76667548361893,19736383.3715824,1.4220782475188213e+17,1.0681620581648997e+34,309.8108077450677,0.740429870618362,0.4,1.0498076137679953,0.4,CONV
2.875098591488194e+31,5007653461.280863,53.71623426733141,19724004.27348199,1.4198493987183128e+17,1.096277869775371e+34,306.3680308579742,0.7407992875007394,0.4,1.0447438145251278,0.4,CONV
2.9663590436689752e+31,5061021427.451645,53.666329695657396,19711753.11469558,1.4176456502149675e+17,1.1240828531506726e+34,302.998401166149,0.7411654808682296,0.4,1.0397666742640375,0.4,CONV
3.0778293299196764e+31,5124782483.220155,53.606069999376516,19696954.86481314,1.414986467149644e+17,1.1576331165585345e+34,298.9774823470191,0.7416085985401535,0.4,1.0337999562524458,0.4,CONV
3.1892996161703777e+31,5187063952.728047,53.54654165142952,19682330.84372502,1.412361534645222e+17,1.1907407677563187e+34,295.05624959211116,0.7420473509508293,0.4,1.0279516999266147,0.4,CONV
3.300769902421079e+31,5247951134.440779,53.48771084553313,19667872.93085148,1.409769291908517e+17,1.2234166573362936e+34,291.23007371297416,0.7424819543975448,0.4,1.0222166019048533,0.4,CONV
3.41224018867178e+31,5307521726.476185,53.42954642375079,19653573.64306094,1.4072082999135102e+17,1.2556711397156946e+34,287.49467492087865,0.7429126080200896,0.4,1.016589761196603,0.4,CONV
3.5237104749224813e+31,5365846727.729822,53.37201958958805,19639426.065542534,1.4046772282371014e+17,1.2875141099798615e+34,283.84608596618347,0.7433394956717018,0.4,1.0110666364321714,0.4,CONV
3.6351807611731825e+31,5422991207.268162,53.315103660232495,19625423.79211615,1.4021748436886816e+17,1.3189550369000287e+34,280.280620217473,0.7437627875337307,0.4,1.0056430088570203,0.4,CONV
3.7713525657259057e+31,5491283596.67539,53.24636830446057,19608507.186906405,1.3991552011349853e+17,1.3568308268298589e+34,276.03286576686526,0.7442752296389578,0.4,0.999146829689554,0.4,CONV
3.907524370278629e+31,5558002853.72255,53.17846596817959,19591788.545114815,1.3961747322318338e+17,1.394135958276509e+34,271.8982440637447,0.7447828064498954,0.4,0.9927866483945603,0.4,CONV
4.043696174831352e+31,5623239431.2702675,53.11135827277355,19575258.657590933,1.3932316612790374e+17,1.4308854676684922e+34,267.8714056420536,0.7452857619234471,0.4,0.9865563480133567,0.4,CONV
4.179867979384076e+31,5687075745.047768,53.04500983731558,19558909.036160078,1.390324350621396e+17,1.4670936909552292e+34,263.947404215265,0.7457843206924752,0.4,0.9804502735161338,0.4,CONV
4.316039783936799e+31,5749587123.979769,52.97938795472657,19542731.835645095,1.3874512857707997e+17,1.502774315555818e+34,260.12165433672993,0.7462786901691436,0.4,0.9744631829391488,0.4,CONV
4.452211588489522e+31,5810842621.955396,52.91446231199763,19526719.786505878,1.3846110625497787e+17,1.5379404269385314e+34,256.38989470867665,0.7467690623607443,0.4,0.9685902050804014,0.4,CONV
4.618174769781507e+31,5883893074.970131,52.836233062628246,19507418.1982814,1.3811919804744624e+17,1.5801225612617738e+34,251.96305607813937,0.7473615698884508,0.4,0.9615800834413185,0.4,CONV
4.778333261474714e+31,5952807379.228565,52.76163677402872,19489004.218211036,1.377934855615405e+17,1.6201425976826482e+34,247.81160443041156,0.7479282537693859,0.4,0.954962348894943,0.4,CONV
4.938491753167921e+31,6020255677.016744,52.687881853270675,19470789.508354913,1.3747175166409962e+17,1.6595068486926934e+34,243.77296417854353,0.7484901774786019,0.4,0.9484827964768582,0.4,CONV
5.0986502448611275e+31,6086316506.8924055,52.61493223280395,19452765.426323455,1.3715382899846222e+17,1.6982329665570937e+34,239.84201102768998,0.7490475683378611,0.4,0.9421355657216338,0.4,CONV
5.258808736554334e+31,6151061893.256174,52.54275447330938,19434923.961191878,1.3683956233630888e+17,1.7363378123300954e+34,236.01398260023043,0.749600636839486,0.4,0.9359152085179405,0.4,CONV
5.453474436467491e+31,6228081162.8640375,52.456020089462164,19413473.607784472,1.3646229977412848e+17,1.7818393373193578e+34,231.49337931904097,0.7502673288837695,0.4,0.9285181568891071,0.4,CONV
5.648140136380648e+31,6303363380.221661,52.370328610046435,19392269.7164832,1.3608998594081362e+17,1.8264744158622469e+34,227.11091054848018,0.7509282472198836,0.4,0.9212926063855551,0.4,CONV
5.842805836293805e+31,6377007413.645202,52.28563255200693,19371300.919744927,1.3572240010817226e+17,1.8702692663937603e+34,222.85976630962028,0.7515836895446467,0.4,0.914230755657249,0.4,CONV
6.037471536206961e+31,6449103438.563686,52.201888100923874,19350556.730873127,1.3535933850018976e+17,1.9132488324632516e+34,218.73364886702717,0.7522339301651577,0.4,0.9073253853860643,0.4,CONV
6.232137236120118e+31,6519733954.938468,52.11905471879606,19330027.449705224,1.3500061248609613e+17,1.9554368771540376e+34,214.72671958311037,0.7528792225237394,0.4,0.9005697975765802,0.4,CONV
6.426802936033275e+31,6588974657.8043995,52.03709480465938,19309704.081016384,1.3464604701639546e+17,1.996856067858498e+34,210.83355277110127,0.7535198013807468,0.4,0.893957762890184,0.4,CONV
6.662282751498728e+31,6670974260.090269,51.93906852329211,19285382.9466674,1.3422247090179838e+17,2.0459626429409833e+34,206.26897551014565,0.7542886967186918,0.4,0.8861430131628709,0.4,CONV
6.897762566964181e+31,6751154570.907704,51.84221208891407,19261337.225652844,1.3380447834443274e+17,2.094012263632056e+34,201.8551993499122,0.7550513695109611,0.4,0.8785203100221006,0.4,CONV
7.133242382429634e+31,6829618233.599161,51.746472769775316,19237554.312725853,1.3339182346771696e+17,2.1410395282654334e+34,197.58457730175422,0.7558081475718477,0.4,0.8710808457503993,0.4,CONV
7.368722197895087e+31,6906458948.348375,51.651801870393946,19214022.570678286,1.329842790876956e+17,2.1870773034515395e+34,193.450037726194,0.756559333168533,0.4,0.8638164643802793,0.4,CONV
7.60420201336054e+31,6981762509.705873,51.558154303888095,19190731.227595836,1.3258163473920947e+17,2.232156852425253e+34,189.4450251357589,0.7573052057582922,0.4,0.8567195944339072,0.4,CONV
7.839681828825993e+31,7055607695.610291,51.46548822142009,19167670.287848435,1.3218369496510446e+17,2.2763079503895053e+34,185.56344871667417,0.7580460243576809,0.4,0.8497831904828378,0.4,CONV
8.122851411988864e+31,7142578944.133809,51.355300169594095,19140231.031763606,1.3171113766352142e+17,2.3282111074204477e+34,181.05124465727522,0.7589305208139726,0.4,0.8416452606553684,0.4,CONV
8.406020995151735e+31,7227661403.492151,51.24641253532433,19113096.573044162,1.3124482780539155e+17,2.3788595724506076e+34,176.70021596961934,0.7598084429902657,0.4,0.83371928696709,0.4,CONV
8.687283097503188e+31,7310404964.306853,51.139488588247666,19086432.99310646,1.3078757636295872e+17,2.427968705345363e+34,172.52971896897242,0.7606742952066619,0.4,0.8260468365874432,0.4,CONV
8.96854519985464e+31,7391483251.563051,51.03373817603441,19060044.00863754,1.3033597636290195e+17,2.4759251253495053e+34,168.5022737569651,0.7615343351622261,0.4,0.81856491362132,0.4,CONV
9.249807302206093e+31,7470982754.940672,50.92911272481643,19033918.034619287,1.2988980025532808e+17,2.5227680586734274e+34,164.61079449180704,0.7623888612643829,0.4,0.8112652390937517,0.4,CONV
9.531069404557546e+31,7548983017.080715,50.82556708569906,19008044.306062106,1.2944883640616285e+17,2.5685348101794754e+34,160.84869619242215,0.7632381504856783,0.4,0.804140100904668,0.4,CONV
9.812331506908998e+31,7625557378.3965025,50.72305919958457,18982412.797591154,1.290128875459281e+17,2.6132608973917383e+34,157.20984697311042,0.7640824604899795,0.4,0.7971822998843118,0.4,CONV
1.0158739327885664e+32,7718008198.196405,50.59817674548566,18951163.612088874,1.284825846466133e+17,2.6669662495966445e+34,152.8891092892416,0.765115840476706,0.4,0.7888329703584045,0.4,CONV
1.050514714886233e+32,7808514931.400395,50.47474093450463,18920251.46699158,1.2795929028410874e+17,2.719204304169593e+34,148.7367569511725,0.76614244707692,0.4,0.7807155799320674,0.4,CONV
1.0851554969838996e+32,7897183798.567583,50.35268885475588,18889661.38046203,1.2744270880360538e+17,2.7700317858749796e+34,144.74364332251724,0.7671626640778753,0.4,0.7728192949480052,0.4,CONV
1.1197962790815663e+32,7984112067.185894,50.23196224950609,18859379.483914506,1.269325662336237e+17,2.819502372629937e+34,140.90131158638465,0.7681768463627424,0.4,0.7651340641454568,0.4,CONV
1.1544370611792329e+32,8069389057.504974,50.11250703973971,18829392.907580864,1.2642860807216698e+17,2.8676669221933195e+34,137.20192548912908,0.7691853229204552,0.4,0.7576505406455568,0.4,CONV
1.1890778432768995e+32,8153097008.822257,49.99427290850632,18799689.680905245,1.2593059735856027e+17,2.9145736764215005e+34,133.63820883293312,0.7701883994625774,0.4,0.7503600138175013,0.4,CONV
1.2237186253745661e+32,8235311829.053767,49.87721293749317,18770258.645471524,1.2543831298686888e+17,2.9602684458842345e+34,130.2033923912287,0.7711863607083241,0.4,0.7432543495213267,0.4,CONV
1.265700159951581e+32,8333047959.449129,49.73685776261109,18734940.776784543,1.2484908776127555e+17,3.014084306653842e+34,126.20444790648516,0.7723893244863098,0.4,0.7348798098023844,0.4,CONV
1.3076816945285958e+32,8428808986.036211,49.598090307387416,18699990.164196823,1.242676275911143e+17,3.066257312533331e+34,122.37516755354041,0.7735856039952934,0.4,0.726753017727419,0.4,CONV
1.3496632291056106e+32,8522700203.26365,49.4608433959436,18665390.847997364,1.2369361520723107e+17,3.1168566484940064e+34,118.70594794366114,0.7747756054779196,0.4,0.7188622822479607,0.4,CONV
1.3916447636826254e+32,8614818255.472868,49.32505469484272,18631128.024368014,1.2312675597932797e+17,3.16594762318713e+34,115.18791286888653,0.7759597054909793,0.4,0.7111967435780276,0.4,CONV
1.4336262982596403e+32,8705252084.82921,49.19066622879853,18597187.92947928,1.2256677566360163e+17,3.213591958794097e+34,111.81284139771142,0.7771382539289788,0.4,0.7037462922931382,0.4,CONV
1.4756078328366551e+32,8794083750.880175,49.05762395754018,18563557.738245938,1.2201341843390054e+17,3.2598480526071025e+34,108.5731048559273,0.7783115766619069,0.4,0.696501498417305,0.4,CONV
1.51758936741367e+32,8881389142.255451,48.92587740459732,18530225.475526053,1.2146644515367698e+17,3.3047712137841833e+34,105.4616113776279,0.7794799778459248,0.4,0.6894535490149782,0.4,CONV
1.5595709019906848e+32,8967238597.273209,48.795379330377955,18497179.937933363,1.2092563185343968e+17,3.348413878220938e+34,102.47175693680754,0.7806437419553255,0.4,0.6825941930604228,0.4,CONV
1.6110933227204284e+32,9070704343.973093,48.63686518727485,18457000.83206032,1.2027002229356205e+17,3.4002978090576366e+34,98.95964133214119,0.7820660405891428,0.4,0.6744223707058767,0.4,CONV
1.662615743450172e+32,9172186844.84731,48.480088548203874,18417219.70675102,1.1962301231652152e+17,3.450414741555963e+34,95.61092545411734,0.7834822150172919,0.4,0.6665096323658027,0.4,CONV
1.7141381641799157e+32,9271788509.52867,48.324978511805284,18377819.7654384,1.1898426494781728e+17,3.4988463225631945e+34,92.41587759317314,0.7848926916692082,0.4,0.6588435912953357,0.4,CONV
1.7656605849096595e+32,9369603615.681917,48.171469114146554,18338785.387320027,1.1835346640412878e+17,3.5456693799271284e+34,89.36551014629647,0.7862978672221316,0.4,0.6514127267758804,0.4,CONV
1.8171830056394033e+32,9465719171.327265,48.019498851110235,18300102.013269503,1.177303238635569e+17,3.590956286805437e+34,86.45150717132579,0.7876981115463967,0.4,0.6442063022997484,0.4,CONV
1.868705426369147e+32,9560215664.06381,47.86901025916987,18261756.045721836,1.171145635074433e+17,3.634775290959179e+34,83.66616066032715,0.7890937702863372,0.4,0.6372142935317284,0.4,CONV
1.920227847098891e+32,9653167714.710155,47.71994954601631,18223734.760486405,1.1650592879415131e+17,3.6771908131853074e+34,81.00231427975402,0.790485167130485,0.4,0.6304273246417379,0.4,CONV
1.9717502678286346e+32,9744644649.775679,47.57226626393161,18186026.22878577,1.1590417893184322e+17,3.7182637184582116e+34,78.45331353318733,0.7918726058157681,0.4,0.6238366118381704,0.4,CONV
2.0343022138261556e+32,9853814265.189777,47.39475134948287,18140649.61212099,1.151825394917371e+17,3.766407326437965e+34,75.504106784442,0.7935521467870256,0.4,0.6160869531145085,0.4,CONV
2.094107981609528e+32,9956345242.85475,47.226789994344166,18097663.525109187,1.145014102474195e+17,3.8107552953679454e+34,72.82468280664413,0.7951533301765743,0.4,0.6089239933274898,0.4,CONV
2.1539137493929007e+32,10057159474.123522,47.06048369675844,18055051.374593876,1.138285970844366e+17,3.853539709783407e+34,70.27400595783668,0.7967503921872585,0.4,0.6019905896491903,0.4,CONV
2.2137195171762732e+32,10156336887.37434,46.89577198385835,18012798.882749103,1.1316381031862987e+17,3.894835248858841e+34,67.84441901137227,0.7983436986738287,0.4,0.5952762814941732,0.4,CONV
2.2735252849596457e+32,10253951702.297495,46.732598167189465,17970892.67019056,1.12506778146937e+17,3.93471218263525e+34,65.52882538868057,0.799933593239437,0.4,0.5887712843541522,0.4,CONV
2.3333310527430183e+32,10350072976.155956,46.57090901263815,17929320.177320328,1.1185724509904534e+17,3.9732366918559867e+34,63.320638443844956,0.801520399240192,0.4,0.5824664317388425,0.4,CONV
2.4051399561411097e+32,10463603160.739798,46.37865967702297,17879828.31386406,1.1108691923819691e+17,4.017794012277797e+34,60.8025702442428,0.8034220283001486,0.4,0.5751485269233889,0.4,CONV
2.4769488595392012e+32,10575176119.273308,46.18839751811014,17830781.43523782,1.103266683224091e+17,4.0605926161030586e+34,58.42074995713239,0.8053201391717547,0.4,0.56809289120277,0.4,CONV
2.5487577629372927e+32,10684887338.114603,46.000046783451616,17782161.68895465,1.0957612776455406e+17,4.1017270644660564e+34,56.16617609012786,0.8072151961321354,0.4,0.5612865982198889,0.4,CONV
2.620566666335384e+32,10792825195.873596,45.81353666163919,17733952.39332403,1.0883495640846651e+17,4.1412857159969907e+34,54.03056288751543,0.8091076349131942,0.4,0.5547176098049799,0.4,CONV
2.6923755697334756e+32,10899071671.747156,45.62880083350236,17686137.930662602,1.081028344174145e+17,4.179351215519774e+34,52.00627139603556,0.8109978654026573,0.4,0.548374695975065,0.4,CONV
2.764184473131567e+32,11003702966.408113,45.44577707492656,17638703.65281742,1.0737946140426026e+17,4.216000936187082e+34,50.086248515338625,0.8128862740299856,0.4,0.5422473639569749,0.4,CONV
2.8359933765296586e+32,11106790048.219007,45.26440690417071,17591635.797300376,1.0666455477008214e+17,4.251307380383189e+34,48.26397294235551,0.8147732258811637,0.4,0.53632579501274,0.4,CONV
2.90780227992775e+32,11208399135.402407,45.084635267700364,17544921.4126045,1.0595784822332155e+17,4.285338544005777e+34,46.53340709059197,0.8166590665792036,0.4,0.5306007880380128,0.4,CONV
2.994205153019367e+32,11328786813.297483,44.870373633972,17489164.402596332,1.0511802984318936e+17,4.32468563479905e+34,44.56480210780255,0.8189271631142507,0.4,0.5239606299246384,0.4,CONV
3.0806080261109838e+32,11447224411.028183,44.658266411950095,17433881.53891522,1.042893087027188e+17,4.362382401035618e+34,42.71190670949887,0.8211946648169843,0.4,0.5175785294943333,0.4,CONV
3.1670108992026006e+32,11563804819.751188,44.44823420346155,17379054.161158144,1.034712995575844e+17,4.398525213787784e+34,40.9664953101962,0.8234620809996117,0.4,0.5114414320455154,0.4,CONV
3.2534137722942174e+32,11678614239.001564,44.240202621651406,17324664.792286284,1.0266364107964186e+17,4.433203637093761e+34,39.321025186015135,0.8257298931396813,0.4,0.5055371851419891,0.4,CONV
3.339816645385834e+32,11791732823.346579,44.03410184985948,17270697.03393327,1.0186599377083822e+17,4.466500988585393e+34,37.768569833358825,0.8279985574977983,0.4,0.4998544586219714,0.4,CONV
3.426219518477451e+32,11903235251.583101,43.829866249706114,17217135.47342466,1.010780381085454e+17,4.498494845928088e+34,36.30275999018986,0.8302685074395106,0.4,0.4943826734093759,0.4,CONV
3.512622391569068e+32,12013191229.461885,43.62743401179909,17163965.60093774,1.002994728914537e+17,4.529257505235745e+34,34.91773129228778,0.8325401555015148,0.4,0.4891119379689904,0.4,CONV
3.599025264660685e+32,12121665935.135015,43.42674684349465,17111173.735474456,9.953001375992938e+16,4.558856396807507e+34,33.60807769491935,0.8348138952360836,0.4,0.4840329914241938,0.4,CONV
3.703129992921498e+32,12250483252.084524,43.18718380893671,17048049.92309155,9.861462627463571e+16,4.593062561458517e+34,32.12317674549805,0.8375567802120997,0.4,0.4781559655607892,0.4,CONV
3.807234721182311e+32,12377338140.151743,42.949983784210104,16985434.90568935,9.771162596880158e+16,4.6257725691770085e+34,30.73247580969693,0.8403038747887632,0.4,0.4725306268402839,0.4,CONV
3.911339449443124e+32,12502322978.169216,42.715061904707206,16923308.778664224,9.682059748196272e+16,4.657080635913271e+34,29.428690184698688,0.8430557766596987,0.4,0.4671438323862315,0.4,CONV
4.0154441777039374e+32,12625523663.596033,42.482338525728196,16861652.86499707,9.59411505439831e+16,4.68707373474956e+34,28.205178484832295,0.8458130564171277,0.4,0.4619833680972745,0.4,CONV
4.1195489059647506e+32,12747020224.389292,42.25173877395235,16800449.609104414,9.507291784182546e+16,4.715832231147951e+34,27.05587776502202,0.8485762601872443,0.4,0.4570378665401765,0.4,CONV
4.223653634225564e+32,12866887359.270784,42.023192147773635,16739682.48228987,9.421555311726731e+16,4.743430454677447e+34,25.975246175055638,0.8513459119772527,0.4,0.45229673375585144,0.4,CONV
4.327758362486377e+32,12985194916.31392,41.796632160112615,16679335.898275668,9.33687294654944e+16,4.769937214518545e+34,24.958212139944187,0.8541225157724593,0.4,0.44775008382755566,0.4,CONV
4.43186309074719e+32,13102008318.197609,41.57199601827869,16619395.137523623,9.25321378090262e+16,4.795416265083617e+34,24.000129214154917,0.8569065574159619,0.4,0.44338868023282346,0.4,CONV
4.558111487072484e+32,13241751815.493233,41.30207459421861,16547229.176546263,9.153090714845013e+16,4.825020613522405e+34,22.911254237055658,0.8602934330402878,0.4,0.43833575136717756,0.4,CONV
4.678935524408826e+32,13373612079.591217,41.04622637175796,16478682.061904948,9.058593022352464e+16,4.852108525057043e+34,21.93810976275965,0.8635464243569712,0.4,0.43372994071757254,0.4,CONV
4.7997595617451685e+32,13503719239.584593,40.79271621950144,16410622.200596217,8.965348592193195e+16,4.878058539644531e+34,21.026823098327775,0.8668114896590362,0.4,0.4293372722228526,0.4,CONV
4.920583599081511e+32,13632151155.897306,40.5414667981073,16343031.4592849,8.8733191803117e+16,4.902942339096815e+34,20.172413205496746,0.8700892909495991,0.4,0.425146931184421,0.4,CONV
5.041407636417853e+32,13758980669.403885,40.29240514901358,16275892.728845594,8.78246866774187e+16,4.92682586576973e+34,19.370352492535073,0.873380470988649,0.4,0.4211488562530731,0.4,CONV
5.1622316737541955e+32,13884276040.303698,40.04546234636001,16209189.842264088,8.692762893884397e+16,4.949769842189624e+34,18.61652098464801,0.8766856553574555,0.4,0.4173336759439713,0.4,CONV
5.3088273065136375e+32,14034328694.34594,39.74859845147059,16128822.59085281,8.585413644144189e+16,4.976426363009781e+34,17.76128380686683,0.8807155110084367,0.4,0.41293777262913123,0.4,CONV
5.4554229392730795e+32,14182323956.84833,39.45464818263595,16049048.714924237,8.479647524843739e+16,5.001873408275947e+34,16.965482837109366,0.8847679433003843,0.4,0.4087838087124179,0.4,CONV
5.6020185720325215e+32,14328361230.91865,39.16350860683376,15969844.044077655,8.375413341726966e+16,5.026194061858743e+34,16.223696043159006,0.888843990050177,0.4,0.40485845683791705,0.4,CONV
5.7486142047919635e+32,14472533126.37544,38.87508299234663,15891185.851495828,8.272662926383448e+16,5.049463878811631e+34,15.531062587131435,0.8929446670871415,0.4,0.40114942396578934,0.4,CONV
5.777933331343852e+32,14501151369.455875,38.81771543752592,15875517.88463253,8.252286854513307e+16,5.053997907165602e+34,15.398042225005605,0.8937678461665556,0.4,0.40043256102611086,0.4,CONV
5.7845871398377805e+32,14507636280.918385,38.80471073003221,15871965.035393033,8.247670594057654e+16,5.055021466752364e+34,15.368099858658514,0.8939548055031955,0.4,0.4002710051638957,0.4,CONV
5.7912844438669575e+32,14514159926.247011,38.79162642255316,15868390.043008558,8.243027126986086e+16,5.0560497084428405e+34,15.338052784120372,0.8941430408029827,0.4,0.40010881396608056,0.4,CONV
5.7979817478961346e+32,14520679909.865662,38.77854740591212,15864816.186384387,8.238386635053885e+16,5.057075940836709e+34,15.308096959250648,0.8943313254221372,0.4,0.39994703643304513,0.39994703643304513,RAD
5.804679051925312e+32,14527196239.792278,38.76547098894728,15861244.5528601,8.23374911413432e+16,5.058100170221449e+34,15.278238439229249,0.8945195605288203,0.4,0.39978551753834346,0.39978551753834346,RAD
5.871652092217082e+32,14592160413.665838,38.63480905858446,15825665.97920899,8.187536410895435e+16,5.068233738313118e+34,14.985000058734663,0.8963977139558019,0.4,0.39818210855565267,0.39818210855565267,RAD
6.0314732602261445e+32,14745762852.961102,38.323758042588295,15741752.062982397,8.078431785397085e+16,5.09164672087257e+34,14.322409132406289,0.9008494546788817,0.4,0.39444030327359053,0.39444030327359053,RAD
6.191294428235207e+32,14897441902.466166,38.013777032493024,15659180.627892306,7.970941316560747e+16,5.1140397219121205e+34,13.707709264882428,0.9052600916799544,0.4,0.3908129162920901,0.3908129162920901,RAD
6.351115596244269e+32,15047296586.340525,37.70487445176404,15577891.457452092,7.865015654119786e+16,5.135485212319807e+34,13.135920524599666,0.9096313282002444,0.4,0.3872943751673807,0.3872943751673807,RAD
6.510936764253332e+32,15195419315.99436,37.39707023338135,15497823.33280797,7.760608420629827e+16,5.156048207284801e+34,12.602665859262109,0.914128917295929,0.4,0.3839487904519065,0.3839487904519065,RAD
6.607183734551826e+32,15283822079.103128,37.212256085896065,15450164.573335525,7.698446819952954e+16,5.168030527466542e+34,12.298474338614966,0.9168740626240783,0.4,0.38200448818991706,0.38200448818991706,RAD
6.79265179681759e+32,15452556859.985874,36.8572965769675,15359463.762701906,7.580136235261147e+16,5.1903206139835425e+34,11.744998320152554,0.9221277271114074,0.4,0.3783538240910469,0.3783538240910469,RAD
6.978119859083355e+32,15619262484.33832,36.50389400604436,15270200.074842533,7.463716131563936e+16,5.21162113322337e+34,11.230629903046484,0.9273355713429714,0.4,0.3748236211223979,0.3748236211223979,RAD
7.16358792134912e+32,15784051433.749908,36.152055212858706,15182305.452356368,7.349128497531566e+16,5.232000678568054e+34,10.751220285246891,0.9324997137017277,0.4,0.3714071520255931,0.3714071520255931,RAD
7.349055983614884e+32,15947028598.11912,35.80178625038998,15095716.498195784,7.236318858801968e+16,5.251520668531268e+34,10.30316644172862,0.937622130691013,0.4,0.36809808744614614,0.36809808744614614,RAD
7.534524045880649e+32,16108291996.884052,35.45309240416776,15010374.070803586,7.125235968734825e+16,5.270236281431287e+34,9.883329919375726,0.9427046664911474,0.4,0.36489047557482734,0.36489047557482734,RAD
7.719992108146413e+32,16267933416.836435,35.10597822152714,14926222.921269549,7.015831533641639e+16,5.288197252189448e+34,9.488968925736081,0.9477490416876928,0.4,0.36177872108269804,0.36177872108269804,RAD
7.944048363972416e+32,16458748733.426565,34.6887562891702,14826078.796587339,6.885838363910239e+16,5.308952489573335e+34,9.043131494211003,0.9537943265676841,0.4,0.3581399094715104,0.3581399094715104,RAD
8.168104619798419e+32,16647464196.865223,34.27385079760479,14727513.187396934,6.758152786223038e+16,5.328743059163678e+34,8.627308196466338,0.959788875938556,0.4,0.35462466813377036,0.35462466813377036,RAD
8.392160875624422e+32,16834211821.052607,33.86126594080588,14630447.599294845,6.632704040723833e+16,5.347632585470417e+34,8.238343211390562,0.9657350958283809,0.4,0.35122494972255236,0.35122494972255236,RAD
8.616217131450425e+32,17019114759.795523,33.451004718775955,14534809.24827754,6.509425732546128e+16,5.365678124440134e+34,7.873516369975682,0.9716351933402558,0.4,0.3479332759722376,0.3479332759722376,RAD
8.840273387276428e+32,17202288186.383995,33.043069045291084,14440530.534086691,6.388255443258556e+16,5.3829310595935175e+34,7.530474006430199,0.977491190118931,0.4,0.3447426915043295,0.3447426915043295,RAD
9.064329643102431e+32,17383840069.010166,32.63745985179794,14347548.572597602,6.269134386535523e+16,5.3994378572373225e+34,7.207171884732035,0.9833049343548889,0.4,0.3416467207384536,0.3416467207384536,RAD
9.335331972733543e+32,17601409968.76554,32.14997289962872,14236733.605670398,6.1277133452561e+16,5.418466295993761e+34,6.839976127015808,0.9902827593476958,0.4,0.33801988616793655,0.33801988616793655,RAD
9.596210761864603e+32,17808908148.536068,31.683910363686422,14131679.922038315,5.9942446959723416e+16,5.435873828221244e+34,6.508782014642225,0.9969463562248944,0.4,0.3346417296056527,0.3346417296056527,RAD
9.857089550995662e+32,18014641084.727875,31.220997949149673,14028136.926467136,5.8633165901101896e+16,5.452443522465e+34,6.197334098278972,1.003559563491684,0.4,0.3313663500546168,0.3313663500546168,RAD
1.0117968340126722e+33,18218740148.891884,30.761231979269684,13926031.449859692,5.7348565686741064e+16,5.46822448614663e+34,5.903830667889058,1.0101242589771124,0.4,0.3281861971027976,0.3281861971027976,RAD
1.0378847129257782e+33,18421328925.294346,30.304607831981347,13825295.659945562,5.6087963913402824e+16,5.483261444189219e+34,5.626706750842903,1.0166420856313856,0.4,0.3250942617772898,0.3250942617772898,RAD
1.0639725918388842e+33,18622523993.8175,29.851120076627737,13725866.581188127,5.4850716787377016e+16,5.497595306053566e+34,5.364596573275711,1.0231144627393283,0.4,0.3220840231244047,0.3220840231244047,RAD
1.0960235878298585e+33,18867961844.675797,29.29825959584411,13605413.164122213,5.336174086603909e+16,5.514298145266644e+34,5.061375462034284,1.031005821261247,0.4,0.31848862637340825,0.31848862637340825,RAD
1.1280745838208329e+33,19111654968.76514,28.750111421151203,13486743.726732424,5.190603887676266e+16,5.530059948377786e+34,4.777086872861926,1.0388321935098235,0.4,0.3149969212250041,0.3149969212250041,RAD
1.1601255798118072e+33,19353784787.324036,28.206662004094028,13369766.316339849,5.048261654528023e+16,5.544938665702486e+34,4.510067466983989,1.0465949360753153,0.4,0.3115992335484469,0.3115992335484469,RAD
1.1921765758027816e+33,19594522624.674812,27.667896993050284,13254396.490012677,4.909054059336028e+16,5.558987281457546e+34,4.258874758850638,1.0542949651116305,0.4,0.3082865863555989,0.3082865863555989,RAD
1.224227571793756e+33,19834030893.447964,27.133801439678642,13140556.61358269,4.772893327110951e+16,5.5722544593177035e+34,4.022249591147611,1.0619327648066508,0.4,0.3050506140119077,0.3050506140119077,RAD
1.2562785677847303e+33,20072464144.89362,26.604359978432957,13028175.25081989,4.6396967521126504e+16,5.584785079725846e+34,3.7990858287498446,1.0695083919132473,0.4,0.3018834860185937,0.3018834860185937,RAD
1.2883295637757047e+33,20309970004.77147,26.079556982832564,12917186.630405301,4.509386268656561e+16,5.596620689576134e+34,3.5884057646710534,1.0770214765872268,0.4,0.2987778391364802,0.2987778391364802,RAD
1.3203805597666792e+33,20546690011.973293,25.559376701821993,12807530.180334695,4.381888068937631e+16,5.607799880623872e+34,3.389340067622675,1.0844712197243875,0.4,0.2957267167815667,0.2957267167815667,RAD
1.3524315557576537e+33,20782760374.325016,25.0438033792157,12699150.121029403,4.257132261659991e+16,5.618358609654374e+34,3.201111357426904,1.0918563869423998,0.4,0.2927235147653082,0.2927235147653082,RAD
1.3602525052142294e+33,20840281697.189922,24.918692804047996,12672891.484582435,4.22709851457997e+16,5.620844794126396e+34,3.156744541568712,1.0936485022056934,0.4,0.29199723816046474,0.29199723816046474,RAD
1.36812497115637e+33,20898152672.94101,24.793033987840495,12646532.813378729,4.1970269001410904e+16,5.623312548562169e+34,3.112685172287189,1.0954484113116825,0.4,0.29126858896593566,0.29126858896593566,RAD
1.3759974370985104e+33,20955996205.6856,24.6676517085427,12620246.606565436,4.1671148387175896e+16,5.625745851131384e+34,3.069218014453219,1.097244265809281,0.4,0.2905422693465576,0.2905422693465576,RAD
1.383869903040651e+33,21013814178.26562,24.542545737278743,12594032.171540476,4.137361403303868e+16,5.628145164398112e+34,3.0263338262925084,1.099036033299768,0.4,0.28981819025086536,0.28981819025086536,RAD
1.3854623543984075e+33,21025506722.50184,24.517272753785207,12588738.144253405,4.131362051472786e+16,5.628626407909052e+34,3.0177292370633837,1.0994132690114655,0.4,0.2896760179654007,0.2896760179654007,RAD
1.387054805756164e+33,21037198312.67708,24.492011932945562,12583446.57711216,4.1253691452261e+16,5.62910628302571e+34,3.00914771181806,1.0999320469080545,0.4,0.28957127436700836,0.28957127436700836,RAD
1.40297931933373e+33,21154064966.475986,24.240105618194473,12530647.688243987,4.065792947986161e+16,5.633830565970824e+34,2.924572374177561,1.105122882100811,0.4,0.28853179726906086,0.28853179726906086,RAD
1.4438173124676744e+33,21453437824.423397,23.599913555217967,12396183.124904579,3.915902922978811e+16,5.645346594051468e+34,2.717616938425344,1.118462635551156,0.4,0.28592968544274655,0.28592968544274655,RAD
1.482563932416222e+33,21737214527.390797,23.000204364721395,12269780.3959746,3.7774498476732984e+16,5.655516408295016e+34,2.5337280520986605,1.1311620189996907,0.4,0.28354018321841484,0.28354018321841484,RAD
1.5213105523647693e+33,22020936255.742924,22.40794642531158,12144441.882566689,3.642560292179089e+16,5.664995883140514e+34,2.3611532755733915,1.143909561723329,0.4,0.2812220266605168,0.2812220266605168,RAD
1.5600571723133167e+33,22304797661.545162,21.823098000641703,12020093.024211852,3.511142630135642e+16,5.673827411652835e+34,2.199158352789317,1.156711471058506,0.4,0.27896982070395404,0.27896982070395404,RAD
1.5988037922618642e+33,22588989825.46469,21.245619008800887,11896663.352676444,3.383109906054745e+16,5.682050672180861e+34,2.047074668969343,1.1695737927182053,0.4,0.2767785284256624,0.2767785284256624,RAD
1.6375504122104116e+33,22873701207.88648,20.675471035936063,11774086.091874437,3.258379475382631e+16,5.689702865163398e+34,1.9042904787812773,1.1825024255456047,0.4,0.27464342016266313,0.27464342016266313,RAD
1.676297032158959e+33,23159118548.083717,20.112617340349193,11652297.803539166,3.1368726807370228e+16,5.6968189189541295e+34,1.7702436322822346,1.1955031324882188,0.4,0.27256002736842955,0.27256002736842955,RAD
1.7150436521075065e+33,23445427723.81377,19.55702284919999,11531238.073054751,3.0185145599265656e+16,5.703431669884247e+34,1.6444155082815202,1.2085815477606143,0.4,0.27052410033924235,0.27052410033924235,RAD
1.753790272056054e+33,23732814582.535183,19.00865414958938,11410849.230772413,2.9032335819866252e+16,5.709572020779253e+34,1.526325925635631,1.2217431800661016,0.4,0.2685315690426812,0.2685315690426812,RAD
1.7925368920046013e+33,24021465754.564106,18.46747947550815,11291076.10492596,2.790961407990807e+16,5.715269081352731e+34,1.41552885030687,1.2349934116448265,0.4,0.2665785063590881,0.2665785063590881,RAD
1.8312835119531488e+33,24311569457.870472,17.933468691898465,11171865.802942248,2.681632673840121e+16,5.720550293268529e+34,1.3116087529626288,1.2483374928039048,0.4,0.26466109310672875,0.26466109310672875,RAD
1.8700301319016962e+33,24603316303.82714,17.40659327688459,11053167.51853998,2.575184792606066e+16,5.725441542158512e+34,1.2141775008662476,1.2617805314612955,0.4,0.2627755842648538,0.2627755842648538,RAD
1.9167441246984498e+33,24957514684.81605,16.780826678484274,10910673.038664464,2.450593576392072e+16,5.7308546866563e+34,1.1048245238244938,1.2781264204151739,0.4,0.2605395210392797,0.2605395210392797,RAD
1.9605584355169544e+33,25292462971.657116,16.203254338634288,10777562.234816488,2.3373731277087564e+16,5.735484694045665e+34,1.0098230761288884,1.293602331079451,0.4,0.2584737417901943,0.2584737417901943,RAD
1.989e+33,25511451108.289513,15.833158172196272,10691402.233025476,2.265723255220122e+16,5.738273676808748e+34,0.9518503261952201,1.3037264627170146,0.4,0.25714646518918177,0.25714646518918177,RAD
1.989e+33,25511451240.61195,15.833157975972572,10691402.186205767,2.26572321721604e+16,5.738273678053994e+34,0.9518502956714967,1.3037264683651892,0.4,0.2571464665501603,0.2571464665501603,RAD
2.0233482792874375e+33,25777694011.23134,15.391253332447247,10587579.369426664,2.181095578664133e+16,5.741428075684981e+34,0.8855198749438319,1.3160379663633044,0.4,0.2555554229349733,0.2555554229349733,RAD
2.0672251915188164e+33,26120847955.049877,14.834778411150996,10455277.748472124,2.075965362370618e+16,5.74513756093225e+34,0.8063516519806525,1.3319039438828875,0.4,0.25353783074487385,0.25353783074487385,RAD
2.1111021037501954e+33,26467727372.920227,14.287274107322313,10323283.172719935,1.9741055104043172e+16,5.7485127188408645e+34,0.733063642047453,1.3479308636157312,0.4,0.25153144853967635,0.25153144853967635,RAD
2.1549790159815744e+33,26818671333.104534,13.748715033641242,10191538.210895317,1.8754475497140772e+16,5.751578538380471e+34,0.6652897166377482,1.3641232940888908,0.4,0.2495301488244653,0.2495301488244653,RAD
2.1988559282129533e+33,27174035849.73752,13.219078260645176,10059987.600605952,1.779925761760372e+16,5.754358450854606e+34,0.6026856839115196,1.380484907921702,0.4,0.24752742512554304,0.24752742512554304,RAD
2.2427328404443323e+33,27534196315.58586,12.698343315211645,9928578.264024293,1.6874770174917198e+16,5.756874422308792e+34,0.5449275719733339,1.397018264655798,0.4,0.24551629818128928,0.24551629818128928,RAD
2.28441166612841e+33,27881117199.959827,12.211923092816145,9803836.624336489,1.6024503285148208e+16,5.759038675272977e+34,0.4942726058680237,1.412883498157663,0.4,0.24359126500018619,0.24359126500018619,RAD
2.3260904918124875e+33,28233085592.656555,11.733505514714889,9679135.022956688,1.520091626577199e+16,5.760999910606596e+34,0.44746747343318416,1.428904352411931,0.4,0.24164477688278516,0.24164477688278516,RAD
2.367769317496565e+33,28590486129.029198,11.263079284592859,9554434.010804504,1.4403525966026974e+16,5.762773681973112e+34,0.4042782098899767,1.445078690173051,0.4,0.23966910190211718,0.23966910190211718,RAD
2.4094481431806426e+33,28953729448.60417,10.800635210010643,9429696.479484232,1.363186611810099e+16,5.764374593857605e+34,0.3644831721205186,1.4614022651403331,0.4,0.23765571429115553,0.23765571429115553,RAD
2.4479807202953875e+33,29295131163.4434,10.380195020354005,9314312.703420138,1.2940956858264868e+16,5.765712776972922e+34,0.330529360825955,1.4766204933118254,0.4,0.2357525790065242,0.2357525790065242,RAD
2.4865132974101323e+33,29642275328.635983,9.966567494108864,9198843.291771103,1.2271310979491628e+16,5.766925115998298e+34,0.2991392329175113,1.4919526725702188,0.4,0.23380084171803617,0.23380084171803617,RAD
2.525045874524877e+33,29995561850.312584,9.559750518478955,9083265.86733228,1.162259516197063e+16,5.768021197618982e+34,0.2701625205012661,1.5073882069211617,0.4,0.23179128947603722,0.23179128947603722,RAD
2.563578451639622e+33,30355421105.639904,9.159743805810086,8967561.02748425,1.0994486417126872e+16,5.769010043269904e+34,0.24345603887345418,1.522913118724795,0.4,0.2297136545480036,0.2297136545480036,RAD
2.598549872872352e+33,30688101140.915268,8.80260205900935,8862425.829155512,1.0442002602045196e+16,5.769821799392858e+34,0.2210683372434766,1.5370655352441192,0.4,0.22775949364865047,0.22775949364865047,RAD
2.6335212941050825e+33,31026952200.65068,8.451074036062618,8757163.531721547,9906007774619680.0,5.770558193021057e+34,0.20034066782260154,1.5512597669047392,0.4,0.22573024970223252,0.22573024970223252,RAD
2.668492715337813e+33,31372378362.34681,8.105164042746583,8651768.40080892,9386281122198716.0,5.77122486512038e+34,0.1811796808814112,1.5654748584944658,0.4,0.2236152948691089,0.2236152948691089,RAD
2.703464136570543e+33,31724816539.319763,7.764878099732725,8546238.508803494,8882608002113243.0,5.771827137138503e+34,0.16349596541845923,1.5796851453146687,0.4,0.22140280326917242,0.22140280326917242,RAD
2.7340868823941634e+33,32039559530.347847,7.4715312123039075,8453722.402091766,8454585248738257.0,5.772305586380637e+34,0.14915684957451847,1.5920999995489742,0.4,0.2193750030192376,0.2193750030192376,RAD
2.764709628217784e+33,32360385842.89436,7.182509356183981,8361109.801018664,8038575362470064.0,5.772741688297626e+34,0.1358295014008044,1.6044621899652385,0.4,0.21725255096310353,0.21725255096310353,RAD
2.795332374041404e+33,32687666734.720825,6.897820608665824,8268409.221362833,7634445401135888.0,5.773138459251811e+34,0.12346073362729598,1.6167420795119722,0.4,0.21502468556561813,0.21502468556561813,RAD
2.8259551198650246e+33,33021803778.612167,6.6174746426649484,8175633.266732238,7242065787834275.0,5.773498755760697e+34,0.11199932535466864,1.6289047802247336,0.4,0.21267957722174527,0.21267957722174527,RAD
2.856577865688645e+33,33363232456.90738,6.341482948609915,8082799.252207961,6861310274643005.0,5.77382528041009e+34,0.10139595189128613,1.6409093118760028,0.4,0.21020423245184477,0.21020423245184477,RAD
2.888563900473055e+33,33728160540.895653,6.057868524052055,7985795.099794247,6475882640189632.0,5.774133047210423e+34,0.09118526706592102,1.6532272273638968,0.4,0.20746416473377208,0.20746416473377208,RAD
2.900448915354923e+33,33866032350.211056,5.953704124400642,7949748.004323954,6335839589403750.0,5.774239282853926e+34,0.08760608247578724,1.6577342217453805,0.4,0.2064023322058697,0.2064023322058697,RAD
2.90163741684311e+33,33879889540.89304,5.943324047628057,7946143.325474275,6321929266033603.0,5.774249673938948e+34,0.08725438229071286,1.6581825904122904,0.4,0.20629478025903084,0.20629478025903084,RAD
2.9028259183312966e+33,33893759590.854576,5.932950608223088,7942538.631676728,6308036002928399.0,5.774260023290925e+34,0.08690380111418679,1.658771787799352,0.4,0.2062045396904327,0.2062045396904327,RAD
2.932538455535961e+33,34244781220.883095,5.6761226347517875,7851944.744161083,5966229163878385.0,5.774505557907035e+34,0.07847654150662603,1.6876036419048424,0.4,0.20564206237726287,0.20564206237726287,RAD
2.962250992740626e+33,34604358054.069084,5.424145978588292,7760372.1160237,5634975159957837.0,5.774726989813832e+34,0.0706743977865607,1.7175153507563483,0.4,0.2050932975022056,0.2050932975022056,RAD
2.989026368339335e+33,34936162487.31896,5.201248010848613,7676961.899340255,5345419546334211.0,5.774907386645262e+34,0.06415221377254475,1.7454606866979745,0.4,0.20461102113844293,0.20461102113844293,RAD
3.015801743938044e+33,35275776571.316284,4.982317357624327,7592657.592626719,5064273074435516.0,5.775070938905982e+34,0.0580884973631489,1.7744110909395243,0.4,0.204140912617506,0.204140912617506,RAD
3.042577119536753e+33,35623661812.693016,4.7673683017986415,7507406.707426645,4791460910193446.0,5.775218844215677e+34,0.05246099084419254,1.8044368985530266,0.4,0.20368363675017223,0.20368363675017223,RAD
3.0693524951354617e+33,35980318827.573685,4.556415938932312,7421152.727533819,4526908993928854.0,5.775352241471522e+34,0.04724808651994087,1.8356157421233308,0.4,0.20324000019235464,0.20324000019235464,RAD
3.0934463690986384e+33,36309204159.991425,4.370019568450097,7342629.15449634,4295851664044682.0,5.775460772950267e+34,0.04289430258196857,1.86472853266506,0.4,0.2028532546151799,0.2028532546151799,RAD
3.117540243061815e+33,36646062780.86369,4.186884676685711,7263196.033251678,4071370708794226.0,5.775559183498963e+34,0.03884439773927584,1.8949136768198231,0.4,0.20247919335742298,0.20247919335742298,RAD
3.141634117024992e+33,36991360753.51188,4.007024237094602,7182801.699884293,3853413761576604.0,5.775648187795055e+34,0.035083924157815714,1.9262475104297436,0.4,0.2021188279754513,0.2021188279754513,RAD
3.1657279909881686e+33,37345603951.30413,3.830451952071437,7101390.343145285,3641928961044117.0,5.775728466181553e+34,0.03159882796056658,1.9588145000384904,0.4,0.20177336094225085,0.20177336094225085,RAD
3.186810437820505e+33,37663340793.19933,3.6786576957803603,7029272.661046231,3462145977380862.5,5.775792062071349e+34,0.028764471154624355,1.988396103859343,0.4,0.20148441380281187,0.20148441380281187,RAD
3.2078928846528416e+33,37988747022.330086,3.5294023321714123,6956286.294815093,3287244968090917.0,5.7758498858082165e+34,0.026121569915977458,2.0190630376904215,0.4,0.20120909766119946,0.20120909766119946,RAD
3.228975331485178e+33,38322254903.22609,3.382696644641086,6882384.031839702,3117192156419928.0,5.775902331821379e+34,0.023661427336623648,2.0508919717564753,0.4,0.20094873736652763,0.20094873736652763,RAD
3.2500577783175146e+33,38664332734.41773,3.2385519989765936,6807514.823498668,2951954075057791.0,5.775949776433894e+34,0.021375563286178057,2.0839677427864696,0.4,0.20070488819929663,0.20070488819929663,RAD
3.271140225149851e+33,39015488979.44609,3.0969803905908693,6731623.313648257,2791497572033126.0,5.775992578316519e+34,0.019255711443103833,2.1183845550664135,0.4,0.2004793818526989,0.2004793818526989,RAD
3.2897856254156064e+33,39334060102.99311,2.9739281135892814,6663604.570413592,2653547317507556.0,5.776026837711096e+34,0.017512783229579443,2.1500242402939183,0.4,0.20029695366379802,0.20029695366379802,RAD
3.2987766057645635e+33,39490491573.859375,2.91531667256897,6630489.530460347,2588347178832727.5,5.776042222682402e+34,0.016714866545773824,2.1657088665397217,0.4,0.20021522472893308,0.20021522472893308,RAD
3.3077675861135206e+33,39648820098.67207,2.857177185684056,6597165.327181387,2524002977337718.5,5.776056902379938e+34,0.015943849197542846,2.181210637454301,0.4,0.2000939197180403,0.2000939197180403,RAD
3.3261068577643375e+33,39977867407.73343,2.7400496220474295,6528535.063601642,2395400602197789.5,5.776084758097126e+34,0.014452220904234559,2.2136000567061203,0.4,0.1998440050339343,0.1998440050339343,RAD
3.3444461294151544e+33,40315487962.85835,2.6248905736789507,6458986.8476975085,2270328042817292.5,5.776109975007784e+34,0.013065268164970535,2.2471041760724453,0.4,0.19959280668189572,0.19959280668189572,RAD
3.362785401065971e+33,40662186114.60946,2.5117082873332115,6388475.153142138,2148764541912360.0,5.776132740628829e+34,0.011778156186713724,2.2817916834389225,0.4,0.199339521145769,0.199339521145769,RAD
3.381124672716788e+33,41018511134.833984,2.400511445517992,6316951.128172117,2030689587339104.2,5.776153233712797e+34,0.010586161553318908,2.3177372203643514,0.4,0.19908319759880969,0.19908319759880969,RAD
3.397200781966266e+33,41339253581.59352,2.3046771238032697,6253379.575060094,1930039074954095.2,5.776169463095878e+34,0.009615859137465854,2.3503455201912025,0.4,0.19885512043166084,0.19885512043166084,RAD
3.413276891215744e+33,41668293120.78238,2.210381959195865,6188951.926445161,1832040190824576.0,5.776184186470399e+34,0.008712062263837089,2.3840421310641573,0.4,0.19862294450119028,0.19862294450119028,RAD
3.4293530004652215e+33,42006106763.7278,2.1176327503909653,6123627.670059082,1736679639529095.0,5.776197508352453e+34,0.00787179711781637,2.4188910757023154,0.4,0.1983856151247165,0.1983856151247165,RAD
3.445429109714699e+33,42353213290.09406,2.026436635927851,6057363.448752512,1643944309570869.0,5.776209528528734e+34,0.007092153687538824,2.4549615397384277,0.4,0.19814188973854718,0.19814188973854718,RAD
3.461505218964177e+33,42710178302.28656,1.9368011183069365,5990112.791418061,1553821286045248.5,5.776220342158795e+34,0.006370285375516961,2.49232835557703,0.4,0.19789029825531,0.19789029825531,RAD
3.47558689242153e+33,43031442799.66869,1.8595743676857315,5930355.732816584,1477015379908191.8,5.776228894420168e+34,0.005783247818209375,2.5261880896104003,0.4,0.1976620888800277,0.1976620888800277,RAD
3.4896685658788834e+33,43361197597.89317,1.7835566292640228,5869767.723177085,1402195664902385.8,5.776236648664735e+34,0.005236571350826715,2.5611631785323414,0.4,0.1974251241207454,0.1974251241207454,RAD
3.5037502393362365e+33,43699934431.29465,1.7087537338109724,5808310.497971342,1329353889253968.0,5.776243660459919e+34,0.004728461530673542,2.597316540200488,0.4,0.19717778100674613,0.19717778100674613,RAD
3.5178319127935897e+33,44048188705.59104,1.6351717928554959,5745943.194362459,1258481955589673.0,5.776249982872073e+34,0.004257160537761955,2.634715662818226,0.4,0.1969181498157495,0.1969181498157495,RAD
3.531913586250943e+33,44406544863.69909,1.5628172179663022,5682622.126203257,1189571933240307.2,5.77625566651795e+34,0.003820947045547162,2.6734329139712187,0.4,0.19664397425987962,0.19664397425987962,RAD
3.5442392519216897e+33,44729005972.25893,1.5004979922331967,5626377.825824776,1130859188134640.0,5.776260155140675e+34,0.0034666009201784714,2.7084647421077626,0.4,0.19638995809547408,0.19638995809547408,RAD
3.5565649175924365e+33,45060163754.71787,1.4391289929820201,5569333.591992679,1073638541022121.6,5.776264222209677e+34,0.0031367384038771223,2.74462119006181,0.4,0.19612064138815813,0.19612064138815813,RAD
3.5688905832631834e+33,45400527149.70043,1.3787151652820278,5511453.884389319,1017905042113080.8,5.7762678972312475e+34,0.0028302736262466994,2.7819609692005143,0.4,0.19583355034841338,0.19583355034841338,RAD
3.58121624893393e+33,45750651029.241516,1.3192616828686896,5452700.906616142,963653876532028.4,5.776271208386352e+34,0.002546141933219216,2.8205461528977303,0.4,0.19552577916103728,0.19552577916103728,RAD
3.593541914604677e+33,46111141944.06981,1.260773963263755,5393034.444605239,910880376036339.6,5.776274182556759e+34,0.0022832998592684454,2.86044217060405,0.4,0.19519390101422085,0.19519390101422085,RAD
3.604287085712876e+33,46434383795.953606,1.2105783761257622,5340240.238500856,866075983169703.1,5.776276520448525e+34,0.0020707322894655735,2.8963454481547086,0.4,0.1948817595691586,0.1948817595691586,RAD
3.6150322568210745e+33,46766489970.97491,1.1611249999751567,5286689.256225403,822388287863656.9,5.7762786379100485e+34,0.0018729031027783813,2.933344465184857,0.4,0.1945450662526742,0.1945450662526742,RAD
3.625777427929273e+33,47107984406.75724,1.112417938727528,5232349.768089023,779814520624977.0,5.776280550426605e+34,0.0016891603306453374,2.9714881045320625,0.4,0.19418013462217298,0.19418013462217298,RAD
3.636522599037472e+33,47459439045.90951,1.064461477427516,5177188.291697633,738352031209838.4,5.776282272789483e+34,0.0015188642268389061,3.010826404158624,0.4,0.19378264659812577,0.19378264659812577,RAD
3.6472677701456706e+33,47821479944.30594,1.0172600938560494,5121169.52180422,697998299512642.2,5.776283819109126e+34,0.0013613872750336746,3.0514100298092224,0.4,0.19334752532759075,0.19334752532759075,RAD
3.658474791910617e+33,48211104225.3376,0.968839413903363,5061789.381601584,657088776768349.6,5.776285258856414e+34,0.0012101343488705567,3.095119387318088,0.4,0.1928471193774056,0.1928471193774056,RAD
3.666850587192997e+33,48510817065.88146,0.9331942175307075,5016748.602172551,627298569823271.5,5.776286228077111e+34,0.0011053514516019302,3.1287404244170554,0.4,0.1924373580573279,0.1924373580573279,RAD
3.667688166721235e+33,48541206309.645744,0.9296553514177079,5012212.530857909,624356407133766.4,5.776286320235541e+34,0.001095249149701729,3.1321484206530523,0.4,0.19239452980669877,0.19239452980669877,RAD
3.668525746249473e+33,48571673157.267685,0.926121248615432,5007670.086688592,621420942078950.1,5.7762864115506285e+34,0.0010852135888160615,3.1362684003481647,0.4,0.19239458114473693,0.19239458114473693,RAD
3.668944536013592e+33,48586935810.04731,0.9243560272099292,5005396.23692605,619955720872558.6,5.776286456893653e+34,0.0010802205090290583,3.138362297709698,0.4,0.1923963780382222,0.1923963780382222,RAD
3.6776346457586287e+33,48908134392.5043,0.8880028787498644,4957809.235359645,589929214635752.9,5.776287351685937e+34,0.000980268376166396,3.1826656000078155,0.4,0.19243820194811945,0.19243820194811945,RAD
3.6863247555036654e+33,49238233304.81177,0.8521790169211776,4909426.120238583,560622533272018.06,5.776288162585455e+34,0.0008870959945457263,3.2286750061935345,0.4,0.1924893211475106,0.1924893211475106,RAD
3.695014865248702e+33,49577751766.812355,0.8168881062026261,4860205.786780524,532034740398181.8,5.776288895359181e+34,0.0008004171330726959,3.2765122955592663,0.4,0.19255078519046612,0.19255078519046612,RAD
3.703704974993739e+33,49927255687.63191,0.7821339923783224,4810103.581333758,504164973316174.75,5.7762895555273715e+34,0.0007199502149863527,3.3263125093490546,0.4,0.19262382047594137,0.19262382047594137,RAD
3.7127395460791863e+33,50301865282.659065,0.746575763955886,4757028.102324139,475950937769093.3,5.776290170550918e+34,0.0006425824851538433,3.380329552804059,0.4,0.19271356969323702,0.19271356969323702,RAD
3.720221373345754e+33,50621309977.83508,0.7175747256322008,4712270.660873773,453172228385701.3,5.776290628830709e+34,0.0005831492408423429,3.4269262550614106,0.4,0.19279990117291335,0.19279990117291335,RAD
3.727703200612321e+33,50949610457.60971,0.6889807247806709,4666745.423540878,430924255846006.44,5.776291044157542e+34,0.0005277348056802102,3.4753386795718026,0.4,0.19289847372169028,0.19289847372169028,RAD
3.735185027878889e+33,51287281615.55161,0.66079676091221,4620412.135155753,409206693010858.06,5.776291419475148e+34,0.0004761710160138245,3.5256997125875045,0.4,0.1930107854967037,0.1930107854967037,RAD
3.742666855145456e+33,51634884562.246735,0.6330259844743071,4573226.972939681,388019274831221.0,5.776291757602425e+34,0.00042829234048170846,3.5781572522081984,0.4,0.19313859360037075,0.19313859360037075,RAD
3.7504391895549124e+33,52007160298.38431,0.6046180355451188,4523256.177610435,366570393905893.0,5.776292072364996e+34,0.0003822824404366701,3.6350493351085476,0.4,0.19329000157044002,0.19329000157044002,RAD
3.7568570893978513e+33,52323673337.393005,0.5815021430830755,4481219.923191274,349290262916824.0,5.776292306267685e+34,0.00034702802513390606,3.6840144276589526,0.4,0.19343126568965716,0.19343126568965716,RAD
3.76327498924079e+33,52648922793.64756,0.5586977152424967,4438445.310928189,332399952380362.75,5.776292518310172e+34,0.00031414337908349454,3.734917084771886,0.4,0.193589174138705,0.193589174138705,RAD
3.769692889083729e+33,52983412971.15435,0.5362071922299425,4394892.8926698705,315899480095428.0,5.776292709981819e+34,0.00028353048413653554,3.7879037318363413,0.4,0.19376587868927692,0.19376587868927692,RAD
3.776110788926668e+33,53327693153.68604,0.5140331401335357,4350519.616019348,299788914951696.44,5.776292882709554e+34,0.0002550927980877817,3.8431380907397967,0.4,0.19396391007965422,0.19396391007965422,RAD
3.782771262129313e+33,53695980687.44634,0.49135852467564634,4303550.6847851705,283481853804850.75,5.77629304339572e+34,0.00022777859245157647,3.9030340002925383,0.4,0.19419518781144926,0.19419518781144926,RAD
3.7882501129072894e+33,54007835976.57475,0.47296650825774167,4264172.879830395,270382839622829.28,5.776293162412339e+34,0.00020691580949416601,3.9544302943929526,0.4,0.19440786621275677,0.19440786621275677,RAD
3.7937289636852655e+33,54328206447.165695,0.45481113136365786,4224087.915702158,257568363928905.03,5.776293270381355e+34,0.00018744092964912944,4.007901429999464,0.4,0.19464359123825686,0.19464359123825686,RAD
3.7992078144632417e+33,54657577201.978325,0.43689436540397425,4183257.1553010284,245038618559889.03,5.776293368047665e+34,0.00016929746419914763,4.063610592691749,0.4,0.1949054478690736,0.1949054478690736,RAD
3.804686665241218e+33,54996476044.18189,0.41921828735628697,4141638.3062561043,232793836114716.1,5.776293456125445e+34,0.00015242974039083814,4.121741261834432,0.4,0.1951970713184534,0.1951970713184534,RAD
3.8103652316952846e+33,55358399280.3247,0.4011542308649419,4097620.985717649,220403735032948.25,5.776293538024884e+34,0.0001362349162120634,4.184768178323236,0.4,0.19553534843684467,0.19553534843684467,RAD
3.8150156120575083e+33,55663364433.64398,0.38655706283692887,4060866.0909845685,210485507534680.66,5.776293598480962e+34,0.00012390710713223996,4.238669481854559,0.4,0.19584362286085147,0.19584362286085147,RAD
3.819665992419732e+33,55976498934.37612,0.3721381111465805,4023437.167996581,200773249178436.6,5.776293653392966e+34,0.00011238599762467894,4.294804179748872,0.4,0.19618401261735588,0.19618401261735588,RAD
3.824316372781956e+33,56298258331.70599,0.35789895957019574,3985296.411662876,191267217892100.44,5.77629370312856e+34,0.00010163948561045553,4.353356514899845,0.4,0.19656090127536355,0.19656090127536355,RAD
3.8289667531441794e+33,56629137377.47908,0.34384128161003963,3946402.2989464914,181967702906530.22,5.776293748040582e+34,9.163591165036586e-05,4.414534944251151,0.4,0.19697945996026878,0.19697945996026878,RAD
3.8336048137715624e+33,56968759233.74173,0.33000336254689044,3906815.297785994,172898841863274.62,5.776293788365793e+34,8.236776577593166e-05,4.478402954806866,0.4,0.19744451919238082,0.19744451919238082,RAD
3.8382428743989454e+33,57318571167.22272,0.31634958935443513,3866383.090971757,164036082187253.7,5.776293824550652e+34,7.37770605242336e-05,4.545388281467771,0.4,0.19796439463302803,0.19796439463302803,RAD
3.842011555557953e+33,57610755015.33746,0.30539211855203435,3832868.858726332,156986644036664.06,5.776293851116441e+34,6.727473132665362e-05,4.602325684930815,0.4,0.1984331571376485,0.1984331571376485,RAD
3.8457802367169607e+33,57910458417.26446,0.2945586778233692,3798726.6050627087,150073776587217.9,5.776293875309748e+34,6.118390935482464e-05,4.661715000632889,0.4,0.19894938960929542,0.19894938960929542,RAD
3.849548917875968e+33,58218082821.058655,0.2838504703172597,3763919.8884989503,143297732196186.0,5.77629389728269e+34,5.548888515631056e-05,4.723771540988035,0.4,0.19951960390985568,0.19951960390985568,RAD
3.853317599034976e+33,58534062618.88281,0.2732687745789452,3728408.5111743775,136658784322666.38,5.776293917181503e+34,5.01741514290177e-05,4.7887407227823235,0.4,0.20015148125891907,0.20015148125891907,RAD
3.85720687883813e+33,58869414040.79779,0.26248255692673583,3690974.6844564485,129951449969725.19,5.776293935691096e+34,4.5071869264212466e-05,4.8591414128086665,0.4,0.20087790550038573,0.20087790550038573,RAD
3.860424988694418e+33,59154401161.18192,0.25366181421474443,3659358.8212534627,124512473553754.03,5.776293949555088e+34,4.113214335671448e-05,4.920218320669508,0.4,0.20154444519240086,0.20154444519240086,RAD
3.863643098550706e+33,59446554784.86579,0.24493638461996817,3627125.069350729,119174134246726.23,5.776293962190981e+34,3.743791450901396e-05,4.9841014510753725,0.4,0.20227884137462868,0.20227884137462868,RAD
3.866861208406994e+33,59746247432.279305,0.23630730817953707,3594235.4799684044,113936661800824.27,5.776293973676303e+34,3.39800187710279e-05,5.051057389075605,0.4,0.20309059252975045,0.20309059252975045,RAD
3.870079318263282e+33,60053881214.406715,0.22777570015475695,3560647.931447572,108800301717734.31,5.776293984085649e+34,3.074940502001461e-05,5.1213926931739335,0.4,0.2039909412069527,0.2039909412069527,RAD
3.8732974281195697e+33,60369890989.1591,0.21934276200157674,3526315.446401847,103765316287111.62,5.776293993490717e+34,2.7737136057552417e-05,5.195462149605599,0.4,0.20499327807925058,0.20499327807925058,RAD
3.875973557574739e+33,60639396039.31462,0.2124061381928161,3497160.1180173997,99655705274313.5,5.77629400059658e+34,2.539211802436178e-05,5.260196041066718,0.4,0.20591592280654827,0.20591592280654827,RAD
3.878649687029908e+33,60915310495.91033,0.2055394540242776,3467419.5699607576,95616562678077.98,5.776294007093714e+34,2.31869774631804e-05,5.328071832250006,0.4,0.20693109948897406,0.20693109948897406,RAD
3.881325816485077e+33,61197947475.28758,0.19874358161859287,3437056.3300364614,91648069283553.36,5.776294013018886e+34,2.111675829173895e-05,5.399405500638794,0.4,0.20805170172652382,0.20805170172652382,RAD
3.884079063201004e+33,61496099474.066605,0.19182677339758017,3405124.2026395868,87639150596168.17,5.7762940185552235e+34,1.9122529588319427e-05,5.476788894094339,0.4,0.2093307248826379,0.2093307248826379,RAD
3.886330167504918e+33,61745699856.84607,0.18622868459123443,3378457.8648527726,84417255100257.67,5.776294022685844e+34,1.759059312629682e-05,5.543387486821114,0.4,0.21048514503140073,0.21048514503140073,RAD
3.888581271808832e+33,62000788725.86212,0.18068278957632763,3351256.166157068,81245758086383.81,5.776294026481301e+34,1.614428259415595e-05,5.613293934737326,0.4,0.21175101658382894,0.21175101658382894,RAD
3.890832376112746e+33,62261612035.49569,0.17518981638832656,3323484.5024306844,78124791959687.12,5.77629402996055e+34,1.4780777344233552e-05,5.686845742820482,0.4,0.21314339455411796,0.21314339455411796,RAD
3.89308348041666e+33,62528432127.95828,0.16975056082638135,3295104.2790009184,75054495340950.92,5.776294033141919e+34,1.3497286006553017e-05,5.764432971317004,0.4,0.21468002796328112,0.21468002796328112,RAD
3.895334584720574e+33,62801529113.3621,0.16436589817281336,3266072.2369387494,72035013337101.89,5.776294036043107e+34,1.2291046702944583e-05,5.846509245953469,0.4,0.21638197515767899,0.21638197515767899,RAD
3.897180981829748e+33,63030423349.29873,0.1599907287498574,3241739.0349840634,69596417586788.336,5.77629403822557e+34,1.1357416544538786e-05,5.917550603864672,0.4,0.21791885022960059,0.21791885022960059,RAD
3.899027378938922e+33,63263917058.84143,0.15565352756789066,3216904.5254436736,67192197137826.86,5.776294040240161e+34,1.047242704438015e-05,5.992307564463545,0.4,0.2196001725552945,0.2196001725552945,RAD
3.900873776048096e+33,63502195957.99164,0.15135494411287728,3191535.1931835865,64822442578157.06,5.776294042095724e+34,9.634599164454044e-06,6.071171428134392,0.4,0.22144513773473368,0.22144513773473368,RAD
3.90272017315727e+33,63745456545.46255,0.14709569733946942,3165593.5658110883,62487247856747.83,5.776294043800832e+34,8.842467522211118e-06,6.1545951492675,0.4,0.22347634836833866,0.22347634836833866,RAD
3.9029048128681875e+33,63770064501.39651,0.1466719662337455,3162966.3500423413,62255632894980.72,5.77629404396339e+34,8.765711642478881e-06,6.163207897320666,0.4,0.22369070305069305,0.22369070305069305,RAD
3.903089452579105e+33,63794724559.87981,0.1462486066838383,3160333.6003602156,62024364601886.516,5.776294044124534e+34,8.689407437785854e-06,6.1676643988073545,0.4,0.22375438217436797,0.22375438217436797,RAD
3.9031817724345636e+33,63807074198.63908,0.14603703664364379,3159015.773097391,61908860487239.48,5.776294044204579e+34,8.651434610166495e-06,6.1691521331916706,0.4,0.22375927507296964,0.22375927507296964,RAD
3.905489768821034e+33,64120155328.77321,0.1407712617618457,3125757.012775431,59049469892129.36,5.776294046094789e+34,7.74038270083187e-06,6.206900657260119,0.4,0.2238840459599121,0.2238840459599121,RAD
3.9077977652075046e+33,64441918673.68674,0.13555084868846837,3091874.1044017724,56244475053754.82,5.776294047783009e+34,6.9004957773415225e-06,6.245762774839831,0.4,0.22401380112963604,0.22401380112963604,RAD
3.910105761593975e+33,64772893235.98739,0.13037612478803495,3057332.3721362553,53494096923843.66,5.776294049285257e+34,6.128254357135909e-06,6.285811343226704,0.4,0.2241489916735947,0.2241489916735947,RAD
3.9124977912328536e+33,65126259211.300896,0.12506157142466734,3020797.240192905,50701470181688.93,5.77629405066219e+34,5.395596227749212e-06,6.328656256822869,0.4,0.22429539753514952,0.22429539753514952,RAD
3.914463466370611e+33,65425013400.72725,0.12073157248023832,2990181.4529571696,48450908781201.45,5.776294051667723e+34,4.842490654928831e-06,6.364953209616763,0.4,0.22442097039101921,0.22442097039101921,RAD
3.916429141508369e+33,65731783506.30289,0.11643546257122173,2959000.9781842805,46240505930402.92,5.7762940525686925e+34,4.331361687174956e-06,6.402297823794782,0.4,0.22455175445137562,0.22455175445137562,RAD
3.9183948166461263e+33,66047042670.637085,0.11217348210584738,2927225.2542621884,44070447472160.086,5.776294053373151e+34,3.8602001191231256e-06,6.440757675224508,0.4,0.22468825132102319,0.22468825132102319,RAD
3.920360491783884e+33,66371308477.67698,0.10794588153632523,2894820.9577651643,41940932914961.78,5.776294054088761e+34,3.42703436447041e-06,6.480407453922935,0.4,0.22483104233395212,0.22483104233395212,RAD
3.922327134841953e+33,66705315638.652306,0.10375086594419372,2861735.1917474265,39851158202768.33,5.776294054723094e+34,3.02974380561557e-06,6.521350521703434,0.4,0.2249808813614087,0.2249808813614087,RAD
3.924293777900022e+33,67049532675.32595,0.09959079855402539,2827943.712681366,37802412934548.11,5.776294055282688e+34,2.666652771908011e-06,6.563660167612177,0.4,0.22513849802342342,0.22513849802342342,RAD
3.925907577940075e+33,67340102101.82694,0.09620341025633385,2799656.9249791494,36152063043721.734,5.776294055690661e+34,2.3929443297867773e-06,6.5994720420833755,0.4,0.22527430434086576,0.22527430434086576,RAD
3.9275213779801287e+33,67638429687.24699,0.09283991083976606,2770838.6808245126,34529655291848.137,5.776294056056152e+34,2.1400039444671304e-06,6.636337338837994,0.4,0.22541659397568062,0.22541659397568062,RAD
3.929135178020182e+33,67944972641.9549,0.08950047088875208,2741459.970689389,32935346590776.047,5.776294056382432e+34,1.9068417086431955e-06,6.674326518973722,0.4,0.22556607996453829,0.22556607996453829,RAD
3.9307489780602355e+33,68260231094.92867,0.0861852677488235,2711489.134181608,31369304312249.926,5.776294056672615e+34,1.6924857629581509e-06,6.713517851704388,0.4,0.22572359720437185,0.22572359720437185,RAD
3.932362031634385e+33,68584601390.6675,0.08289600246336735,2680905.8152834466,29832411831569.97,5.776294056929547e+34,1.4960693808400524e-06,6.753979637007957,0.4,0.2258900505803264,0.2258900505803264,RAD
3.933975085208534e+33,68918830291.74753,0.07963132797971934,2649658.2758162227,28324129156727.812,5.776294057156172e+34,1.3165552012264244e-06,6.795827519631064,0.4,0.22606667782740733,0.22606667782740733,RAD
3.9352964468655695e+33,69200429526.68582,0.07697547416537208,2623537.182096124,27110052421408.71,5.776294057321095e+34,1.1814552944740884e-06,6.83121750236685,0.4,0.22621991451013862,0.22621991451013862,RAD
3.936617808522605e+33,69489491227.95604,0.07433637043811585,2596917.105846732,25915430695560.78,5.776294057468848e+34,1.0565889957273855e-06,6.867679213857215,0.4,0.22638181747694897,0.22638181747694897,RAD
3.9379391701796403e+33,69786453268.14075,0.07171413561806089,2569770.5601810077,24740391087212.62,5.776294057600751e+34,9.414710552416778e-07,6.905288243789274,0.4,0.22655345129019674,0.22655345129019674,RAD
3.939260531836676e+33,70091794467.86009,0.069108893119285,2542067.5129257124,23585068605859.887,5.7762940577180615e+34,8.356248497082918e-07,6.944129162851647,0.4,0.22673607203141002,0.22673607203141002,RAD
3.9405797339187076e+33,70405518793.22742,0.06652498717155449,2513821.7860120153,22451446323846.61,5.776294057821812e+34,7.387341448706987e-07,6.984230297965454,0.4,0.22693084160809837,0.22693084160809837,RAD
3.9418989360007393e+33,70728693133.8934,0.06395827903106827,2484952.539902829,21337772146032.81,5.776294057913335e+34,6.501616681497198e-07,7.025761149211809,0.4,0.22713982457800783,0.22713982457800783,RAD
3.942977636556499e+33,71000413628.85158,0.06187238051385526,2460855.4026679075,20442067627171.402,5.776294057979832e+34,5.836054559527123e-07,7.060867576352107,0.4,0.22732275021772103,0.22732275021772103,RAD
3.944056337112259e+33,71279255770.71725,0.059798152519561734,2436291.0104455957,19559903534828.86,5.776294058039422e+34,5.220708100292441e-07,7.097086344642544,0.4,0.22751799306095885,0.22751799306095885,RAD
3.945135037668019e+33,71565633992.242,0.05773567714576034,2411233.348309902,18691379611313.863,5.7762940580926355e+34,4.6532131635534583e-07,7.134502017719517,0.4,0.22772719411208894,0.22772719411208894,RAD
3.946213738223779e+33,71860001163.93881,0.05568503984957573,2385653.95065568,17836601472254.387,5.7762940581399745e+34,4.1312466129613453e-07,7.173210116137473,0.4,0.2279522996019612,0.2279522996019612,RAD
3.947251471431047e+33,72151190357.41309,0.05372353779927254,2360524.5347574265,17027363397371.057,5.776294058180419e+34,3.669944678227913e-07,7.2117688839755525,0.4,0.2281860266883809,0.2281860266883809,RAD
3.9482892046383145e+33,72450717005.35306,0.05177315717746062,2334852.755570031,16231056253825.955,5.776294058216275e+34,3.246671959840374e-07,7.251734367590324,0.4,0.22843909714240815,0.22843909714240815,RAD
3.949326937845582e+33,72759113664.53688,0.04983398489438408,2308604.896592469,15447792330336.225,5.776294058247928e+34,2.8594701042191515e-07,7.29323283552933,0.4,0.22871448743419373,0.22871448743419373,RAD
3.950172730768874e+33,73017435202.97946,0.04826183772490317,2286760.005594673,14819131985203.604,5.77629405827087e+34,2.56923102901612e-07,7.3282899919129,0.4,0.22895792762139772,0.22895792762139772,RAD
3.9510185236921654e+33,73282385655.42918,0.04669724867263886,2264485.5298371622,14199283694618.074,5.77629405829145e+34,2.300654334064953e-07,7.364552155403474,0.4,0.22922090584407798,0.22922090584407798,RAD
3.951864316615457e+33,73554343602.57056,0.045140272224172495,2241757.2039430835,13588319596265.547,5.776294058309846e+34,2.052734737290354e-07,7.402122050043132,0.4,0.22950618007714838,0.22950618007714838,RAD
3.9527101095387487e+33,73833722046.05316,0.0435909657635074,2218548.4163777,12986315841791.723,5.776294058326229e+34,1.8244838500865084e-07,7.441117235089272,0.4,0.22981703172483064,0.22981703172483064,RAD
3.9534923597587804e+33,74099107944.88315,0.04216493547404273,2196630.2127159755,12437585070143.367,5.776294058339731e+34,1.63004550213528e-07,7.47856868715707,0.4,0.2301306943989438,0.2301306943989438,RAD
3.954274609978812e+33,74371617905.76578,0.04074556889652596,2174250.499759215,11896654976854.592,5.776294058351771e+34,1.4508453228278177e-07,7.517478515255342,0.4,0.23047330670766852,0.23047330670766852,RAD
3.955056860198844e+33,74651678661.97147,0.039332920346405564,2151381.2007235102,11363596608097.979,5.776294058362466e+34,1.286140943075064e-07,7.557989472807719,0.4,0.2308493167765448,0.2308493167765448,RAD
3.9558391104188754e+33,74939757666.98738,0.037927048062883176,2127991.281686154,10838485092411.672,5.776294058371928e+34,1.1352030094062015e-07,7.600267679132299,0.4,0.23126408194413292,0.23126408194413292,RAD
3.9564721797272225e+33,75179118668.11055,0.03679429006701427,2108657.3394777644,10419388711066.611,5.776294058378754e+34,1.0226373762264175e-07,7.635909436906805,0.4,0.23163253325847186,0.23163253325847186,RAD
3.9571052490355695e+33,75424363716.81725,0.03566604734248172,2088939.7818828006,10005593671020.791,5.776294058384893e+34,9.182456491896613e-08,7.672955577785119,0.4,0.23203471920054736,0.23203471920054736,RAD
3.9577383183439165e+33,75675814918.76636,0.034542358762324206,2068816.5280841617,9597146700627.902,5.776294058390396e+34,8.216604544652209e-08,7.711544354913488,0.4,0.23247551642159406,0.23247551642159406,RAD
3.9583713876522636e+33,75933822341.25233,0.03342326659250566,2048263.2809713625,9194096945164.96,5.7762940583953125e+34,7.325203061757325e-08,7.75183611428198,0.4,0.23296072851497193,0.23296072851497193,RAD
3.959001589388454e+33,76197551020.17336,0.03231385467408365,2027349.4369324578,8798284782197.256,5.776294058399668e+34,6.508258864534413e-08,7.79382246775544,0.4,0.23349474783372057,0.23349474783372057,RAD
3.9596317911246446e+33,76468565452.63438,0.03120909408997427,2005953.5040739176,8407926178941.041,5.77629405840353e+34,5.758121509730032e-08,7.837899201726217,0.4,0.23408793124923694,0.23408793124923694,RAD
3.959908356801488e+33,76589915052.90776,0.030725749802410707,1996403.3658877127,8238352574670.046,5.776294058405079e+34,5.4491425664256096e-08,7.857966771374169,0.4,0.23436943055510964,0.23436943055510964,RAD
3.9599360133691725e+33,76602133469.91902,0.03067746543341078,1995442.7873528493,8221453772633.503,5.776294058405229e+34,5.4189055026806446e-08,7.859999292888067,0.4,0.2343983485863081,0.2343983485863081,RAD
3.959963669936857e+33,76614367225.58202,0.030629189535487284,1994481.2264997384,8204565637737.462,5.776294058405379e+34,5.388788277209647e-08,7.8612068576455405,0.4,0.23440264975295852,0.23440264975295852,RAD
3.960017736771437e+33,76638327906.28499,0.030534834002041794,1992598.824618005,8171581235699.52,5.7762940584056685e+34,5.330260639102437e-08,7.863197177678962,0.4,0.23439987170791954,0.23439987170791954,RAD
3.960044770188727e+33,76650330389.83414,0.030487666506541295,1991656.326104812,8155104341655.973,5.776294058405812e+34,5.301169784599418e-08,7.864194294651522,0.4,0.23439846966383313,0.23439846966383313,RAD
3.960179937275179e+33,76710565852.03494,0.030251931709531693,1986930.7708858694,8072873132860.335,5.776294058406519e+34,5.157433940921111e-08,7.869199579242101,0.4,0.23439132672759738,0.23439132672759738,RAD
3.9603151043616304e+33,76771176801.55954,0.030016367970669856,1982183.2427641873,7990897802730.866,5.776294058407206e+34,5.01653651845236e-08,7.874237998101946,0.4,0.23438395671242504,0.23438395671242504,RAD
3.9604436323709325e+33,76829163705.09254,0.02979253310919259,1977648.2660270843,7913186792500.538,5.776294058407842e+34,4.88516058918253e-08,7.879060054811055,0.4,0.2343767305049469,0.2343767305049469,RAD
3.9610862724174444e+33,77124424357.83136,0.028675673597013653,1954662.8268385557,7528129255732.308,5.776294058410779e+34,4.2652671988893856e-08,7.903638281429402,0.4,0.2343371361472597,0.2343371361472597,RAD
3.961613817244059e+33,77373749903.15753,0.02776171638050773,1935390.5538823057,7216426350200.409,5.776294058412905e+34,3.8006242411649854e-08,7.924421690673356,0.4,0.23429977259607598,0.23429977259607598,RAD
3.962141362070673e+33,77629733055.25214,0.026850340648132756,1915733.4497106404,6908726615453.303,5.776294058414796e+34,3.373723851934572e-08,7.945782482261445,0.4,0.23425727944793068,0.23425727944793068,RAD
3.9626689068972874e+33,77892779169.729,0.02594153336908388,1895670.0674533176,6605072856825.732,5.776294058416471e+34,2.982615751096682e-08,7.967750369271227,0.4,0.23420881948591274,0.23420881948591274,RAD
3.963196451723902e+33,78163333311.70624,0.025035278690934856,1875177.003559379,6305510373768.21,5.7762940584179485e+34,2.6253891653635152e-08,7.990356706380967,0.4,0.2341533899094317,0.2341533899094317,RAD
3.963689824697132e+33,78423589864.36278,0.024190019940386956,1855599.9084188056,6029096947442.205,5.776294058419168e+34,2.3203056073245537e-08,8.01210560428978,0.4,0.23409417765163992,0.23409417765163992,RAD
3.964183197670362e+33,78691283320.7711,0.02334695842257668,1835601.6975953013,5756345559976.351,5.776294058420243e+34,2.0417213863924017e-08,8.03446978068422,0.4,0.23402662584308523,0.23402662584308523,RAD
3.9646765706435925e+33,78966900359.04797,0.022506072038546772,1815157.2974322618,5487300358249.334,5.776294058421187e+34,1.788169505738278e-08,8.05747819758589,0.4,0.23394930260061245,0.23394930260061245,RAD
3.965169943616823e+33,79250979074.41962,0.02166733470173898,1794239.1963344265,5222008234032.252,5.776294058422011e+34,1.558214667809039e-08,8.081160380822162,0.4,0.23386047339462213,0.23386047339462213,RAD
3.9655755647142555e+33,79491287966.39186,0.02097936431883677,1776665.5575425376,5006747486628.444,5.776294058422608e+34,1.3858449225254436e-08,8.101155948110966,0.4,0.23377734908565667,0.23377734908565667,RAD
3.965981185811688e+33,79738084558.5191,0.020292805970138585,1758732.9224259118,4794086578440.721,5.776294058423138e+34,1.2277124101628518e-08,8.121643039378691,0.4,0.23368361292397388,0.23368361292397388,RAD
3.966386806909121e+33,79991770018.20027,0.019607636926670693,1740421.2735479146,4584056580661.932,5.776294058423606e+34,1.083068905562709e-08,8.142637022746722,0.4,0.23357758232619324,0.23357758232619324,RAD
3.9667924280065536e+33,80252785511.2267,0.018923831126698223,1721708.787069175,4376690376769.7344,5.776294058424018e+34,9.511814223996666e-09,8.164151937551422,0.4,0.2334572440670582,0.2334572440670582,RAD
3.9671727166918765e+33,80504589580.96455,0.018283942956206247,1703779.7047216967,4184725320491.816,5.776294058424359e+34,8.384782954968076e-09,8.184806946783478,0.4,0.23332927799303643,0.23332927799303643,RAD
3.9675530053771994e+33,80763706845.02805,0.017645198570683175,1685455.857705823,3995162823130.449,5.776294058424658e+34,7.357779283521736e-09,8.205937591367563,0.4,0.23318420845607096,0.23318420845607096,RAD
3.9679332940625223e+33,81030626124.75461,0.017007565710459027,1666713.7744905292,3808035202631.923,5.7762940584249195e+34,6.4251373105661615e-09,8.227547508522047,0.4,0.23301914448285133,0.23301914448285133,RAD
3.968313582747845e+33,81305889132.30324,0.01637100742702338,1647527.7420994828,3623376807942.9707,5.776294058425147e+34,5.5813153858917705e-09,8.249635221470344,0.4,0.23283058458234535,0.23283058458234535,RAD
3.9686272928902145e+33,81539666355.70372,0.015846672712613752,1631346.5776201468,3472931722446.394,5.776294058425312e+34,4.948238202341064e-09,8.268209759914845,0.4,0.23265435313285623,0.23265435313285623,RAD
3.968941003032584e+33,81779904453.29993,0.015323013403154704,1614826.823211357,3324213609688.7197,5.776294058425458e+34,4.368941114345816e-09,8.287093933441414,0.4,0.23245636057384433,0.23245636057384433,RAD
3.969254713174953e+33,82027014626.74232,0.014799998976606372,1597949.6902489418,3177245525565.385,5.776294058425586e+34,3.8405095849797445e-09,8.306271908709405,0.4,0.23223317255549716,0.23223317255549716,RAD
3.9695684233173223e+33,82281450414.49593,0.01427759494087401,1580694.7439127208,3032051900325.802,5.776294058425699e+34,3.360089998830624e-09,8.325719944052498,0.4,0.23198067697119176,0.23198067697119176,RAD
3.9698734222762913e+33,82536320786.63261,0.013770245250032263,1563535.572534446,2892615910361.4443,5.776294058425795e+34,2.9363892354157394e-09,8.344854525317201,0.4,0.2317023968856435,0.2317023968856435,RAD
3.9701784212352603e+33,82799101774.64455,0.013263394790220852,1545975.906985333,2754907058951.0747,5.776294058425879e+34,2.552923066908023e-09,8.36416847474384,0.4,0.23138623782000128,0.23138623782000128,RAD
3.9704834201942293e+33,83070362801.69067,0.012756997153585903,1527991.3686518031,2618952334570.5356,5.776294058425952e+34,2.2072396638734726e-09,8.38360208629793,0.4,0.23102552816898123,0.23102552816898123,RAD
3.9707367593831035e+33,83302579752.2644,0.012336678042590195,1512710.9162241344,2507379428360.88,5.776294058426004e+34,1.9471133802263556e-09,8.399777912868416,0.4,0.23068625211088933,0.23068625211088933,RAD
3.9709900985719777e+33,83541489736.20683,0.011916600517435849,1497102.355768407,2397054157642.372,5.77629405842605e+34,1.7100609297020346e-09,8.415920519120673,0.4,0.23030501964190428,0.23030501964190428,RAD
3.971243437760852e+33,83787539870.36105,0.011496725896209902,1481147.7294484882,2287995141509.7295,5.776294058426091e+34,1.4947696605239175e-09,8.431952607028816,0.4,0.2298751085380984,0.2298751085380984,RAD
3.971496776949726e+33,84041225814.40385,0.011077010530287703,1464827.6083403828,2180222162440.0403,5.776294058426126e+34,1.2999557988718731e-09,8.44777553086208,0.4,0.2293884492889404,0.2293884492889404,RAD
3.971752284723612e+33,84305377972.90239,0.010653813467591167,1447976.2086569937,2072850645914.759,5.776294058426157e+34,1.1229412773058535e-09,8.463393996568625,0.4,0.22883024365059576,0.22883024365059576,RAD
3.9720077924974974e+33,84578491550.18083,0.01023067036467747,1430708.21972209,1966831792909.7292,5.776294058426184e+34,9.642241234994963e-10,8.478505917527105,0.4,0.2281922433032646,0.2281922433032646,RAD
3.972216340436707e+33,84808544182.9684,0.009885291180793735,1416287.539416168,1881317918570.1462,5.7762940584262025e+34,8.473865397362868e-10,8.490318642103512,0.4,0.2276020987325845,0.2276020987325845,RAD
3.972424888375916e+33,85045471503.34492,0.009539863428206004,1401557.5847295085,1796735973139.1882,5.776294058426219e+34,7.412719662466986e-10,8.501507604541136,0.4,0.22693916042952003,0.22693916042952003,RAD
3.9726334363151254e+33,85289752858.92958,0.009194341342635616,1386502.4748380808,1713101203989.5632,5.776294058426234e+34,6.452446857471641e-10,8.511892923570826,0.4,0.2261917670162222,0.2261917670162222,RAD
3.9728419842543347e+33,85541922182.81384,0.008848673278650845,1371105.2618492008,1630429854631.7776,5.776294058426247e+34,5.586836711955437e-10,8.521251511770016,0.4,0.2253459372247467,0.2253459372247467,RAD
3.973050532193544e+33,85802576864.07915,0.008502800725389415,1355347.8909021546,1548739274850.991,5.776294058426258e+34,4.809828454045873e-10,8.529305547732013,0.4,0.2243848184157488,0.2243848184157488,RAD
3.9732672265630246e+33,86083124071.31247,0.008143129326911865,1338572.86402103,1464916588985.4448,5.776294058426267e+34,4.08999013757343e-10,8.535918302238485,0.4,0.22324205761908406,0.22324205761908406,RAD
3.9734472531774723e+33,86324326904.48734,0.007844035802596754,1324308.6246723249,1396114479772.9167,5.7762940584262735e+34,3.5552219393675345e-10,8.53970525656078,0.4,0.22216126632375344,0.22216126632375344,RAD
3.97362727979192e+33,86573493509.90587,0.007544625559018136,1309732.2883994891,1328086340327.2207,5.776294058426279e+34,3.074018334585492e-10,8.54157044882584,0.4,0.2209405766758563,0.2209405766758563,RAD
3.9738073064063676e+33,86831244130.59694,0.007244835449607796,1294829.6369079368,1260846951557.3594,5.776294058426285e+34,2.6428668895139303e-10,8.541080334828884,0.4,0.21955663287130534,0.21955663287130534,RAD
3.9739873330208153e+33,87098278574.12698,0.0069445938560174555,1279586.0617526472,1194412178929.187,5.776294058426289e+34,2.2583465749933908e-10,8.53769899011366,0.4,0.217981326873875,0.217981326873875,RAD
3.974167359635263e+33,87375390875.54428,0.006643819270942724,1263986.7544576817,1128799108568.616,5.776294058426293e+34,1.9171296347897153e-10,8.530760583808709,0.4,0.21618068016492795,0.21618068016492795,RAD
3.9741962983250007e+33,87420935104.82689,0.006595414941056612,1261445.0358496434,1118329901014.5984,5.776294058426294e+34,1.866101468116677e-10,8.529260249131447,0.4,0.21586755452176118,0.21586755452176118,RAD
3.9742252370147384e+33,87466766948.56105,0.006546994045234364,1258893.6835691885,1107882480044.2937,5.776294058426295e+34,1.8160953157023885e-10,8.527806531153312,0.4,0.2155515002907591,0.2155515002907591,RAD
3.974230989263896e+33,87475911739.97708,0.006537367703261552,1258385.300999197,1105808410772.1792,5.776294058426295e+34,1.8062749264423248e-10,8.530093852793472,0.4,0.21555334036161983,0.21555334036161983,RAD
3.9742548301464657e+33,87513937019.41393,0.0064974718548059755,1256272.4701303795,1097221408966.627,5.776294058426295e+34,1.7659753182057777e-10,8.539620118265598,0.4,0.21556113127354726,0.21556113127354726,RAD
3.974374034559315e+33,87707123989.85257,0.006298031165070922,1245565.3237465085,1054510828874.5742,5.776294058426297e+34,1.5740058666028347e-10,8.588403982050604,0.4,0.21560431419323028,0.21560431419323028,RAD
3.9744932389721646e+33,87905638610.26028,0.006098648872331503,1234609.558680706,1012178709324.568,5.776294058426298e+34,1.3973604028684138e-10,8.639222408924395,0.4,0.215655362125728,0.215655362125728,RAD
3.974612443385014e+33,88109813957.48381,0.005899316416207772,1223390.0333182379,970231332854.5934,5.7762940584263e+34,1.235288677272228e-10,8.692246006845915,0.4,0.21571556161484579,0.21571556161484579,RAD
3.9747311475915926e+33,88319121259.56201,0.00570086065305248,1211938.938969442,928848890065.5901,5.776294058426301e+34,1.0876463877246588e-10,8.74742990024529,0.4,0.21578613337828137,0.21578613337828137,RAD
3.974849851798171e+33,88534804495.10223,0.0055024349616713845,1200191.5602005543,887861496186.2031,5.776294058426302e+34,9.530062169181095e-11,8.80520851745769,0.4,0.21586914770161145,0.21586914770161145,RAD
3.974935175619507e+33,88694020452.05618,0.005359820287558208,1191553.3818412235,858648160084.285,5.776294058426303e+34,8.638642439477466e-11,8.848479524193497,0.4,0.21593773433320892,0.21593773433320892,RAD
3.974958613092798e+33,88738395279.3892,0.005320646819833711,1189150.8811867617,850660369872.6416,5.776294058426303e+34,8.404558957344957e-11,8.860636028354174,0.4,0.21595802638486952,0.21595802638486952,RAD
3.9749820505660894e+33,88783053198.50511,0.00528147352675695,1186735.2826236696,842688545012.5221,5.776294058426303e+34,8.175023198704045e-11,8.872492638000299,0.4,0.21596872259321065,0.21596872259321065,RAD
3.9750209223714773e+33,88857754696.5314,0.005216501796432249,1182699.9385027057,829502381769.0103,5.776294058426303e+34,7.804236521205708e-11,8.891796309523635,0.4,0.2159723422650083,0.2159723422650083,RAD
3.975118066513518e+33,89048018361.24072,0.0050541184509063945,1172452.345930134,796743645817.417,5.776294058426304e+34,6.93022022757117e-11,8.941210728345421,0.4,0.21597964268012831,0.21597964268012831,RAD
3.975215210655559e+33,89243646794.68243,0.004891707966353942,1161961.176642141,764266762079.998,5.776294058426305e+34,6.128384125422849e-11,8.992389508219176,0.4,0.2159840486654194,0.2159840486654194,RAD
3.9753123547976e+33,89444984414.8752,0.004729259002980793,1151211.7316045717,732076678813.6327,5.776294058426306e+34,5.3950606784993586e-11,9.045453153328669,0.4,0.21598496825357422,0.21598496825357422,RAD
3.975405944999691e+33,89644710630.6092,0.004572705046041395,1140596.201864416,701340389730.5813,5.776294058426307e+34,4.749992120039159e-11,9.098481785337553,0.4,0.21598188366911292,0.21598188366911292,RAD
3.9754995352017824e+33,89850463846.93896,0.004416091452433134,1129710.0964724622,670880126609.8605,5.776294058426307e+34,4.161991174296151e-11,9.153512801224904,0.4,0.2159741054729129,0.2159741054729129,RAD
3.9755931254038736e+33,90062659683.83455,0.0042594045991114935,1118535.9272684918,640701157346.465,5.776294058426307e+34,3.6279370913575066e-11,9.210689156485982,0.4,0.21596066800863906,0.21596066800863906,RAD
3.9756697555273566e+33,90241520791.31903,0.004131046908420671,1109158.7510660356,616204469587.0139,5.776294058426307e+34,3.228684031457855e-11,9.259211208034728,0.4,0.2159446276317865,0.2159446276317865,RAD
3.9757463856508397e+33,90425289581.97368,0.004002620880334548,1099563.8832315523,591903369146.005,5.776294058426307e+34,2.8618855408129378e-11,9.309370992036555,0.4,0.2159232074863424,0.2159232074863424,RAD
3.9758230157743227e+33,90614273089.9349,0.003874116524125533,1089738.6055871858,567801294324.944,5.776294058426307e+34,2.525912205405055e-11,9.361270685212173,0.4,0.21589545637423818,0.21589545637423818,RAD
3.975899645897806e+33,90808809238.73413,0.0037455228746946924,1079668.9973210257,543901881111.7516,5.776294058426307e+34,2.2191609542805464e-11,9.415021043133157,0.4,0.21586022728513332,0.21586022728513332,RAD
3.9759735523654436e+33,91002040137.20259,0.0036214039352336033,1069711.5403649886,521047511518.55634,5.776294058426307e+34,1.9495195105725327e-11,9.468726423818172,0.4,0.21581786645487336,0.21581786645487336,RAD
3.9760474588330815e+33,91201153239.06519,0.003497178773152996,1059497.536010912,498388901884.5112,5.776294058426307e+34,1.7042039949181314e-11,9.524381374125793,0.4,0.2157657401988945,0.2157657401988945,RAD
3.9761213653007194e+33,91406559035.8448,0.0033728341978559798,1049010.3946017104,475929945498.6883,5.776294058426307e+34,1.481849317018841e-11,9.582111594788705,0.4,0.21570199832973402,0.21570199832973402,RAD
3.9761820042779194e+33,91580109653.67117,0.00327071222586849,1040189.0828185045,457654770298.7586,5.776294058426307e+34,1.3156175090060123e-11,9.631122834763469,0.4,0.2156394451891351,0.2156394451891351,RAD
3.9762426432551194e+33,91758481886.51544,0.0031684911518055315,1031160.4933251825,439519212079.3383,5.776294058426307e+34,1.1632130580317664e-11,9.681701727386717,0.4,0.21556603449003942,0.21556603449003942,RAD
3.9763032822323193e+33,91941982184.49628,0.003066161229304734,1021912.5130591136,421525835677.748,5.776294058426307e+34,1.0239207490070028e-11,9.73393237222418,0.4,0.21547994908130616,0.21547994908130616,RAD
3.9763639212095193e+33,92130948376.67224,0.002963711749750812,1012431.8955636988,403677356470.8037,5.776294058426307e+34,8.970376021484743e-12,9.787903066624716,0.4,0.2153790022856081,0.2153790022856081,RAD
3.9764225450262897e+33,92319182340.94946,0.0028645421271049284,1003031.5241081261,386562481055.30286,5.776294058426307e+34,7.8551924720124e-12,9.841820957346425,0.4,0.21526479680690938,0.21526479680690938,RAD
3.97648116884306e+33,92513248366.17374,0.0027652379478505275,993385.7421361525,369588488725.77515,5.776294058426307e+34,6.843411360827647e-12,9.897536835326648,0.4,0.21513132625038547,0.21513132625038547,RAD
3.9765397926598305e+33,92713562274.57628,0.0026657861634491234,983478.7084802601,352758319958.93164,5.776294058426307e+34,5.92902296907977e-12,9.955137648322962,0.4,0.21497505293143992,0.21497505293143992,RAD
3.9765880929613134e+33,92883622163.07736,0.0025837264885275285,975107.6887546893,339002177833.1559,5.776294058426307e+34,5.244662355079899e-12,10.004072473833002,0.4,0.21482612636221404,0.21482612636221404,RAD
3.976636393262796e+33,93058524582.66228,0.002501547833207687,966536.8028108628,325347652048.5372,5.776294058426307e+34,4.619178270075586e-12,10.05439207253708,0.4,0.21465585595326028,0.21465585595326028,RAD
3.976684693564279e+33,93238586326.98419,0.002419240343540176,957754.3978098717,311796714195.4999,5.776294058426307e+34,4.049394291701216e-12,10.106139824003124,0.4,0.2144607256002231,0.2144607256002231,RAD
3.976732993865762e+33,93424157673.88905,0.002336793150979001,948747.7568214703,298351455628.99036,5.776294058426307e+34,3.5321924243770788e-12,10.159353623804188,0.4,0.21423650212105713,0.21423650212105713,RAD
3.976781445510322e+33,93616237050.44826,0.002253935155084738,939473.6126698263,284972480781.43933,5.776294058426307e+34,3.0631237836003585e-12,10.214236533862918,0.4,0.2139771878359728,0.2139771878359728,RAD
3.976829897154882e+33,93814689262.58307,0.002170910957107524,929944.4310371589,271704478000.29,5.776294058426307e+34,2.640865043315614e-12,10.27064050752032,0.4,0.21367712353062612,0.21367712353062612,RAD
3.976870152859199e+33,93984768609.13434,0.0021017937012612095,921821.1087386878,260767083759.2734,5.776294058426307e+34,2.3235094759298223e-12,10.318658810611856,0.4,0.21339130908985185,0.21339130908985185,RAD
3.976910408563516e+33,94159896806.02943,0.0020325417020628793,913499.480940754,249909616653.75958,5.776294058426307e+34,2.0347575017454124e-12,10.367709435425157,0.4,0.21306664616880427,0.21306664616880427,RAD
3.9769506642678335e+33,94340419927.2622,0.0019631443204493506,904968.0397038783,239133734455.9557,5.776294058426307e+34,1.7729770495791394e-12,10.417758254533787,0.4,0.2126966562272949,0.2126966562272949,RAD
3.9769909199721506e+33,94526722529.06398,0.0018935897463481762,896214.2744089484,228441201044.15424,5.776294058426307e+34,1.5365687626565961e-12,10.468746745046799,0.4,0.21227351581807338,0.21227351581807338,RAD
3.9770327826443527e+33,94727054046.95323,0.001821077722878571,886860.6035703308,217412261825.23566,5.776294058426307e+34,1.3159523568479674e-12,10.52266862547788,0.4,0.211766869636589,0.211766869636589,RAD
3.977067316812564e+33,94897751941.54951,0.0017611092856065782,878940.516351955,208385036970.09778,5.776294058426307e+34,1.1521149697991642e-12,10.567733985526386,0.4,0.211288682514145,0.211288682514145,RAD
3.977101850980776e+33,95073727625.08444,0.0017009937432738874,870825.2419979969,199423435843.12366,5.776294058426307e+34,1.0036803200632324e-12,10.613197919286035,0.4,0.21074652352028866,0.21074652352028866,RAD
3.9771363851489875e+33,95255359895.81279,0.0016407194838685614,862503.7987369514,190528905761.4758,5.776294058426307e+34,8.69722751171133e-13,10.658895906371225,0.4,0.2101296103707216,0.2101296103707216,RAD
3.977170919317199e+33,95443071849.67485,0.0015802735378318273,853964.3527205879,181702991555.9119,5.776294058426307e+34,7.493367045307113e-13,10.704607802578654,0.4,0.20942490401529545,0.20942490401529545,RAD
3.9772054534854107e+33,95637338267.71062,0.0015196413509713802,845194.1601599755,172947346716.15036,5.776294058426307e+34,6.416372348773145e-13,10.75004058618938,0.4,0.20861654186007228,0.20861654186007228,RAD
3.9772378128305515e+33,95825793669.19821,0.0014626439639014019,836754.7102186718,164808443266.7896,5.776294058426307e+34,5.514658080712137e-13,10.79201496436229,0.4,0.2077478245058937,0.2077478245058937,RAD
3.9772701721756923e+33,96020970981.0923,0.001405453415425637,828088.5697441007,156734363788.71243,5.776294058426307e+34,4.70981426393556e-13,10.832983598187514,0.4,0.20675154752837294,0.20675154752837294,RAD
3.977302531520833e+33,96223432928.66864,0.0013480524680849007,819182.8947547546,148726795840.6569,5.776294058426307e+34,3.995079660424145e-13,10.872398300387646,0.4,0.20560381045217194,0.20560381045217194,RAD
3.977334890865974e+33,96433819786.73521,0.0012904215303201543,810024.087717288,140787560712.12607,5.776294058426307e+34,3.3638700027700037e-13,10.909542557018224,0.4,0.2042751987084459,0.2042751987084459,RAD
3.977367250211115e+33,96652864770.83058,0.001232538211526098,800597.8671394772,132918631575.01463,5.776294058426307e+34,2.809783152783427e-13,10.943476935672068,0.4,0.20272928618291255,0.20272928618291255,RAD
3.977386212559233e+33,96785580310.79079,0.0011984915643379575,794943.9825418874,128341017079.95943,5.776294058426307e+34,2.518433154375826e-13,10.96139040628115,0.4,0.20170467547967944,0.20170467547967944,RAD
3.9773881087940446e+33,96799038422.5061,0.0011950814324054148,794373.1471607755,127884641399.11006,5.776294058426307e+34,2.4905899900502085e-13,10.963086759817422,0.4,0.20159685919073037,0.20159685919073037,RAD
3.9773900050288564e+33,96812531239.35928,0.0011916704707858959,793801.1877413432,127428519559.2541,5.776294058426307e+34,2.462972915729801e-13,10.969756207118412,0.4,0.20157987388402052,0.20157987388402052,RAD
3.977390953146262e+33,96819290724.23416,0.0011899647690693015,793514.7257680253,127200553979.28078,5.776294058426307e+34,2.449246894000712e-13,10.97331330495679,0.4,0.20157526946258125,0.20157526946258125,RAD
3.977395693733291e+33,96853219910.03194,0.0011814340563922224,792077.5456576847,126061681888.13895,5.776294058426307e+34,2.3814362796487967e-13,10.991204171997767,0.4,0.20155216957100797,0.20155216957100797,RAD
3.97740043432032e+33,96887371015.93698,0.0011728996375710374,790632.1663624115,124924408379.37007,5.776294058426307e+34,2.314979470274201e-13,11.009273002049296,0.4,0.20152893957397258,0.20152893957397258,RAD
3.977404794877207e+33,96918983102.69832,0.0011650460710006404,789295.3187297164,123879722722.79898,5.776294058426307e+34,2.2550315060550098e-13,11.026053266604936,0.4,0.20150745641282414,0.20150745641282414,RAD
3.97742498224977e+33,97067889861.98549,0.0011286452639153808,783012.0157961618,119061194688.0181,5.776294058426307e+34,1.9918827295976684e-13,11.10581252188095,0.4,0.20140654593162471,0.20140654593162471,RAD
3.9774451696223327e+33,97221205619.45004,0.0010921719150025655,776566.4230653106,114272548851.27477,5.776294058426307e+34,1.7514738900206964e-13,11.18919221390689,0.4,0.20130322092655442,0.20130322092655442,RAD
3.9774653569948955e+33,97379228104.91032,0.0010556219857606236,769948.0347094635,109514444958.32278,5.776294058426307e+34,1.53258267797691e-13,11.27650324900368,0.4,0.2011974639597551,0.2011974639597551,RAD
3.977485544367458e+33,97542287333.30692,0.0010189910875872442,763145.2283834906,104787584447.65053,5.776294058426307e+34,1.3340089091677633e-13,11.368096925596472,0.4,0.20108928312163568,0.20108928312163568,RAD
3.977501978028916e+33,97678998752.18567,0.0009891083834797814,757462.296853101,100963238394.7939,5.776294058426307e+34,1.1865441645189082e-13,11.446096064600395,0.4,0.2009994568696915,0.2009994568696915,RAD
3.977518411690374e+33,97819509414.47733,0.0009591660647915467,751640.9466823074,97160519396.96028,5.776294058426307e+34,1.0511388456764593e-13,11.5274388735903,0.4,0.20090809926574368,0.20090809926574368,RAD
3.9775348453518315e+33,97964059630.71907,0.0009291611181830181,745672.758655773,93379879963.57271,5.776294058426307e+34,9.271794182095567e-14,11.612396247834782,0.4,0.20081528524763784,0.20081528524763784,RAD
3.977551279013289e+33,98112914059.49513,0.0008990902884151084,739548.4745194414,89621799414.63034,5.776294058426307e+34,8.140629542320821e-14,11.701272253602388,0.4,0.2007211262962311,0.2007211262962311,RAD
3.977565973391414e+33,98249897511.80186,0.0008721433871892744,733931.8513952127,86280980299.53247,5.776294058426307e+34,7.216167132913674e-14,11.784339507616348,0.4,0.20063592263170443,0.20063592263170443,RAD
3.977580667769539e+33,98390786245.49002,0.0008451382715626588,728174.2298063678,82958989561.64334,5.776294058426307e+34,6.36950383928053e-14,11.871088879608157,0.4,0.20054992548450873,0.20054992548450873,RAD
3.9775953621476637e+33,98535833948.35658,0.0008180720020391854,722266.7708198619,79656235461.98215,5.776294058426307e+34,5.596553925904873e-14,11.961829694449765,0.4,0.20046334100696475,0.20046334100696475,RAD
3.9776100565257885e+33,98685320729.19173,0.0007909413990841031,716199.7260618146,76373151161.31737,5.776294058426307e+34,4.8933054616575134e-14,12.056910669496121,0.4,0.20037644039234134,0.20037644039234134,RAD
3.9776247509039133e+33,98839556983.40459,0.000763743014464715,709962.3044923261,73110197240.42023,5.776294058426307e+34,4.2558219400993e-14,12.15672680128295,0.4,0.2002895785285303,0.2002895785285303,RAD
3.977636687083967e+33,98968575316.13419,0.0007415974154907693,704762.0346232678,70474868645.75905,5.776294058426307e+34,3.783738234057561e-14,12.241600669263908,0.4,0.20021936487386302,0.20021936487386302,RAD
3.977648623264021e+33,99101158949.38902,0.0007194024509860342,699434.3645557091,67853425095.44477,5.776294058426307e+34,3.350469593184086e-14,12.330166570754168,0.4,0.20014979470152394,0.20014979470152394,RAD
3.977660559444075e+33,99237532171.17078,0.0006971557835632775,693971.5143126858,65246161810.61442,5.776294058426307e+34,2.9540208035441236e-14,12.422729459568782,0.4,0.20008125905302532,0.20008125905302532,RAD
3.977672495624129e+33,99377941860.61125,0.0006748548938816262,688364.9239889788,62653391481.2473,5.776294058426307e+34,2.5924324065232687e-14,12.51963253449205,0.4,0.20001424430222367,0.20001424430222367,RAD
3.97768481139389e+33,99527336940.30461,0.0006517850785853422,682419.345357048,59993710252.87059,5.776294058426307e+34,2.2538491503928882e-14,12.624578183358514,0.4,0.19994733621219093,0.19994733621219093,RAD
3.9776950707745926e+33,99655528531.37552,0.0006325186613416344,677333.7198319181,57790450394.64786,5.776294058426307e+34,1.9970777615676838e-14,12.71619217607294,0.4,0.19989392663513159,0.19989392663513159,RAD
3.9777053301552953e+33,99787346364.75385,0.0006132059027694427,672119.5739954669,55598650044.065926,5.776294058426307e+34,1.7620280235426337e-14,12.811953044521726,0.4,0.19984326449650144,0.19984326449650144,RAD
3.977715589535998e+33,99923024163.60498,0.0005938446228962419,666768.8042280165,53418561516.97562,5.776294058426307e+34,1.547547036628094e-14,12.912218943052062,0.4,0.1997960804998988,0.1997960804998988,RAD
3.977725848916701e+33,100062819785.61702,0.0005744324709619698,661272.465649195,51250452466.168755,5.776294058426307e+34,1.3525035658597761e-14,13.017395189485429,0.4,0.19975327036660942,0.19975327036660942,RAD
3.9777361082974035e+33,100207018721.07278,0.0005549669059854408,655620.6473344195,49094607424.145355,5.776294058426307e+34,1.1757884965738124e-14,13.127942825098035,0.4,0.1997159372496435,0.1997159372496435,RAD
3.977744427164144e+33,100327392983.06892,0.0005391420609119284,650916.1512594596,47355742167.92955,5.776294058426307e+34,1.0452062791196188e-14,13.221884686926407,0.4,0.19969061586102393,0.19969061586102393,RAD
3.977752746030884e+33,100451056925.12154,0.0005232787098621093,646095.7098251005,45625310768.48809,5.776294058426307e+34,9.253917980067929e-15,13.320022197097561,0.4,0.19967067319314377,0.19967067319314377,RAD
3.9777610648976245e+33,100578215128.02054,0.0005073751578412244,641152.1945623277,43903494465.83774,5.776294058426307e+34,8.157871115236198e-15,13.422714115560714,0.4,0.19965717216774315,0.19965717216774315,RAD
3.977769383764365e+33,100709092521.49942,0.0004914295849308641,636077.7543938395,42190485146.17577,5.776294058426307e+34,7.158446500200688e-15,13.53036604936735,0.4,0.19965139413063981,0.19965139413063981,RAD
3.9777779632347733e+33,100848228492.13298,0.00047493839810613996,630698.0136557531,40433253393.87919,5.776294058426307e+34,6.2232403208222925e-15,13.647074230210434,0.4,0.1996551708045126,0.1996551708045126,RAD
3.9777850908878046e+33,100967244632.34401,0.00046120061607907837,626108.1475707394,38980838848.17412,5.776294058426307e+34,5.515958000146879e-15,13.748831066550386,0.4,0.19966729339258205,0.19966729339258205,RAD
3.977792218540836e+33,101089572053.1063,0.000447427520688788,621401.7926427817,37535347518.10564,5.776294058426307e+34,4.8684377999119894e-15,13.85534387466643,0.4,0.19968910034984153,0.19968910034984153,RAD
3.977799346193867e+33,101215420469.04416,0.00043361758085551735,616571.5519406281,36096932423.38353,5.776294058426307e+34,4.277496984682286e-15,13.967040743850196,0.4,0.1997223208829226,0.1997223208829226,RAD
3.9778064738468985e+33,101345020840.2457,0.00041976915445948043,611609.2506900835,34665755758.55453,5.776294058426307e+34,3.740014533873887e-15,14.084408795458707,0.4,0.19976903580543523,0.19976903580543523,RAD
3.97781360149993e+33,101478628387.852,0.00040588047703561675,606505.8187612874,33241989800.003876,5.776294058426307e+34,3.252932362848409e-15,14.20800541080918,0.4,0.19983176367673938,0.19983176367673938,RAD
3.9778193655940984e+33,101589799491.31717,0.00039461804622475873,602268.6044933341,32096142955.35335,5.776294058426307e+34,2.8938393936290475e-15,14.312948679661314,0.4,0.19989628140926796,0.19989628140926796,RAD
3.977825129688267e+33,101703940579.21558,0.00038332697698835466,597926.5919706213,30955365135.05387,5.776294058426307e+34,2.564196277390375e-15,14.422770176723393,0.4,0.19997521138394306,0.19997521138394306,RAD
3.9778308937824356e+33,101821231925.93771,0.0003720061246682298,593473.2813492535,29819764875.608818,5.776294058426307e+34,2.262479464426188e-15,14.537908015616457,0.4,0.20007086076697134,0.20007086076697134,RAD
3.977836657876604e+33,101941871268.77791,0.00036065426925313115,588901.503162922,28689456957.77213,5.776294058426307e+34,1.9871944525673457e-15,14.658860532515535,0.4,0.20018597839695348,0.20018597839695348,RAD
3.9778425984587763e+33,102069937900.65308,0.0003489210183704023,584057.3813990914,27530207194.06382,5.776294058426307e+34,1.729590480915799e-15,14.790204029740098,0.4,0.20032847923430078,0.20032847923430078,RAD
3.9778475146644795e+33,102178971984.71121,0.00033918398268943596,579940.1647208069,26575304279.847153,5.776294058426307e+34,1.5353410655338035e-15,14.904537095981384,0.4,0.2004677740282134,0.2004677740282134,RAD
3.9778524308701827e+33,102290943981.58546,0.0003294214841938531,575718.3006700892,25624521448.34593,5.776294058426307e+34,1.357305818000338e-15,15.024473144419515,0.4,0.20062955941694355,0.20062955941694355,RAD
3.977857347075886e+33,102406033649.68637,0.00031963254733247386,571385.0804681898,24677948464.104107,5.776294058426307e+34,1.1946293439465999e-15,15.150544768912587,0.4,0.20081734628968956,0.20081734628968956,RAD
3.977862263281589e+33,102524438284.04851,0.00030981613741992454,566933.0767053183,23735680306.46084,5.776294058426307e+34,1.0464730972400718e-15,15.28336197999053,0.4,0.20103532195280785,0.20103532195280785,RAD
3.977867179487292e+33,102646375104.3766,0.0002999711565477143,562354.032013192,22797817666.325073,5.776294058426307e+34,9.120156861777208e-16,15.423627628804491,0.4,0.20128851110058896,0.20128851110058896,RAD
3.9778711402493324e+33,102747345612.92288,0.0002920179339313936,558566.2625968085,22045501606.339,5.776294058426307e+34,8.131061281060263e-16,15.542601145437423,0.4,0.2015221950326957,0.2015221950326957,RAD
3.9778751010113727e+33,102850901656.77408,0.00028404476866458305,554684.7230495322,21296173541.88485,5.776294058426307e+34,7.221540491172664e-16,15.667425222534,0.4,0.201786429997437,0.201786429997437,RAD
3.977879061773413e+33,102957193130.96619,0.00027605098657157857,550703.5261251662,20549895800.088852,5.776294058426307e+34,6.387550712106251e-16,15.79865720553609,0.4,0.20208566467654576,0.20208566467654576,RAD
3.977883022535453e+33,103066383737.15402,0.00026803588110072056,546616.1644214382,19806734140.815742,5.776294058426307e+34,5.625125640753405e-16,15.936935114283152,0.4,0.20242516345869915,0.20242516345869915,RAD
3.977887101046125e+33,103182039482.81949,0.0002597594317238331,542288.7159758393,19044808988.466747,5.776294058426307e+34,4.910719994673189e-16,16.08746324781135,0.4,0.20282345510033442,0.20282345510033442,RAD
3.97789045917923e+33,103279869005.25975,0.0002529266749757513,538629.1718768745,18420053102.58931,5.776294058426307e+34,4.3734274875275384e-16,16.218250670967105,0.4,0.2031941941392457,0.2031941941392457,RAD
3.977893817312335e+33,103380188641.8212,0.0002460769958789952,534876.7029258681,17797689059.686012,5.776294058426307e+34,3.8796927534819073e-16,16.35586007820897,0.4,0.20360938770962106,0.20360938770962106,RAD
3.97789717544544e+33,103483141585.28058,0.00023920988783207882,531025.2710645602,17177766815.72169,5.776294058426307e+34,3.4272854260753586e-16,16.500978699201575,0.4,0.20407547119176112,0.20407547119176112,RAD
3.9779005335785454e+33,103588884073.1976,0.0002323248292040242,527068.1758414935,16560339058.250406,5.776294058426307e+34,3.014018622622181e-16,16.65439823942792,0.4,0.2046000726022072,0.2046000726022072,RAD
3.9779038917116506e+33,103697587033.41206,0.00022542128544319527,522997.94881910156,15945461449.124468,5.776294058426307e+34,2.6377496474883486e-16,16.817036367501753,0.4,0.20519228989294586,0.20519228989294586,RAD
3.9779066864859505e+33,103790445629.71414,0.00021966139169508778,519518.29550664726,15435722027.083366,5.776294058426307e+34,2.351300370518366e-16,16.960184297690745,0.4,0.2057445077048405,0.2057445077048405,RAD
3.9779094812602503e+33,103885602209.43268,0.00021388800136735512,515949.13987355673,14927825457.56785,5.776294058426307e+34,2.0878377757703761e-16,17.111170038298678,0.4,0.2063585650518256,0.2063585650518256,RAD
3.97791227603455e+33,103983184762.64255,0.00020810079839485326,512284.53225839307,14421809401.759039,5.776294058426307e+34,1.8461989688863154e-16,17.270815180151132,0.4,0.20704327352202384,0.20704327352202384,RAD
3.977915040507888e+33,104082232429.98108,0.0002023624457642438,508559.2631856055,13923168483.702076,5.776294058426307e+34,1.6275323049112132e-16,17.43817963770936,0.4,0.2078002936389836,0.2078002936389836,RAD
3.977917804981226e+33,104183936812.04791,0.00019660998031170853,504726.9651322809,13426446783.899366,5.776294058426307e+34,1.4280214026204774e-16,17.61601574059761,0.4,0.20864868899355224,0.20864868899355224,RAD
3.9779196500397897e+33,104253373150.346,0.00019276269181632043,502105.732840307,13096014856.735762,5.776294058426307e+34,1.3049981476344308e-16,17.741143772875265,0.4,0.2092727875469277,0.2092727875469277,RAD
3.9779202750582033e+33,104277188356.69888,0.0001914579453996674,501205.7066370909,12984280669.82996,5.776294058426307e+34,1.2650966325195979e-16,17.784787999607428,0.4,0.2094957395198026,0.2094957395198026,RAD
3.977920900076617e+33,104301155485.27936,0.00019015225404393494,500299.88769120484,12872648816.258537,5.776294058426307e+34,1.2260877716105589e-16,17.809294934208875,0.4,0.20949110818876523,0.20949110818876523,RAD
3.977921553411266e+33,104326373191.71736,0.00018878616318540126,499347.311706037,12756069497.206028,5.776294058426307e+34,1.18626919061573e-16,17.834736929340654,0.4,0.20948127894078628,0.20948127894078628,RAD
3.9779243017816233e+33,104434358653.2837,0.00018302519423632536,495274.15359846497,12266902736.770298,5.776294058426307e+34,1.0291439126195338e-16,17.94469649899333,0.4,0.209440457701817,0.209440457701817,RAD
3.977927050151981e+33,104545571723.84677,0.00017724038800390657,491089.1881597843,11779784406.629763,5.776294058426307e+34,8.87962858633243e-17,18.05969700609685,0.4,0.20940073776582618,0.20940073776582618,RAD
3.9779297985223385e+33,104660235681.8897,0.00017143060845911776,486784.8403476263,11294765694.718126,5.776294058426307e+34,7.616444405825568e-17,18.18018473930843,0.4,0.20936251934785574,0.20936251934785574,RAD
3.9779320315560887e+33,104756110822.6546,0.00016669096201748352,483193.9009964414,10902274581.0721,5.776294058426307e+34,6.692304171971391e-17,18.28246817476833,0.4,0.20933291418916508,0.20933291418916508,RAD
3.977934264589839e+33,104854574309.63855,0.00016193330161377086,479513.6313820784,10511236600.356312,5.776294058426307e+34,5.853892758651056e-17,18.389013158070686,0.4,0.2093049571377666,0.2093049571377666,RAD
3.977936497623589e+33,104955787284.04517,0.00015715685857412224,475738.56897494686,10121684658.730165,5.776294058426307e+34,5.095899036811639e-17,18.50016173065079,0.4,0.20927904541011258,0.20927904541011258,RAD
3.977938730657339e+33,105059927009.07343,0.00015236080484973036,471862.7049974889,9733653633.948273,5.776294058426307e+34,4.4131617782867383e-17,18.61629777858414,0.4,0.20925566050326294,0.20925566050326294,RAD
3.9779410358491793e+33,105170709662.241,0.00014738825154566053,467748.8180383669,9334718531.327127,5.776294058426307e+34,3.781995686996344e-17,18.741877803720797,0.4,0.2092347932319244,0.2092347932319244,RAD
3.9779428947215885e+33,105262628545.55728,0.0001433618195495788,464342.5646372266,9014261912.617964,5.776294058426307e+34,3.32391161550836e-17,18.847716651695517,0.4,0.20922091675543295,0.20922091675543295,RAD
3.9779447535939977e+33,105357004166.8235,0.0001393198825948838,460851.925961209,8694937271.086445,5.776294058426307e+34,2.908314090684148e-17,18.957981277903404,0.4,0.209210212227056,0.209210212227056,RAD
3.977946612466407e+33,105453987899.34467,0.00013526179267150804,457271.7652702865,8376770176.016966,5.776294058426307e+34,2.5325616051639958e-17,19.07302912835087,0.4,0.20920327961183735,0.20920327961183735,RAD
3.977948471338816e+33,105553746096.90685,0.00013118685266515117,453596.4340443699,8059787715.359855,5.776294058426307e+34,2.1940885717136975e-17,19.193261736679354,0.4,0.2092008382464975,0.2092008382464975,RAD
3.977950330211225e+33,105656462175.95186,0.00012709431083967424,449819.6995014101,7744018644.051671,5.776294058426307e+34,1.8904060848750953e-17,19.31913220987855,0.4,0.2092037549217994,0.2092037549217994,RAD
3.977952189083634e+33,105762339076.69876,0.00012298335448693317,445934.65854138986,7429493552.888353,5.776294058426307e+34,1.6191027038056755e-17,19.451154363599265,0.4,0.20921307983231907,0.20921307983231907,RAD
3.977953697262412e+33,105850718297.16545,0.00011963383304992381,442697.72468659526,7175243032.278111,5.776294058426307e+34,1.4211664581585143e-17,19.563190293949706,0.4,0.20922622687189732,0.20922622687189732,RAD
3.97795520544119e+33,105941458834.36479,0.00011627110402686591,439379.93213256344,6921851321.018107,5.776294058426307e+34,1.241799288694231e-17,19.680013346968323,0.4,0.20924525018171491,0.20924525018171491,RAD
3.977956713619968e+33,106034706117.39636,0.00011289462344083698,435976.3140870359,6669337981.883965,5.776294058426307e+34,1.0798278794828045e-17,19.802020288349006,0.4,0.2092711229145951,0.2092711229145951,RAD
3.977958221798746e+33,106130619955.98848,0.00010950380669221831,432481.4033472964,6417723741.401422,5.776294058426307e+34,9.341137931772524e-18,19.929658242092202,0.4,0.20930500480828756,0.20930500480828756,RAD
3.977959777748893e+33,106232553189.0971,0.00010598989444858412,428773.7141380617,6159105235.5559845,5.776294058426307e+34,7.996540058080509e-18,20.0677772613717,0.4,0.20934982761049603,0.20934982761049603,RAD
3.97796107236976e+33,106319825974.25737,0.00010305348376293144,425604.5129707516,5944688633.241833,5.776294058426307e+34,6.992264831106716e-18,20.188131125070623,0.4,0.2093960639773422,0.2093960639773422,RAD
3.9779623669906266e+33,106409477789.93698,0.0001001050648980594,422353.8108969681,5730984282.976259,5.776294058426307e+34,6.084998403120082e-18,20.31385957376646,0.4,0.20945177046383598,0.20945177046383598,RAD
3.9779636616114934e+33,106501658196.85342,9.714414016919587e-05,419016.4425711799,5518008857.202417,5.776294058426307e+34,5.268401151041141e-18,20.44543037222895,0.4,0.20951845755469345,0.20951845755469345,RAD
3.97796495623236e+33,106596531856.45602,9.417017457535545e-05,415586.7039470659,5305780042.708927,5.776294058426307e+34,4.536331263946233e-18,20.583373794933298,0.4,0.20959792702568963,0.20959792702568963,RAD
3.977966250853227e+33,106694280672.05792,9.118259170532278e-05,412058.271983615,5094316641.92584,5.776294058426307e+34,3.882846373765841e-18,20.728294152854545,0.4,0.20969234082478475,0.20969234082478475,RAD
3.9779672993830065e+33,106775693712.6087,8.875250433353161e-05,409123.4089375525,4923624473.283665,5.776294058426307e+34,3.407230500975344e-18,20.85125280888094,0.4,0.20978153588589843,0.20978153588589843,RAD
3.977968347912786e+33,106859242560.12326,8.631272203404282e-05,406115.07322242047,4753458792.190196,5.776294058426307e+34,2.9764405496484233e-18,20.97965845572142,0.4,0.20988388743838823,0.20988388743838823,RAD
3.977969396442566e+33,106945056211.1825,8.386286536640167e-05,403028.7268835566,4583831529.777227,5.776294058426307e+34,2.5876116562210257e-18,21.113982387513364,0.4,0.21000133977275712,0.21000133977275712,RAD
3.9779704449723454e+33,107033276149.95866,8.140252825154105e-05,399859.36999826354,4414755315.127307,5.776294058426307e+34,2.2379674350615797e-18,21.2547584490531,0.4,0.21013619372335302,0.21013619372335302,RAD
3.9779715262295255e+33,107126934643.021,7.885396023221573e-05,396498.2957312917,4240993078.4644,5.776294058426307e+34,1.9156052827592022e-18,21.407329755741458,0.4,0.21029638344613064,0.21029638344613064,RAD
3.9779724235730737e+33,107206865884.3167,7.672970328740014e-05,393632.6122055484,4097253411.120381,5.776294058426307e+34,1.6755030650561116e-18,21.540195306375406,0.4,0.21044815194375946,0.21044815194375946,RAD
3.977973320916622e+33,107288921989.56114,7.459678373487457e-05,390693.1796573574,3953947370.883677,5.776294058426307e+34,1.4585958701417803e-18,21.679255738809776,0.4,0.21061959768830474,0.21061959768830474,RAD
3.97797421826017e+33,107373232976.87662,7.245486597607895e-05,387675.2962714064,3811084978.024142,5.776294058426307e+34,1.2633586306013628e-18,21.825077063825727,0.4,0.2108136151561669,0.2108136151561669,RAD
3.977975115603718e+33,107459941610.59447,7.030359143278757e-05,384573.76397591317,3668676847.5885158,5.776294058426307e+34,1.0883153693118863e-18,21.978304592523838,0.4,0.2110336373976998,0.2110336373976998,RAD
3.9779760129472663e+33,107549205151.201,6.814257636239351e-05,381382.8132167613,3526734247.1141834,5.776294058426307e+34,9.320395049870487e-19,22.13967819391461,0.4,0.211283760849427,0.211283760849427,RAD
3.9779767379303996e+33,107623307222.5043,6.638925185920177e-05,378735.0986089634,3412403928.148685,5.776294058426307e+34,8.185444266941973e-19,22.27658381837247,0.4,0.21151115594337785,0.21151115594337785,RAD
3.977977462913533e+33,107699290675.9342,6.462907021026112e-05,376021.08004653663,3298391981.4136763,5.776294058426307e+34,7.156975607436688e-19,22.419875569667525,0.4,0.2117644657315957,0.2117644657315957,RAD
3.977978187896666e+33,107777265182.02933,6.286178629006749e-05,373236.6307267614,3184705468.720401,5.776294058426307e+34,6.228180442979366e-19,22.570136516631365,0.4,0.21204729277036644,0.21204729277036644,RAD
3.9779789128797995e+33,107857350624.21022,6.108713997872809e-05,370377.1974666752,3071351851.379083,5.776294058426307e+34,5.39246541601661e-19,22.728030936819177,0.4,0.21236388096297584,0.21236388096297584,RAD
3.9779796600342497e+33,107942233003.09067,5.9250225982400846e-05,367346.5239189691,2954888345.515814,5.776294058426307e+34,4.6218474245956265e-19,22.899546473099523,0.4,0.21273079886127066,0.21273079886127066,RAD
3.9779802780267654e+33,108014353608.58418,5.7724503563343494e-05,364771.1824504823,2858838120.4830594,5.776294058426307e+34,4.0492268508936935e-19,23.048829687968777,0.4,0.21307006822844982,0.21307006822844982,RAD
3.977980896019281e+33,108088309987.25089,5.619281791831301e-05,362129.6354080255,2763047290.4827137,5.776294058426307e+34,3.531307645559716e-19,23.20549325804784,0.4,0.21344641797405045,0.21344641797405045,RAD
3.977981514011797e+33,108164209279.51321,5.465496560593396e-05,359417.62515844125,2667521654.477825,5.776294058426307e+34,3.064520040547889e-19,23.37024993829925,0.4,0.21386503164417442,0.21386503164417442,RAD
3.9779821320043126e+33,108242168597.26468,5.3110732090676436e-05,356630.43716863985,2572267340.217315,5.776294058426307e+34,2.645410673770168e-19,23.543916942877214,0.4,0.21433203135380396,0.21433203135380396,RAD
3.9779827499968283e+33,108322316316.28494,5.1559891168469035e-05,353762.82924065954,2477290834.513502,5.776294058426307e+34,2.2706430832429126e-19,23.727436741556943,0.4,0.21485469170908994,0.21485469170908994,RAD
3.9779832478962757e+33,108388576488.92294,5.03054536884835e-05,351390.0198977589,2400977636.9171486,5.776294058426307e+34,1.9987632494152704e-19,23.883198687059103,0.4,0.21532213512780674,0.21532213512780674,RAD
3.977983745795723e+33,108456429107.66544,4.9046442187158855e-05,348957.8270634032,2324853024.81981,5.776294058426307e+34,1.751946414034669e-19,24.04671996399123,0.4,0.21583669368159084,0.21583669368159084,RAD
3.9779842436951704e+33,108525961581.60983,4.778272067033263e-05,346462.5117815844,2248920994.946917,5.776294058426307e+34,1.5286145746131046e-19,24.2187492651296,0.4,0.21640463788811107,0.21640463788811107,RAD
3.977984741594618e+33,108597268935.28075,4.65141477426471e-05,343899.9410840373,2173185757.112451,5.776294058426307e+34,1.3272397246965264e-19,24.400143823089966,0.4,0.2170333274912708,0.2170333274912708,RAD
3.977985254346659e+33,108672667899.89069,4.520250710133533e-05,341185.78695963556,2095401673.8857217,5.776294058426307e+34,1.1412474042586657e-19,24.597780971899294,0.4,0.21775344493010543,0.21775344493010543,RAD
3.977985676769973e+33,108736368093.53552,4.411783163825845e-05,338888.591994112,2031484342.0144658,5.776294058426307e+34,1.0032337681962818e-19,24.769729100947245,0.4,0.2184099576659629,0.2184099576659629,RAD
3.977986099193287e+33,108801579560.48357,4.302935074451291e-05,336532.4222205073,1967718360.8383172,5.776294058426307e+34,8.780601810480028e-20,24.95078214562535,0.4,0.21913154807291096,0.21913154807291096,RAD
3.9779865216166015e+33,108868383910.99898,4.193696707305787e-05,334113.43593110994,1904106910.0265808,5.776294058426307e+34,7.649104880192441e-20,25.141864227202554,0.4,0.2199269480856144,0.2199269480856144,RAD
3.977986944039916e+33,108936869718.2014,4.084058177837523e-05,331627.37061456754,1840653336.065946,5.776294058426307e+34,6.629948204541135e-20,25.344039114430768,0.4,0.2208064321043033,0.2208064321043033,RAD
3.97798736646323e+33,109007133335.1639,3.974009525011222e-05,329069.4762854462,1777361166.3112092,5.776294058426307e+34,5.715496600956361e-20,25.55853850630187,0.4,0.2217821631111752,0.2217821631111752,RAD
3.9779877157126454e+33,109066642615.74861,3.882707166898988e-05,326896.66346784757,1725157256.235078,5.776294058426307e+34,5.033266762796827e-20,25.746202434463946,0.4,0.22267178518806027,0.22267178518806027,RAD
3.977988064962061e+33,109127503167.03494,3.791112138936078e-05,324667.7832465852,1673068431.2478836,5.776294058426307e+34,4.41353651574474e-20,25.944204440839325,0.4,0.22364671066735672,0.22364671066735672,RAD
3.9779884142114764e+33,109189784429.60178,3.699219062680332e-05,322379.1338354648,1621097013.1151714,5.776294058426307e+34,3.8524006596477974e-20,26.153619108392277,0.4,0.22471822775895423,0.22471822775895423,RAD
3.977988763460892e+33,109253561437.17906,3.6070228139308726e-05,320026.60136467346,1569245439.4439628,5.776294058426307e+34,3.346078130577163e-20,26.375685521761795,0.4,0.22589960570812956,0.22589960570812956,RAD
3.9779891127103073e+33,109318915428.75092,3.514518653582351e-05,317605.59356279357,1517516272.8719344,5.776294058426307e+34,2.8909122067520405e-20,26.611840820024295,0.4,0.22720653844536215,0.22720653844536215,RAD
3.977989279976407e+33,109350799432.54517,3.47010531754867e-05,316420.3654032095,1492785746.4827008,5.776294058426307e+34,2.689998304696793e-20,26.730412723654787,0.4,0.22788226953127494,0.22788226953127494,RAD
3.977989296703017e+33,109354009225.72348,3.465660030245025e-05,316300.8908379775,1490314283.7868147,5.776294058426307e+34,2.6704930171473372e-20,26.7424763994255,0.4,0.2279517474914581,0.2279517474914581,RAD
3.977989313429627e+33,109357222950.19821,3.461213987303412e-05,316181.2437248655,1487843111.4136896,5.776294058426307e+34,2.6510931641033053e-20,26.751603791545794,0.4,0.22799622041799456,0.22799622041799456,RAD
3.977989329906863e+33,109360392616.0723,3.456833211195788e-05,316063.23497044924,1485409065.4750133,5.776294058426307e+34,2.632088200974649e-20,26.75600316129429,0.4,0.2280008586626708,0.2280008586626708,RAD
3.9779894122930415e+33,109376298694.11617,3.4349129264915286e-05,315471.1125104765,1473243077.0011811,5.776294058426307e+34,2.5386345260137374e-20,26.77811208877991,0.4,0.22802426428994924,0.22802426428994924,RAD
3.977989482779073e+33,109389984366.71579,3.416137037750382e-05,314961.742135159,1462840017.5935159,5.776294058426307e+34,2.460730538501468e-20,26.797177557918022,0.4,0.2280445781192283,0.2280445781192283,RAD
3.977989835209232e+33,109459510522.92688,3.321949292103163e-05,312375.37203052343,1410903483.5250762,5.776294058426307e+34,2.098459359219822e-20,26.894655880024853,0.4,0.2281503788847425,0.2281503788847425,RAD
3.977990187639391e+33,109530950302.22258,3.227231334639761e-05,309720.10767450195,1359100524.3323998,5.776294058426307e+34,1.7788204684719722e-20,26.99592692272746,0.4,0.22826389380856943,0.22826389380856943,RAD
3.9779905515989184e+33,109606867131.23677,3.128833049738149e-05,306900.9188900651,1305746586.8520272,5.776294058426307e+34,1.489603844371522e-20,27.10482295605668,0.4,0.22839031484913605,0.22839031484913605,RAD
3.977990845595192e+33,109669879691.0254,3.0488990139495537e-05,304562.81621991296,1262757987.910438,5.776294058426307e+34,1.2837285813022705e-20,27.19624668422918,0.4,0.2285001605809295,0.2285001605809295,RAD
3.977991139591466e+33,109734495677.43759,2.9685448995254812e-05,302166.9369004363,1219869312.842517,5.776294058426307e+34,1.100580005530593e-20,27.2910109234376,0.4,0.2286178104007708,0.2286178104007708,RAD
3.97799143358774e+33,109800810716.7178,2.8877534069196702e-05,299709.80946571875,1177082844.9617236,5.776294058426307e+34,9.383334276456743e-21,27.38937412193642,0.4,0.22874424473823238,0.22874424473823238,RAD
3.9779917275840136e+33,109868929639.69695,2.8065059329716324e-05,297187.621304352,1134401001.2548282,5.776294058426307e+34,7.952502678151844e-21,27.491626597065952,0.4,0.22888061396390852,0.22888061396390852,RAD
3.9779920215802874e+33,109938967728.60992,2.72478242573514e-05,294596.1709856862,1091826345.218264,5.776294058426307e+34,6.696772759782571e-21,27.598096076091036,0.4,0.22902827599866002,0.22902827599866002,RAD
3.977992315576561e+33,110011052185.22052,2.6425612177096696e-05,291930.8117692643,1049361601.4412411,5.776294058426307e+34,5.60045702729094e-21,27.709154503738546,0.4,0.2291888441460582,0.2291888441460582,RAD
3.97799255437244e+33,110071204943.27795,2.5753953326356783e-05,289707.9600776881,1014952878.3914582,5.776294058426307e+34,4.817038098492043e-21,27.80302913397544,0.4,0.2293300824517436,0.2293300824517436,RAD
3.977992793168319e+33,110132883411.72995,2.5078720924904165e-05,287429.9065319874,980620229.3297265,5.776294058426307e+34,4.121420613250451e-21,27.900467855713185,0.4,0.22948232363475865,0.22948232363475865,RAD
3.977993031964198e+33,110196178299.63101,2.4399769695154663e-05,285093.3105705097,946365397.361964,5.776294058426307e+34,3.506404552380091e-21,28.00176036125446,0.4,0.22964699756246748,0.22964699756246748,RAD
3.9779932707600766e+33,110261189016.28261,2.371694360097606e-05,282694.5000254107,912190227.4744782,5.776294058426307e+34,2.9651425584334124e-21,28.1072339839233,0.4,0.22982578644036933,0.22982578644036933,RAD
3.9779935171973756e+33,110330195029.07684,2.300802626933484e-05,280149.3991904434,877007060.0772536,5.776294058426307e+34,2.4770086831316715e-21,28.220861176242305,0.4,0.23002720926868991,0.23002720926868991,RAD
3.9779937224898415e+33,110389259281.05914,2.241403803229724e-05,277971.7956574072,847766039.3942984,5.776294058426307e+34,2.1201788272823794e-21,28.319555219974948,0.4,0.2302099714300532,0.2302099714300532,RAD
3.9779939277823074e+33,110449848724.37056,2.181679952573246e-05,275738.6445618664,818588330.4287407,5.776294058426307e+34,1.8046591120394244e-21,28.4222465543263,0.4,0.23040823731147733,0.23040823731147733,RAD
3.977994133074773e+33,110512055732.64125,2.121617769405522e-05,273446.48044574296,789475417.5065361,5.776294058426307e+34,1.526931179733851e-21,28.529284848954546,0.4,0.23062411569227703,0.23062411569227703,RAD
3.977994338367239e+33,110575981706.3881,2.061202962620361e-05,271091.4816994007,760428873.461752,5.776294058426307e+34,1.2836580841117798e-21,28.641068649780653,0.4,0.23086010155123862,0.23086010155123862,RAD
3.977994543659705e+33,110641738313.6129,2.0004201499613473e-05,268669.41813189065,731450368.27884,5.776294058426307e+34,1.0716819252773525e-21,28.758054941544685,0.4,0.23111916574386043,0.23111916574386043,RAD
3.977994709988629e+33,110696441405.76427,1.950892407389058e-05,266654.658549951,708022957.7574368,5.776294058426307e+34,9.208348102655972e-22,28.857012511721454,0.4,0.2313484085611939,0.2313484085611939,RAD
3.977994876317553e+33,110752498956.47755,1.9011027595345156e-05,264590.0398130493,684642375.758444,5.776294058426307e+34,7.870699364377873e-22,28.960050670601795,0.4,0.2315973676638082,0.2315973676638082,RAD
3.9779950426464767e+33,110809989493.25288,1.8510411046127475e-05,262472.5355988628,661309679.0488662,5.776294058426307e+34,6.689595647825869e-22,29.067533710968558,0.4,0.2318686699046655,0.2318686699046655,RAD
3.9779952089754006e+33,110868998872.6235,1.8006966462134714e-05,260298.8160785875,638025984.7373292,5.776294058426307e+34,5.651489698415149e-22,29.179877451220214,0.4,0.23216540956105342,0.23216540956105342,RAD
3.977995380592373e+33,110931576168.22632,1.7484429170306986e-05,257993.16516425935,614054656.3739287,5.776294058426307e+34,4.716686811945518e-22,29.301394208158705,0.4,0.23250213673838266,0.23250213673838266,RAD
3.977995519024668e+33,110983381758.82437,1.7060556153950075e-05,256083.84367856762,594758406.585418,5.776294058426307e+34,4.0545279144925913e-22,29.403966021367435,0.4,0.2327995863912157,0.2327995863912157,RAD
3.977995657456963e+33,111036444102.94803,1.6634479137176028e-05,254127.5252424708,575498583.4670192,5.776294058426307e+34,3.4672663258094463e-22,29.51099579188981,0.4,0.23312331007461007,0.23312331007461007,RAD
3.977995795889258e+33,111090834497.94252,1.6206116862729048e-05,252121.35778428754,556275995.5040877,5.776294058426307e+34,2.9486271850587407e-22,29.622901608065867,0.4,0.23347681375005147,0.23347681375005147,RAD
3.977995934321553e+33,111146630739.85852,1.57753828681764e-05,250062.20181994626,537091496.3812164,5.776294058426307e+34,2.49266066551868e-22,29.740162887409642,0.4,0.23386422540214807,0.23386422540214807,RAD
3.977996072753848e+33,111203917952.3213,1.5342185044201546e-05,247946.5886913982,517945989.0969698,5.776294058426307e+34,2.0937369178846848e-22,29.8633326776701,0.4,0.2342904344787884,0.2342904344787884,RAD
3.977996211186143e+33,111262789552.96484,1.4906425155726708e-05,245770.67067875556,498840430.6056331,5.776294058426307e+34,1.7465408185073264e-22,29.993053107647686,0.4,0.2347612696549371,0.2347612696549371,RAD
3.977996267600281e+33,111287258714.61092,1.4728084935585263e-05,244865.67191752244,491066193.53596175,5.776294058426307e+34,1.6187237618106696e-22,30.047964235869173,0.4,0.23496750788739415,0.23496750788739415,RAD
3.9779964164066754e+33,111353202230.01651,1.4255487699504725e-05,242424.7043548477,470592873.8337203,5.776294058426307e+34,1.316404713454347e-22,30.199049679959387,0.4,0.23555669274276544,0.23555669274276544,RAD
3.977996478859594e+33,111381509459.45691,1.4056175034743695e-05,241375.87344743224,462014956.07194245,5.776294058426307e+34,1.203558377984448e-22,30.266166653737898,0.4,0.2358317844683062,0.2358317844683062,RAD
3.977996580637823e+33,111428482769.1095,1.3730101187382531e-05,239633.82237863078,448054554.1154163,5.776294058426307e+34,1.0359919809520607e-22,30.381291491034634,0.4,0.23632462230793605,0.23632462230793605,RAD
3.9779966824160517e+33,111476546977.65134,1.3402426174894746e-05,237849.00439632544,434117942.70417833,5.776294058426307e+34,8.872388127553191e-23,30.502146819644597,0.4,0.2368629242480845,0.2368629242480845,RAD
3.9779967841942806e+33,111525761074.9067,1.3073098498019033e-05,236018.78920632583,420205630.16683996,5.776294058426307e+34,7.557283850440615e-23,30.62930397831019,0.4,0.23745262027466496,0.23745262027466496,RAD
3.9779968859725095e+33,111576189145.1311,1.2742064104470244e-05,234140.2759129448,406318151.92868423,5.776294058426307e+34,6.399724731394891e-23,30.76341961747407,0.4,0.23810066215912495,0.23810066215912495,RAD
3.977996990850275e+33,111629496736.04494,1.2399103036681583e-05,232150.63105310095,392034324.2581529,5.776294058426307e+34,5.356861788976758e-23,30.909702195414333,0.4,0.2388381511655965,0.2388381511655965,RAD
3.977997077514012e+33,111674634181.54675,1.2114244642686549e-05,230462.4846015885,380251970.6503114,5.776294058426307e+34,4.599720694037622e-23,31.03744735411258,0.4,0.23950840701487552,0.23950840701487552,RAD
3.977997164177749e+33,111720810584.50606,1.1828025025814338e-05,228731.87718133122,368488867.39833933,5.776294058426307e+34,3.928935892800529e-23,31.172079267194235,0.4,0.24024126662746292,0.24024126662746292,RAD
3.977997250841486e+33,111768081460.09062,1.1540404462067445e-05,226956.10865957566,356745423.4650597,5.776294058426307e+34,3.337168858982419e-23,31.314325248582676,0.4,0.24104503759238255,0.24104503759238255,RAD
3.977997337505223e+33,111816507040.79836,1.1251341846512087e-05,225132.1899551084,345022069.35956323,5.776294058426307e+34,2.817475122867588e-23,31.465026006398894,0.4,0.2419294901139847,0.2419294901139847,RAD
3.97799742416896e+33,111866152829.88367,1.0960794788354429e-05,223256.79819928322,333319258.9625709,5.776294058426307e+34,2.3632967593132047e-23,31.625159106562812,0.4,0.24290618442620346,0.24290618442620346,RAD
3.97799749391973e+33,111907044461.11482,1.0725842112136703e-05,221707.51004292708,323915570.33683795,5.776294058426307e+34,2.0411301726972138e-23,31.76166246208508,0.4,0.24376853026044526,0.24376853026044526,RAD
3.977997563670501e+33,111948812959.96202,1.0489876573177741e-05,220120.33914420003,314525762.1265167,5.776294058426307e+34,1.7543463663453117e-23,31.905703400681674,0.4,0.24470793513032219,0.24470793513032219,RAD
3.977997633421271e+33,111991501710.07584,1.0252874821546233e-05,218492.92400068804,305150109.6017972,5.776294058426307e+34,1.5000516002307762e-23,32.05807350695671,0.4,0.24573421767466055,0.24573421767466055,RAD
3.9779977031720417e+33,112035157480.14893,1.0014813441006767e-05,216822.65458080816,295788901.448279,5.776294058426307e+34,1.2755022247477959e-23,32.21968511669518,0.4,0.24685886082626027,0.24685886082626027,RAD
3.9779977749941405e+33,112081173520.1383,9.768550733090475e-06,215054.94327592527,286165115.76836336,5.776294058426307e+34,1.0726291388184682e-23,32.39687036285215,0.4,0.24813395944827746,0.24813395944827746,RAD
3.9779978341085126e+33,112119899255.85974,9.564981169207317e-06,213561.12446018244,278256075.64612013,5.776294058426307e+34,9.253544793406133e-24,32.55184419952752,0.4,0.24928470187843985,0.24928470187843985,RAD
3.9779978932228847e+33,112159432199.49362,9.360603647157964e-06,212029.87092572893,270358067.6619186,5.776294058426307e+34,7.94355080592901e-24,32.715998504460735,0.4,0.2505390809982096,0.2505390809982096,RAD
3.977997952337257e+33,112199810908.27904,9.155405577363706e-06,210458.76491544454,262471304.94852516,5.776294058426307e+34,6.78291825558181e-24,32.89033780680763,0.4,0.25191048901287033,0.25191048901287033,RAD
3.977998011451629e+33,112241076812.63934,8.949375437478322e-06,208845.1239248325,254596010.6589755,5.776294058426307e+34,5.758957240901468e-24,33.07602440923911,0.4,0.25341463253005964,0.25341463253005964,RAD
3.977998070566001e+33,112283274502.65295,8.742503199092023e-06,207185.95866133034,246732418.70736477,5.776294058426307e+34,4.859665133170125e-24,33.27441089822171,0.4,0.25507004440900066,0.25507004440900066,RAD
3.977998119681541e+33,112319077805.80891,8.569975831391541e-06,205770.4157816074,240207981.42693895,5.776294058426307e+34,4.199153116038768e-24,33.45002945472674,0.4,0.2565761803645834,0.2565761803645834,RAD
3.9779981687970806e+33,112355587026.96857,8.396858430597148e-06,204319.0063936185,233691939.07885388,5.776294058426307e+34,3.610718089364662e-24,33.63655761273462,0.4,0.2582167057755316,0.2582167057755316,RAD
3.9779982179126204e+33,112392833722.96266,8.223149526570664e-06,202829.3639016727,227184445.29796597,5.776294058426307e+34,3.088516065700102e-24,33.8352099563464,0.4,0.2600089403132466,0.2600089403132466,RAD
3.97799826702816e+33,112430851610.87013,8.048849802303745e-06,201298.85647947865,220685660.46696728,5.776294058426307e+34,2.6270049363536024e-24,34.04739322516568,0.4,0.26197320418044723,0.26197320418044723,RAD
3.9779983161437e+33,112469676758.45038,7.8739626858684e-06,199724.54404031392,214195752.1724161,5.776294058426307e+34,2.2209383684655468e-24,34.27474610274019,0.4,0.26413348596805675,0.26413348596805675,RAD
3.9779983213347015e+33,112473828900.05815,7.85544486346982e-06,199555.4643558384,213510362.17838562,5.776294058426307e+34,2.1810550755169726e-24,34.29973714791371,0.4,0.2643743806304737,0.2643743806304737,RAD
3.977998326525703e+33,112477990535.6216,7.836918160979144e-06,199385.911520266,212825073.50041124,5.776294058426307e+34,2.141740516564788e-24,34.297500238825876,0.4,0.26440611969360794,0.26440611969360794,RAD
3.9779983291212036e+33,112480074929.30862,7.827649841456416e-06,199300.9952763992,212482467.22153348,5.776294058426307e+34,2.1223018482216166e-24,34.29352349674226,0.4,0.264400002259786,0.264400002259786,RAD
3.977998342098707e+33,112490532916.24016,7.781257630386033e-06,198875.02168267875,210769817.50069526,5.776294058426307e+34,2.0272640126116055e-24,34.27355763004321,0.4,0.26436914103473325,0.26436914103473325,RAD
3.9779983550762106e+33,112501051536.90523,7.734780442047933e-06,198446.7048108132,209057806.38153255,5.776294058426307e+34,1.9357427060626236e-24,34.25345316115814,0.4,0.26433781377313426,0.26433781377313426,RAD
3.977998366595808e+33,112510439957.86104,7.693452662116014e-06,198064.51698496763,207538662.13232028,5.776294058426307e+34,1.857366909796017e-24,34.235489248082004,0.4,0.2643096049067494,0.2643096049067494,RAD
3.9779984241937955e+33,112558129895.24284,7.485777479922202e-06,196124.71176173224,199950614.6254158,5.776294058426307e+34,1.5034439646249627e-24,34.14394393353592,0.4,0.2641625567231355,0.2641625567231355,RAD
3.977998481791783e+33,112607125477.24289,7.276315230835076e-06,194134.57770613887,192375589.870568,5.776294058426307e+34,1.206838760072589e-24,34.04935299885057,0.4,0.26400450955145793,0.26400450955145793,RAD
3.9779985393897704e+33,112657514367.10255,7.064978415099728e-06,192090.84114152892,184813922.1394802,5.776294058426307e+34,9.600548729829205e-25,33.95146063133381,0.4,0.26383390503289067,0.26383390503289067,RAD
3.977998565091562e+33,112680474063.60925,6.970044483008932e-06,191160.63516857135,181444102.88053995,5.776294058426307e+34,8.642017344459089e-25,33.906637785881955,0.4,0.26375324666075595,0.26375324666075595,RAD
3.977998619258974e+33,112729876316.2633,6.7686427046385745e-06,189161.3248176752,174351183.63236165,5.776294058426307e+34,6.877609839609888e-25,33.80973579169178,0.4,0.26357327463743185,0.26357327463743185,RAD
3.9779986454538264e+33,112754282231.72758,6.670582792977536e-06,188174.69065138648,170925614.4647334,5.776294058426307e+34,6.1374319706112725e-25,33.765287498844906,0.4,0.26350984112472137,0.26350984112472137,RAD
3.977998693206837e+33,112799687002.86609,6.490668389083e-06,186340.88334250808,164688539.7850832,5.776294058426307e+34,4.956405724777208e-25,33.68217891459759,0.4,0.2633874228145104,0.2633874228145104,RAD
3.9779987361842426e+33,112841612278.5064,6.32742562098997e-06,184649.62902372854,159083900.2451142,5.776294058426307e+34,4.0597182561022395e-25,33.60493265023803,0.4,0.26326890798067853,0.26326890798067853,RAD
3.977998779161648e+33,112884605580.66444,6.162874551958324e-06,182917.3437403241,153487688.71194136,5.776294058426307e+34,3.300939280945035e-25,33.52518217624658,0.4,0.26314142019607323,0.26314142019607323,RAD
3.9779988221390533e+33,112928733376.78627,5.9969557270825725e-06,181141.54978198666,147900107.24643654,5.776294058426307e+34,2.6629154477331853e-25,33.44272672697814,0.4,0.26300373358055645,0.26300373358055645,RAD
3.9779988651164587e+33,112974068900.272,5.829604643126669e-06,179319.52596966748,142321370.47050336,5.776294058426307e+34,2.1300736777339493e-25,33.35733863818617,0.4,0.26285439250138115,0.26285439250138115,RAD
3.977998908093864e+33,113020693128.24042,5.660751101744198e-06,177448.27402094056,136751706.856842,5.776294058426307e+34,1.688332658910122e-25,33.268758182748,0.4,0.2626916569306036,0.2626916569306036,RAD
3.9779989432633143e+33,113059868152.5154,5.521403002692661e-06,175878.05222141827,132200836.62380084,5.776294058426307e+34,1.3857204804436566e-25,33.19368851498542,0.4,0.2625470702707324,0.2625470702707324,RAD
3.9779989784327646e+33,113100020483.47269,5.380951956444642e-06,174270.65580752832,127656347.22655459,5.776294058426307e+34,1.1293146785192887e-25,33.116095914735304,0.4,0.26239075373868415,0.26239075373868415,RAD
3.977999013602215e+33,113141209657.99648,5.239348659483959e-06,172623.9060666184,123118389.01285903,5.776294058426307e+34,9.133890327429988e-26,33.03576947227575,0.4,0.26222109918842074,0.26222109918842074,RAD
3.977999048771665e+33,113183501143.28078,5.096539680690658e-06,170935.41757951223,118587121.48426536,5.776294058426307e+34,7.32746578632177e-26,32.95246903516666,0.4,0.262036201560378,0.262036201560378,RAD
3.977999081557722e+33,113223982848.62036,4.9622717606757925e-06,169321.46219578668,114369107.76846546,5.776294058426307e+34,5.919808898301103e-26,32.87189367547389,0.4,0.2618481129762958,0.2618481129762958,RAD
3.9779991143437793e+33,113265549794.5448,4.826854455776549e-06,167666.6299371993,110157201.95003551,5.776294058426307e+34,4.743528307519613e-26,32.78823938590471,0.4,0.26164261538419054,0.26164261538419054,RAD
3.9779991471298365e+33,113308273240.06943,4.690232131600814e-06,165968.363806267,105951559.33465888,5.776294058426307e+34,3.7675793860144743e-26,32.701212344603746,0.4,0.2614170936529876,0.2614170936529876,RAD
3.9779991799158936e+33,113352232120.36012,4.552344080262587e-06,164223.8485308292,101752345.44156007,5.776294058426307e+34,2.964051211643518e-26,32.610472592359976,0.4,0.2611684079132637,0.2611684079132637,RAD
3.97799920681937e+33,113389287919.2974,4.43820441144189e-06,162755.6197938886,98311493.9525854,5.776294058426307e+34,2.4158578753109128e-26,32.532964209949874,0.4,0.26094439764990934,0.26094439764990934,RAD
3.9779992337228463e+33,113427288116.69981,4.3231278059475335e-06,161252.2757526665,94875194.05708298,5.776294058426307e+34,1.9544811624321607e-26,32.452437288489264,0.4,0.260699742709393,0.260699742709393,RAD
3.9779992606263226e+33,113466291586.56508,4.207070884786075e-06,159711.75927006116,91443556.005658,5.776294058426307e+34,1.5686772334288733e-26,32.368601358962856,0.4,0.26043148015373024,0.26043148015373024,RAD
3.977999287529799e+33,113506363215.83939,4.089986479942359e-06,158131.82042913046,88016696.93097456,5.776294058426307e+34,1.2483025022788006e-26,32.28112094099616,0.4,0.2601360857918799,0.2601360857918799,RAD
3.977999313554706e+33,113546210150.81007,3.975699527052412e-06,156563.6437740241,84706411.33171515,5.776294058426307e+34,9.920654378008782e-27,32.19266277732626,0.4,0.25982055697919576,0.25982055697919576,RAD
3.977999339579613e+33,113587195752.53288,3.8603520513848835e-06,154953.81719216378,81400834.72016013,5.776294058426307e+34,7.811339529753295e-27,32.10001732872452,0.4,0.25947111177962734,0.25947111177962734,RAD
3.97799936560452e+33,113629400025.60547,3.7438882563156397e-06,153299.64396934488,78100095.62317275,5.776294058426307e+34,6.0890806622355204e-27,32.0027008012768,0.4,0.259082222375919,0.259082222375919,RAD
3.977999387084615e+33,113665215064.36626,3.646878625066173e-06,151898.83760607688,75379516.459502,5.776294058426307e+34,4.917324254101873e-27,31.91845755775907,0.4,0.25872681420493504,0.25872681420493504,RAD
3.9779994085647097e+33,113701976567.30112,3.5490290474423505e-06,150463.968451963,72662408.82394393,5.776294058426307e+34,3.939695671930067e-27,31.830267367713464,0.4,0.2583354621011327,0.2583354621011327,RAD
3.9779994300448047e+33,113739745890.6249,3.4502983735043032e-06,148993.04079938043,69948860.39780283,5.776294058426307e+34,3.129692956021516e-27,31.737691508959347,0.4,0.2579027883300393,0.2579027883300393,RAD
3.9779994515248996e+33,113778590927.71004,3.3506416205487413e-06,147483.87608809542,67238964.56574978,5.776294058426307e+34,2.4635815418867137e-27,31.64021617071689,0.4,0.25742236710782734,0.25742236710782734,RAD
3.9779994738175823e+33,113820123839.11572,3.246182677692335e-06,145874.6312184668,64430523.217142195,5.776294058426307e+34,1.9018009411374977e-27,31.533222361183018,0.4,0.2568649910256848,0.2568649910256848,RAD
3.9779994919853816e+33,113854953870.31145,3.1602329863949916e-06,144528.76895444357,62144808.04938213,5.776294058426307e+34,1.5271428269728646e-27,31.441084174325017,0.4,0.2563593360267038,0.2563593360267038,RAD
3.977999510153181e+33,113890726604.61588,3.073508885447256e-06,143150.17700948243,59861925.49855599,5.776294058426307e+34,1.2162905258910418e-27,31.343956102624418,0.4,0.25580022433303146,0.25580022433303146,RAD
3.97799952832098e+33,113927504798.82475,2.9859707324110693e-06,141736.9770726486,57581949.12399555,5.776294058426307e+34,9.602387525441602e-28,31.241231588458664,0.4,0.2551795267674944,0.2551795267674944,RAD
3.9779995464887796e+33,113965358095.20915,2.8975750129165206e-06,140287.12793056748,55304957.40604657,5.776294058426307e+34,7.509631579566601e-28,31.13219484150301,0.4,0.2544875189243865,0.2544875189243865,RAD
3.977999564656579e+33,114004364102.41934,2.808273766558404e-06,138798.40811395214,53031034.29322203,5.776294058426307e+34,5.813490239370824e-28,31.01599526120676,0.4,0.25371249628587195,0.25371249628587195,RAD
3.9779995811362873e+33,114040815446.37595,2.7264424738637386e-06,137412.3694943356,50971125.99739646,5.776294058426307e+34,4.5652560211792215e-28,30.903547487765763,0.4,0.25292585558221214,0.25292585558221214,RAD
3.9779995976159957e+33,114078359110.62737,2.643778653118471e-06,135990.3963989015,48913888.61375485,5.776294058426307e+34,3.5503365578648386e-28,30.78346270332773,0.4,0.252046504077851,0.252046504077851,RAD
3.977999614095704e+33,114117076147.02628,2.5602338021336826e-06,134530.36396742897,46859399.35439922,5.776294058426307e+34,2.732268958668704e-28,30.654656681162344,0.4,0.2510590493807548,0.2510590493807548,RAD
3.9779996305754125e+33,114157057588.8427,2.475754015697071e-06,133029.97114696063,44807741.20847273,5.776294058426307e+34,2.079044042965239e-28,30.515825345619334,0.4,0.24994482957354255,0.24994482957354255,RAD
3.977999647055121e+33,114198406221.69563,2.3902790792981525e-06,131486.72697068859,42759003.665597856,5.776294058426307e+34,1.5627350831172205e-28,30.365387908527122,0.4,0.24868106707468515,0.24868106707468515,RAD
3.977999663534829e+33,114241238775.28798,2.3037413596963965e-06,129897.93795558975,40713283.57039927,5.776294058426307e+34,1.1591404025085704e-28,30.20141221141518,0.4,0.24723976513305854,0.24723976513305854,RAD
3.9779996800145376e+33,114285688664.01007,2.2160644359010954e-06,128260.69823134877,38670686.14001611,5.776294058426307e+34,8.474402270572703e-29,30.021515758280977,0.4,0.24558625791253721,0.24558625791253721,RAD
3.977999697694525e+33,114335349709.0262,2.120635752447869e-06,126446.77875505784,36482921.76819715,5.776294058426307e+34,5.950394539967532e-29,29.80742225678151,0.4,0.2435268867974701,0.2435268867974701,RAD
3.977999702397874e+33,114348931451.29361,2.0949962174426107e-06,125953.71246300466,35901564.97416016,5.776294058426307e+34,5.39844039445865e-29,29.746242547450368,0.4,0.24292128451238904,0.24292128451238904,RAD
3.977999702868209e+33,114350298585.62505,2.092426197921454e-06,125904.15568560432,35843444.52117695,5.776294058426307e+34,5.345720192768218e-29,29.74001837722216,0.4,0.24285926473302527,0.24285926473302527,RAD
3.977999703338544e+33,114351667367.77342,2.089855129499235e-06,125854.5494860242,35785326.84927019,5.776294058426307e+34,5.29343479275307e-29,29.73946167404254,0.4,0.24284344129920543,0.24284344129920543,RAD
3.9779997038088786e+33,114353037802.38786,2.0872831604590713e-06,125804.8852890437,35727211.961628005,5.776294058426307e+34,5.241573973224574e-29,29.740643581478505,0.4,0.24284179224865696,0.24284179224865696,RAD
3.977999704276014e+33,114354400555.1114,2.08472779917421e-06,125755.50103853716,35669495.14772297,5.776294058426307e+34,5.190483213735858e-29,29.74181890062987,0.4,0.24284014563926506,0.24284014563926506,RAD
3.977999706576613e+33,114361135987.78004,2.0721299191966415e-06,125511.44123306566,35385285.45233756,5.776294058426307e+34,4.9448442149074615e-29,29.74762842835219,0.4,0.24283190668190427,0.24283190668190427,RAD
3.97799971596527e+33,114389047005.38904,2.0204910619943625e-06,124500.48787459786,34226136.78835087,5.776294058426307e+34,4.0398502256107825e-29,29.77170775256928,0.4,0.24279591710056095,0.24279591710056095,RAD
3.9779997253539263e+33,114417669223.23503,1.9684754712891266e-06,123464.46729618308,33068133.158148456,5.776294058426307e+34,3.276661702898221e-29,29.796398331763502,0.4,0.24275571562005138,0.24275571562005138,RAD
3.977999734742583e+33,114447046051.41228,1.9160668574238567e-06,122401.87727500917,31911302.771465458,5.776294058426307e+34,2.637098050642864e-29,29.821720285915863,0.4,0.24271067267518281,0.24271067267518281,RAD
3.9779997441312395e+33,114477225208.1123,1.8632476098280245e-06,121311.0697213234,30755675.56581317,5.776294058426307e+34,2.1047435839463573e-29,29.84769241740031,0.4,0.24266003876628656,0.24266003876628656,RAD
3.977999752852153e+33,114506022661.44556,1.8138004532319824e-06,120270.98083974702,29683344.960652296,5.776294058426307e+34,1.6933598842713725e-29,29.87241436243188,0.4,0.24260721501588733,0.24260721501588733,RAD
3.977999761573066e+33,114535604239.79968,1.7639659515539564e-06,119203.38304946278,28612107.060031153,5.776294058426307e+34,1.351095133740812e-29,29.897722288889188,0.4,0.24254793374028882,0.24254793374028882,RAD
3.9779997702939793e+33,114566021227.50761,1.7137261221592002e-06,118106.51718342828,27541990.715739865,5.776294058426307e+34,1.068396721227758e-29,29.92362309383722,0.4,0.24248116476609125,0.24248116476609125,RAD
3.9779997790148926e+33,114597330377.99916,1.663061410010288e-06,116978.44170264724,26473026.67644243,5.776294058426307e+34,8.367196948361356e-30,29.95011830327156,0.4,0.24240566733069377,0.24240566733069377,RAD
3.9779997861378094e+33,114623608146.32062,1.62135032796091e-06,116032.42563786,25600814.44920153,5.776294058426307e+34,6.8002170024699e-30,29.972195705900123,0.4,0.24233648968916222,0.24233648968916222,RAD
3.977999793260726e+33,114650560913.54448,1.5793289952019182e-06,115062.87026172526,24729411.841604736,5.776294058426307e+34,5.485588766604643e-30,29.994657422744595,0.4,0.24225951031900622,0.24225951031900622,RAD
3.977999800383643e+33,114678230255.43718,1.5369837913790388e-06,114068.36596053703,23858839.035393246,5.776294058426307e+34,4.3898395888351735e-30,30.01748892401854,0.4,0.2421735674676635,0.2421735674676635,RAD
3.97799980750656e+33,114706661915.13138,1.4942999701435563e-06,113047.3669517503,22989117.46111829,5.776294058426307e+34,3.48289737925656e-30,30.04066760177253,0.4,0.24207727783843278,0.24207727783843278,RAD
3.97799981436202e+33,114734792971.06517,1.4528841668691185e-06,112038.09985600949,22152877.967941836,5.776294058426307e+34,2.7632039288983747e-30,30.063272957259116,0.4,0.24197328991511513,0.24197328991511513,RAD
3.9779998212174805e+33,114763726708.76056,1.4111243473985924e-06,111001.04670436216,21317469.75783002,5.776294058426307e+34,2.172073821137127e-30,30.086127466488808,0.4,0.24185641019741,0.24185641019741,RAD
3.977999828072941e+33,114793518289.9944,1.3690035979051358e-06,109934.3657252306,20482915.93166331,5.776294058426307e+34,1.690464033579669e-30,30.10917374232326,0.4,0.2417245004079107,0.2417245004079107,RAD
3.977999833683347e+33,114818580240.99399,1.3342511806315986e-06,109037.94666128555,19800582.519994896,5.776294058426307e+34,1.3659603382334596e-30,30.1281235003368,0.4,0.24160356741787756,0.24160356741787756,RAD
3.977999839293753e+33,114844294863.09602,1.2992336571261863e-06,108119.09422320467,19118852.262373447,5.776294058426307e+34,1.0952459855036958e-30,30.147094195266465,0.4,0.24146913726308267,0.24146913726308267,RAD
3.977999844904159e+33,114870702970.70625,1.2639391034954717e-06,107176.46562278057,18437740.450494613,5.776294058426307e+34,8.709324932731824e-31,30.16601478063921,0.4,0.24131919143163552,0.24131919143163552,RAD
3.977999850514565e+33,114897849537.43488,1.228354580585115e-06,106208.5893529816,17757263.337836016,5.776294058426307e+34,6.864166231296953e-31,30.184794927762628,0.4,0.24115132428213934,0.24115132428213934,RAD
3.977999855925943e+33,114924779232.97704,1.1937445107290057e-06,105249.61535150207,17101543.49831442,5.776294058426307e+34,5.4064608356657684e-31,30.202668499535697,0.4,0.240969737323863,0.240969737323863,RAD
3.9779998613373215e+33,114952491601.63411,1.1588377995143735e-06,104264.05249787864,16446446.796522131,5.776294058426307e+34,4.217553591947863e-31,30.220174067735968,0.4,0.2407656853087105,0.2407656853087105,RAD
3.9779998667487e+33,114981041534.00928,1.1236193852993862e-06,103250.14077310995,15791990.928083597,5.776294058426307e+34,3.2560841068557905e-31,30.237146249041846,0.4,0.24053541236297776,0.24053541236297776,RAD
3.9779998711989653e+33,115005191281.17035,1.094410926521289e-06,102393.70061556654,15254266.245388206,5.776294058426307e+34,2.61001373295446e-31,30.250557916605302,0.4,0.2403232016120528,0.2403232016120528,RAD
3.977999875649231e+33,115029986453.42876,1.0649704849071137e-06,101515.58623478108,14716999.003515935,5.776294058426307e+34,2.075162238835277e-31,30.26332238240641,0.4,0.24008714268387776,0.24008714268387776,RAD
3.977999880099496e+33,115055468569.11873,1.035287172095152e-06,100614.49958987774,14180201.14375492,5.776294058426307e+34,1.6355577374548473e-31,30.275261367961757,0.4,0.23982361871334762,0.23982361871334762,RAD
3.977999884549762e+33,115081683509.05621,1.0053491257301747e-06,99689.01988503567,13643885.381080495,5.776294058426307e+34,1.2770220679842704e-31,30.28615545633097,0.4,0.23952830986107804,0.23952830986107804,RAD
3.977999888495867e+33,115105582452.29555,9.785792008198317e-07,98846.72963242372,13168741.782408632,5.776294058426307e+34,1.0168017153219313e-31,30.29472439427354,0.4,0.2392357132503088,0.2392357132503088,RAD
3.977999892441972e+33,115130136780.84357,9.515889432238435e-07,97982.84686706975,12693997.976864252,5.776294058426307e+34,8.027289216221249e-32,30.302027567785974,0.4,0.23890973331345725,0.23890973331345725,RAD
3.977999896388077e+33,115155389842.9015,9.243676030053182e-07,97096.07381824743,12219664.694770515,5.776294058426307e+34,6.279477035821576e-32,30.307782631614426,0.4,0.23854522098285103,0.23854522098285103,RAD
3.977999900334182e+33,115181389679.69481,8.969034266827711e-07,96184.991230705,11745753.38204205,5.776294058426307e+34,4.8640378093188003e-32,30.31164399310433,0.4,0.2381360107447251,0.2381360107447251,RAD
3.977999904280287e+33,115208189749.17812,8.691835143414726e-07,95248.04330374235,11272276.278789978,5.776294058426307e+34,3.7277917647838406e-32,30.313186337330105,0.4,0.23767467357028543,0.23767467357028543,RAD
3.977999908226392e+33,115235849797.71074,8.41193648868297e-07,94283.52043360616,10799246.510266228,5.776294058426307e+34,2.824294690306767e-32,30.311883109773806,0.4,0.23715219793328354,0.23715219793328354,RAD
3.9779999111165366e+33,115256692167.36554,8.20513457285954e-07,93558.52498733345,10453089.322181439,5.776294058426307e+34,2.2867157973779057e-32,30.308750248089424,0.4,0.2367244780933798,0.2367244780933798,RAD
3.9779999140066814e+33,115278060886.26051,7.996732780418968e-07,92816.92630735273,10107185.559836358,5.776294058426307e+34,1.8383309641397615e-32,30.303429828677356,0.4,0.23625294856313048,0.23625294856313048,RAD
3.97799991603503e+33,115293389217.08112,7.849480459784554e-07,92286.06036137171,9864579.60759743,5.776294058426307e+34,1.5701601447777837e-32,30.300770673069227,0.4,0.23591294479996897,0.23591294479996897,RAD
3.9779999193448803e+33,115319023841.44766,7.607363718566653e-07,91400.3718804259,9468976.901424928,5.776294058426307e+34,1.2036704749880328e-32,30.293959188465905,0.4,0.23530501509617716,0.23530501509617716,RAD
3.977999922788288e+33,115346565579.42078,7.352947135952653e-07,90451.94173024522,9057790.276021862,5.776294058426307e+34,9.020120623470249e-33,30.282670003052942,0.4,0.23458961828148536,0.23458961828148536,RAD
3.9779999256243716e+33,115369968268.69147,7.141355050320434e-07,89648.8064596845,8719425.111234339,5.776294058426307e+34,7.042336699178362e-33,30.269499224760864,0.4,0.2339262618937745,0.2339262618937745,RAD
3.9779999284604553e+33,115394068302.78992,6.927808833936645e-07,88824.59548464697,8381338.42255406,5.776294058426307e+34,5.445479114203732e-33,30.252142005787235,0.4,0.23318493770351406,0.23318493770351406,RAD
3.977999931296539e+33,115418916160.4349,6.712200613634753e-07,87978.07091776973,8043538.378332037,5.776294058426307e+34,4.16732156187847e-33,30.229812089409236,0.4,0.23235326835605635,0.23235326835605635,RAD
3.977999934132623e+33,115444568343.62753,6.494411126474882e-07,87107.89083642574,7706033.745073381,5.776294058426307e+34,3.153785778846237e-33,30.20155061908127,0.4,0.2314163794286907,0.2314163794286907,RAD
3.9779999369687065e+33,115471088408.17218,6.27430791258216e-07,86212.60003627355,7368833.960082842,5.776294058426307e+34,2.3581722572075678e-33,30.166180828641583,0.4,0.23035628636837213,0.23035628636837213,RAD
3.97799993980479e+33,115498548229.3608,6.05174312495331e-07,85290.62071433128,7031949.216802826,5.776294058426307e+34,1.740430805927422e-33,30.12224870586732,0.4,0.2291511043180633,0.2291511043180633,RAD
3.9779999428107903e+33,115528770362.51498,5.812971672936033e-07,84282.36309504785,6675237.15921845,5.776294058426307e+34,1.24198758844931e-33,30.064315064282898,0.4,0.22768537624661062,0.22768537624661062,RAD
3.9779999458167904e+33,115560252207.91162,5.57102434550428e-07,83239.99567654908,6318905.8118793,5.776294058426307e+34,8.710303597473677e-34,29.9920000681644,0.4,0.22598678974525743,0.22598678974525743,RAD
3.9779999488227906e+33,115593124089.22255,5.325644796845432e-07,82161.13171000352,5962970.966942126,5.776294058426307e+34,5.993474116624405e-34,29.90180754267931,0.4,0.22400536705973165,0.22400536705973165,RAD
3.9779999518287907e+33,115627539055.25037,5.076537243539788e-07,81043.2056069383,5607450.087035914,5.776294058426307e+34,4.038608784214772e-34,29.789205202775403,0.4,0.2216776081079634,0.2216776081079634,RAD
3.977999955284984e+33,115669252522.21275,4.785065488700979e-07,79706.03185458203,5199221.581194184,5.776294058426307e+34,2.492638727868233e-34,29.62424961477778,0.4,0.21846650895037747,0.21846650895037747,RAD
3.9779999556306036e+33,115673561640.6774,4.7555992083663655e-07,79569.10994302316,5158431.493254421,5.776294058426307e+34,2.370899008256004e-34,29.605253514769338,0.4,0.21810839837865095,0.21810839837865095,RAD
3.977999955976223e+33,115677897245.80608,4.726072271237662e-07,79431.58781942687,5117647.501605506,5.776294058426307e+34,2.2543252207788673e-34,29.58622437066857,0.4,0.21774634620454345,0.21774634620454345,RAD
3.977999956045245e+33,115678766294.998,4.7201686086832863e-07,79404.04627708976,5109503.463390134,5.776294058426307e+34,2.2316437265667536e-34,29.59287863767323,0.4,0.21775057628352376,0.21775057628352376,RAD
3.977999956179914e+33,115680465000.89413,4.7086446893646986e-07,79350.21157533962,5093614.268181014,5.776294058426307e+34,2.1879370896345322e-34,29.605899012755824,0.4,0.2177588868488167,0.2177588868488167,RAD
3.977999956247249e+33,115681315895.06613,4.7028801278464595e-07,79323.2453636702,5085670.020838804,5.776294058426307e+34,2.1663528244550985e-34,29.61242772732725,0.4,0.21776307074305967,0.21776307074305967,RAD
3.977999956583923e+33,115685585906.0902,4.6740310755453993e-07,79187.921572923,5045952.16174404,5.776294058426307e+34,2.0610747639788155e-34,29.645258519706726,0.4,0.2177842811988857,0.2177842811988857,RAD
3.9779999569205976e+33,115689882056.3176,4.645138151761956e-07,79051.76882241656,5006240.184138511,5.776294058426307e+34,1.9600969575823738e-34,29.6784054436397,0.4,0.2178059877831185,0.2178059877831185,RAD
3.9779999572273555e+33,115693819521.21832,4.6187740859268195e-07,78926.9827675115,4970062.127346825,5.776294058426307e+34,1.8717164307203788e-34,29.708887250683052,0.4,0.21782621089155335,0.21782621089155335,RAD
3.9779999587611434e+33,115713846950.13048,4.486391338951359e-07,78292.25703398624,4789246.608030373,5.776294058426307e+34,1.478027464125449e-34,29.865474151561614,0.4,0.2179341548115895,0.2179341548115895,RAD
3.9779999602949314e+33,115734469287.66574,4.353040512285456e-07,77638.62803307873,4608558.062519967,5.776294058426307e+34,1.1559621867393575e-34,30.02949817693584,0.4,0.21805480742751215,0.21805480742751215,RAD
3.9779999615380534e+33,115751648426.38345,4.2442201214857157e-07,77094.07296981916,4462207.25401941,5.776294058426307e+34,9.400006421714759e-35,30.16838742149164,0.4,0.2181633576404462,0.2181633576404462,RAD
3.9779999627811755e+33,115769269953.38542,4.1347092359281604e-07,76535.4183990808,4315944.408671435,5.776294058426307e+34,7.588109863612004e-35,30.313070634244294,0.4,0.218282976580348,0.218282976580348,RAD
3.9779999640242975e+33,115787360527.12524,4.024480592253113e-07,75961.79039132877,4169771.7608011947,5.776294058426307e+34,6.077603596365641e-35,30.464040155070048,0.4,0.21841524598051446,0.21841524598051446,RAD
3.9779999652674196e+33,115805949393.85675,3.9135049358451574e-07,75372.22632603288,4023691.680386735,5.776294058426307e+34,4.826935908805527e-35,30.62185405196892,0.4,0.21856204192845916,0.21856204192845916,RAD
3.977999966549313e+33,115825673959.75914,3.798252439893397e-07,74746.45807525114,3873155.134235599,5.776294058426307e+34,3.770149732357842e-35,30.792431678947192,0.4,0.218731002195241,0.218731002195241,RAD
3.977999967613546e+33,115842505784.81075,3.701913889188666e-07,74212.28343960011,3748258.0376143698,5.776294058426307e+34,3.0467384609989185e-35,30.940660131352168,0.4,0.21888692181748384,0.21888692181748384,RAD
3.977999968677779e+33,115859777842.19373,3.604956280927598e-07,73663.9357148853,3623434.448999181,5.776294058426307e+34,2.443220531552607e-35,31.09544597083875,0.4,0.21905918133722552,0.21905918133722552,RAD
3.977999969742012e+33,115877517073.88309,3.507355099226933e-07,73100.5101401731,3498686.2673256136,5.776294058426307e+34,1.9430990994031008e-35,31.257385185414122,0.4,0.21925017557646528,0.21925017557646528,RAD
3.9779999708062453e+33,115895753077.34473,3.409084051614887e-07,72521.00689587466,3374015.508681247,5.776294058426307e+34,1.531643682545223e-35,31.427158932372105,0.4,0.21946275707433363,0.21946275707433363,RAD
3.9779999718704783e+33,115914518473.16354,3.310114884103785e-07,71924.31677472555,3249424.3179989364,5.776294058426307e+34,1.1957603526325446e-35,31.60555047774518,0.4,0.21970034571238067,0.21970034571238067,RAD
3.9779999727307417e+33,115930098794.23264,3.2295830543499464e-07,71428.58521294328,3148771.846865157,5.776294058426307e+34,9.715148793768452e-36,31.756665921288963,0.4,0.21991347289301771,0.21991347289301771,RAD
3.977999973591005e+33,115946069453.66246,3.148558020181524e-07,70920.09671644868,3048174.140567895,5.776294058426307e+34,7.836066868679675e-36,31.914551278642488,0.4,0.2201482186169279,0.2201482186169279,RAD
3.9779999744512683e+33,115962453280.04579,3.0670214555559825e-07,70398.05782288362,2947632.554694755,5.776294058426307e+34,6.27141097605468e-36,32.07983158546743,0.4,0.22040764194039916,0.22040764194039916,RAD
3.9779999753115317e+33,115979275246.38622,2.9849538148686194e-07,69861.59350357464,2847148.524710779,5.776294058426307e+34,4.9773813963234244e-36,32.25322202298491,0.4,0.22069536630962028,0.22069536630962028,RAD
3.9779999761979957e+33,115997096889.14137,2.899809012734936e-07,69292.67465190112,2743665.9124883884,5.776294058426307e+34,3.885848523899074e-36,32.44124874680756,0.4,0.2210260310294156,0.2210260310294156,RAD
3.9779999769309846e+33,116012229825.02275,2.828945464111727e-07,68809.07154899964,2658148.078598244,5.776294058426307e+34,3.142002555022756e-36,32.604626509596244,0.4,0.221329622799173,0.221329622799173,RAD
3.9779999776639734e+33,116027743781.27266,2.7576497550667443e-07,68312.74800483728,2572675.4098244207,5.776294058426307e+34,2.521382403929198e-36,32.77588544341446,0.4,0.22166459899948127,0.22166459899948127,RAD
3.9779999783969623e+33,116043661126.2975,2.685906229806685e-07,67802.88854494963,2487249.0308490954,5.776294058426307e+34,2.006977001755916e-36,32.95580891813725,0.4,0.2220354897462984,0.2220354897462984,RAD
3.977999979129951e+33,116060006334.34372,2.6136982552423723e-07,67278.59064388154,2401870.13289441,5.776294058426307e+34,1.583616611011401e-36,33.14530084761879,0.4,0.22244768008476376,0.22244768008476376,RAD
3.97799997986294e+33,116076806262.50389,2.5410081455038366e-07,66738.85126893513,2316539.9800609974,5.776294058426307e+34,1.2378335082499373e-36,33.34541102777686,0.4,0.22290761287007713,0.22290761287007713,RAD
3.977999980453058e+33,116090682014.70656,2.482123418351261e-07,66292.33910436656,2247878.3605056666,5.776294058426307e+34,1.0076850318671151e-36,33.51505933349668,0.4,0.2233178103243879,0.2233178103243879,RAD
3.9779999810431754e+33,116104888464.57104,2.42290362934839e-07,65834.4475793331,2179249.9477247563,5.776294058426307e+34,8.145531578255299e-37,33.69312333556556,0.4,0.22376876638381504,0.22376876638381504,RAD
3.977999981633293e+33,116119443920.18497,2.3633378545069698e-07,65364.463816643314,2110655.524431263,5.776294058426307e+34,6.534751093818206e-37,33.88045403268628,0.4,0.22426613729958722,0.22426613729958722,RAD
3.977999982223411e+33,116134368307.70801,2.3034146067196266e-07,64881.60011071031,2042095.9169712372,5.776294058426307e+34,5.200108167067141e-37,34.078033482658206,0.4,0.22481660703520423,0.22481660703520423,RAD
3.977999982830927e+33,116150141079.59988,2.2413384321313527e-07,64370.12202736254,1971552.2248729337,5.776294058426307e+34,4.072886504885116e-37,34.293349134368306,0.4,0.22544717170206402,0.22544717170206402,RAD
3.9779999833305e+33,116163439833.72646,2.1899887471538056e-07,63937.85455154948,1913571.7776891026,5.776294058426307e+34,3.3067415633956134e-37,34.48047227823703,0.4,0.22602145163561962,0.22602145163561962,RAD
3.977999983830073e+33,116177051871.70203,2.1383568179687061e-07,63494.35457876821,1855618.185376344,5.776294058426307e+34,2.665326052050317e-37,34.677683115303985,0.4,0.22665336764592167,0.22665336764592167,RAD
3.977999984329646e+33,116190994281.32635,2.0864342786425176e-07,63038.8955235757,1797692.0739752897,5.776294058426307e+34,2.1316937269075547e-37,34.886071319309394,0.4,0.22735102696260417,0.22735102696260417,RAD
3.977999984829219e+33,116205285631.64536,2.0342124533979457e-07,62570.67136152156,1739794.1039024561,5.776294058426307e+34,1.690712050565328e-37,35.10690288387714,0.4,0.22812403645089702,0.22812403645089702,RAD
3.977999985328792e+33,116219946150.19504,1.9816823733242397e-07,62088.78395166848,1681924.9729597531,5.776294058426307e+34,1.3289246711080928e-37,35.341658220197395,0.4,0.2289838535033071,0.2289838535033071,RAD
3.9779999857440215e+33,116232428251.85268,1.9377798238378943e-07,61677.137998913226,1633848.4551242494,5.776294058426307e+34,1.0798868576634011e-37,35.54861816644984,0.4,0.2297743666404946,0.2297743666404946,RAD
3.977999986159251e+33,116245194389.91486,1.8936525303114532e-07,61254.71747699393,1585792.817299726,5.776294058426307e+34,8.712161913501277e-38,35.767564480165426,0.4,0.23064369378587715,0.23064369378587715,RAD
3.97799998657448e+33,116258259448.89688,1.8492950053320058e-07,60820.81017200407,1537758.52973948,5.776294058426307e+34,6.974523908626727e-38,35.99985186188275,0.4,0.23160289762275438,0.23160289762275438,RAD
3.9779999870015556e+33,116272026062.34714,1.803425996211359e-07,60361.70552348759,1488376.6439380972,5.776294058426307e+34,5.500133637975349e-38,36.25434955160648,0.4,0.23269705602860438,0.23269705602860438,RAD
3.977999987351146e+33,116283556304.37637,1.765689268992301e-07,59975.55669276118,1447971.7864100444,5.776294058426307e+34,4.496567461034365e-38,36.475826442950414,0.4,0.23368563858652977,0.23368563858652977,RAD
3.977999987700737e+33,116295333881.7279,1.7277782184447567e-07,59579.46898169113,1407583.1217175522,5.776294058426307e+34,3.651116904149134e-38,36.710525214037304,0.4,0.2347697134595938,0.2347697134595938,RAD
3.9779999880503274e+33,116307370932.02892,1.6896897332055897e-07,59172.78888287557,1367210.9935085436,5.776294058426307e+34,2.9430234785065003e-38,36.95994597740044,0.4,0.23596231543350177,0.23596231543350177,RAD
3.977999988399918e+33,116319680523.06642,1.6514208678052088e-07,58754.789417796404,1326855.7623754425,5.776294058426307e+34,2.3536769657595457e-38,37.22583566678753,0.4,0.23727883875569247,0.23727883875569247,RAD
3.9779999887495086e+33,116332276748.42513,1.6129689241760497e-07,58324.65806671906,1286517.8071622187,5.776294058426307e+34,1.866456808157571e-38,37.51024146240021,0.4,0.23873758141970244,0.23873758141970244,RAD
3.9779999890393034e+33,116342946586.95366,1.5809535171736696e-07,57958.25276519632,1253092.835092092,5.776294058426307e+34,1.5293710129414904e-38,37.76175083511506,0.4,0.24007015039536764,0.24007015039536764,RAD
3.9779999893290983e+33,116353833153.20564,1.5488096026709846e-07,57582.30502165868,1219680.2459673404,5.776294058426307e+34,1.2447413313014026e-38,38.02924390678043,0.4,0.2415301948622633,0.2415301948622633,RAD
3.977999989618893e+33,116364946413.0856,1.5165364032822218e-07,57196.16970722385,1186280.2885508868,5.776294058426307e+34,1.0057789765738192e-38,38.31458665045224,0.4,0.24313507095799045,0.24313507095799045,RAD
3.97799998991675e+33,116376616300.34283,1.4832302705650773e-07,56787.917985639295,1151964.6152716575,5.776294058426307e+34,8.0135162900978e-39,38.628761716960675,0.4,0.2449571235470054,0.2449571235470054,RAD
3.9779999901598065e+33,116386333559.57321,1.45595044107613e-07,56445.63140796902,1123972.6839619384,5.776294058426307e+34,6.613758886252572e-39,38.90273235086126,0.4,0.24659169941399386,0.24659169941399386,RAD
3.977999990402863e+33,116396233265.55807,1.4285799395618764e-07,56094.55553766786,1095990.1865596613,5.776294058426307e+34,5.424016394126577e-39,39.194402024002834,0.4,0.2483772400830958,0.2483772400830958,RAD
3.97799999064592e+33,116406323077.80188,1.401119625604132e-07,55734.0980323001,1068017.2981136704,5.776294058426307e+34,4.4181684233365685e-39,39.50581367236233,0.4,0.2503337025218736,0.2503337025218736,RAD
3.9779999908889763e+33,116416611137.48125,1.3735708722949873e-07,55363.598080782715,1040054.2010323647,5.776294058426307e+34,3.5726453298055805e-39,39.83934433192378,0.4,0.2524845800583092,0.2524845800583092,RAD
3.977999991132033e+33,116427106104.40253,1.3459356936662698e-07,54982.31491588482,1012101.0855462606,5.776294058426307e+34,2.8662503577282344e-39,40.19777656181016,0.4,0.25485770747722564,0.25485770747722564,RAD
3.9779999913333227e+33,116435960804.31677,1.322985905400954e-07,54657.79611196461,988959.1355868663,5.776294058426307e+34,2.372943993093656e-39,40.515788342429104,0.4,0.25701478587140847,0.25701478587140847,RAD
3.9779999915346124e+33,116444969267.69466,1.2999808696974578e-07,54324.78006057502,965824.2848549581,5.776294058426307e+34,1.9522711031609653e-39,40.855290391537324,0.4,0.25936922807682283,0.25936922807682283,RAD
3.977999991735902e+33,116454137338.60828,1.2769232752396047e-07,53982.675196256045,942696.6550833103,5.776294058426307e+34,1.5954057984812644e-39,41.21880057866491,0.4,0.26194712611939736,0.26194712611939736,RAD
3.977999991933996e+33,116463321654.87367,1.254183744550544e-07,53636.485849893004,919943.3977531366,5.776294058426307e+34,1.298742511451733e-39,41.60282517688424,0.4,0.2647320970886244,0.2647320970886244,RAD
3.97799999213209e+33,116472672703.04495,1.2314006361480433e-07,53280.14407796901,897197.3813004087,5.776294058426307e+34,1.0492655624509381e-39,42.01621280764332,0.4,0.267797965014177,0.267797965014177,RAD
3.977999992293557e+33,116480422639.7033,1.212801235406155e-07,52981.62581868596,878662.4394115548,5.776294058426307e+34,8.765038925185512e-40,42.37753916033205,0.4,0.2705332217644969,0.2705332217644969,RAD
3.977999992455024e+33,116488291371.68645,1.1941795212191237e-07,52675.34719813917,860132.4672922811,5.776294058426307e+34,7.279294080106513e-40,42.763346406173326,0.4,0.2735088165444944,0.2735088165444944,RAD
3.9779999926164914e+33,116496282752.186,1.1755394549514734e-07,52360.76765767158,841607.540058859,5.776294058426307e+34,6.0076692321378435e-40,43.17643594758495,0.4,0.27675553847036577,0.27675553847036577,RAD
3.9779999927779587e+33,116504400794.77179,1.1568857722991717e-07,52037.282675924056,823087.7352507839,5.776294058426307e+34,4.924883904729925e-40,43.62005826354973,0.4,0.28030953077076426,0.28030953077076426,RAD
3.977999992939426e+33,116512649676.11293,1.1382241442169763e-07,51704.21291849256,804573.1329290218,5.776294058426307e+34,4.007973090189114e-40,44.09800709920822,0.4,0.2842134961994305,0.2842134961994305,RAD
3.977999993072252e+33,116519536521.75713,1.1228714986793553e-07,51422.49917672342,789346.5882678902,5.776294058426307e+34,3.363317819493391e-40,44.52003012575696,0.4,0.28772288042461347,0.28772288042461347,RAD
3.9779999932050786e+33,116526517340.12016,1.1075225395956005e-07,51133.302586057434,774123.667461099,5.776294058426307e+34,2.8062513990030866e-40,44.97116823598621,0.4,0.2915365924254097,0.2915365924254097,RAD
3.977999993337905e+33,116533594702.96593,1.0921825028570629e-07,50836.08851692252,758904.4191920529,5.776294058426307e+34,2.3270993017632567e-40,45.454750571526795,0.4,0.29569350489738605,0.29569350489738605,RAD
3.9779999934707313e+33,116540771251.69069,1.0768575249013574e-07,50530.25797937383,743688.8934609967,5.776294058426307e+34,1.917008898272695e-40,45.97463927994413,0.4,0.30023927121811894,0.30023927121811894,RAD
3.9779999936035577e+33,116548049692.32689,1.0615548239367143e-07,50215.1365767864,728477.1416178925,5.776294058426307e+34,1.5679003770867804e-40,46.53534146403026,0.4,0.3052278616648353,0.3052278616648353,RAD
3.9779999936381857e+33,116549964276.14697,1.0575700734834603e-07,50131.364975256736,724512.0455653935,5.776294058426307e+34,1.4859820454791362e-40,46.68885928081498,0.4,0.30660885114409303,0.30660885114409303,RAD
3.9779999936416485e+33,116550156127.63019,1.057171719508453e-07,50122.94970330013,724115.5503004617,5.776294058426307e+34,1.4779857346978281e-40,46.704387090406506,0.4,0.30674889027441954,0.30674889027441954,RAD
3.9779999936451113e+33,116550348050.7851,1.0567733766381938e-07,50114.52794696835,723719.0576466684,5.776294058426307e+34,1.4700249132622691e-40,46.709161128121494,0.4,0.30681842368471207,0.30681842368471207,RAD
3.977999993662426e+33,116551308775.8375,1.0547806493774068e-07,50072.36873083675,721736.5675754959,5.776294058426307e+34,1.43078755398669e-40,46.678689007638376,0.4,0.3068094601668555,0.3068094601668555,RAD
3.977999993671083e+33,116551789813.45697,1.0537836560931423e-07,50051.260001260525,720745.3470672808,5.776294058426307e+34,1.4115210406106416e-40,46.66342698763027,0.4,0.30680494215151427,0.30680494215151427,RAD
3.9779999938875165e+33,116563965316.2086,1.028719873665751e-07,49517.09498803213,695970.0627967792,5.776294058426307e+34,9.99063991624983e-41,46.27610868795888,0.4,0.30668369855273486,0.30668369855273486,RAD
3.97799999410395e+33,116576440200.238,1.0033803766831513e-07,48970.044586146585,671205.2537408825,5.776294058426307e+34,6.976612207365343e-41,45.87717932386462,0.4,0.30654482638690556,0.30654482638690556,RAD
3.977999994320383e+33,116589233279.17955,9.777514155683325e-08,48409.3312887261,646451.1764954465,5.776294058426307e+34,4.801674696369763e-41,45.465802943754255,0.4,0.30638549061050685,0.30638549061050685,RAD
3.9779999945368165e+33,116602365328.93727,9.518179716083021e-08,47834.1014344416,621708.1040176395,5.776294058426307e+34,3.2533977546061817e-41,45.04104415934758,0.4,0.3062022876392789,0.3062022876392789,RAD
3.977999994714719e+33,116613429508.00974,9.302617938633129e-08,47349.747724288325,601378.3722706377,5.776294058426307e+34,2.3328675223505717e-41,44.68114566200276,0.4,0.3060309572760716,0.3060309572760716,RAD
3.977999994892622e+33,116624752314.71867,9.08478830839891e-08,46854.38102966071,581056.4438018441,5.776294058426307e+34,1.6524250457225252e-41,44.310844899878596,0.4,0.30583801473362415,0.30583801473362415,RAD
3.9779999950705246e+33,116636349184.37604,8.864582653455515e-08,46347.37943499546,560742.5003461962,5.776294058426307e+34,1.155178754811611e-41,43.92941752464259,0.4,0.3056202440694396,0.3056202440694396,RAD
3.9779999952484274e+33,116648237079.46011,8.641883251258628e-08,45828.06449704502,540436.7346359383,5.776294058426307e+34,7.962467574140023e-42,43.53605595226627,0.4,0.30537382882006653,0.30537382882006653,RAD
3.9779999954326544e+33,116660874278.27518,8.408501503474285e-08,45276.518417965024,519417.94681419426,5.776294058426307e+34,5.330124640733468e-42,43.1151668488346,0.4,0.3050835978938239,0.3050835978938239,RAD
3.9779999955847703e+33,116671575422.23253,8.213568333911609e-08,44809.91523457979,502069.72589669423,5.776294058426307e+34,3.776236688768183e-42,42.75646201269313,0.4,0.3048128275267866,0.3048128275267866,RAD
3.977999995736886e+33,116682533003.59108,8.01651491674454e-08,44332.59369320631,484727.9440242014,5.776294058426307e+34,2.641118899351816e-42,42.38688431211919,0.4,0.3045095533001026,0.3045095533001026,RAD
3.977999995889002e+33,116693762748.77579,7.817236256042254e-08,43843.94759153346,467392.7551937703,5.776294058426307e+34,1.8218685972140553e-42,42.00563435552253,0.4,0.30416893501705794,0.30416893501705794,RAD
3.977999996041118e+33,116705281986.7705,7.61561769935781e-08,43343.316193115556,450064.32298630994,5.776294058426307e+34,1.2382136253268998e-42,41.611815778484456,0.4,0.3037852219053662,0.3037852219053662,RAD
3.977999996193234e+33,116717109883.18718,7.411533602483049e-08,42829.97757712176,432742.82156076544,5.776294058426307e+34,8.281743063990222e-43,41.204418530879636,0.4,0.3033515421302522,0.3033515421302522,RAD
3.97799999634535e+33,116729267719.79468,7.204845743090027e-08,42303.14099242867,415428.43679639965,5.776294058426307e+34,5.444214515008296e-43,40.78229838853777,0.4,0.3028596339664195,0.3028596339664195,RAD
3.977999996471755e+33,116739638589.01752,7.031002449039357e-08,41854.461224296676,401046.09698654327,5.776294058426307e+34,3.787722116318171e-43,40.41939438491691,0.4,0.30239945622201897,0.30239945622201897,RAD
3.97799999659816e+33,116750268729.32076,6.855159733488935e-08,41395.31875256533,386668.9302431586,5.776294058426307e+34,2.5989614924448794e-43,40.04458014708447,0.4,0.3018853444750681,0.3018853444750681,RAD
3.977999996724565e+33,116761174795.80632,6.677212225445892e-08,40925.12325687536,372297.0659313221,5.776294058426307e+34,1.7569392168056747e-43,39.65690255360033,0.4,0.3013091721746591,0.3013091721746591,RAD
3.9779999968509704e+33,116772375228.26064,6.497044214555396e-08,40443.232843735655,357930.6418607363,5.776294058426307e+34,1.1688440083394129e-43,39.255283405084135,0.4,0.30066126062783943,0.30066126062783943,RAD
3.977999996982421e+33,116784356982.62473,6.307192729206908e-08,39928.952196846236,342996.74208036944,5.776294058426307e+34,7.511441194592295e-44,38.82152730990906,0.4,0.2998989120382993,0.2998989120382993,RAD
3.977999997087538e+33,116794200696.11151,6.153440429831154e-08,39507.47715754241,331059.0007850224,5.776294058426307e+34,5.198276351556119e-44,38.46180639619827,0.4,0.29921393765609644,0.29921393765609644,RAD
3.977999997112205e+33,116796546155.9263,6.117100620280143e-08,39407.199616806036,328258.21252666623,5.776294058426307e+34,4.758694716037877e-44,38.375629601241066,0.4,0.2990423876433079,0.2990423876433079,RAD
3.9779999971368724e+33,116798905515.4607,6.080659976463834e-08,39306.385388764094,325457.64990126697,5.776294058426307e+34,4.352902215554057e-44,38.290667894526194,0.4,0.2988814260729506,0.2988814260729506,RAD
3.977999997186113e+33,116803657638.87874,6.007613363756866e-08,39103.49487877863,319867.8726177672,5.776294058426307e+34,3.634730996819204e-44,38.12037298659134,0.4,0.29855847180810424,0.29855847180810424,RAD
3.977999997286042e+33,116813481464.00621,5.8580908172133735e-08,38684.797897473254,308526.8241068596,5.776294058426307e+34,2.4954056555786355e-44,37.766584280250896,0.4,0.29785386507122746,0.29785386507122746,RAD
3.977999997385971e+33,116823559141.4143,5.706775928030291e-08,38256.3655335856,297189.63876035385,5.776294058426307e+34,1.688659432837501e-44,37.40105544449151,0.4,0.2970753526023641,0.2970753526023641,RAD
3.9779999974859e+33,116833907570.34854,5.553571123856902e-08,37817.654264252946,285856.4166579212,5.776294058426307e+34,1.1251571767737355e-44,37.02275654549778,0.4,0.2962117492330278,0.2962117492330278,RAD
3.9779999975858287e+33,116844545529.24225,5.398368861027404e-08,37368.07525249901,274527.2646567292,5.776294058426307e+34,7.372976251372195e-45,36.630508008769404,0.4,0.29524968426502946,0.29524968426502946,RAD
3.9779999976857576e+33,116855493976.89705,5.241050093506175e-08,36906.98992597305,263202.29716047226,5.776294058426307e+34,4.745287148826283e-45,36.22295031214928,0.4,0.29417307697052564,0.29417307697052564,RAD
3.977999997790411e+33,116867318559.25246,5.0738799019683544e-08,36411.013712472246,251346.50116710592,5.776294058426307e+34,2.92934439518382e-45,35.777989930322995,0.4,0.29290152541174613,0.29290152541174613,RAD
3.9779999978767e+33,116877365186.17259,4.9340697039412805e-08,35991.39722465395,241574.85282971477,5.776294058426307e+34,1.9341956998232793e-45,35.39568466182767,0.4,0.2917233194797775,0.2917233194797775,RAD
3.9779999979629885e+33,116887700827.69717,4.792360291518799e-08,35561.57203620075,231806.611485074,5.776294058426307e+34,1.2556634019175358e-45,34.99795506229379,0.4,0.29040802670375787,0.29040802670375787,RAD
3.977999998049277e+33,116898347078.13402,4.648633012143235e-08,35120.97525490787,222041.87575899993,5.776294058426307e+34,8.004357693649418e-46,34.58318625812038,0.4,0.2889332719040418,0.2889332719040418,RAD
3.977999998135566e+33,116909328249.08296,4.502755362868055e-08,34669.00401616858,212280.7517969482,5.776294058426307e+34,5.003079719713323e-46,34.14949274865802,0.4,0.28727203163822523,0.28727203163822523,RAD
3.9779999982218546e+33,116920671865.84523,4.354578603096197e-08,34205.014238455355,202523.35423275098,5.776294058426307e+34,3.061366951551869e-46,33.6946571611585,0.4,0.28539146709669755,0.28539146709669755,RAD
3.977999998308143e+33,116932409285.79254,4.2039348277758536e-08,33728.32049512794,192769.8073389321,5.776294058426307e+34,1.8305999743493e-46,33.2160517882438,0.4,0.28325141690361655,0.28325141690361655,RAD
3.977999998394432e+33,116944576477.14088,4.050633353116634e-08,33238.19773245252,183020.24640445193,5.776294058426307e+34,1.0676264244885788e-46,32.71053719930288,0.4,0.280802439565602,0.280802439565602,RAD
3.9779999984807206e+33,116957215011.63512,3.8944562208922346e-08,32733.8859549365,173274.81940061183,5.776294058426307e+34,6.059625737784068e-47,32.174330077650225,0.4,0.27798325794129963,0.27798325794129963,RAD
3.9779999985817235e+33,116972672985.14093,3.7076553585647985e-08,32124.49768016889,161873.04871513866,5.776294058426307e+34,3.0069156711788445e-47,31.501463866341165,0.4,0.27410933933579534,0.27410933933579534,RAD
3.9779999986394007e+33,116981854746.28322,3.5988830190780795e-08,31766.816095841008,155364.8719287006,5.776294058426307e+34,1.97570948866438e-47,31.092061147893126,0.4,0.2715635778814609,0.2715635778814609,RAD
3.97799999866013e+33,116985222605.32939,3.559391809919389e-08,31636.482405697,153026.29805137668,5.776294058426307e+34,1.6925567972909074e-47,30.93994790798664,0.4,0.2705807062923219,0.2705807062923219,RAD
3.977999998662203e+33,116985561435.6271,3.5554307699097337e-08,31623.396489557545,152792.45550740376,5.776294058426307e+34,1.6663902391901714e-47,30.92458466554513,0.4,0.2704803164117481,0.2704803164117481,RAD
3.977999998664276e+33,116985900641.74937,3.5514678299532106e-08,31610.298578477094,152558.61567406956,5.776294058426307e+34,1.6405903586728148e-47,30.92097321940288,0.4,0.2704826635166258,0.2704826635166258,RAD
3.9779999986683217e+33,116986563727.02461,3.543729193731984e-08,31584.69373048144,152102.258656509,5.776294058426307e+34,1.59126376112719e-47,30.915056337252153,0.4,0.27049731471866434,0.27049731471866434,RAD
3.9779999986703445e+33,116986895810.18103,3.539857636040958e-08,31571.86998168712,151874.08403049124,5.776294058426307e+34,1.5671005087157285e-47,30.912092838737163,0.4,0.2705046847390232,0.2705046847390232,RAD
3.9779999986804585e+33,116988561668.37074,3.520477341033634e-08,31507.53647063946,150733.2498394652,5.776294058426307e+34,1.4511274595948371e-47,30.89722453595353,0.4,0.2705419860293174,0.2705419860293174,RAD
3.9779999986905725e+33,116990236683.66966,3.501059278593954e-08,31442.84148471591,149592.48080439834,5.776294058426307e+34,1.3428779773964257e-47,30.882271008437485,0.4,0.27058005572502786,0.27058005572502786,RAD
3.9779999987005476e+33,116991897776.87724,3.481870606373106e-08,31378.676321301296,148467.44566058894,5.776294058426307e+34,1.2432361038796894e-47,30.867438687423693,0.4,0.27061837764040325,0.27061837764040325,RAD
3.9779999987407995e+33,116998694816.95601,3.4040556028488263e-08,31116.033506785552,143928.29988576457,5.776294058426307e+34,9.04816541654509e-48,30.80672256517424,0.4,0.27078132165898705,0.27078132165898705,RAD
3.9779999987810515e+33,117005648879.7464,3.325607351142939e-08,30847.174161369505,139390.22086586032,5.776294058426307e+34,6.511992831084688e-48,30.744586992065244,0.4,0.27095886241588785,0.27095886241588785,RAD
3.9779999988213034e+33,117012768811.78229,3.246500492554249e-08,30571.73385306266,134853.233317717,5.776294058426307e+34,4.6309715527550344e-48,30.680986519645938,0.4,0.27115295135315276,0.27115295135315276,RAD
3.9779999988615554e+33,117020064270.65573,3.1667078289788043e-08,30289.312845748027,130317.36336899303,5.776294058426307e+34,3.2512949618839174e-48,30.61587768646876,0.4,0.27136588425728864,0.27136588425728864,RAD
3.9779999989018073e+33,117027545829.87917,3.086200129192178e-08,29999.471198842675,125782.63868949054,5.776294058426307e+34,2.2513615240365318e-48,30.549220512903084,0.4,0.2716003775409669,0.2716003775409669,RAD
3.977999998942059e+33,117035225101.50697,3.0049459085559834e-08,29701.72296142836,121249.08863974168,5.776294058426307e+34,1.5359175910713655e-48,30.480980550273916,0.4,0.271859665118861,0.271859665118861,RAD
3.9779999989756006e+33,117041784336.16336,2.936643288055602e-08,29447.187426101835,117472.2663593611,5.776294058426307e+34,1.1032144611334261e-48,30.422889030787406,0.4,0.27209743716942814,0.27209743716942814,RAD
3.977999999009142e+33,117048497827.87152,2.8677776249499714e-08,29186.444864510744,113696.30048558593,5.776294058426307e+34,7.829892436096983e-49,30.36367128614459,0.4,0.27235776164240183,0.27235776164240183,RAD
3.9779999990426834e+33,117055374420.42819,2.798326310279716e-08,28919.117953631536,109921.21123786004,5.776294058426307e+34,5.4862773571366435e-49,30.303326381557426,0.4,0.2726437652274173,0.2726437652274173,RAD
3.977999999076225e+33,117062423782.17249,2.728265112342089e-08,28644.79123047831,106147.02001054691,5.776294058426307e+34,3.791452037153544e-49,30.241864011934158,0.4,0.27295914526935017,0.27295914526935017,RAD
3.977999999109766e+33,117069656514.29657,2.657568011480955e-08,28363.005537110526,102373.74948418126,5.776294058426307e+34,2.5814856474672175e-49,30.179308077429702,0.4,0.2733083006715997,0.2733083006715997,RAD
3.9779999991370114e+33,117075674556.60854,2.5996542740514035e-08,28128.27438502371,99309.45989853983,5.776294058426307e+34,1.8670274388816693e-49,30.127718500838256,0.4,0.27362037765465214,0.27362037765465214,RAD
3.9779999991642566e+33,117081828089.81906,2.541286476604712e-08,27887.98566194616,96245.80733160848,5.776294058426307e+34,1.3350766838785728e-49,30.075470048197612,0.4,0.27396153452602895,0.27396153452602895,RAD
3.977999999191502e+33,117088124530.57607,2.4824475328616567e-08,27641.809695712425,93182.80617855274,5.776294058426307e+34,9.43167104204089e-50,30.022611432912594,0.4,0.2743356780139831,0.2743356780139831,RAD
3.977999999218747e+33,117094571953.67696,2.4231192327770273e-08,27389.384164541058,90120.47163262242,5.776294058426307e+34,6.576764105962747e-50,29.96920891199942,0.4,0.2747474040528986,0.2747474040528986,RAD
3.977999999246838e+33,117101386915.2289,2.3614164915728396e-08,27122.156916625998,86963.80000723652,5.776294058426307e+34,4.468851458721536e-50,29.913673239025698,0.4,0.275217020882894,0.275217020882894,RAD
3.9779999992701427e+33,117107177165.90613,2.30980039850443e-08,26894.751174815396,84345.55097195914,5.776294058426307e+34,3.203946737597305e-50,29.86732398364684,0.4,0.2756463858477486,0.2756463858477486,RAD
3.977999999293447e+33,117113098209.53862,2.2577825270315185e-08,26661.84057756752,81727.82550832043,5.776294058426307e+34,2.269977929633228e-50,29.82082441125178,0.4,0.27611691542248595,0.27611691542248595,RAD
3.977999999316752e+33,117119157216.88878,2.2053481718549067e-08,26423.088409582047,79110.63549279302,5.776294058426307e+34,1.5879333109308383e-50,29.774293654948853,0.4,0.2766342580677674,0.2766342580677674,RAD
3.9779999993400564e+33,117125361994.57318,2.1524817240348726e-08,26178.12333134262,76493.99346135456,5.776294058426307e+34,1.095726888423084e-50,29.727881235620817,0.4,0.27720508108905034,0.27720508108905034,RAD
3.977999999363361e+33,117131721063.96294,2.099166603796647e-08,25926.53420908949,73877.91266881656,5.776294058426307e+34,7.450203922624635e-51,29.681774776498834,0.4,0.27783730212367747,0.27783730212367747,RAD
3.97799999938266e+33,117137110490.5101,2.054663666460342e-08,25712.852151617026,71711.9450119386,5.776294058426307e+34,5.348283228378486e-51,29.643991561192763,0.4,0.278414022375502,0.278414022375502,RAD
3.9779999994019585e+33,117142617871.09067,2.0098304009050802e-08,25494.028026941513,69546.38026338024,5.776294058426307e+34,3.7947517285422383e-51,29.60674348042313,0.4,0.2790456576381835,0.2790456576381835,RAD
3.977999999421257e+33,117148249448.41484,1.9646556766980758e-08,25269.74621962058,67381.22727752785,5.776294058426307e+34,2.6589456397243212e-51,29.570230321040654,0.4,0.2797396551764748,0.2797396551764748,RAD
3.977999999440556e+33,117154011997.03421,1.9191277876538693e-08,25039.65834084814,65216.49538312024,5.776294058426307e+34,1.8381700092176398e-51,29.534694958434407,0.4,0.28050479152586727,0.28050479152586727,RAD
3.977999999459855e+33,117159912886.34418,1.8732344293169262e-08,24803.37827066321,63052.194424209265,5.776294058426307e+34,1.2524403582293566e-51,29.500433623837743,0.4,0.28135147202300365,0.28135147202300365,RAD
3.977999999475812e+33,117164902165.96477,1.835002698265556e-08,24603.031047854434,61262.99340826438,5.776294058426307e+34,9.012767899504882e-52,29.47332285478121,0.4,0.2821218926091671,0.2821218926091671,RAD
3.977999999491769e+33,117169996432.4002,1.7965046614158855e-08,24397.888597852532,59474.100307120774,5.776294058426307e+34,6.411779793522363e-52,29.447576788975006,0.4,0.282964791359721,0.282964791359721,RAD
3.977999999507726e+33,117175201000.50792,1.7577324039089723e-08,24187.65490735782,57685.521625006724,5.776294058426307e+34,4.505686076818796e-52,29.42348979836846,0.4,0.2838898615076867,0.2838898615076867,RAD
3.977999999523683e+33,117180521615.24907,1.7186777293045364e-08,23972.002858217296,55897.26419917722,5.776294058426307e+34,3.1246923585374256e-52,29.401413806074444,0.4,0.28490850670669504,0.28490850670669504,RAD
3.97799999953964e+33,117185964499.59814,1.6793321769506692e-08,23750.569456338682,54109.3352271959,5.776294058426307e+34,2.1363511219044564e-52,29.381771385619338,0.4,0.2860342231615521,0.2860342231615521,RAD
3.977999999552507e+33,117190447084.90543,1.64738752401934e-08,23567.52857140605,52667.85557513,5.776294058426307e+34,1.5547969514190353e-52,29.368048765509812,0.4,0.28703079386064934,0.28703079386064934,RAD
3.977999999565374e+33,117195017375.20503,1.6152434356152487e-08,23380.231518789842,51226.59859603057,5.776294058426307e+34,1.1195402644343949e-52,29.356555625444543,0.4,0.28811729054129775,0.28811729054129775,RAD
3.9779999995782414e+33,117199679466.79942,1.5828952071859218e-08,23188.420111685897,49785.56866005517,5.776294058426307e+34,7.969799625996537e-53,29.347664521557938,0.4,0.2893052471310126,0.2893052471310126,RAD
3.9779999995911085e+33,117204437758.4546,1.5503381125272258e-08,22991.80939474872,48344.770343511824,5.776294058426307e+34,5.604508252639596e-53,29.341814278424952,0.4,0.2906081542758876,0.2906081542758876,RAD
3.9779999996038276e+33,117209240440.15916,1.517945997806929e-08,22792.436628017,46920.793452057624,5.776294058426307e+34,3.9063388591732085e-53,29.3395280173143,0.4,0.2920245608031944,0.2920245608031944,RAD
3.9779999996165466e+33,117214146663.53427,1.4853407445154569e-08,22587.726732399547,45497.052427535295,5.776294058426307e+34,2.6852307337470747e-53,29.341315848147342,0.4,0.29358690487338435,0.29358690487338435,RAD
3.9779999996270174e+33,117218267112.06822,1.4583357471193515e-08,22414.9294499426,44325.15037428932,5.776294058426307e+34,1.9503241387133666e-53,29.34634292260481,0.4,0.2949977022100416,0.2949977022100416,RAD
3.977999999637488e+33,117222464498.95238,1.4311811139200556e-08,22238.024523164455,43153.414615132104,5.776294058426307e+34,1.4012601702439523e-53,29.355077487612597,0.4,0.29653605827963325,0.29653605827963325,RAD
3.977999999647959e+33,117226742212.8561,1.4038747516972917e-08,22056.752977165313,41981.84826331613,5.776294058426307e+34,9.951313324704512e-54,29.36806475468408,0.4,0.29821844324430574,0.29821844324430574,RAD
3.97799999965843e+33,117231103873.68958,1.3764148098574734e-08,21870.827800020354,40810.45457039552,5.776294058426307e+34,6.979363429686429e-54,29.385943755041843,0.4,0.3000641580482486,0.3000641580482486,RAD
3.977999999668901e+33,117235553353.10791,1.3487997677115133e-08,21679.929522083607,39639.236935734145,5.776294058426307e+34,4.829522125905794e-54,29.409467209969453,0.4,0.3020959553950243,0.3020959553950243,RAD
3.9779999996775154e+33,117239282819.07643,1.3259630748624375e-08,21518.892923334268,38675.77993127922,5.776294058426307e+34,3.528777570867449e-54,29.433676639638627,0.4,0.30392598240149604,0.30392598240149604,RAD
3.97799999968613e+33,117243076987.71834,1.3030203486289154e-08,21354.027984191725,37712.44656839453,5.776294058426307e+34,2.5513647054214776e-54,29.46288819999271,0.4,0.3059177864194826,0.3059177864194826,RAD
3.9779999996947447e+33,117246938465.32338,1.2799716193057027e-08,21185.09033447673,36749.2389958724,5.776294058426307e+34,1.8239861959771288e-54,29.497775936597773,0.4,0.3080918956179671,0.3080918956179671,RAD
3.977999999703359e+33,117250870015.92622,1.25681734470245e-08,21011.808818281945,35786.15944963994,5.776294058426307e+34,1.2882676200941269e-54,29.539125163753706,0.4,0.3104723234905939,0.3104723234905939,RAD
3.977999999711974e+33,117254874572.78596,1.2335585212521053e-08,20833.881235634264,34823.210258050145,5.776294058426307e+34,8.980839764551307e-55,29.58785541149636,0.4,0.3130873270563307,0.3130873270563307,RAD
3.977999999718904e+33,117258151215.18524,1.2147727216366556e-08,20687.14335819937,34048.64275838851,5.776294058426307e+34,6.650226227257527e-55,29.63314296376201,0.4,0.31538378246470183,0.31538378246470183,RAD
3.9779999997258343e+33,117261478829.31482,1.1959215956935737e-08,20536.98466598043,33274.16250087613,5.776294058426307e+34,4.8766207124321706e-55,29.68455936552306,0.4,0.3178739635376797,0.3178739635376797,RAD
3.9779999997327645e+33,117264859212.96649,1.1770068442571098e-08,20383.18902881175,32499.770843226805,5.776294058426307e+34,3.538892974514687e-55,29.742858345754073,0.4,0.32058146253952235,0.32058146253952235,RAD
3.977999999739695e+33,117268294254.05272,1.1580306959110727e-08,20225.51696072549,31725.469191231663,5.776294058426307e+34,2.5395154459166926e-55,29.80891073693247,0.4,0.32353373322654055,0.32353373322654055,RAD
3.977999999746227e+33,117271583962.65431,1.140090036508947e-08,20073.1064427746,30995.692121527496,5.776294058426307e+34,1.8370453922131324e-55,29.87917649922721,0.4,0.32656944218767514,0.32656944218767514,RAD
3.977999999750574e+33,117273801579.25307,1.1281254710372695e-08,19969.536160504074,30510.16424730843,5.776294058426307e+34,1.4716411922411677e-55,29.930720736972308,0.4,0.32874090250870286,0.32874090250870286,RAD
3.9779999997510084e+33,117274024628.93344,1.1269278613744527e-08,19959.080455648455,30461.61348398312,5.776294058426307e+34,1.4389451692191028e-55,29.936100813911096,0.4,0.32896519635899263,0.32896519635899263,RAD
3.977999999751443e+33,117274247914.94879,1.1257300848982932e-08,19948.60583656636,30413.063090217085,5.776294058426307e+34,1.4068981107089657e-55,29.949747820264374,0.4,0.32928130062331396,0.32928130062331396,RAD
3.9779999997518777e+33,117274471437.80489,1.1245324616013186e-08,19938.10685110741,30364.51306639859,5.776294058426307e+34,1.3754739275537442e-55,29.976754227116828,0.4,0.32974573301770965,0.32974573301770965,RAD
3.977999999752095e+33,117274583288.19196,1.1239337428078987e-08,19932.847601347334,30340.23819334122,5.776294058426307e+34,1.3599906063536239e-55,29.99031982599515,0.4,0.3299792495130868,0.3299792495130868,RAD
3.977999999756544e+33,117276886238.77751,1.1116914350025364e-08,19823.713548171694,29843.299815961516,5.776294058426307e+34,1.0744428761579703e-55,30.277528791155294,0.4,0.3349586103916035,0.3349586103916035,RAD
3.977999999760993e+33,117279214566.1865,1.0994814653206423e-08,19711.65350421693,29346.40068464422,5.776294058426307e+34,8.422158880861765e-56,30.584117032237536,0.4,0.34034744653360555,0.34034744653360555,RAD
3.9779999997654424e+33,117281568760.1022,1.0873106902929338e-08,19596.45962855516,28849.541229701892,5.776294058426307e+34,6.546341017372085e-56,30.912163778951218,0.4,0.34619578905071363,0.34619578905071363,RAD
3.9779999997698915e+33,117283949307.96906,1.0751870134220044e-08,19477.899723820832,28352.721889600332,5.776294058426307e+34,5.042197960614479e-56,31.264059757811896,0.4,0.35256204773237027,0.35256204773237027,RAD
3.9779999997743406e+33,117286356691.47963,1.063119583215573e-08,19355.713210280832,27855.943110887267,5.776294058426307e+34,3.8455758198688885e-56,31.642568502984,0.4,0.35951483337960427,0.35951483337960427,RAD
3.9779999997780265e+33,117288371757.79103,1.0531724300609875e-08,19251.531972965975,27444.41630291952,5.776294058426307e+34,3.047776897724506e-56,31.978579904566303,0.4,0.36577660541143064,0.36577660541143064,RAD
3.9779999997817124e+33,117290405826.49937,1.0432781167936749e-08,19144.473486610823,27032.917907868356,5.776294058426307e+34,2.396507197963747e-56,32.33715738521913,0.4,0.37255036321100526,0.37255036321100526,RAD
3.9779999997853983e+33,117292459147.87947,1.0334446004103635e-08,19034.329240761996,26621.448191700154,5.776294058426307e+34,1.868459222864888e-56,32.72070957289868,0.4,0.37989888097787594,0.37989888097787594,RAD
3.977999999789084e+33,117294531959.02731,1.0236810073102401e-08,18920.866003619776,26210.007423734678,5.776294058426307e+34,1.443446221057891e-56,33.1320057159502,0.4,0.3878955200500019,0.3878955200500019,RAD
3.97799999979277e+33,117296624479.9925,1.0139978527250099e-08,18803.82169924134,25798.59587643207,5.776294058426307e+34,1.1040633858402597e-56,33.57424686406683,0.4,0.396626551087725,0.396626551087725,RAD
3.9779999997933465e+33,117296953538.76135,1.0124914798996784e-08,18785.173813625504,25734.255160484332,5.776294058426307e+34,1.057726426112436e-56,33.646444068439294,0.4,0.39806485586967605,0.39806485586967605,RAD
3.977999999793404e+33,117296986471.45076,1.012340968932323e-08,18783.303767159992,25727.821128610845,5.776294058426307e+34,1.0531855847583906e-56,33.65371095136098,0.4,0.3982098260534399,0.3982098260534399,RAD
3.97799999979341e+33,117296989764.98796,1.0123259191091188e-08,18783.116709685823,25727.177725820926,5.776294058426307e+34,1.0527324186597307e-56,33.654438114459616,0.4,0.3982243345571436,0.3982243345571436,RAD
3.977999999794112e+33,117297391282.81929,1.0104945994246417e-08,18760.26086888395,25648.811806755588,5.776294058426307e+34,9.987682206208161e-57,33.743657439247805,0.4,0.40000723319043036,0.4,CONV
3.977999999794463e+33,117297592313.53676,1.0095795160153589e-08,18748.791922065277,25609.62924984203,5.776294058426307e+34,9.727127766935836e-57,33.788648870996376,0.4,0.4009081570100174,0.4,CONV
3.97799999979618e+33,117298577974.90326,1.0050964713832869e-08,18692.557926897305,25418.031064440387,5.776294058426307e+34,8.542022904348839e-57,34.0103474002914,0.4,0.40536100318999074,0.4,CONV
3.9779999997978965e+33,117299568032.64284,1.0005995359037257e-08,18636.070928589415,25226.43933327076,5.776294058426307e+34,7.492998562571047e-57,34.23489451081559,0.4,0.4098939070496197,0.4,CONV
3.977999999799613e+33,117300562540.13568,9.960885629155298e-09,18579.327857016782,25034.85408495742,5.776294058426307e+34,6.565405858828719e-57,34.462346500512396,0.4,0.41450888846264244,0.4,CONV
3.977999999801129e+33,117301444240.10776,9.920944577734479e-09,18529.019345907862,24865.726649030858,5.776294058426307e+34,5.836882066632696e-57,34.665603086035105,0.4,0.4186529046686893,0.4,CONV
3.9779999998087063e+33,117305906754.57582,9.71954365625539e-09,18274.368439443413,24020.166307601965,5.776294058426307e+34,3.197180020747988e-57,35.717983304487305,0.4,0.44041019680226307,0.4,CONV
3.977999999815772e+33,117310152192.9087,9.529112738225126e-09,18032.064294690645,23231.84418564845,5.776294058426307e+34,1.7844239515012395e-57,36.75706727964599,0.4,0.4623881368223121,0.4,CONV
3.9779999998228377e+33,117314483627.62012,9.336014927896919e-09,17784.811624330257,22443.63731765523,5.776294058426307e+34,9.735444099536995e-58,37.857052819999645,0.4,0.48619098010942285,0.4,CONV
3.9779999998299034e+33,117318905929.24057,9.140119212493979e-09,17532.33032019698,21655.548057787244,5.776294058426307e+34,5.183089275142356e-58,39.02358665223116,0.4,0.5120374392005366,0.4,CONV
3.977999999836969e+33,117323424433.04082,8.941283100843878e-09,17274.313552627675,20867.578895844803,5.776294058426307e+34,2.68755923910594e-58,40.26305202765091,0.4,0.5401812375001369,0.4,CONV
3.9779999998427475e+33,117327195333.20715,8.776377529604658e-09,17058.953689200476,20223.254333515288,5.776294058426307e+34,1.5378624417620842e-58,41.335949415942345,0.4,0.5651104424470941,0.4,CONV
3.977999999848526e+33,117331037990.3817,8.609309399173985e-09,16839.46517130435,19579.0133816417,5.776294058426307e+34,8.622072146432881e-59,42.46691400184781,0.4,0.5919598649630947,0.4,CONV
3.9779999998543044e+33,117334956210.21179,8.439979161681665e-09,16615.629149664917,18934.85764364245,5.776294058426307e+34,4.729431531364885e-59,43.66092802303969,0.4,0.6209430600342614,0.4,CONV
3.977999999860083e+33,117338954137.59236,8.268279118151949e-09,16387.207270248724,18290.788809344922,5.776294058426307e+34,2.5340160368581496e-59,44.92357506327687,0.4,0.6523052757560874,0.4,CONV
3.9779999998652975e+33,117342634177.18156,8.111200042814149e-09,16176.919283881783,17709.635171847916,5.776294058426307e+34,1.4120568205433179e-59,46.12714612095754,0.4,0.6828838762932095,0.4,CONV
3.977999999870512e+33,117346386439.667,7.95200301466862e-09,15962.476274801578,17128.55514217327,5.776294058426307e+34,7.697024087620073e-60,47.396893666201,0.4,0.7158688795512489,0.4,CONV
3.977999999875727e+33,117350214875.98924,7.7905874419637e-09,15743.651054139584,16547.55017756283,5.776294058426307e+34,4.0974884650514144e-60,48.73861520696524,0.4,0.7515346403088492,0.4,CONV
3.9779999998809415e+33,117354123800.77646,7.626844227610658e-09,15520.195524298504,15966.621816309851,5.776294058426307e+34,2.1264466457432108e-60,50.1588250231309,0.4,0.790197357347789,0.4,CONV
3.977999999886156e+33,117358117940.40732,7.460654712226782e-09,15291.837916114693,15385.77168535381,5.776294058426307e+34,1.0736431382767555e-60,51.664870932716774,0.4,0.8322232034990357,0.4,CONV
3.977999999890421e+33,117361451380.4637,7.322833194963389e-09,15101.231059866066,14910.800164285629,5.776294058426307e+34,6.006027095594084e-61,52.96612496563213,0.4,0.8693880624804501,0.4,CONV
3.9779999998946855e+33,117364848383.10506,7.183212338904268e-09,14906.967873073432,14435.883113034939,5.776294058426307e+34,3.2891776314031056e-61,54.335446108236454,0.4,0.9093545927685196,0.4,CONV
3.97799999989895e+33,117368312319.79727,7.0417092370636896e-09,14708.85450421108,13961.021579383078,5.776294058426307e+34,1.7607697037468226e-61,55.7785327514165,0.4,0.9524294344482029,0.4,CONV
3.977999999903215e+33,117371846862.59534,6.898234191105381e-09,14506.679821793356,13486.216667589213,5.776294058426307e+34,9.198229062809734e-62,57.30175774525948,0.4,0.998964157781719,0.4,CONV
3.977999999907063e+33,117375100385.10873,6.766988141349505e-09,14320.55896511526,13057.799409344472,5.776294058426307e+34,5.005478201356667e-62,58.75103577168162,0.4,1.044262237865863,0.4,CONV
3.9779999999109117e+33,117378417880.53966,6.633979681452077e-09,14130.758503842784,12629.430112545208,5.776294058426307e+34,2.662097526737905e-62,60.277270856548206,0.4,1.0930483424824058,0.4,CONV
3.97799999991476e+33,117381802848.9157,6.499125032526639e-09,13937.077206599244,12201.10972940473,5.776294058426307e+34,1.381359986392665e-62,61.887037108507506,0.4,1.1457137702756022,0.4,CONV
3.9779999999186086e+33,117385259112.49045,6.362333329214238e-09,13739.295319134362,11772.839265109278,5.776294058426307e+34,6.980392129611136e-63,63.58770522861494,0.4,1.2027087350815142,0.4,CONV
3.977999999922457e+33,117388790858.33305,6.223505738799391e-09,13537.172116366186,11344.619782782707,5.776294058426307e+34,3.427944632677051e-63,65.3875700847182,0.4,1.2645536899069858,0.4,CONV
3.9779999999256045e+33,117391738624.33192,6.108376504955007e-09,13368.453539410468,10994.437019821184,5.776294058426307e+34,1.872851481984618e-63,66.93984412687762,0.4,1.3191583806412923,0.4,CONV
3.977999999928752e+33,117394742699.04297,5.991749557767887e-09,13196.496536786535,10644.289761208773,5.776294058426307e+34,1.0008460749869638e-63,68.57046100675089,0.4,1.3777902204984174,0.4,CONV
3.9779999999318995e+33,117397806069.74493,5.873555827657893e-09,13021.129369704875,10294.178691732954,5.776294058426307e+34,5.223252180234394e-64,70.28581150385762,0.4,1.4408828873316801,0.4,CONV
3.977999999935047e+33,117400931990.11008,5.753720584740758e-09,12842.164986901122,9944.10453310326,5.776294058426307e+34,2.657453036663544e-64,72.09302727764762,0.4,1.5089327879368464,0.4,CONV
3.977999999937887e+33,117403809394.41751,5.644107393055661e-09,12677.41403146833,9628.23659422879,5.776294058426307e+34,1.4107698929940866e-64,73.80928800316693,0.4,1.575066901799296,0.4,CONV
3.9779999999407274e+33,117406743470.08014,5.533027080485732e-09,12509.404044455816,9312.399922014736,5.776294058426307e+34,7.312656207564882e-65,71.39887635756783,0.4,1.5544274165368865,0.4,CONV
3.9779999999435676e+33,117409737318.25075,5.420409847787227e-09,12337.956749881047,8996.595138773655,5.776294058426307e+34,3.6945347756289223e-65,64.6016743305186,0.4,1.4358626858631423,0.4,CONV
3.977999999946408e+33,117412794325.64774,5.306179989260754e-09,12162.87745798284,8680.822901447986,5.776294058426307e+34,1.815774247375512e-65,58.19401714493471,0.4,1.3214716228274754,0.4,CONV
3.977999999949248e+33,117415918202.30785,5.190255158312809e-09,11983.952895470517,8365.083904856472,5.776294058426307e+34,8.662332342868943e-66,52.17223679141304,0.4,1.2113602472257512,0.4,CONV
3.9779999999515706e+33,117418525250.08633,5.094136714909798e-09,11834.618541675567,8106.91703465078,5.776294058426307e+34,4.617914887172818e-66,47.53183679176817,0.4,1.1245718334048198,0.4,CONV
3.977999999953893e+33,117421182168.06152,4.9967716226100275e-09,11682.416539468004,7848.773309194402,5.776294058426307e+34,2.4057991901214504e-66,43.14401270685088,0.4,1.0407717734745436,0.4,CONV
3.977999999956216e+33,117423891602.15782,4.898102352888908e-09,11527.194792281085,7590.653175865591,5.776294058426307e+34,1.2228198608454722e-66,38.95137014363834,0.4,0.9586747555657371,0.4,CONV
3.977999999958538e+33,117426656434.27565,4.798066661403515e-09,11368.78764080469,7332.557106168135,5.776294058426307e+34,6.052925104603715e-67,34.98057118067696,0.4,0.879001600463896,0.4,CONV
3.9779999999606424e+33,117429211637.30672,4.706205109249065e-09,11222.380509362494,7098.760809767386,5.776294058426307e+34,3.1234527701788897e-67,31.61313984436476,0.4,0.8099797255899469,0.4,CONV
3.9779999999627464e+33,117431817439.02715,4.61311237648068e-09,11073.064032647882,6864.985061349965,5.776294058426307e+34,1.5718859907784382e-67,28.4588936043117,0.4,0.7439612162107044,0.4,CONV
3.9779999999648505e+33,117434476620.32301,4.518729604507557e-09,10920.678363481557,6631.230272443016,5.776294058426307e+34,7.700512496730466e-68,25.51252187557876,0.4,0.6809464595302736,0.4,CONV
3.9779999999666035e+33,117436735064.61731,4.439063509454806e-09,10791.248913450461,6436.493628223903,5.776294058426307e+34,4.156788889046804e-68,23.21254182378086,0.4,0.630738200419508,0.4,CONV
3.9779999999683566e+33,117439034575.31462,4.3584178305012735e-09,10659.458319040259,6241.772098556694,5.776294058426307e+34,2.1963053839543804e-68,21.04978339722177,0.4,0.5826113331202029,0.4,CONV
3.9779999999701096e+33,117441377218.31696,4.2767496833604584e-09,10525.18783463344,6047.065961073025,5.776294058426307e+34,1.1342147805453779e-68,19.02089046543962,0.4,0.5365621860249542,0.4,CONV
3.9779999999718626e+33,117443765233.91217,4.194012855517273e-09,10388.308692420524,5852.375507588322,5.776294058426307e+34,5.715742359748081e-69,17.122416655544225,0.4,0.4925856911211634,0.4,CONV
3.9779999999736156e+33,117446201057.84349,4.110157427891166e-09,10248.680891599866,5657.701045318847,5.776294058426307e+34,2.8058098228824164e-69,15.350823620613097,0.4,0.45067526839836797,0.4,CONV
3.9779999999753686e+33,117448687345.74281,4.0251293388394165e-09,10106.151794286317,5463.042898248342,5.776294058426307e+34,1.339064319179388e-69,13.702479383293989,0.4,0.4108226999171493,0.4,CONV
3.977999999975807e+33,117449316929.46078,4.003689383765906e-09,10070.05887662494,5414.3969522007865,5.776294058426307e+34,1.1078804316064828e-69,13.309344382691961,0.4,0.4011831174207965,0.4,CONV
3.9779999999758505e+33,117449380072.92514,4.001541122632576e-09,10066.438943617532,5409.532415025417,5.776294058426307e+34,1.0869664807816308e-69,13.27043922119804,0.4,0.40022618793893733,0.4,CONV
3.9779999999758944e+33,117449443250.24004,3.999391066724742e-09,10062.81957116551,5404.667888313985,5.776294058426307e+34,1.0664400987871641e-69,13.231631251173678,0.4,0.39927083752970655,0.39927083752970655,RAD
3.9779999999761134e+33,117449759647.96175,3.988577174795356e-09,10044.821646376342,5380.345411911979,5.776294058426307e+34,9.698208225971086e-70,13.039870366109385,0.4,0.3945285574721912,0.3945285574721912,RAD
3.9779999999763325e+33,117450076907.19487,3.977657130977735e-09,10026.988920454975,5356.023197953589,5.776294058426307e+34,8.824793164550178e-70,12.851858215798307,0.4,0.3898433831801697,0.3898433831801697,RAD
3.9779999999765515e+33,117450395041.11552,3.9666317978455594e-09,10009.319249067039,5331.701247154344,5.776294058426307e+34,8.03476119533533e-70,12.667505276195477,0.4,0.38521453650378745,0.38521453650378745,RAD
3.9779999999767596e+33,117450698090.6196,3.956060986145492e-09,9992.682168056013,5308.595638307759,5.776294058426307e+34,7.353807010594446e-70,12.495679980962029,0.4,0.3808686053426903,0.3808686053426903,RAD
3.977999999977799e+33,117452224059.96812,3.901879752107537e-09,9911.702049260639,5193.199190461745,5.776294058426307e+34,4.7617031425439754e-70,11.683291916013104,0.4,0.3598911668140342,0.3598911668140342,RAD
3.977999999978974e+33,117453975188.32153,3.837938245036686e-09,9824.211696524773,5062.769438549894,5.776294058426307e+34,2.957124631483141e-70,10.849266236218662,0.4,0.3375682559828677,0.3375682559828677,RAD
3.9779999999801486e+33,117455756333.17479,3.771250333925158e-09,9740.742168251727,4932.347530560194,5.776294058426307e+34,1.864158511700968e-70,10.094515711314145,0.4,0.31661748737911816,0.31661748737911816,RAD
3.9779999999813235e+33,117457569846.2077,3.7019320557124093e-09,9661.033799954635,4801.933604386217,5.776294058426307e+34,1.1919514594062034e-70,9.409874560486973,0.4,0.29694055183832224,0.29694055183832224,RAD
3.9779999999824983e+33,117459418224.0874,3.630093741147421e-09,9584.84803048197,4671.527808648151,5.776294058426307e+34,7.724519965732247e-71,8.787382475749595,0.4,0.2784463150999718,0.2784463150999718,RAD
3.977999999983673e+33,117461304129.08582,3.555840226542553e-09,9511.965568617603,4541.13030337756,5.776294058426307e+34,5.070063532574039e-71,8.22011005356906,0.4,0.2610504523526785,0.2610504523526785,RAD
3.977999999984848e+33,117463230412.31862,3.4792710865675952e-09,9442.18471742186,4410.74126079889,5.776294058426307e+34,3.368155415568614e-71,7.702011109540804,0.4,0.2446750503905182,0.2446750503905182,RAD
3.9779999999861617e+33,117465436091.0661,3.3910210721845023e-09,9367.597540478571,4264.943549676081,5.776294058426307e+34,2.1608680579046215e-71,7.17439942709108,0.4,0.22748348665706733,0.22748348665706733,RAD
3.9779999999874755e+33,117467700757.36562,3.3001187033327863e-09,9296.419207414445,4119.1569332701965,5.776294058426307e+34,1.4050759164601214e-71,6.695246010831744,0.4,0.21138589879089215,0.21138589879089215,RAD
3.977999999988789e+33,117470029510.41783,3.2066821630831954e-09,9228.432552225151,3973.38171579078,5.776294058426307e+34,9.252511343738466e-72,6.2589781084678044,0.4,0.19629800429546582,0.19629800429546582,RAD
3.977999999990103e+33,117472427966.4577,3.11082306134114e-09,9163.439234456531,3827.6182279179884,5.776294058426307e+34,6.16564590239683e-72,5.860756601391322,0.4,0.1821428866054485,0.1821428866054485,RAD
3.977999999991417e+33,117474902344.21411,3.0126468605430776e-09,9101.257996561862,3681.8668295610682,5.776294058426307e+34,4.1547361486325045e-72,5.496366612809546,0.4,0.1688503632064817,0.1688503632064817,RAD
3.9779999999930054e+33,117478005989.86954,2.890968950258404e-09,9029.582861082807,3505.626037800147,5.776294058426307e+34,2.613805831407231e-72,5.0956753523335765,0.4,0.15383689963394037,0.15383689963394037,RAD
3.977999999994594e+33,117481244727.90529,2.766214038640796e-09,8961.512903225466,3329.404267269578,5.776294058426307e+34,1.667810647094858e-72,4.733462690837359,0.4,0.13988916727174405,0.13988916727174405,RAD
3.977999999996183e+33,117484634624.18062,2.638537689035526e-09,8896.809633145545,3153.202372843844,5.776294058426307e+34,1.0781454020154906e-72,4.404899530852619,0.4,0.1269154788112108,0.1269154788112108,RAD
3.9779999999977716e+33,117488194430.46487,2.5080859383033606e-09,8835.259088555546,2977.02131316875,5.776294058426307e+34,7.053302920340958e-73,4.105827973396407,0.4,0.11483372898932394,0.11483372898932394,RAD
3.9779999999993603e+33,117491946252.08954,2.3749961693309783e-09,8776.669576611283,2800.8621686012384,5.776294058426307e+34,4.664731819135507e-73,3.8326480186993943,0.4,0.10357039035147661,0.10357039035147661,RAD
3.977999999999937e+33,117493360032.45697,2.3260784561572e-09,8756.10884109688,2736.9494081705884,5.776294058426307e+34,4.024836410691646e-73,3.7393043587674315,0.4,0.09967285829074728,0.09967285829074728,RAD
3.9779999999999945e+33,117493503042.66399,2.321168754699567e-09,8754.072664691299,2730.5583020231156,5.776294058426307e+34,3.966160796235817e-73,3.730129248177366,0.4,0.0992884378451779,0.0992884378451779,RAD
3.978e+33,117493517360.30132,2.320677606456231e-09,8753.86924450451,2729.9191931204914,5.776294058426307e+34,3.960343176015851e-73,3.729213302268299,0.4,0.0992500485429462,0.0992500485429462,RAD
